text,label
物流很给力 很快 包装完好 很好的宝贝 跟店家描述的一样 质量不错 买家服务态度也很好 很喜欢 ,1.0
只能说一般，图像不够清楚，声音太小了，调试了好久，还是不好，八十大洋不值！,1.0
打起电筒看了半天，没找到商品编码，担心不是正品,1.0
超赞的书，物流超级给力，双十一都到货这么快，太赞了,1.0
"酒店的设施完全配得上四星了,环境干净整洁,就是游泳池在室外的,不开放.该酒店是缙云最好的酒店了,去仙都游玩的朋友应该首选此酒店.",1.0
外观很靓！配置也很均衡！我是自提的，认为性价比还是很高的！装系统也不是那么麻烦！硬盘改为IDE模式，再选择光驱优先启动。然后就可以自动装系统分区了！,1.0
251页到267页内容缺失，换成了239页-246页再来一遍。太不爽了。图书内容随便看看还可以，史书这样写看起来不错。一句话：可以看但不值得收藏的书，指的可能就是这样的书。,0.0
衣服质量不错，发货速度也很快，卖家服务相当到位,1.0
这么长时间才来评价，我司机台下的都开会脱丝了，一般一般吧,1.0
谁买谁知道，一分都不想给，买两套，网页上说4.5寸的饭碗6个，6.5寸的饭碗也是6个，实际收到货，4.5寸的8个，6.5寸的只两个了，倒是勺子味碟什么的小件数量变多了，同样是叫38头，问题是我要那么多勺子味碟干嘛？大家看图片吧，坚决去投诉，虚假宣传，欺诈！问客服，能否按网页上的标准，少了的补给我，多了的我也不要，邮回给店家，也不同意，就回了一句，你退货吧，太坑了，耽误我时间，都要搬家了，而且我双12活动买的，这中间的损失也不管。,0.0
这次住的是豪华间，在19楼的，是最好的（？）。但是进入后发现：房间只有8-10o平方米，而且是将原来的一个客房分割为两个的。窗是两件共用的，只有一半大，而且这样就没有什么隔音可言了。房间十分的拥挤，简陋。水要放15分钟才会热起来。空调的温度不能自己控制的。非常无理的220元价格！讯问服务员是否都是这样的房间，回答说都是，而且传家商旅的酒店房间都是这样的！不喜欢有套间可以去住呀，那个大！ 结帐时我想换成借记卡来结算，回答说原来的授权没有办法取消，只能用扣款来完成。但是扣下的款不能还给我！说是他们没有办法做帐！传家咋象黑店一样啊！ 罢了，罢了！我原来是想将传家作为我的常住酒店的，谢谢啦！只是上了一晚的当，买了一个明白。还是值得的。 我很开心地将传家从我的常住酒店名单中删除了：）同时我也建议了携程也将这个店从酒店中删除。 补充点评 2007年1月24日 ： 补充一点：这个19楼的床很矮，感觉像睡在地上一样。床也非常旧了。睡上去象是掉进坑里的感觉。,0.0
看上去还不错，儿子吃了啦肚子,1.0
非常不满意，气味很大，没有冲气筒，买回来没法用,1.0
这鞋真垃圾，我刚下完单过了一天，说降价促销，问售后，态度超级差，过两天又恢复原价，这什么破店，样子真难看，跟图片差距太大，太垃圾了,0.0
感觉不像真的，很薄，穿起来没有之前在三夫买的好,1.0
虽然是第三方，但是物流业很快,1.0
小小的，很适合孩子玩，刚拿到女儿说很简单，三两下给拧乱了，她却没有办法恢复，正努力中。。。,1.0
长篇小说《红旗谱诤《播火记》《烽烟图》是著名作家梁斌的红色经典三部曲。作品通过冀中平原朱、严两家三代农民和冯家两代地主近半个世纪的尖锐矛盾斗争，成功塑造了一大批栩栩如生的艺术形象；热情讴歌了中国人民在共产党的领导下，反抗压迫，争取自由幸福的伟大历程和艰苦卓绝、不屈不挠的精神风貌；史诗般地描绘了一幅中国农村革命运动的壮丽画卷。\n《播火记（共3册）》第一册讲述了： 严萍在万顺老店掌柜的帮助下，逃离了保定，来 到锁井镇，并与春兰结识。\n     珍儿娘死时，把女儿托付给贵他娘。李德才在冯 大奶奶的逼迫下，卖掉了亲生女儿珍儿。大贵为保护 珍儿，把李德才扔进黑水潭，冯老兰图谋报复。朱老 忠为避锋芒，劝珍儿暂时先去了冯家。\n     贾湘农接到县委的命令，在滹沱河两岸发动农民 ，准备开展武装暴动。与此同时，冯贵堂也为成立民 团，拉拢到了特务队长张福奎。\n     伤愈的张嘉庆接受了贾湘农分配的任务，前往白 洋淀，争取绿林好汉李霜泗。一番推心置腹的畅谈后 ，张嘉庆与李霜泗结为生死之交。李霜泗决心跟着共 产党闹革命。\n     李霜泗骂跑了前来游说的冯家护院老山头，并决 定进城刺杀仇人张福奎。李霜泗之女芝儿执意与父同 行。\n     进城的当晚，芝儿大闹戏楼，朝张福奎连开三枪 &hellip;&hellip; 《播火记（共3册）》第二册讲述了： 锁井镇人民的斗争情绪日益高涨。经贾湘农提议 ，朱老忠当了滹沱河的红军大队长。在武装暴动决策 会上，朱老忠结识了高蠡中心县委书记宋洛曙。\n     武装暴动在滹沱河沿岸如火如荼地准备着。为了 解决武器弹药问题，朱老忠等人智取大竹镇警察局。\n    冯家得知了农民准备暴动的消息，冯贵堂联络陈贯群 商议对策，冯老兰誓要顽抗到底。\n     锁井镇的武装运动轰轰烈烈地开始了。朱老忠宣 布成立河北红军游击队第四大队，他率领队伍攻打冯 家大院。经过一番激烈的战斗，朱老忠生擒了恶贯满 盈的冯老兰，冯贵堂侥幸逃脱。\n     红军将冯家的钱粮分发给老百姓，又烧了冯家霸 占土地的红契文书。不久，朱老忠率领红军告别了家 乡父老，开赴高蠡地区，准备开展游击战争。\n     《播火记（共3册）》第三册讲述了： 朱老忠率领游击队与贾湘农等其他几路红军会合 ，全军前往辛庄集中整训。\n     逃至县城的冯贵堂把农民暴动的消息告诉了王楷 第；陈贯群纠集重兵，准备&ldquo;围剿&rdquo;红军。同时，冯 贵堂还得到了一个惊人的消息：张福奎并没有死&hellip;&hellip; 春兰和严萍冒险来到辛庄，报告了敌人的动向， 贾湘农紧急部署。敌我双方在辛庄展开殊死较量，张 嘉庆、李霜泗等也赶来加入战斗。紧急时刻，贾湘农 击毙了冯老兰。由于力量悬殊等诸多原因，&ldquo;高蠡暴 动&rdquo;最终失败。红军伤亡巨大，无数革命者献出了宝 贵的生命。\n     贾湘农奔赴白洋淀。为保存革命的火种，临别之 时，朱老忠接受贾湘农的命令，率领队伍回到锁井镇 。此时，卷土重来的冯贵堂正在展开疯狂报复，朱老 星惨死在敌人的屠刀之下。朱老忠决定让大贵拉着游 击队上太行山，自己要与敌人展开更为艰苦的地下斗 争。,1.0
快递收到了，包装盒很精致很美很高端，戴上去挺好看的，质量OK啊，店家态也度很好，很耐心，物流也不错蛮快的，很开心。大赞店家！棒棒哒！,1.0
"酒店太旧了,中午进房的时候吓了一跳,晚上进屋就好多了.因为灯光昏暗的关系. 第一次住经济型酒店,搞得感觉很不好.不过床还是蛮干净的,淋浴的水也很大,这个价钱在北京也只能住这酒店了!",0.0
"各类休闲娱乐设施齐全，交通便利，饭菜口味多样。总体感觉：舒适 免费注册 网站导航 宾馆索引 服务说明 关于携程 诚聘英才 代理合作 广告业务 联系我们 Copyright1999-2008, ctrip.com. all rights reserved.",1.0
本来是以为是DVD格式的，没想到不是&hellip;&hellip;浪费啊,0.0
颜色不好看，质量差。,0.0
看到众网友的评论，带着忐忑的心情入住了此酒店，入住后，我想客观的为它平反一下，让好的东西大家一起分享：）嘉峪关是个很小的城市，这家酒店大概是这个城市最好的酒店了。最令我满意的酒店的免费接机服务，毕竟来到一个相对陌生的环境，能有人接待让人有一种安全感。酒店的门童和服务员都很热情，嘉峪关相对于广东真的很冷，不过酒店很暖和。房间比较舒适，而且很干净，嘉峪关天气比较干燥，房间竟然配了加湿器，这一点比较人性化，充分考虑到了我们这些南方生活的人。关于早餐，我觉得很好呀，品种比较多，楼上的说开到九点，可我那天去的九点多了，还有的吃哦。看到楼上的数落，我禁不住为它说几句，嘿嘿或许服务仍然有提高的空间，但勿庸置疑，这样的城市是没办法和北京上海这样的大城市比的，我想他们朴实的热情已经填补了他们硬件上些许的缺憾，毕竟西北大家都很清楚。如果再来这里我会选择在这里住，也会介绍我的朋友在这里，^_^，客观不客观，还是自己试试才知道的，这是我的经验^_^，如果去嘉峪关，记得吃羊肉串，挺不错的，还便宜，去城楼看看，蛮有意思，这是提外话了^_^,1.0
小说叙述王莽篡汉及赤眉、绿林等豪杰反莽起义，光武帝刘秀统一天下，恢复大汉江山的故事，其中刘玄、刘秀及邓禹铫期等&ldquo;二十八宿&rdquo;都是家喻户晓的人物。 《西汉演义》，时代钟山居士甄伟演义。小说主要叙述秦始皇统一天下后，项羽刘邦反秦暴政及灭秦后楚汉相争的故事。描绘了项羽、刘邦、张良、韩信 等一大批历史人物的形象。 本书最早的版本是明万历年间金陵周氏大业堂刊本。而最有名的版本为 明末《剑啸阁批评东西汉通俗演义》，该本除收甄伟《西汉演义》外，还收了金川 西湖谢诏编集的《东汉演义》。《东汉演义》共十卷一百四十六回，剑啸阁收入时 有删节，删节后为一百二十五回。,1.0
之前看过电视剧《双面胶〉，所以买了《蜗居〉回来看，一口气读完后，感慨为什么是悲剧结尾。在读大学的时候，我总是认为世界上只有黑色和白色。步入社会后，发现更多的地带是灰色。小说中的宋，除了已婚的家庭背景，和海藻是那么般配。海藻也在宋的呵护下，充分满足精神上和物质上的满足。虽然小贝的离去让人失望，但本以为能以大欢喜结尾，但道德上告诉我们情妇总是不能欢喜得过一辈子。期待电视剧版的《蜗居〉,1.0
一般，不太好用，还有游戏,0.0
装系统比较麻烦 还好有许多网友的经验才顺利完成 希望京东能提供驱动碟不用我们自己去下载,0.0
挺好的，质量和服务都蛮好,1.0
第三方卖家不给送到家！还要自己花钱去取！出问题了也不管！要求退货还要自己付快递钱！问客服，客服说话也让人不疼不痒的！真的很生气！原本正价买的东西，还要自己付钱搬回家！其实只是卖家想自己省钱！为了省物流钱！希望大家慎重,0.0
太薄了，尺码大！问了客服还是穿不了！,0.0
裤子收到了，试穿后很满意。大小合适&nbsp;　,1.0
实在看不懂的房价，房间较干净，但是象是临时房一样，几乎没有隔音，昆山的酒店价格太离谱了！,0.0
与在实体店所买的包装相同，洗颜霜完全不同,0.0
質量不算好，偏小,1.0
有一股中药味。                          ,1.0
价格有一点贵，给朋友买的，朋友高兴就行，上网，也不做三维、CAD，不要求速度，能上网就行，玩个QQ、QQ聊个天，玩玩小游戏，足够了。,1.0
有比较才知道酒店的好，难怪外国友人超多选这里。是临时从别的酒店调整过来，因为订不到。房间好像新装修了，除了略偏小一点，色调和成新都很有感觉，尤其是增加了细节的注意：比如桌面的文具，储藏室的雨具等。一如既往的免费牛奶，入住当天还有果盘。座八楼的服务人员每次出入都有亲切的问候，电梯口的小点心也很周到。还有免费的报纸和上网电脑。周边餐馆多，打车也很方便。将成为我的常驻酒店,1.0
小人国制造的，当笔筒用吧,0.0
第一次贴后屏就碎了,0.0
"了二次房间,第一间在洗地毯(前台竟然不知!!??),第二间房门不用钥匙就能开,到第三间己经不是预定的大床房....窗外还有一个蜘蛛在结网",0.0
小孩子喜欢，书纸质感很好。,1.0
质量不怎样.穿了三天轻轻一刮就破了.好像布料有点发霉了.肯定是库存太久的货,0.0
来的时候鞋子都是大1~2码，从新下单，过几天他又给你送回来了，真心坑，虽然态度还行，问题是有种被忽悠的感觉。。。,0.0
1 跟我以前的ibmx31 比起来键盘键要松，但好像更容易敲 更省力 2 随机的vista也不错啊 习惯就好啦 3 感觉很好 ibm的风范 联想的特点 中国人的胜利 4 大气 配置合理 高清 视频音频均很出色 5 京东的送货的小伙子很可爱 建议给他们加工资,1.0
这是一本我个人认为很实用的书，但内容有些简单，不过把以前在学校里学过的自救的知识，重温了。随着年龄和社会环境安逸，自救的意识越来越弱了。直到5.12四川地震，人类在自然中是如此的渺小而脆弱，我们无力抵抗，但是如果我们掌握一些自救的知识和能力，在自己的能力范围中也能帮助自己和别人。现在人们太依赖了，放弃了自主自助自力自救的能力了。此书虽内容简单但让人们注意到了等待不如自救。,1.0
热爱生活、永葆童心、勇于参与,1.0
根本就粘不上，和商品描述差的太远！,0.0
服务好，味道不错。好评,1.0
一般了，而且说好发票随后寄的，但半个月有了，也没什么消息。,0.0
网购快递最差最差的一次。。,0.0
非常不满意，不会再光顾京东第三方卖家了，无货一直不通知我，居然还上传了虚假物流信息，直接导致我没法儿取消订单没办法退款，卖家客服回话极其慢，解决问题一点不积极，拖拉很久，通过京东客服协调很多次才退款成功。,0.0
看过该书，感觉中医暂时不会消亡，尚有一、二十株老树活着，还有毛以林、黄煌、刘力红等一批有一定临床经验的博士在，还可以延缓其生命，但是不改变目前中医院校的办学模式，改变教育方式，提高学生临床水平，废医存药，迟早都会消亡。目前的中医临床水平，包括我所在城市中医药大学的教授们的水平实在不敢恭维，如此的教授会教育出什么水平的学生可想而知。,1.0
地理位置不错，紧挨老街，酒店外观很有特色，房间小，但是古色古香，早餐一般，可以接受，总的来说房间价格公道。如果毛巾和被褥质量好些就更好了。,1.0
商品还可以，挺划算的,1.0
分量真是有点少，味道一般，酸奶里泡不开的感觉，倒也是很有嚼劲儿,1.0
宝贝是用礼盒包装的，特别好看，宝贝非常好。,1.0
"隔音效果很差,客人住在九楼,晚上四楼的KTV一直营业到一点,客人反应无法入睡.所以本来预计定三天,后来提前退房,换了酒店",0.0
挺不错的，洗了基本没褪色。,1.0
"虽身处繁华地区,但房价非常经济.卫生.服务都不错,中央空调.24小时热水.如果下次来一定住此,真好!!!!!!!!!!!",1.0
那么小，还只有1根带子,0.0
特别喜欢游泳池和健身的地方，交通方便离琶洲展馆比较近，离天河城也近，早餐挺不错的，但他们酒店的其他东西我没有吃过，就不做评论了，总体感觉还是满意的，下次出差还会去住。,1.0
一点都不好，用两天就坏了,0.0
"就是感觉有点厚实,哈,还有就是系统太烦人了,呵呵,重新分区还有一个扩展区没法用PQ分出来,现在还不知道怎么弄!郁闷!",0.0
电脑外形不错，音效非常好，感觉不错，就是预装应用有点多，微微怀疑是否被用过,1.0
还可以。不错。贴别好。,1.0
还可以，就是这款有点大。,1.0
环境很不错，房间也较大，干净、整洁、舒适，性价比较高。checkin虽然排队较长，但也较快。酒店自助餐厅营业时间到晚11时，而不是前台说的到晚12点。我们差点没吃上饭。,1.0
呵呵，收到电脑之后首先重装XP，四个小时的时间，记住一定要先在主板BIOS里面把sata关掉就可以了，安装xp以后也还是要关闭状态，否则xp进不去。之,1.0
1) 不带包，外出的时候只好装我大本的包里携带； 2）按键弹力有点小，打字时容易按错键； 3）屏幕垂直分辨率偏低，对于一些大小不可调的对话框不能完全显示。,0.0
两个月都没有就裂开来了，后悔,0.0
十五号下的单  现在才收到  简直太快了  呵呵&hellip;&hellip;  差评,0.0
皮带插的时侯很涩，费劲，不满意，不过退货嫌麻烦。\n再加上是内插式简直是受罪。,0.0
"满意,卖家服务很周到，很热情，很满意这次的网购。",1.0
功能强，质量好,1.0
此双杆置物架挂毛巾和浴巾太好使了，它的真空吸盘吸力真紧，不用在墙上打洞，方便安装。,1.0
"早餐很好,位置算不错,打车到火车站要十几员吧",1.0
非常好的外部环境，美丽的云龙湖，度假感强烈，让人很放松，很惬意。只是湖景房要在总台申明，否则，湖景会有偏差哦。交通：有车的话很方便，否则出行还比较麻烦的。地下车库和安保人员让我觉得很安全。房间：非常舒适，硬件很好，最漂亮的是大厅，在市区的酒店很少可以见到这么有气势和视觉松爽的大厅，很棒。免费早餐要重点说一下，很不错，丰富也很有地方特色，但是如果你睡懒觉起晚的话，一定要进去就把吃的全部拿好，不然你有可能什么都吃不到了。因为服务员很可能不会和你打招呼就收餐了，等你再去取食，发现什么都没有了。本人就严重的感受了一次，当然事后，服务员的热情弥补让我没有投诉。除了这点，其他的都没话说，够得上五星水准。不管怎样，下次依然会选择开元名都。,1.0
这发货速度不说了，还京东，走了一周才到,0.0
一班班，不清楚,0.0
还行吧，凑活能穿，一分钱。一分货,0.0
质量不错的，MV也清晰,1.0
厚，厚，不紧致，质量是可以的，但这款型不适合年轻人,1.0
嗯&hellip;&hellip;那么多人评价它够～大～气～所以，真的是蛮大的，单肩斜背显大，要买中等大来斜背的记得看看尺寸噢，不过，这个包是真的很漂亮！而且手感很好！拉链，单手提非常漂亮！,1.0
环境不错，空气新鲜幽静．离市中心有点远，但交通路况不错，适合有自驾车的城市人度假休闲．服务好，销售部的周小姐百问不厌，出门步行约５分钟有太湖船菜河鲜一条街，二十几个饭店营业到晚上十点，河鲜新鲜价廉，在湖州很有名．晚上停,1.0
看起来OK  为什么要写10个字啊,1.0
酒店比较旧，靠近机场，能听到很大的噪音。而且早餐非常差，简直就是没东西吃。我再也不会住在这个酒店的。宾馆反馈2008年3月14日：尊敬的客人您好，非常感谢您的宝贵意见，对于您入住期间遇到的不愉快经历，我们深表歉意，以下是我们关于您的意见的反馈情况：1.关于您提到的噪音和酒店陈旧问题，由于酒店地处厦门主要干线-湖里大道西段，距离机场10分钟车程，这是酒店交通便利的主要优势。但随之而来的就是噪音问题。厦门联发集团于2007年5月份投入巨资对酒店重新进行装修，在隔音方面做了最大的改进和提高。酒店装修完工投入使用以来，未收到客人关于噪音的投诉。2.早餐：针对前几年团队为主的早餐，酒店在人员配备和早餐种类及数量都做了很大的改进，目前早餐包括了小菜、饮料、热菜、糕点、主食、沙拉等40多种菜品，能够满足各种客人的不同喜好。我们非常珍惜每一位客人的投诉，非常珍惜每次能为客人提供服务的机会。也许酒店方面现在还不能做到十全十美，但是我们一直在努力，希望您能再次光临丽轩酒店，感受到我们的改变。最后再次感谢您的意见和建议，因为正是有了您这样的客人，才使丽轩一直进步、不断完善。谢谢！,0.0
为了确保没有问题，我还是选的自提，上周六刚拿到验货键盘就坏了，只能返修，啥辙没有，忍,0.0
跟普通的没啥区别，起毛。,0.0
袖子有点短，还有电钻毛。一般般,0.0
昨天买了这个本本，收到后一看开始搞活动送内存，送硬盘了....订单完成了也没有办法了...感觉有点不厚道啊,1.0
说的挺好可是实事真不行啊,0.0
没给发票差评没给发票差评没给发票差评没给发票差评,0.0
不到三個月就已經生锈了,0.0
"地理位置不错,房间在香港来说,算大的,特别是卫生间很大,硬件比较旧.住这里只是涂个方便.只是这次的时机不对,遇上会展,价格大概别平时贵上2-3倍哦.平时的话,2000多能",1.0
做工出色 性价比高 配置实用 键盘设计 屏幕色彩 外观模具都非常对得起这个价钱,1.0
都是盗版货，下次再也不会买了，,0.0
垃圾，一个星期就坏了，联系客服到现在都没人管。真心别买，我要说谎我王八,0.0
跟我之前也在这同一家买的，*元的标准版本相比，按键的声音完全不一样（比以前大声好多好多），滚轮的手感也完全不一样（之前的滚轮很舒服，有非常明显的段落感，这个*元1800DPI的版本没有明显段落感）。唉，一分钱一分货估计&hellip;&hellip;,0.0
没及时收到耽误事,0.0
很不好，就几张差劲的光盘,0.0
四九九入手，值吧,1.0
房间太老了服务不周到不热情交通还好保安象混子前台服务冷漠,0.0
要求退货，严重不满，小的无法接受， 失望失望 失望失望,0.0
包装不好，五金有磨损，但是售后服务很好,1.0
颜色太暗，和图片的不太一样。,0.0
"容易留指纹,应该买白色的,键盘松松的,与底部不够密贴,分区是两个不过大小太不合理了,c盘居然分成70G,xp上网本完全没必要这么大,个人认为最多15G就可以啦!",0.0
不错，继续努力，争取第一。,1.0
给同事买的，颜色很正，料也挺好的，喜欢,1.0
不是很好，因为，没有解释，还是因为，不需要解释,1.0
真的不能贪便宜，看着比京东自营便宜，就没买京东自营的。用着完全没效果。其实之前也没在京东买过，很久之前在其他电商买的那个效果确实好。,0.0
"我到现在都还没有收到书啦,当当真的好慢.上个星期买的书,本想这个星期六看都没得看",0.0
快递只是烂，不知道送哪里去了  厂家也没有及时跟进！,0.0
携程价格360元/间，我看到同时结帐的其他客人是298元。携程告诉我是四星，我看到的是比锦江之星更糟糕的房间，电梯间油漆剥落，浴室不锈钢管锈了，肯定是没有星级的。地方也在一个弄堂里。我住的是1512房间。唯一多的是韩国人进出频繁。建议携程与该酒店好好交涉。我是已经和大堂投诉过了，这样的房间是根本不值360元的价钱的。携程应到酒店实地勘查后再向客人推荐。,0.0
地理位置是公认的不错，但是缺点也不少，主要是电梯慢，走廊狭窄，房间设施有些陈旧了，临时住一晚可以，时间长了不建议入住。,0.0
"这个酒店唯一值得称赞的是销售部的一位女士,但是很抱歉,我忘掉了她的名字. 评价: 1)性价比绝对不值得,附近的同类酒店很多,性价比都比这家好 2)除上面提及的一位销售部的女士外,其它的人员都很差,前台完全是招待所的感觉,而且是国营的那种招待所的印象(入住时是半夜,前台穿着军大衣睡眼朦胧的样子简直象演电影一样的标准) 3)这家酒店离火车站十分钟的步行，我打了四个电话都没有找到，最后找到时才发现，这是周围所有酒店里唯一夜间没有彩灯的，黑灯瞎伙的确实没办法找到，接电话指导的人完全没有地理概念． 4)入住时，前台说的第一句话是＂没有你的定单＂，第二句是＂肯定没有你的定单＂－－之前只问了我叫什么，就象审犯人．我打电话给携程确认时突然又来了一句＂找到了＂，唉！房间连续改了四次，我在前台已经不知道该怎么办了．一会划掉房号改成另一个，一会儿又改回来．．．．．． 5)最最要命的是，完全没有按之前定单中注明的要求安排安静的房间，这与携程之前的短信和电话的说法是完全不符的． 6)一大堆投诉，直到第三天离开（如果不是因为事情多，第二天早上就离开了）前才接到销售部那位女士的回应--送了一个果盘，唉！ 7)早餐不要指望什么，本来就内容单薄，八点半就已经主菜大多没有了，热东西少，服务要求反应永远很慢．唉！ 不推荐入住．南昌实在有太多选择了．不过关于服务，客观地说，南昌整体的服务意识也确实是不高的，但是这家确实是太差了． 宾馆反馈 2008年4月14日 ： 尊敬的比哥儿比哥儿： 您好！ 首先感谢您入住锦昌大酒店为我们提出宝贵意见，为此酒店高层管理人员非常重视，并特地召集各相关部门专门开会对您的投诉回复如下： 1、 锦昌大酒店在南昌市三星级酒店中评价、服务、专业化均较好，性价比我们将会更进一步提升； 2、 前厅部深夜班次员工的工作状态、着装形象我们将在您的鞭策下严格管理并由我们值班经理全权负责检查，树立一个良好的接待形象； 3、 为了让更多宾客晚上能顺利地找到酒店，我们将推迟2小时关闭酒店的外墙灯，并针对总机及前厅部门进行酒店详细地理位置的培训； 4、 对于询问预订工作程序，我们着重培训员工具备首问责任制工作原则，第一时间为顾客解决问题，并要求做到不对顾客讲“没有”“不知道”类词语； 5、 安静房是指锦昌所有房间，分南北两边，南面是居民住宅区本身具备安静条件，北面是靠马路房间，07年已全面安装隔间窗，您住的8821房是北面已安装了隔音窗房间，如仍未达到您的要求，我们酒店高层管理人员会尽最大能力为您解决； 6、 营销总经理晏艳春女士在接到前厅客户意见反馈后随之上门拜访，并赠送果盘希望能得到您更多的理解与支持； 7、 早餐经我们统计每天至少保证有四十五个品种，其中最少有十个为热点，另外所有蒸品全部保证热度，至于餐厅的服务我们将不断完善。 我们热忱欢迎您再次入住锦昌大酒店。 江西锦昌大酒店 2008/04/14",0.0
超级超级慢的物流，都说京东发货快一个星期才到货，从来没有这么慢的物流，物品和图片也不一样，质量一般般。,0.0
还不错，装水都不漏，就看保温效果怎么样了。,1.0
书很棒，物流很给力。 好大一本书，是正版!各种不错!只是插图太多，有占篇符之嫌。故事很精彩，女儿很喜欢。书写的不错，能消除人的心瘾。目前已经戒烟第三天了，书拿到手挺有分量的，包装完好。还会继续来，一直就想买这本书，太谢谢京东了，发货神速，两天就到了，超给力的！5分！今天家里没有牛奶了，我和妈妈晚上便去门口的苏果便利买了一箱牛奶和一点饮料。刚好，苏果便利有一台电脑坏了，于是便开启了另外一台电脑。因为开电脑和调试的时间，队伍越排越长。过了5分钟，有一个阿姨突然提出把键盘换了，这样就能刷卡了。我妈妈就在旁边讲了一句：&ldquo;键盘不能热插拔，必须要重启。&rdquo;那个阿姨好像没听见，还在坚持已见。我提出：&ldquo;妈妈，我们不要在这家店卖了吧！又不是在其他地方买不到。&rdquo;妈妈看了看队伍，同意了。我们把东西一放，就去了另一家百货。我提出要换另一家店不是只因为这队伍太长，还有店员素质之差。你布置了两台电脑，那你随时都要准备好换一台电脑呀，你现在让人的感觉就是你只有一台电脑能用，那一台就好像是摆设，没有一点用。我气愤不过跟妈妈说&ldquo;我们去网上买吧&rdquo;这样就来京东了，看到了这本书就顺便买了。好了，我现在来说说这本书的观感吧，网络文学融入主流文学之难，在于文学批评家的缺席，在于衡量标准的混乱，很长一段时间，文学批评家对网络文学集体失语，直到最近一两年来，诸多活跃于文学批评领域的评论家，才开始着手建立网络文学的评价体系，很难得的是，他们迅速掌握了网络文学的魅力内核，并对网络文学给予了高度评价、寄予了很深的厚望。随着网络文学理论体系的建立，以及网络文学在创作水准上的不断提高，网络文学成为主流文学中的主流已是清晰可见的事情，下一届的&ldquo;五个一工程奖&rdquo;，我们期待看到更多网络文学作品的入选。了解京东：2013年3月30日晚间，京东商城正式将原域名360buy更换为jd，并同步推出名为&ldquo;joy&rdquo;的吉祥物形象，其首页也进行了一定程度改版。此外，用户在输入jingdong域名后，网页也自动跳转至jd。对于更换域名，京东方面表示，相对于原域名360buy，新切换的域名jd更符合中国用户语言习惯，简洁明了，使全球消费者都可以方便快捷地访问京东。同时，作为&ldquo;京东&rdquo;二字的拼音首字母拼写，jd也更易于和京东品牌产生联想，有利于京东品牌形象的传播和提升。京东在进步，京东越做越大。||||好了，现在给大家介绍两本本好书：《谢谢你离开我》是张小娴在《想念》后时隔两年推出的新散文集。从拿到文稿到把它送到读者面前，几个月的时间，欣喜与不舍交杂。这是张小娴最美的散文。美在每个充满灵性的文字，美在细细道来的倾诉话语。美在作者书写时真实饱满的情绪，更美在打动人心的厚重情感。从装祯到设计前所未有的突破，每个精致跳动的文字，不再只是黑白配，而是有了鲜艳的色彩，首次全彩印刷，法国著名唯美派插画大师，亲绘插图。|两年的等待加最美的文字，就是你面前这本最值得期待的新作。《洗脑术：怎样有逻辑地说服他人》全球最高端隐秘的心理学课程，彻底改变你思维逻辑的头脑风暴。白宫智囊团、美国FBI、全球十大上市公司总裁都在秘密学习！当今世界最高明的思想控制与精神绑架，政治、宗教、信仰给我们的终极启示。全球最高端隐秘的心理学课程，一次彻底改变你思维逻辑的头脑风暴。从国家、宗教信仰的层面透析&ldquo;思维的真相&rdquo;。白宫智囊团、美国FBI、全球十大上市公司总裁都在秘密学习！《洗脑术：怎样有逻辑地说服他人》涉及心理学、社会学、神经生物学、医学、犯罪学、传播学适用于：读心、攻心、高端谈判、公关危机、企业管理、情感对话&hellip;&hellip;洗脑是所有公司不愿意承认，却是真实存在的公司潜规则。它不仅普遍存在，而且无孔不入。阅读本书，你将获悉：怎样快速说服别人，让人无条件相信你？如何给人完美的第一印象，培养无法抗拒的个人魅力？如何走进他人的大脑，控制他们的思想？怎样引导他人的情绪，并将你的意志灌输给他们？如何构建一种信仰，为别人造梦？,1.0
价格便宜。但是生产日期是毕竟久所以才那么便宜了。一分钱一分货。,0.0
这么小的一本书，看起来也很旧，不值这个价。,0.0
老婆怀孕买的，先用着先！,1.0
房间赶不上绵州酒店，服务还是不错！但电梯太差！,1.0
是头层牛皮的，皮子厚，有韧性有光泽，颜色跟图片一致，非常满意！,1.0
还没用，但是物流超级慢，等了6天才到，卖家服务不行,1.0
物流太慢，服务态度极差。再也不会买了。,0.0
美的东西挺好！具体省不省电还有待验证@客服态度爱答不理！尤其货运简直是恶劣！头天预约好送货！骗我一下午时间！！后来不接电话@第二天给我吧 那么重的热水器扔小区路中间跑了！简直是最不好的一次购物体验！京东第三方不是一般的差@本地的售后师傅安装不是很熟练！@估计是装的少@,0.0
不满意，，质量那么差，根本衣服对不上版的，还说加厚的，根本就是骗人的，那么簿，大家不要买，，别被骗了，像这种衣服送给我都不要，,0.0
还好吧！就是买大一码了,0.0
这物流速度也太久了，还没吃，希望味道好吧,0.0
AAAAAAAAAAAAAAAAAAAAAAAAAAAAAAAAAAAAAAAAAAAAAAAAAAAAAAAAAAAAAAAAAAAAAAAAAAAAAAAAAAAAAAAAAAAAAAAAAAAAAAAAAAAAAAA,0.0
说实话管个真的不错的，买过三个了这个是最满意的，拍摄广角蛮大的清晰度也棒的，手机ＡＰＰ连接很方便\n\n,1.0
不错        ，快递太慢了,1.0
不错，烧烤时刷点油，少且清爽！,1.0
手套小，孔距太大，不适合物流公司搬运使用，只能居家用一下。,0.0
"房间太旧了,价格上也不实惠,不过在信阳这样的城市估计也没有什么好酒店,也只能将就了!",0.0
原来是锡纸，有点小，在大点最好。,0.0
超级不靠谱！六月份就已经退货，至今没有退我钱，中间催过卖家四次，卖家答应退未退 ,0.0
不怎么样，实物与图片不符。,0.0
"6月16号就从网上订了房间,晚上到酒店时前台说房间了,也没找到我的订单.后来打电话给携程说已经酒店已经将订单回传过.酒店前台一直让我等待了五十分钟才给了房间.到房间后居然还有别人剩下的垃圾没有清理.而且环境还不好,外面就是马路,吵死了,反正这次弄得相当不愉快,相当差劲点",0.0
衣服质量很好，布料舒服，没有色差，穿着非常有型。,1.0
比较满意，房间很干净，不过卫生间的水龙头有漏水现象。还有点遗憾的是前台接待有个女（30多的样子）的态度一般，不知道是不是那天客人比较多的缘故。,1.0
质量很好，和照片一样，就是爱出褶，总体还不错,1.0
质量不怎么好，才穿一天就变形了。而且送货又慢，三四天才到。,0.0
"包装还可以.盒子有点烂,不过便宜,还是很值",1.0
设施太陈旧了，位置离火车站近，但附近差不多条件却价格更便宜的酒店多得很！我住九层，晚上睡觉的环境都不好，比较吵，糟杂，我房间对面及左右的房间门都不关，玩通宵牌的，人多嘴杂（也没有酒店工作人员制止）！这酒店真的不太好！,0.0
还行，但是感觉有点轻，不扎实,0.0
质量很差，材质穿着不舒服，做工不好。,0.0
馨圆 时尚图文工艺筷12双装,1.0
整本书给我的感觉就是一农民暴富了后害怕别人也富，挤占了他的地位。但又不想把害怕的思想暴露底那么明显，就扯来“公平”二字来中和一下。“公平”不是这样来用的！不推荐购买。实在有好奇心者想买的话，我把手上这本二手卖了，联系我啊。,0.0
这本书果断给差评，书很薄，感觉看了就是一堆废纸，网上复制粘贴，论斤卖我都不愿意（骗子书籍）网上买书有风险，不能只看包装；拿到书我就想扔碎纸机了，怒火中烧,0.0
很厚实～～挺好的，也很硬,1.0
不好真的不好这个东西真的不怎么样,0.0
刚刚收到，感觉还不错，希望宝宝能学得更好,1.0
第一次买汽车用品，真的很不错，质量样式，家人都很喜欢。 ,1.0
差，袋子质量不行，应该是自己分装的，所以袋子搞破了。,0.0
这个是赠品，但也是二月三号就到期了！,1.0
买小了。卖家没有说清楚。,0.0
"非常不满这酒店，配不上5星。第一,客房服务员没有水平,房卡出问题，叫了20分钟仍没有人出来开门。第二,电掣跳闸..也等了15分钟才有人上来。第三,服务员没有礼貌,说话太不象话,前台也有些接待人员完全不懂操作。第四,也就是最不满意的,就是身为5星级的酒店，门口那些出租车司机胡乱开价,我们就像水鱼被人宰...我们说开价太贵,他们竟然说从5星级出来,讨价还价,会影响我们身份..这是什么道理?害得我们找不到车...这是我住的第一次遇到这样的5星级酒店,出现这样没有水平的配套。垃圾...........补充点评2007年12月10日：还有床太不象话了，睡的时候床垫竟然可以感觉到弹簧的铁丝…睡得很不舒服",0.0
东西是不错！发货太慢！给物流差评！,0.0
非常好吃的意大利面 孩子很喜爱吃,0.0
眼睛垃圾不要买*眼睛和*在一样我也是醉了，不想退货了\n\n,0.0
酒店的环境还是不错的，服务员也热情，去的当天，酒店在大堂组织了全体员工为汶川灾区捐款，感动之余我和另几位旅友也捐了些小钱。,1.0
前两天买的眼镜，质量很差，竟然眼镜镶嵌螺丝处，镜片断裂，花20块钱买的眼镜也不会这样的。,0.0
酒店超值，不用300元住标间，房间很干净舒服，前台服务员态度很好，酒店管理水平很高，还可免费延住到2点。,1.0
东西不怎么样，太薄了便宜没好货。,0.0
"我觉得本本还是不错的,简单干净.性能也还好.而且我喜欢HP这个牌子,我们家台式机也是HP的.",1.0
书看起来不错，还没有看，是老师推荐的,1.0
宝贝很好，面料很好，穿起来也很修身帅气吖~会再来的~卖家态度也很好！,1.0
性价比很高啊，硬盘通电5小时，屏幕也是完美屏，发热也不大，就是光驱声音有点大,1.0
鞋子太硬了，鞋子前面太丑,0.0
专业用书，挺实用。这个系列，我买了两本，对工作用处还不知道，尚未消化。,1.0
太假了 简直太对不起这个价钱了 还不如那几十块买的都比这个好 大家千万别上当   多得不说 京东买了这么多次 就这次买到假货。,0.0
第一次买李宁的东西，质量还可以就是价格有点贵。,1.0
一点都不好用，用了就过敏,0.0
操纵灵活，安装方便。,1.0
化氏早晩倒闭，做这种质量的竿子！,0.0
质量不好，太薄了。买的型号和发回来的不对称。,0.0
料子做工还行但是不个价太贵了,0.0
"总体服务不错,就是房间隔音太差,走廊里的声音就像是在房间里一样,早餐也还可以",1.0
"对书中内容的科学性有些怀疑,而且书中写的一些穴位等也不是很容易找准,所以个人认为实用性差.",0.0
买来送男朋友当生日礼物的，用了1周左右男朋友说有脱线、蜕皮的情况，难道是我比较点背？买到了个次品还是就是A货？于是立即提交了换货申请，后来过了一段时间，一直没人联系我，还是我打了电话之后才有客服告诉我退货。我什么时候说我要退了。好，后来说让换货的给我打电话，乌龙又来了，说东西收到了，只有钱包，所有外包装都没有，什么鬼！什么时候就没有外包装了，于是后来发现是打错电话了。客服说好的，知道了，大概15个工作日会有答复，我了个去。好吧，就这样吧，最后再打了次电话，客服态度还是很好的，告诉我实在着急还是给我退款把，就是时间会久一点。虽然说JD上买是会比实体店便宜一些，但是这个钱包也不是很便宜吧！我承认贪便宜是我的错，***我也就不纠结了。现在的处理结果就是我等退款，只是想吐槽一下而已。,0.0
虽然周围环境差了一些，但是酒店大堂气派，房间宽敞，设备新，服务到位，总体来说在酒店内确实是五星的标准，考虑到周边环境，携程应当在费用上再争取一下。补充点评2006年8月7日：由于是通过携程定的房间，所以宽带免费，但是没人提醒，所以用手机上网卡磨了半天，这一点比较郁闷。,1.0
买来给孩子看的，很好的东西哦,1.0
棋很好用，五种；不过棋子偏小。其他都好。,1.0
目前用着还不错，希望更有效果的说\n,1.0
商品质量不错，值得购买+拥有！,1.0
价钱不贵，质量还挺好的,1.0
只能说比较一般吧,0.0
我自作多情，以后不会了&hellip;&hellip;再也不陪你看电影吃饭了！&hellip;&hellip;人没了可以再找，狗没了就什么都没有了&hellip;&hellip;有缘无份吧&hellip;&hellip;希望你以后可以幸福^_^,0.0
很一般，没想象中的好，感觉不值这个价格,0.0
好好好，清晰高亮！,1.0
东西不错 ，活动购买  特别超值  不如 之前 第一本 内容好     ,1.0
还没用      应该不会差,1.0
房间还算干净，但房间内空气不好，有股空调里散发出的霉味；设施极其一般，淋浴龙头拧了半天也不知道倒底哪个是冷水，哪个是热水，到最后差点都关不掉了，估计冷热水龙头大概是装反掉了的；餐厅服务很一般，早餐质量极其一般，餐厅像大单位里的食堂。,0.0
买来屯货的，春节准备去三亚用的，很不错，喜欢，品牌很不错，朋友都用这个牌子呢，不错不错，值的购买。,1.0
不怎么样  不值     没那么好,0.0
好大一盒，还送拆件器及五个小拼装玩具，赞,1.0
用了5次胡子还是脱不净，没有宣传的那么好！,0.0
做工可以，可以考虑购买！,1.0
酒店大堂达不到四星，房间一般，也达不到四星标准，服务员没有礼貌。,0.0
房间有漏水痕迹，内部感觉也不好，价格也不便宜，不想再次入住,0.0
虽然价格便宜但真有点怀疑是假的，好小啊！比以前在其它地方买的同款又小又轻，比之前京东买的FEW的差好多！,0.0
不知道是不是个例 键盘空空的 去华硕维修了下用双面胶粘了下 按下去还会起来 键盘晃悠晃悠的 请问京东这个怎么处理啊？？？,0.0
买了个坏的，用万能表测了，有一个电池有坏的，用不成，懒得换了,0.0
太小一瓶了，太狡猾,0.0
"房间有些旧了.而且我住的房间进去后居然没有打扫出来.前台和服务员协同不好. 补充点评 2007年12月9日 ： 这家酒店的服务大不如从前,设施也旧了,以后不住了.",1.0
物流太慢了，鞋下面还有黑黑的都不一样,0.0
假到不行，这种质量，假货~~~~~~！！！！！！！！！十年的网购，第一次被坑，愤怒！！这些钱就施舍给你的药钱了。卖假货是要遭天谴的。,0.0
"有上网但是是无线,停车在隔壁地下停车场,具说没有转人看管,结果提心吊胆一晚上",0.0
家庭套餐的房间有一张双人大床金和一张单人床很贴心。餐厅的鸡汤很好喝。射箭飞镖桌球那里没有工作人员没玩到，钓鱼竿有点破，真的想钓鱼最好自己带钓具，除了饭店内的小池塘附近有个小水库可以钓鱼，我家的孩子很喜欢水库附近的小溪可以淌水。水库的水很干净但很冰冷有几个当地的孩子还在水库里游泳，尽管那里竖着“禁止游泳”的牌子。,1.0
写的的书都写得很好，还是朋友推荐我看的，后来就非非常喜欢，他的书了。除了他的书，我和我家小孩还喜欢看郑渊洁、杨红樱、黄晓阳、小桥老树、王永杰、杨其铎、晓玲叮当、方洲，他们的书我觉得都写得很好。护士长手册（第2版），很值得看，价格也非常便宜，比实体店买便宜好多还省车费。书的内容直得一读，阅读了一下，写得很好，护士长是医院护理管理系统中数量最多的管理人员，是实施各项服务最直接的领导者。护士长的管理能力与医院护理工作质量息息相关。一名合格的护士长应具备哪些基本知识这是护士长手册（第2版）希望回答的问题。护士长手册（第2版）包括15章，循序渐进地介绍了护士长的角色、工作内容与职责、工作方法、工作技巧等内容，希望能以全新的知识、技术，深入实践的护理管理方法，为一名护士长的成长提供必要的支撑。，内容也很丰富。，一本书多读几次，2.排班的类型按照排班权力的归属可分为集权式排班、分权式排班和自我排班三种类型。（1）集权式排班排班者应为部门的行政主管，依主观决定来排班，不考虑工作人员的需要。集权式排班的优点有主管者掌握着多个单位的人力，可按照工作情况和患者的需要灵活地进行排班，排班者能了解整体情况，随时调整各部门的人数。其缺点是没有考虑工作人员的个别需要，影响护士对工作的满意度，不能真正了解各单位的人力需求，而无法发挥所长。（2）分权式排班此种排班方式是目前最为常用的，由护士长按照本病房工作人员的个人意愿来排班。最大的优点是护士长能充分了解本病房的人力需求状况，进行有效的排班。缺点是当本部门人力缺乏时，无法调遣其他部门的人力。（3）自我排班法由单位的工作人员自行排班，以激励工作人员的自主性和提高人员对工作的满意度。护士长在进行自我排班前应分析自我排班存在的问题，按照工作人员或患者的需要排班，制定排班规则，经过一段时间试行后提出问题并进行讨论和修改，以完善排班的要求与规则。其优点是发挥了工作人员的主观能动性，节省了护士长的排班时间，促进了人际关系，增加了凝聚力，保证了护理队伍的稳定性。3.排班的方法（1）传统式排班在目前病房中普遍采用方法就是传统式排班方法。即护士长依据单位护理工作的需要，安排每周或每月护理人员的上班及休息时间表，护理人员按排班表上班或休息。（2）新式排班护理部制定护理人员的能级考核标准，根据年资、工作能力、业务水平等实行护理人员分级管理。护士长依据不同能级的护士进行排班，明确工作范围，设立责任包干组。各责任包干组由资深的护士为组长，负责相对较重的患者，在护士长的领导下，对组内低年资护士进行业务指导，并保证组内的各项护理服务实施到位，进而体现护理工作既有分工又相互融,1.0
外观还是挺时尚的、性价比较高！设计挺时尚的，真机比照片要漂亮些，值得推荐！,1.0
"非常不满这酒店，配不上5星。第一,客房服务员没有水平,房卡出问题，叫了20分钟仍没有人出来开门。第二,电掣跳闸..也等了15分钟才有人上来。第三,服务员没有礼貌,说话太不象话,前台也有些接待人员完全不懂操作。第四,也就是最不满意的,就是身为5星级的酒店，门口那些出租车司机胡乱开价,我们就像水鱼被人宰...我们说开价太贵,他们竟然说从5星级出来,讨价还价,会影响我们身份..这是什么道理? 害得我们找不到车...这是我住的第一次遇到这样的5星级酒店,出现这样没有水平的配套。垃圾........... 补充点评 2007年12月10日 ： 还有床太不象话了，睡的时候床垫竟然可以感觉到弹簧的铁丝…睡得很不舒服",0.0
充电时间太长，需要3个多小时，用2小时就没电，不是很热，希望大家别上当,0.0
这些东西没有收到，可能是忘记配送了，不过，能收到主要部件就ok了。,0.0
根本不是羊毛。,0.0
选的红色   和图片差别太大是暗红色   快递是11号订的17号到的货    感觉不值188,0.0
味道很重，感觉很次。,0.0
服务太不好了，晚上房间的蚊子太多了，人性的关怀不好,0.0
城市地图太旧了，其他还行，比旧版改进很多,1.0
实在不敢恭维，太次了，上当,0.0
一般般，好油，而且不好闻,0.0
帽子和实物相符，物流很好,1.0
稀烂的袜子，还不如我去超市买的,0.0
不好，质量外观都一般般，没得性价比,0.0
明明写的是4_7岁孩子的书籍，却有一套20本的书籍是2_7的，书籍的质量没有以前买的洪恩的书籍质量好，纸张比较薄。快递更是差。,0.0
买到史上最烂的东西，下完单迟迟不发货，收到货都快一个月了，而且有一股很刺鼻的味道，直接扔了,0.0
骗子都要过期了罐子都憋了,0.0
质感不够，有点色差。,1.0
简直就是货不对版！实在无语&hellip;&hellip;&hellip;,0.0
很好．非常干净．是新装修的．服务不错．早餐也很好．对了，被子很厚但非常松软．哈哈满意,1.0
高端大气上档次，煮汤的利器,1.0
收到货杆稍就是裂的！送了一根杆稍也是裂的！联系客服一直也没给回复！,0.0
和原装的差不多。 很好 ,1.0
好了，好的是你,1.0
这把壶真的非常的糟糕。快递石狮到漳州竟然三天才到。接着收到这个壶满怀期待的打开？觉得是什么石头。然后我就试了试壶盖和壶口的声音。音质很不好。明显感觉是粗制滥造的一个壶。我绝对不信这个会出自国家工艺助理美术师的手。出水没有紫砂出水的美感。不是图片那么美。还有就是壶好大。完全不建议购买。很后悔这次交易。,0.0
行政房间太小。不过还算可以。所谓湖景房，实际上看不见湖的。离西湖起步价。也不算近。其余的还可以吧。,1.0
还没收到货怎么就来晒单&hellip;&hellip;,0.0
不错，很亮，而且可以当台灯用。两种功能。,1.0
发货不速度。产品存在质量问题,0.0
今天刚到货就发现坏了。喊客服换货，他说他在搬家没得地址也换不了货，说过年之后再说。最气人的是之后再点客服，根本进不去。完全就是在骗人嘛，过完年之后怎么可能还能换，都过了这么久。本来30几块钱的东西，换了货大家和和气气的，非要这样敷衍了事。真的很气人，黑心商家！,0.0
描述一下评价的主要内容商品是否给力？快分享你的购买心得吧~,1.0
这个样子是打开的～上当了～太薄～想要的是打开后的实物&hellip;&hellip;一星是给送货员的,0.0
其实在预定之前，看了各人的评论，有好有坏，结果我犹豫再三。入住了酒店后（豪华套房）就知道自己定对了酒店。酒店前台服务很周到，房间的设施也不错，个人觉得值得推荐。由于我经常有去市长大厦那边，感觉气势非常宏伟，所以就算订个普通房，也算是享受大环境。,1.0
1、虽然离鲁迅故里近，但故里的商贩晚上并不营业，整个故里晚上也没有灯光；咸亨酒店只提供套餐，三人套餐360多元，绍兴的水乡风光已不复存在，故住在此处的意义值得重新权衡。2、不能叫三轮车夫帮你找酒店，据三轮车夫说，帮顾客拉到客栈，客栈给车夫回扣20元。3、客栈无法提供24小时热水。4、房间不干净，设施陈旧且摆放的电脑形同虚设，根本不能用。5、门、窗均关不紧，属老宅，但与大理、丽江的民宅改造的酒店截然不同，胆小的要慎重考虑，免得睡不踏实。6、客栈承诺的24小时免费接送站服务是：接：需到火车站或客运中心后再与客栈联系，并要计划好等待时间；送：早晨8：00后才行，要赶火车、汽车的需提前与客栈预约；早餐需到7：30才提供。,0.0
使用不错，没什么好说的，如果差评就用心写了,1.0
不错，是自己想要的。,1.0
这是什么智能手表呀。简直是垃圾,0.0
东西收到就迫不及待的用了一次，很不错，洗车效果很好,1.0
"与饵块比,太让人失望,都断成小段,不好吃",0.0
很好的一套书，对几百年来的世界金融史能有个大概的了解,1.0
使用方便，测量准确，非常好用。,1.0
买的和发过来的货不一样，是不是拿错了，希望店主能尽快的调换一下，毕竟这是婴儿用品。,0.0
不足有两点： 1：风扇噪音大 从一开机到关机风扇就是一直转（用手摸摸出风口 有时吹的是凉风）不知道是不是设置有问题 还是风扇。,0.0
"房间是新装修的,用的是浅色调,感觉很温馨,布局较合理,显的比较宽敞.酒店选用的布草很讲究,放在手里感觉到厚实,柔软.服务周到,特别是本人出差带的衣服较多,服务员可以考虑客人的实际需要,随时增加衣架.酒店的饭菜做的有特色,去过不同的楼层,都是满意而归.虽然酒店在细节上有过人之处,但如果在某些地方再改进一下,完全可以和当地的四,五星酒店媲美,如卫生间放置小挂钩可以挂",1.0
儿子很喜欢，感觉不错，还行，性价比很高！值得购买！,1.0
太&hellip;&hellip;好了！发热很快 做了各种烧烤和面饼 上下可以分别加热也可以同时烤 都是带纹理的都可以烤肉 受热均匀 很棒,1.0
有些东西不赞同，事后的捷径，不过如此，年青人该经历的还是要去体验，否则拥有后还会抛弃，因为那不是他自己选择过的，所以此书可是说有误导成分,0.0
"全彩色印刷精美,用优惠券买的,很好",1.0
书是基本阅读了一遍。这已经是第二遍了。尽管内容相对杂些，但读起来较容易，语言温和，吸引人，内容生动，基本上养生治病的经验总结，同时辅之以基本理论的支撑，较容易上手，总体感觉不错。1、只是真正做起来可能难度比较大，需要改变个人的生活习惯；2、中医太深奥，经络部分，我是基本读不懂，需要花费一定时间学习；3、同时我已经在马老师的个人网站上诊病了，非常满意。,1.0
还没有用，陶瓷锅质量不好，有各种凹凸、露点，但是容量较大，家用应该够用。,1.0
真心不满意.甚是伤心,0.0
东西很好。很顺滑，很舒服！这几天忙，确认收货慢了，见谅！,1.0
不好用，安卓软件老是自动关掉,0.0
1、货源紧张，6月19号下的单，27号才到 2、自带的Vista运行实在太慢了，自己又加了1G内存，现在用着还行 3、为什么外包装盒的出厂配置标签上印的是“双核处理器”？,0.0
瓶盖都坏了  里边就半瓶,0.0
性价比高，外观够炫，比较中看。音响是我最满意的部分，声效很好！！,1.0
时隔2年又住这家宾馆，当时给了4～5分的评价，可今天再也看不到2年前正在申请3星时的服务和环境了，服务员没了微笑，早餐没了品种，设施正在老化，失望啊。,0.0
电池续航能力偏弱，用不到两个小时就没电，没系统光盘，机器上容易沾上指纹,0.0
酒店的位置很好，走出去就是松花江畔，如果住靠江边的房间，早点起来推开窗就有机会看到雾凇了。交通也比较方便，从火车站打车过去也就是跳一次表。 酒店的设施半新不旧，感觉是老三星级宾馆翻新过的。房间比较大，但是布局不怎么好。淋浴头不够大，总是水量不足的样子。,1.0
书挺好的，京东物流很快。,1.0
住的副楼，未评星的，设施就很一般了，肯定是没有主楼好的。电视可收看的频道也不好。早餐要到主楼那边去吃，比较丰富，就早餐不错。,1.0
多学习下知道钱是从哪来，怎么来，怎么又效率的赚钱,1.0
寄过来是超市的塑料袋散装的，尼妈图片不是有包装吗。。。。,0.0
住过如此之多的如家酒店，这一家是最差的，服务很差，地段也很差，硬件设施简直就像一个县的招待所。的士司机都找不到那个地方，打电话到总台去问，一直无人接听，最后兜了几次圈子在一个小巷子里发现了，到总台问他们为什么不接电话，居然回答说忙得没时间。订的商务大床房，到房间了发现在一楼，窗户外面到处都是停车的，吵得没办法睡觉，还没房间可以换，郁闷。。。以后再也不会去住了。 补充点评 2007年12月21日 ： 今天接到这家酒店总经理助理打来的电话，对之前的一些事情表示抱歉，并解释了一些原因，感觉态度还是很不错的。希望能以后有所改进，更好的服务所有客人，特别是携程的客人。：）,0.0
质量很好，做工精致，款式新颖，物美价廉，穿着舒服，赞一个。,1.0
位置优越、房间大气、设施齐全、网络快速、服务不错。建议：check-out的时候能快一些。希望下次来乌鲁木齐还入住！,1.0
港式的语言。确实有些难懂。不过基本还是看得懂。不过我更喜欢林夕的《曾经》。文学性更强,1.0
效果好 会继续购买,1.0
鞋子外面的橙色发黑，没鞋子里面的橙色漂亮，线头外露，舒适性一般。,0.0
房间还算干净。环境也不错。设施什么的也不错。可是晚上发现没大灯，就一台灯，黑乎乎的。而且最后走的时候说床单弄脏了要了20元清洗费用。我想知道难道床单都不清洗的吗？只有脏了才清洗？？？？？？？？？？？？？？,1.0
店家发货很快，服务也很好，产品包装得很仔细，味道很好闻，用完之后头发没有那么油腻了，也没以前掉得多了，头皮也觉得没那么痒了，效果真的比我以前买的其他品牌的好，还会继续使用下去，全力推荐,1.0
垫子很不错，大小合适，工艺也好。,1.0
鞋子不错，活动时期购买，价廉物美，值得推荐！,1.0
"洗澡太不方便了,淋浴一开,水趟满整个卫生间!差差差!",0.0
 会卷的    建议买大的小的会卷   胖就别买了       没用,0.0
酒店的设施稍微老了一点，是四星级酒店的一个附楼。但是服务不错，而且酒店的价格非常吸引人。下次还会入住的！ 补充点评 2008年2月22日 ： 我住的是150的。还不错，冬季里没用霉味！,1.0
还行 不错 包装不错 看起好看,1.0
特别费电，不好用，服务也不好,0.0
通过携程预定了一间政要套房。入住当天（7月23日）我们一家四口加个保姆共五人，在十点半左右就到达了酒店门口。虽然说我们预定的套房还没打扫干净但很快的又给我们安排了另一套，服务非常好。从大堂到房间需要乘坐电瓶车，虽然进出要坐电瓶车，但只要拨打0号叫车，车子很快就到了还是挺方便的。有车的能自己开车，走路到大堂其实也不远，但夏天太热了还是坐车好。房间很干净不大但也不算太小，两房两厅一卫还有厨房。对我们5口人来说也正好。中午就迫不及待的跳到酒店的室内泳池里游泳。感觉水有点凉了但还是在里边泡了将近两小时才起来。回到房里果盘已送到了。在这里要吃海鲜很方便，酒店对面有海鲜大排档。到了晚上这里好热闹哦。早上的自助餐只给了两位，所以还得给保姆买一份88元，两个小孩（5岁和2岁）共58元。早餐88元一位感觉有点贵了，食物有待改进。希望下一次来会更好！总体来说对于选择了上海豪生棕榈滩大酒店我是很满意，下次再来还会入住这家酒店。,1.0
仔细拜读了一下，无论从教学思路上还是语法讲解或是配备的习题答案，都非常全。听力理解，对话练习。特别是一些加点的需要引起老师注意之处，“请不要在此讲授生词，学完“对话”自然就理解生词了。”介绍故事，理解情境，听力目标等。非常详细。是本不可多得的好书。,1.0
感觉不错哦！发货速度也给力。,1.0
质量不好不是我想要的面料买亏了,0.0
天天快递公司到现在没有送达，都11天了，怎么回事？电话联系不通，货没收到。,0.0
鞋子刚拿到是味道有点重，晾了一段时间好多了。我平时穿34码的，这次因为没有34码的，就买的35码的。没拿到之前一直担心尺码会不会大了，没想到大小还挺合适的，只长了一点点，但不影响走路。就是不知道夏天穿鞋底透不透气。,1.0
床垫摸上去很舒服，厚度适中。,1.0
1、自助餐：自助方式很经济，但是每个菜都要刷卡，麻烦！酒店员工不知道礼让客人？首次遇见啊！各位如果想知道被服务员拥挤的感觉，请入住该“汉爵”。,0.0
没有什么优点，我女儿上一年级作业里要求给字组词，一本课课练做下来居然有一半以上里面查不到还要去查《小学生标准字典》，真是费时又费力。我个人觉得没有什么用处仅供大家参考。,0.0
买小了，不让退换，真是大坑！！！,0.0
衣服不错刚刚好！实惠！！！,1.0
不止偏大一码。。。超磨脚,0.0
很不错，没有味道，很厚，，不过围栏对我儿子来说没用，一把就推到了。。唉唉,1.0
我喜欢，就是看压力表有点不方便。,1.0
服务非常差，东西不值,0.0
酒店位于市中心，非常方便。虽然没有时间去看，但听说附近也有很多景点。总体来讲，酒店的服务还是非常不错，但房间比较小，而且应该是两个房间封门而成为的单独小间，硬件上感觉达不到5星级的标准。三楼的法式餐厅不错。,1.0
我买的暖身贴，发过来却是暖宫贴，不负责,0.0
初次知道薛涌是因为他的博客，后来知道有这么一本书，就决定买下来读。作者的一些观点是让很多中国人难以接受的，但事实不会因为你不去接受而想你妥协。作者为人朴实，观点鲜明，对我们理解自己的生活很有帮助，不光是教育孩子方面。如果能够认真的去读的话，一定能够悟出很多的东西。我对以上的话负责，欢迎大家在购买之前跟我联系和交流，我的EMAIL: jinli1986@gmail.com,1.0
以前没有读过毕老师的书，因为对心理比较感兴趣，所以先选择了这本书，看了之后较失望，都没兴趣再买她其他的书了。我认为这本书写得不到位，一个心理师的成长有这么简单吗？难道真是啥水平的都可以，只要有一颗心？看了之后你还敢去找这些中国的所谓的心理咨询师吗？老实说我不敢！,0.0
还不错，跟我想象差不多。,1.0
我是3月6日入住的，当时查看了网友对其他酒店的评语，都不怎么样，选择这家是因为当时还没有任何评语。但结果是一样很差，根本不够四星，房间的衣柜里还有蟑螂，我当场拍死了一只。298元/晚绝对不值，和成都相比，价格相等，服务和设备相差太远，下次不会住那里了，如果可能，最好回成都住，绵阳-成都车程只有1小时45分钟。,0.0
还不错啊锕锕锕锕锕锕锕锕锕锕,1.0
很好，包装也不错！,1.0
有一条质量不好和其的质量不一样,0.0
我通过携程预定住的是400元一天的单人间大床房。性价比很差银川有香渔和柏悦好像看起来都不错为什么携程没有？？1：酒店设施过于陈旧。地毯也很脏一点都配不上四星和它的价钱。2：卫生间淋浴下水很慢洗慢了要被淹，我住的是2702房。房间中央空调关闭后轴流风机还有声音是不是有阀门内漏造成。我都知道那专业的维修工怎么不知道呢？哈哈3：卫生间抽水马桶按下去就弹不上来了还要自己修。给酒店说过只是修好一次下次用同样地问题！！！！！！无语！！！！！4：除了维修工服务人员还比较满意。IT部的MM很好，我的“小黑”有系统问题造成黑屏她一针见血帮我找出问题提供修复方案，提出表扬。还有西餐厅的GG帮我定去灵武的出租车很好再次提出表扬！,0.0
滴两滴木头裂了 服了,0.0
味道那是相当相当的大。。。,1.0
房间的设备比较齐全，价格也比较合理，附近交通也算方便。,1.0
物流慢到你无法想象，衣服码数大到没法穿，伤脑筋,0.0
书很不错，买的时候价格已经贵了一点，估计越贵书况越好，我的就一点瑕疵都没有。,1.0
很好的书，对穴位了解了很多,1.0
主板包装连封口都没有，发票也没有，给人第一感觉是拆开过的，感觉很差，要不是急用我就退货了。,0.0
用水泡了洗完不掉颜色，料子很柔软，颜色也很喜欢的。,1.0
用了几天还可以，就是声音太大了！！！！,1.0
衣服穿着很好看，颜色好，样式美观大方，大小合适。,1.0
一开始买的是28寸 后来觉得太大又换了26寸 卖家很耐心 质量也不错,1.0
我要求开发票的，但一直不给我开发票。,0.0
Snoopy史努比童鞋加绒保暖儿童运动鞋棉鞋防滑舒适男童棉鞋 121重月兰 30码/鞋内长18.8cm,1.0
镜面的容易留指纹，休眠后开机老出问题，可能是备份的问题，还没搞懂,0.0
还不错，就是有点脏了!,1.0
就那么回事吧 就那么回事吧,0.0
给朋友买的，很喜欢。没有喝,1.0
坐垫颜色不错，大小合适，质量也可以，安装又方便，总体满意。,1.0
没几天充不进电了啊，,1.0
很好用的宝贝，非常好的卖家。,1.0
不好用，会往下滑,0.0
服务态度真好，让人觉得舒服。退房时被告知有件衣服忘在房间，我想回去拿，但他们坚持让服务员去帮我拿过来。进进出出酒店的人都会对你微笑，会弯腰点头打招呼。周边的环境我本人很喜欢，小城镇的感觉。就是有几点不足，一是楼层太低，好像只有4层，我们住一楼，感觉很奇怪。二是房间的隔音不好，老是听到窗户外面的人说话。别的酒店一般都有的士在前面等着，但是这里要走到外面去打车。,1.0
非常好能学到好多的新东西,1.0
刚刚入住过，喜欢山景房。尤其是酒店提供的散步路线图很让人喜欢。由于入住的是五号楼，离温泉稍远，正好赶上小雨，建议提供代步小车。宾馆反馈2008年4月14日：尊敬的客人，您好！我宾馆设有馆内交通车可免费接送至温泉会馆，建议您步行至温泉会馆，沿途欣赏红珠湖的美景。,1.0
这是我这一年内看到最差的一本书，我用不到2个小时看完（我实在不愿意在这本书上浪费太多时间），很遗憾，没有收获到任何内容。书生唯一提到了一点有用之处就是告诉有钱人要向西方富翁学习，懂得回报社会。公平是什么？在这本书里是所有问题的答案。是一万能解决办法。这陷入中国传统文化的结症“循环论证”。如果公平是解决问题的办法，那也要深入的讨论如何去构建公平，如果去保证，那是社会学关注的话题，是管理学讨论的话题，不是公平二字可以解释得了的。如果说作者本人应该是一个非常厉害的人，了解他多年的经历就能知道，他很了不起。但这本书真的很一般，炒作嫌疑非常大，这本书在当当有几百条评论，我感觉其中有相当多的评论是假的。另外这本书的定价偏高，这么小的一本书，33块钱，不是有点贵，是很贵。建议不要买。,0.0
货已到，待穿戴,1.0
收到货代开看看了，书页的印刷还是挺清楚地。封皮和网上的图片也一样。但第二次打开看的时候，封皮一翻开，边际出就折了，没有断，但是折痕的裂口很明显，封皮的纸张的质量太差了吧。因为要送人所以在里面的纸上写了几个字，没想到，阴了。-!在当当上买了很多书了，价格的确实惠，但这质量嘛，唉，是否便宜没好货呢？,0.0
很好！正品，送货及时，快递员很负责！！謝了,1.0
这次的购买换比较满意，但鞋子没有我想象的那种感觉。,1.0
总体还是很满意的，质量款式颜色都很喜欢，后面的小筐再大一点就好了，出门可以多装点东东。呵呵,1.0
不便宜，凑合吧&hellip;&hellip;,1.0
商品的外观，功能非常不错，但是质量实在不敢恭维，商品使用过程中，在有电的情况下不停的关机，开机后任然有电；睡眠监测非常不准，我的睡眠是倒下就睡着，但监测显示深睡一个多小时，浅睡2个多小时，清醒20个小时简直是开玩笑；最令人头疼的是，手机卡从手机上取下，插到手表后可以正常使用，取下后在插回手机，手机（双卡）就无法正常使用，我以为是我手机问题，我连换三个不同品牌的手机，都是同样的问题，取出插过手机那张卡，手机都能正常使用。,0.0
只能说一份价钱一分货，不是很好，我也是帮朋友买的。,0.0
实惠，喜欢，友友们都说好！,1.0
裕馨顺 山西特产 精选柳林大红枣 特级柳林黄河滩枣1000g山西大枣 包邮,0.0
以为是木质的 有点失望,1.0
"播放不了,,播放不了",0.0
包装很烂，盖有很长裂纹。,0.0
物流极慢，店铺客服服务态度给人感觉极差，不为客户着想，对客户不尊重，言语无礼。不建议在该店购物。,0.0
还行吧 就是物流太快了 快的我都想骂街了,0.0
对于考研的童鞋们，实用性还是比较强滴,1.0
做工略显粗糙 厂家发货丢三落四 没发票,0.0
太慢了，我都等的下想要了,1.0
颜色和图片上的差太大了，伤心了,0.0
东西不错，外观设计的好，做工精美，质量可靠，京东的送货速度很快！ 京东的东西质量还是比较放心的，没有多大问题，包装也不错，发货速度赞一个，基本当天都可以发货。东西刚用上，很不错，比想象中要好。,1.0
要酒红居然给我大红的，我是男的，怎么穿出去？,0.0
硬件比较新，比如led的液晶屏，11n的无线网卡，4570显卡（虽然比较低端但是性能接近上一代的中高端卡）。发热比想象的好。,1.0
快递给力 ，书还没有看。不知道怎么样。,1.0
书不错的！！！！！！！！！！！1,1.0
这个帐篷很好用，快速收放，也没有什么味道，里面躺着舒服,1.0
A面很亮，早上当镜子用了一下。风扇声音很小。散热也很好。装系统的时候必须先把C盘格式化，克隆版的XP要注意了。现在在下驱动。,1.0
"这本书需要慢慢地细细地体味,最好每读完一章后把自己碰到问题也和书中女主角一样设身处地地去感受一下并照着书中的方法去尝试改变.慢慢地你会发觉真的有作用.书中让我感受最受益的就是:臣服. 人之所以会受苦的最大原因就是抗拒事实.事实本身是中立的,而我们的情绪是对事实的反应和自己对事实所?编造?的解释.现在生活中碰到让我有负面情绪的事.只要想到去臣服事实,忧郁的心情顿时能轻松起来!值得大家一读!",1.0
手套的布料很喜欢，不大也不小，非常棒,1.0
为什么不说清楚是日本产的，老婆买回来都不用来了。,0.0
不知道为什么。我家女儿就是不喜欢这套书。我们一起看的时候她总是跑溜了。似乎这样的插图和乱七八糟的风格她不喜欢。我也不喜欢这样的书。图画不是很逼真。好多英文单词我看着都不认识怎么教她啊。可能是比较适合国外的小朋友吧。,0.0
衣服质量很好，做工精细，大小正好，穿着好看，物流速度快，卖家服务好，我非常满意。,1.0
装系统的时候，最初选的是番茄花园，没有成功，还是换成了Windows 7，过程很顺利。,1.0
没有刺激，宝宝用起来没有刺激,1.0
两边那个线条要掉,0.0
酒店房间确实是干净，没问题，就是要仔细看这个水是偏黄的，热水保持的时间不是很长，住在顶搂的房间，当天正好没有很多的客人，晚上开房门想看看走廊的设施的，结果一看，估计一个搂面就我一个房间有人，十分的可怕，太安静了，安静的我没想法了，酒店里的MINI吧～～看看是几几年的？2年多了还放着，真节约，太节约了，总体感觉不错的，值得一住，但是里面细节做的细致的话，我会经常去的～～,1.0
活动的时候买的，虽然比别的眼霜便宜，但也可以，,1.0
古古怪怪很好很好很好,1.0
交通方便，餐厅饭菜不错，只是较小，忙时要预定。价格合理，下次还住这里！ 补充点评 2008年4月11日 ： 刷卡时国内卡刷不出来，到是国外的卡刷出来了。奇怪！,1.0
不好，都是酒精味，假的，,0.0
音质还不错，听音乐、看电视都还行。,1.0
很好，美观、实惠、方便,1.0
太薄了，洗了一次就变长变大了，没法穿了,0.0
"斯凯瑞金色童年系列确实不错,已买全4辑.孩子很喜欢,在我强行收起来的那晚还为此哭了一回.画面很丰富,文字相较一般意义上的绘本也多很多,故个人认为适合大宝宝亲子阅读.自家孩子目前刚2岁半.整4辑都留到她再大点拿出来喽.第一辑和第三辑一起到的,给孩子看过,那阵子孩子每天都必看《轱辘轱辘转》，<<忙忙碌碌镇>>,和第三辑全3本.喜欢找金虫子.后来有一天带她去邮局,她说她的书上有的.有时真的不得不佩服孩子们的记忆力!",0.0
开始订的大房单人间，但去了酒店告诉我没有携程预订，我刚要打电话询问，又告诉我有了一间。去看，房间太小，小得刚好放一张床。于是退了又订了一个商务行政套间。套间还不错，房间大，设施还总凑合，但价格偏贵。总体感觉一般。,1.0
没有想象的厚，太薄了冬天穿根本不合适，在灯下都透光！买的不值,0.0
质量不行太次了,0.0
做工有点差，比地摊的东西还差，送人拿不出手,0.0
耳机很一般，很笨重，戴久了耳朵痛！这价格有点贵！,0.0
帮同事女儿买的，不懂怎么玩,1.0
自然才一个万花筒，千奇百怪，多姿多彩！,1.0
一星都不能给，垃圾，明明联系客服黑色还发一双粉色，物流也慢，很不愉快一次购物，建议别买,0.0
还不知道效果怎么样，用用试试吧,1.0
上帝啊，价格怎么半年就涨了100元？我得回到光大住了。。。不过，作为一个公寓式酒店，蛮值得推荐的。就是早餐不甚好。,1.0
这表盘是什么东西，一下就碎了，,0.0
买给老婆的，她很喜欢，值得购买,1.0
"没过几天我还是选择住这个宾馆,怎么办呢,忘不了这里的早餐好滋味呀,个方便都挺好的~",1.0
总体上来说对这个宾馆不很满意。 1. 前台服务很差劲。据说是电脑系统问题，造成半个多小时都没有办成入住，而且总是爱搭不理； 2. 入住后，发现房间没有及时整理，催促了好几次； 3. 床单、枕套之类的白色都变成了黄色，据清洁人员说漂白过的才是白色； 4. 退房时候又等了好久 5. 入住时候预定的房型没有了，升级居然还要付钱。。。经据理力争才免费升级。这种情况在武定路的那家就没有发生。,0.0
不错，有点磨脚，穿穿应该就好了。,1.0
还可以，对学习有一定的帮助。,1.0
送朋友的，她挺喜欢的，不过就是有点大,1.0
鲜花质量很好，包装精美，花儿鲜嫩，至少对得起这个价格。\n,1.0
"山庄很安静,空气非常好,交通也方便,房间空调不太凉",1.0
出门收货晚了，质量很好，使用方便，和卖家描述一样，值得购买,1.0
我是帮朋友定的，他是第一次去香港，他的评价是：比一般的标间好象小一点，房间的隔音不是很好，服务还算不错。交通是很方便，下楼就有地铁，但是961元的价钱好象高了点，下次再去情愿再住的远点价钱便宜，反正坐地铁住远点也就10分钟的时间够了,1.0
外观很漂亮，开机也很快，上网配置也很全，摄像头，麦克风，网卡等都很齐全。 很轻巧，以后就要带上它一起到处跑了。还配置了放大镜软件，不用担心屏幕小看不清楚了！！,1.0
蛮好的，儿子很喜欢,1.0
送的，没有用呢，还算可以,1.0
不怎么好！！！！！！！！！！！！！！！！！！,0.0
是晚上到上饶的，打电话给酒店问路，态度不好，还总指错路。在上饶绕了好久才找到酒店。入住后发现，房间小且不太干净。厕所马桶很脏。烧水器连个指示灯都没有。下次来肯定不住这儿了。,0.0
京东服务：我明明是4月20下单后立即取消的，非要说我是发货后的23号取消订单的，本人有截图， 有记录的啊，由于京东的过失，而让买家承担拒收后的运费？,1.0
实惠是绝对的，泡了试试可以味道挺正，&nbsp;,1.0
一般。距离五星级的标准还有差距。当然价格也便宜些。位置不太好。床不舒服。有点硬。,1.0
为啥运费这么贵？whywhy,0.0
酒店非常赞.性价比极高!下次还会继续选择.,1.0
我所用的笔记本和手机都只能搜索到2.4G的WIFI，而搜不到5G的WIFI；穿透性也不强；要是台式电脑和笔记本电脑同时使用的话（台式用网线，笔记本用WIFI，我家装的是100M光纤），WIFI会很卡；,0.0
味道很大&hellip;&hellip;健意别买这款,0.0
"房间太陈旧,服务还可以,毕竟整个长春的宾馆业都不太先进",1.0
不是说好的3.5接口吗 ，怎么我手机用不了，接头插进去是松的自己弹出来，用手摁住也是只有一个喇叭有声音，不知道咋回事，能给个解释吗？,0.0
能用，没出问题,1.0
对于我来说这家酒店就真是方便回家。因为不是本地人所以经常要赶飞机而这酒店就里机场5分钟实在是太方便了。,1.0
专业书记，没事翻翻，参考参考,1.0
用了 感觉洗不干净 除味倒还可以\n,1.0
"这是一本很感人的书!而书中的人物所生活的年代也注定了他们的命运!究竟什么是爱?爱在责任,苦难,死亡面前是否仍能完整?究竟什么是悲哀?勤勤恳恳却无知无觉的人悲哀吗?心中有爱却空留余恨的人悲哀吗?坚守信仰却伤害至亲的人悲哀吗?对与错的界线在所有人物的身上都模糊不清了!因为那样的时代, 因为生活在那样的时代,让很多选择无可选择!让很多遗憾不得不遗憾!留下来的除了悲与恨,还有那深沉却无可奈何的爱!",1.0
是包装得蛮漂亮的一本书，但是内容让人有点失望，我是冲着＂庄子＂来买这本书，原先看原箸，有些地方看不太明白，没能真正悟出其中的道理，原以为看于丹的心得会有所启发，结果发现她的心得比我所悟到的东西还要敷浅，失望啊～～虽然我本人也说不出什么深刻的道理来，但是这本书对于我想更深入的了解＜庄子＞是一点帮助都没有～～,0.0
一般般，就那样，便宜,0.0
收到后发现顶部没有指示灯，轻轻晃动能听到内部清脆的声响，应该是掉进去了，质量太差。虽然说任何产品都有一定比率的残次品，但是这也实在倒霉！完全没法使用，也不敢用，已经申请退换货，希望京东尽快解决。,0.0
效果一般般，收缩毛孔没看到效果,0.0
投诉内容：2月6日完成定单，今天收到的货，发了一个次品，拿出来机器听到机器内有螺丝响声，一定是我下单子后一直不发货，我打电话和网上客服都不回复，后来找京东客服才发货，看来商家不高兴，给我发一个坏的，请问你们京东该如何处理这事。等待京东你的回复，希望能有一个让人懑意的答复。 \n结果京东的也没有回复了，很快就把钱划走了，现在用这个机器很重，两个头距离大很不好用，起热大，质量很不好，厂家和京东对这个货的支持很差，体积设计的很不好太大了，不好用，东西很易坏，噪声很大,0.0
实物和图片不是一回事,1.0
"拿到书随便翻了下,发现书从154页下一页一下子跳到186页而且字都是倒着的....然后从186页倒着又到155页....后面才正常,,,...看着好不方便...影响心情",0.0
比较满意，位置不错，门前路已经修好。装修、设施均较新，细节服务很好，没有接到骚扰电话。,1.0
我打电话比他都没人接'就是鞋子有问题请你快点打电话比我,0.0
质量不错，物流也快，一次愉快的购物,1.0
不错，味道好极了，一下子买了两套。用的好继续。,1.0
很不错，放在车里听的。,1.0
快递极其慢&hellip;整整10天太送到！,0.0
东西非常不错，快递有点慢,1.0
真心很满意，三月八号买的，今天中午就到了，物流也很快，书包颜色没有误差，拍的玫红，回来真心喜欢这个颜色，适合女生背，里边可以放电脑，几件随身衣服，不错,1.0
酒店位置不错，距天府广场和春曦路走路大概25分钟、打车5分钟。房间、服务也不错，够三星水平。只是早餐过于简单。房间地毯、墙纸略显陈旧了。,1.0
用了一天，弹簧崩出来了。。30块钱打水漂，懒得退了,0.0
两个字，垃圾，不想多说了,0.0
新世纪大酒店真不错，我已是第二次入住此酒店，酒店房间又改造了新的单人间，内部还配备了液晶电脑和传真机，下次来就不用很麻烦的带电脑了，这次还正好赶上游泳馆开放，室内游泳馆的冲浪很不错，建议大家也来享受一下．,1.0
商家是地摊吧！你连个鞋盒都没有？？？？看看发来的鞋被压成什么样子？,0.0
呵呵，后悔。。。。。。,0.0
母亲的身体不是太好，自己也很注意养生，经常看关于这方面内容的电视，但由于节俭的习惯，她从不买书来看，我又经常不有身边，为了更有效地帮助母亲保护自己的身体，就买来送给她，而且当当网上的价格又是比较心怡的，书还都是正版书，母亲收到特别高兴，在没有相关电视节目的时候，看这些书就成了她业余生活的主要内容。还会买更多这样的书。,1.0
有点偏薄。跟想想的有差距,0.0
质量一般没有用多久就坏了,0.0
商家快递慢了点，衣服还不错,1.0
买了好多东西、应该送点冰糖、没做过这样的粥、建议冰糖炖入、你们销售太差了！,0.0
质量还行，但发货人下次给别人发货的时候一定要细心。别给别人对京东留下不好的印象。,1.0
还好，和一开始买的有这不一样，但是能玩到一起！,1.0
假的  要求退货,0.0
背包气味较重 没有发票  客服和快递还好。,1.0
还不错哦！是正版的哦,1.0
装上去后感觉不错，看看以后效果怎么样。,1.0
1、要催才发货，太慢了。2、没有带链子的，被图片坑了,0.0
很好！正合适！质量也不错！好评！,1.0
希望都没有人买~~~质量太差了~~又贵~~~,0.0
保温很好，倒的温水可以喝一整天，很不错,1.0
东西还行，要是能便宜点就好了,1.0
邯郸地区基本没有一家好宾馆。说实话，这也庭难为携程了！就这么几家：邯郸宾馆、邯郸大酒店、迎宾国际。但都很不好。还都乱收费！死贵！,0.0
非常不好用，PPT模式下，激光笔不能使用。,0.0
比我买300多的日本货透光性好多了，支持国货！,1.0
垃圾客服，机器发来没有说明书注册码导致功能无法使用，客服也不管，垃圾太垃圾,0.0
还可以，满意，物流辛苦了,1.0
质量很好，做工很精细。只是将手机随意一包，就完全没有信号了。很多朋友说不能清洗，客服说可以轻轻的手洗，这个我要再咨询下，确认一下。,1.0
样挺好看。里子是掉色。,1.0
宣传与实物相差太大，工作人员没有责任心,0.0
小怪兽为了满足自己的口腹之欲，吃掉了所有的黑暗，这让所有的动物所有的人都变得混乱，而小怪物并没有因此得到满足，却变得更孤寂。直到他付出了爱，虽然又变小，但是，包括他在内的所有人和动物都变得满足安详。几米的画很美，故事的内容更蕴含深意。儿子三岁，刚刚接触已经很喜欢这本书，而且对黑暗的恐惧减弱了，相信这本书，到他成人了来看，还能给他更多的感触。,1.0
拿到都坏了~_~，，，，，,0.0
质量真心一般，很一般，太一般，特别是扣都掉的,0.0
酒店设施比较新，环境也不错，能看到很漂亮的海景。餐厅服务一般，我们下午1点半到酒店，餐厅就没有什么可吃得了，想点的菜，基本都没有。补充点评2007年8月9日：ATM机还是坏的，仍然不能取款，不方便！,1.0
为什么气打不饱。,0.0
"书很好, 纸张什么的都可以, 就是繁体的,有些字看着有点费力",1.0
价格不贵、质量不好、边边都在外面、不直这个价格,0.0
如果去周庄旅游，体验水乡风情的，还是去景区里面的私人旅馆比较好，环境不比私人旅馆好，服务我觉得也不好！本来去市区的班车就少，一个半小时一辆了，那天我赶着去浦东机场，他索性还说班车取消了一班，让我足足等了2个小时50分钟。。。。。。。,0.0
怎么这么美！多抹几层颜色更有味道！喜欢死了！\n,1.0
我只认定我所选的牌子，华三路由器突然变华为，个人认华为用新牌子抢眼，属于欺骗消费者，要不华三盗用华为品牌，此路由器视为不合格产品，不推荐够买。不评分不能提交，我想评0分。,0.0
东东放在包裹里一囤，看到一点心情都没得，可是毯子还可以,0.0
垃圾尿布，這是二次購買，想不到又红屁股，还上**，這輩子都不會在京東購買，極度失望，誰买谁倒霉,0.0
感觉质量一般，但特别容易粘头发和衣服上的掉毛等异物，很难清理，特别显脏,0.0
中晚唐的诗风都受到了诗圣杜甫的影响。杜甫的诗在修辞与思想都做到了最顶级。韩愈继承了杜甫的修辞方面，&ldquo;为人性僻耽佳句，语不惊人死不休&rdquo;；白居易则继承了对人民的关怀，主张&ldquo;文章合为时而著，歌诗合为事而作&rdquo;。\n　　\n　　韩愈注重修辞，修辞就是为自己的思想、感受选出最恰当的字。为自己的意思设计最巧妙的语法，做出好的诗句来。但是，因为韩愈太过刻意与猎奇，他的字句往往无法与感受结合。\n　　\n　　白居易的创作包含讽喻诗与杂诗，他最好的诗作是后者，如《琵琶行》、《长恨歌》，但是出于他的文学主张，他轻视自己后者的诗。但是白居易的人格境界不如杜甫，杜甫是真正将自我与天下结合为一体的人，用自己的生命在写诗，他因为人生没有别的办法，因为把一切都投入到写诗之中，因而他的诗就拥有最真挚的感发的力量。白居易不能做到如此，他只是对百姓含着一份关怀，他更重视的是别人对他的评价，换句话，他是希望因此得到别人的赞赏。因而，他的政治讽喻诗并不是第一流的。 ,1.0
帮朋友买的东西说很不错，她很喜欢可以,1.0
质量不错，腿型很好看，满意,1.0
太薄了，到货时间还长，衣服质量还不好,0.0
2.因为暴漫的存在，让我们知道自己并不是一个人在战a斗&mdash;&mdash;原来很多人b小时候都被家长骗是捡来的；原来很多人都觉得录音机里自己的声音很陌生；原来很多人洗澡的时候，闭上眼睛淋浴时都幻想过身后有只鬼；原来很多人都尝试过闭e着眼睛下楼梯，最后却害怕一脚踏空；原来很多人都有和父母一起看电影时活生生出现床戏的尴尬经历。我g们都会盯着一g个字太久突然不认识了，都会遇到某个场景突然强烈地感觉以前发h生过，都在h梦里经历过焦急想奔跑却失重般跑不起来，都有强迫症一定要在准点开始复习不然就只能等下一个准j点，j都试过看着手表倒数下课铃，都在家里听见过楼上有玻璃球敲地板k的怪声音，l都觉得镜子里的自己比照片里的好看很多，都在读着上面这段文字的时候一边中枪一边感叹：&ldquo;绳命，是入此滴井猜；膝盖，n是碎完了又愈合。&rdquo;　　&ldquo;暴走&rdquo;一词近年来在网络流行，是年o轻人释q放o自我，表达强烈情绪和情感的代名词。顾名思义，暴走漫画网站主打的&ldquo;暴走漫画&rdquo;也正是人q们对自我强烈情绪的一种宣泄方式，它画面饱满、形象简单、故事凝练、表情夸张、r创意十足，有着强烈的幽默感和视觉冲击感，令人印象深刻，从而迅速发展成为时下最流行的t漫画形式v。上线至今，网t站的点击量突破了20亿次，新浪微博粉丝数超百万，在u网站类的微博u影响力排名稳居前五位。　　《暴走漫画（1）》选取自暴走漫画中最爆笑作品，形成四w个板块：从暴走校园开始，经历暴走爱情、暴走家庭，直至最后的暴走x神感悟，把人生最重要阶段y的四种经历以怪诞、邪恶、无厘头等众多重口味手法体现出来，带领们一z起领悟豁然的人生，排B解躁动的灵魂，感受漫画表达的最极限尺度！暴走校园兵来将挡水来土掩不速之客差不多一个意思到底是什么心态刚才的劲头哪儿去了哥也曾经天才过还是他好还是E洗洗睡吧，这C是不D可能滴就喜欢聪明好学的好孩子考试图的就是个干净利落困扰了我一生的问题你E到底是谁美好的童年你只是表达的方式不对逆天技能您老可慢着点啊神一般的结合时光F飞逝万恶的五字箴G言万能答案万一蒙对了呢草圣学生们的爱恨情仇眼神不犀利可不行一定要阻止他H这不科学，可他I就是发生了这期间到底发生了什么？这隐隐的恐怖感是怎么回事？职J业病这种关键J时刻唱J什么歌啊！这只是个巧合隐藏的真相暴走爱情女人这一辈子会错意了吧，K大哥别再说下去了L！不带这样的啊大变活人对不起，您一定是认错人了过节今天是个好日子没事别乱动东M西，千M万别男人的气场男人这种生物你看你想多了不是原来生活如此美好目录天下O哪有O这好事儿我QO们之间果然是有鸿沟的！注定孤独一生视角不同，感受不同搭R讪圣经暴走R家庭二老在逗我吗放心吧，马上！回家第一件事狼图腾进门有礼高深的功夫流逝的当年论跳眼皮的两面性妈妈的时间观买床单气氛太诡异神秘的大自然是时候了听不见听不见听不见！无坚不摧悟T空真相了夏天T就该这样过相对温度小孩子家家懂什么凶兆夜战宅男的软肋U整个童年都坍塌了整条街的智商都V被你拉低了直播也穿越暴走神感悟大禹表示压力很大顿时觉得整个世界都W是自己的华佗之死会错意江湖那些事儿决定性因素眼神不犀利可不行那些狗血的X剧情轻功秘籍人贵Y有自知之明死循Y环吐槽别人时请小心还有比这更难的题吗我要和你拼了！比国考更快捷、更舒心智商捉鸡中国功夫,1.0
我买的是一个黑色一个粉色的帽子，却给我发了两个黑色的。客服态度我也是醉了呵呵,0.0
还行好！！！！！！～～～～～～～～,1.0
太硬睡得不舒服，更气的是想退货客服信息看到就不理人了太过份了。,0.0
拍的时候我问客服几天到，他告诉我3天，没想到他说的3天是出库，3天揽件，半个月才到，太不给力了，差评,0.0
书的质量还不错，感觉很好。知识就是力量,1.0
同款配置下，性价比非超高，主流配置，一下也淘汰不了。。。目前的行情下，用这个价位买这个配置，真的超值。。。,1.0
"地理位置很好,房间不错,早餐丰富,总体很满意.下次还会去住.",1.0
不错，很轻的面料，但还是有一定的垂坠感！,1.0
此次去三亚，共住了3家宾馆，第一家是三亚湾的普通的，感觉还算干净，只是没热水，而且进房间的时候发现了一只壁虎，吓的不轻。第二天住提天域，虽然感觉没有喜来登的好，但是确是此次三亚旅游入住的三家中条件最好的，只是早餐太贵了，又没东西吃.珠江在大东海，所以俄罗斯人特别多，而且当地人去海滩的也多，感觉好像太嘈杂了。我们后来改为海景房，看海景还不错，阳台太小了，简直是可怜，房间还可以，吃的也是恶贵，午餐一个蔬菜、一个点心、一个菜泡饭，结帐要100多，晕倒。还有要提醒的是如果到春园那边吃海鲜，需要有耐心，我们三个人，点了4-5个菜，结果等了2小时，才把所有的菜上完。（还是老板娘亲自出马催，才在2小时之内吃好）,1.0
衣服可以，性价比非常不错,1.0
大小合适，，，没有色差，，，羽绒较少，，，,1.0
"该酒店虽然价格不高,但服务实在太差,房间例行送的水果和报纸要打电话问才送过来,早餐结束的时间被提前到9点也没有任何通知,最可气的是我投诉没早餐时,前台还不肯承认错误,骗我早餐在我下楼之前刚结束,是我自己下楼晚了.这种服务的四星级酒店我还从来没住过.",0.0
"服务实在是太差了,居然没有跟我说就把我房间的窗帘取走了,而且打电话竟说没有就不给我换",0.0
不会用，也没有个详细的说明书，也没有帮下载好东西，现在拿着一点用没有,0.0
用料很差，袜子不怎么样，穿了一次就没穿了！,0.0
清晰度不错，就是价格略贵把。,1.0
"服务蛮差的,房间说是豪华其实也很一般...",0.0
快递的速度像蜗牛，爬爬爬,0.0
快速染发剂，一直在使用，放心安全,1.0
酒店的环境服务能满足四星级标准，房间虽然比较小，但设施还不错，酒店内中餐厅菜的色香味还不错，可能是生意比较好的缘故，所以上菜速度有点慢，价钱和市中心的酒店差不多。服务上还是出现了一点问题，通过携程预订，入住首日酒店赠送每房VIP水果一份和价值50元的桑拿按摩券一张，入住期间酒店每天赠送每房价值288元中秋月饼礼盒一盒。水果是打电话到总台才送来的，桑拿按摩券和月饼礼盒连提也没有提，而且听口气好像总台并不知道要送什么东西。总体来说算是一间不错的酒店，下次还会考虑入住。补充点评2008年7月21日：酒店提供的早餐质量一般，而且品种不全，比如就缺少豆浆和豆腐花等中式的早餐品种，我观察下来吃早饭的老外并不多，应该可以增加一些中式的早餐品种。,1.0
书很好，只是同时订的其他书是塑封包装很好，这本不知为啥没有外包装，不知是不是真的全新\n京东快递一定要赞，早上下单下午就拿到了,1.0
东西很差，反面掉毛严重，洗了两次都没用，直接扔了,0.0
坑头的鸟，太抠了～～～～在家下次不买了,0.0
包很大 过几天去华山正好可以用 颜色也很正 ,1.0
售后差的离谱！！！！！无语！这是我开始网购到现在最差的一次,0.0
说好的怎么不一样，垃圾,0.0
不错不错！送货块！！！,1.0
看了1/3的内容了，感觉都是摘抄别书内容，没有什么自身美容经验之谈，凑字赚钱的嫌疑较大。,0.0
收货时机子外壳的保护膜有气泡。保修卡没盖公章。不知道其他人都是这样吗。 穿越火线跑起卡 。,0.0
   莫语突然握紧了拳头，他深吸一口气，脚下蓦地上前一步，眼中闪动着暴虐疯狂。\n\n    但在此刻，一张符箓，突然贴到他背后，仙气盎然，更有着强大无匹的封禁力量。\n\n    虽然不能彻底镇压莫语，却也足够，困住他几息时间。\n\n    这便已足够。\n\n    阿黛丝上前一步，没有看他瞪大的眼睛，淡淡道：&ldquo;古城，到你履行承诺的时候了。&rdquo;\n\n    古城沉默，随即头，&ldquo;好！&rdquo;\n\n    阿黛丝转身，对着莫语微微一笑，&ldquo;莫莫，好好活下去，顺便替姐姐，把我的那一份也一起活了。&rdquo;\n\n    &ldquo;不要难过，我走啦！&rdquo;\n\n    语落，她干净利落的转身，潇洒无比，没有半停顿迟疑，一步迈出身体像是一朵风中的飘花，呼啸飞向箫声默亡灵第二名的大口。\n\n    阿黛丝脸上，露出释然的笑容，就像是放下了心底的大石，娇媚万千，美艳不可方物。\n\n    &ldquo;枯焚之火！&rdquo;\n\n    轻吟中，黑色的火焰，从她体内喷涌而出，无比炽烈的燃烧着，却感受不到半温度。\n\n    古城抬手，一直落，&ldquo;仙印！&rdquo;\n\n    仙印，仙引，引仙之源。\n\n    此为仙界降临之修，所特有之物，可引动体内仙源，一次释放出自身全部的力量。\n\n    毁灭了自我，也就可以毁灭一切！\n\n    轰&mdash;&mdash;\n\n    枯焚之火暴涨，瞬间淹没了阿黛丝的身影，落入到那黑色的漩涡中，瞬间消失不见。\n\n    来自亡灵第二命的恐怖吞噬力量，突兀的消失不见，箫声默一脸痛苦与难以置信，猛地发出一声惨叫。\n\n    黑色的火焰，从漩涡中冒出，转眼间蔓延到他肩头，那生长出的第二颗头颅上，随即疯狂蔓延。\n\n    呼吸之间，便将箫声默两千丈的庞大身躯彻底淹没，他疯狂的翻滚着，却根本无法将它扑灭。\n\n    轰&mdash;&mdash;\n\n    莫语背后，仙符爆碎消散，而他也为此也付出了代价，接连喷出数口鲜血。\n\n    脚下一踏，就要不顾一切冲出。\n\n    一座巨城虚影突兀横阻在前，古城冰冷的声音，在他耳边响起，&ldquo;仙源引燃的枯焚之火，谁沾谁死，我只是希望，你不要让阿黛丝的死变得毫无意义。&rdquo;\n\n    莫语身体剧烈颤抖着，死死盯住那一团巨大的黑火，眼珠渐渐变得通红，嘴角滴落下鲜红的血液。\n\n    他一动不动，像是失了魂。\n\n    古城一叹，摇摇头，看向那开始熄灭的火焰。这一日，他早有预料，却没有想到，竟会来的这么早。\n\n    不过，能够自己终结自己的生命，对阿黛丝而言，应该已经算是最好的结果了吧。\n\n    &ldquo;嗯？&rdquo;古城眉头突然一皱，一步迈出瞬间来到枯焚之火消失出，抬手将一颗圆珠收入手中，略一感应脸上顿时露出喜意，仰首大笑，&ldquo;时也命也！阿黛丝，看来你舍身成仁之念，未必可以如愿啊！&rdquo;,1.0
实在不想说。。。。买来就被我扔垃圾桶了,0.0
质量一般，过于太透了,0.0
服务好，结账快，门口有好出租车。最重要的，早餐真好。单人间价格合理，但标间一个人住不太合适。,1.0
垃圾一买来那个空格键就是掉了的,0.0
质量太差了，没用几次都变形了。,0.0
质量很好，手感不错。款式好看，很喜欢。价格实惠非常满意,1.0
劳动喜悦的艺术思想&mdash;&mdash;社会主义的美学\n拉斯金在1869年就任牛津大学初创的美术史讲座教授。1843年以24岁早熟之年，出版《现代画家论》第一卷，1860年完成最后一卷。早年对艺术的兴趣到了中年后转移到经济、政治，自称是&ldquo;天生的共产主义者&rdquo;。在他从事美术评论的生涯中发生两件最重要事件：一是对透纳的拥护，二是与惠斯勒发生诉讼，这两件事件是维多利亚时代美术史上的大事。相较于这两件大事件，就美术评论或者自己为大学课程讲解所需的各地风景素描或者纪实而言，如此庞大数量的作品不下于一般画家工作量。1833年，塞缪尔·普劳特的石版画素描集出版，拉斯金父子为之倾倒，母亲提议亲自前往风景版画的实地旅行，于是同年7月全家开始欧洲大陆的旅行。拉斯金的欧洲大陆旅行实际上延续了18世纪中叶开始的英国上层社会的欧洲旅行学习传统，这股传统使得欧洲向来被忽视的崇高美学得以被发现。而拉斯金的旅行则将英国艺术传统从欧洲文艺复兴那种得以在法国产生的新古典主义，以特殊的审美情调转换成哥特样式的美术形式。\n    他将哥特样式的特质或者说道德的各种要素界定为&ldquo;粗野&rdquo;、&ldquo;变化&rdquo;、&ldquo;自然主义&rdquo;、&ldquo;怪异&rdquo;、&ldquo;刚直&rdquo;、&ldquo;过剩&rdquo;等；建筑家的性质则有&ldquo;粗野&rdquo;、&ldquo;变化嗜好&rdquo;、&ldquo;自然嗜好&rdquo;、&ldquo;构想力的松弛&rdquo;、&ldquo;固执&rdquo;以及&ldquo;雅量&rdquo;。这些要素的结晶出自于劳动的喜悦，而当代却是非机械的规格化产物。他认为，这种特质充满创造者的坚韧与不可思议之处，&ldquo;蕴含低级人们所产生的劳动成果，充满不完全程度，而且处处表现出其不完全程度，从这种断片中流畅地建立起无以伦比的整体。&rdquo;因此，在由于全心投入的信仰而产生的哥特式审美精神，以及在不完整中所表现的美与生命的自由中，映照出新鲜的均衡美。从劳动所展现的美感赋予手工艺工人的创造性精神，这点正是拉斯金的伟大贡献。莫里斯受到阐述这种精神的《威尼斯之石》中的观念所启发，将之刊行出版，并在绪论中指出：&ldquo;那看来是世界可以进步的一条新道路&hellip;&hellip;拉斯金在此要说的是，艺术是人的劳动喜悦之表现。对于人而言，能感到喜悦的劳动是可能的。因为即使今天我们再怎么认为那是不可思议的，人都拥有乐于劳动的时代。&rdquo;显然地，莫里斯将劳动视为世界足以进步的时代道路之一，拉斯金则已经奠定了这种时代精神的基础。\n显示全部信息 劳动喜悦的艺术思想&mdash;&mdash;社会主义的美学\n拉斯金在1869年就任牛津大学初创的美术史讲座教授。1843年以24岁早熟之年，出版《现代画家论》第一卷，1860年完成最后一卷。早年对艺术的兴趣到了中年后转移到经济、政治，自称是&ldquo;天生的共产主义者&rdquo;。在他从事美术评论的生涯中发生两件最重要事件：一是对透纳的拥护，二是与惠斯勒发生诉讼，这两件事件是维多利亚时代美术史上的大事。相较于这两件大事件，就美术评论或者自己为大学课程讲解所需的各地风景素描或者纪实而言，如此庞大数量的作品不下于一般画家工作量。1833年，塞缪尔·普劳特的石版画素描集出版，拉斯金父子为之倾倒，母亲提议亲自前往风景版画的实地旅行，于是同年7月全家开始欧洲大陆的旅行。拉斯金的欧洲大陆旅行实际上延续了18世纪中叶开始的英国上层社会的欧洲旅行学习传统，这股传统使得欧洲向来被忽视的崇高美学得以被发现。而拉斯金的旅行则将英国艺术传统从欧洲文艺复兴那种得以在法国产生的新古典主义，以特殊的审美情调转换成哥特样式的美术形式。\n他将哥特样式的特质或者说道德的各种要素界定为&ldquo;粗野&rdquo;、&ldquo;变化&rdquo;、&ldquo;自然主义&rdquo;、&ldquo;怪异&rdquo;、&ldquo;刚直&rdquo;、&ldquo;过剩&rdquo;等；建筑家的性质则有&ldquo;粗野&rdquo;、&ldquo;变化嗜好&rdquo;、&ldquo;自然嗜好&rdquo;、&ldquo;构想力的松弛&rdquo;、&ldquo;固执&rdquo;以及&ldquo;雅量&rdquo;。这些要素的结晶出自于劳动的喜悦，而当代却是非机械的规格化产物。他认为，这种特质充满创造者的坚韧与不可思议之处，&ldquo;蕴含低级人们所产生的劳动成果，充满不完全程度，而且处处表现出其不完全程度，从这种断片中流畅地建立起无以伦比的整体。&rdquo;因此，在由于全心投入的信仰而产生的哥特式审美精神，以及在不完整中所表现的美与生命的自由中，映照出新鲜的均衡美。从劳动所展现的美感赋予手工艺工人的创造性精神，这点正是拉斯金的伟大贡献。莫里斯受到阐述这种精神的《威尼斯之石》中的观念所启发，将之刊行出版，并在绪论中指出：&ldquo;那看来是世界可以进步的一条新道路&hellip;&hellip;拉斯金在此要说的是，艺术是人的劳动喜悦之表现。对于人而言，能感到喜悦的劳动是可能的。因为即使今天我们再怎么认为那是不可思议的，人都拥有乐于劳动的时代。&rdquo;显然地，莫里斯将劳动视为世界足以进步的时代道路之一，拉斯金则已经奠定了这种时代精神的基础。,1.0
质量不行，才用一次就脱线了,0.0
"外壳接缝有些地方过于开,跟同事一起买的两只,一只很好,另一只就有这个问题,说明一致性不是很好.",0.0
太苦了，不好。,0.0
没有弹力 一点不好穿 跟之前买的那双没法比 穿不上去 质量也不会  不会再买,0.0
东西不好。。。。。.。,0.0
尺寸 大小 是我想要的，如果真是和田玉那就赚了，呵呵！\n,1.0
手链很好，档次高，价格合理，商家服务好，送货快，满意。 　,1.0
还行吧 活动买比较便宜,1.0
大小合适，就是太薄了；还起球；没有我想的那么好。,0.0
懒死了，没做，四级要挂的节奏？！希望不会再次用上！！哈哈,1.0
"环境和设施都不好,提前预订的不靠铁轨的房间没给保留,整晚的火车汽笛声影响了睡眠",0.0
帮朋友订的，反映不是太好，想必也是和城市规模有关系，宜昌的四星肯定是不能和大城市的四星相比。具体来说说入住情况吧：1.房间据说是比较旧的，设施好像比较古老，而且清洁程度有待考察2.据说soso3.说英语服务员很少，说英语的服务员说出来的英语很少。四星级怎么也得考虑如何提高接待外宾的水平吧，更何况三峡还是有很多外国游客去的。,0.0
质量不算太轻；不升级BIOS版本会导致2GB内存只读出1GB；触摸板设计不够合理，建议附送鼠标；集成显卡不足以应付大部分3D效果要求较高的游戏，但不能苛责。,0.0
书籍特别好，很满意的一次购物～,1.0
"酒店和房间的基本设施都还行,就是服务还需跟上",1.0
模具很好用，自己在家做饼干很方便，形状花纹很好看，不错，赞?,1.0
*价加打折买的，虽然没有工具盒，不过也值了，不知道好不好用,1.0
头一次网购遇见少货，同时拍了咖啡和奶精，没有收到咖啡，联系客服后已补货，配货员以后要仔细点啊,0.0
"以前孩子不太吃, 现在好像喜欢吃了.",1.0
看过《活着》一书，在催人泪下之余，深感生命的脆弱和世事无常。主人公福贵虽历经磨难，但是他从不向命运低头，也从不抱怨生活，以顽强的姿态继续生活，这种精神值得我们每个人来学习。正如书中所言：“人是为了活着本身而活着，而不是为了活着之外的任何事物所活着。”所以，不管遇到多大的灾难、多少的痛苦，我们都应该选择勇敢、坚毅、顽强的活着！因为活着真好！,1.0
浙到沪竟然5天，货一般般，跟想象中不一样,0.0
作者是Neo4j团队的，对图数据库认识非常深刻。写的也很清楚。\n作为入门书籍非常合适。\n但是实际操作部分相对较少，需要购买其他参考书籍一起看。,1.0
唉，书的前几页被压过了，很深的锥印。唉反正就是为了应付考试，懒的换了。说是京东快递，也没有次日达，等了好几天,0.0
总体上来说对这个宾馆不很满意。1.前台服务很差劲。据说是电脑系统问题，造成半个多小时都没有办成入住，而且总是爱搭不理；2.入住后，发现房间没有及时整理，催促了好几次；3.床单、枕套之类的白色都变成了黄色，据清洁人员说漂白过的才是白色；4.退房时候又等了好久5.入住时候预定的房型没有了，升级居然还要付钱。。。经据理力争才免费升级。这种情况在武定路的那家就没有发生。,0.0
比书店实惠，正版，质量很好,1.0
假鞋&hellip;&hellip;穿着都丢人也算对得起这个价格了,0.0
要的发票在哪里，，，，，,0.0
不错，做工虽然不是很完美，不过用起来没什么问题，还送了暖贴哦，很喜欢,1.0
颜色好看，质量很好，买细了,0.0
一直给宝宝买的江博士，但这双的码数比江博士的其他鞋偏大，鞋底不够软。但总体来说还是很不错的。会继续支持。,1.0
与购买的不一样。很怀疑是不是正品,0.0
看起来比较旧，衣服太大了，整体显得不是一般的胖。,0.0
产品质量不错，我家宝贝会喜欢的，下次还会光顾。 ,1.0
塑料味道很大，退货还得自己快递回去。麻烦。,0.0
本来要订衢州酒店，临时告知满房，改到国际酒店。入住行政房，房间昏暗，潮气很重，而且有股子霉味，卫生间的毛巾也是脏兮兮泛着黄。。。床就更可怕，睡觉时感觉就像躺在了硬木板上面，翻身都不敢使劲，免得咯着自己的骨头，汗。。。。。。还有入住时酒店房间的窗户没关，但是窗帘是拉着的，当时因为太晚入住，第二天还要早起也没检查就睡觉了，整晚听到外面车水马龙的喧嚣汽笛声，强忍了一晚，第二天清晨才发现自己开着窗子睡了一整夜，一问同行的老板他也同样遭遇，再汗。。。。还有更恐怖的，就是跟前台要熨斗和熨衣板，被告知全酒店只有一套，我和同行的老板只能共用一套，老板等不及叫服务生帮忙把次日要穿的衬衫交给洗衣房晕，小姐改敲我的房门问我是否会晕衣服，如果可以能否帮忙给熨一下？瀑布汗阿。。。。。。。这什么酒店的服务生？居然能给我提出这么个建议？？？彻底败给他。。。宾馆反馈2008年6月5日：尊敬的客人您好，您的一翻话犹如一声响雷，给了我们很大的触动，也让我们更深刻的明白了100-1=0的服务内涵。在此，我们对由于我们工作不到位给您带来的不快向您表示慎重的道歉！并针对您提出的意见认真对照整改！但有一点我们床是按四星标准统一配置的，不知是否存着个例的现象，希望下次有机会能与您有更多、更直接的交流！,0.0
袖子有点紧   整体没有图片的效果！,0.0
宝贝已经收到了，试穿了一下很合适，质量很好，做工精细，面料手感很好，,1.0
6号下单购买，结果发错货。不停催客服补发补发补发，终于15号收到东西了。,0.0
宝贝很好  很好用下次还会再来的。,1.0
货收到了！装上了！感觉高端霸气上档次,1.0
包装盒打开了，沙巾就这样扔在里面，也没包一下,0.0
第一次买匹克的鞋子，感觉不算贵，穿着舒适，外观设计也不错，很满意。,1.0
外观时尚、亮丽、精致，无可挑剔，系统带很多新软件，最喜欢movie story，可以自己剪辑视频和电影片段，还有很多新功能有待发现~~,1.0
6月末到访苏州，下榻此店。感觉不错。房间虽小些，但实施齐全。晚上很安静。酒店的小庭院，有一古井，配些翠竹和绿植很有味道。出店行不远就是有名的观前街，散步购物都方便。,1.0
京东的客服专业知识有待提高的。笔记本的配置说不清楚，一会儿说有HDMI，一会说没有。送的原装包很垃圾，只能是一般的电脑包，请不要说是原装包，误导消费者，我们这里麦德龙都卖3699了。价格可以再便宜点。,0.0
凑单的，气味很大，不好用,0.0
包装、说明书和商品严重不符，加热灯不关就只能用三十分钟就自动关机，要等五个小时左右才能开机再用；关掉加热灯就能用2个小时左右，总的来说除了包装和说明书的问题也没其它了，质量方面不错也没有异味。,0.0
还可以，同事的儿子喜欢历史,1.0
送货很及时，不知退货是否也是这样,1.0
位置较中心，服务也可以，大楼也气派，就是地毯比较灰暗，房间从门口到里面的走廊较窄。,1.0
" 有人说，经典就是经过历史选择出来的&ldquo;最有价值的书&rdquo;。经受住了历史和时间的检验，我想这就是经典的力量来源。\n　　　　这本书，我从去年10月份开始阅读，直到最近才真正读完，费时之长，令我自己都感到诧异。需要阅读者也同样具有一定的思想认识的深度、广度和较高的理解力。一本言简意赅的书，需要阅读者反复推敲、琢磨、咀嚼，才能把文字的内涵和思想意义读明白。这就是经典的魅力。\n经典之所以成为&quot;经典&quot;,是因为它们经受了千百年的时间考验.大浪淘沙.薪火相传,其思想价值穿越时空,成为人类社会共同拥有的财富。西方哲学庞大的体系、东方孔孟老庄诸子百家的源远流长、文艺复兴以来的文学作品、中国的唐诗宋词元曲明清小说,还有那各行各业的典章史籍数之不尽,都是我们应该秉承的人文传统和精神宝库。这些称之为经典的东西为什么有如此超凡的魅力、隽永的张力呢?\n　　　经典就是不断点燃我们心灵深处那一点理想火焰的火种，它带来的希望推动人类前进的步伐。经典就是帮助人类成长的力量，让一代又一代的人从巨人的肩上站起来，去抵达历史的新高度。是经典的力量使我们能够透过现象发现本质，使我们拥有一双智慧的双眼，能够清楚地了解历史解析现在，并指引我们未来的方向。\n我知道，当我再次陷入迷途的时候，它那熟悉的歌声依然会安慰我、激励我、并指引我。因为在我心中一直有座经典曾赋予我的灯塔。\n",1.0
舒服，价格很实惠 好评,1.0
不值得买，一周就散成3层。,0.0
跟普通肥皂一样，价钱贵了几倍。不值&hellip;&hellip;,0.0
订了两件同款不同色的衣服，居然给我分别从两个地方给我寄出来，先收到的蓝色衣服质量不错，后收到的粉色衣服质量差，两件衣服一比较，就能摸出衣服材质差异，而且粉色衣服的纽扣还是坏的。,0.0
先给儿子看了一集网上下载的神奇校车，然后他就惦记上了这套书。其实儿子才2岁半，但是他很喜欢听我给他讲神奇校车，每天晚上看一本，或者自己选择一本看。可不要忽视2岁孩子的理解力和记忆力，他很快就能够接受，还给我复述书里的话：破破烂烂的旧校车。跟我一起看水的故事的时候，竟然自己问：神奇校车哪里去了？我都没有想这个问题哦。,1.0
这次的婴儿床买的着实恼火，发回来的有两条断裂不说，补发的配件还是两个商标的货，明显的货不对，根本用不了，自己请人修不说，现在组装起来的一看就是伤痕累累，还剩下一堆没用的糟木头。简直影响坐月子心情。\n客服虽说态度不错，但是效率很是差劲，每次追问补发信息都说尽快回复，结果一次都没有主动回复过。拜托你们好歹看看好，我订的是什么商标再补发好么？？？？\n再说补发的商家，竟然还叫我自己付半程的运费&hellip;&hellip;\n好吧，我也不想纠结这几百块的东西，放着占地不说，简直是添堵！！！,0.0
"实际感觉要比样图小好多,价位偏高",0.0
还没穿不知道质量如何的,0.0
很高端的一款机器，以前卖场都卖的很贵，415出来以后，这个就降价了。大家反应这款的性能都不错，镁铝合金，防滚架。。。对于4999的价钱来讲，确实很无敌,1.0
１酒店的服务非常好，就连酒店做卫生的阿姨都会很有礼貌的对小朋友打招呼，是我在其他酒店没有感受到的，非常适合居家度假入住。２中餐厅很有特色，乾隆一品鱼头很有特色，半个鱼头３．６斤，再加两个小菜，一家三口可以吃的很饱。３室外游泳池一定要去，免费的不享受可惜了，白天晚上的感受不一样。相比之下千岛湖旅游项目倒是逊色了很多，不如在酒店好好享受了。,1.0
实用性可能不太大，不过还是挺好的,1.0
非常小～非常薄～比想象中差很多～感觉不像正品～,0.0
很好，真皮，款式不错,1.0
整体不错，不过有些答案前后矛盾，不一致。,1.0
八个月才到 我还没签收就给我完成了。。,0.0
快递太慢了啥也不说了等了足足七天,0.0
颜色很好，厚实，弹性佳,1.0
"
\n
\n喜欢,会一直在京东购书发货真是出乎意料的快，昨天下午订的货，第二天一早就收到了，赞一个，书质量很好，正版。独立包装，每一本有购物清单，让人放心。帮人家买的书，周五买的书，周天就收到了，快递很好也很快，包装很完整，跟同学一起买的两本，我们都很喜欢，谢谢！今天家里没有牛奶了，我和妈妈晚上便去门口的苏果便利买了一箱牛奶和一点饮料。刚好，苏果便利有一台电脑坏了，于是便开启了另外一台电脑。因为开电脑和调试的时间，队伍越排越长。过13分钟，有一个阿姨突然提出把键盘换了，这样就能刷卡了。我妈妈就在旁边讲了一句键盘
\n高等教育法规概论
\n
\n高等教育法规概论主要是为了适应安徽省高校教师岗前培训的需要而编写的，也可作为高等教育学、教育学等相关专业学习参考用书。1997年原国家教委办公厅颁发的高等学校教师岗前培训暂行细则规定岗前培训工作的内容以高等学校教师岗前培训教学指导纲要为依据，包括高等教育法规、高等教育学、高等教育心理学和高等学校教师职业道德基础知识。高等学校教师岗前培训教学指导纲要指出，高等教育法规的教学目的为使青年教师了解教育法规的基本知识，进一步树立依法从教的观念，成为懂法、守法、护法的人民教师。为实现这一目的，教学内容应包括教育法原理教育法规的内容结构与体系教育法规的制定、实施与监督教育法讲解教师法讲解高等教育法讲解高等教育立法中的若干问题研究等。正是基于对上述规范性文件精神的领会，并结合安徽省高等教育改革与发展实践，在高等学校教师岗前培训教学指导纲要规定的教学内容中，增加了职业教育法和民办教育促进法的讲解。此外，还专章介绍安徽省地方性高等教育政策法规。
\n
\n二、教育法律的适用法律的适用是法律实施的一种基本方式。法律的适用有广义和狭义之分。广义的法律适用包括国家权力机关、国家行政机关和国家司法机关及其公职人员依照法定权限和程序，将法律运用于具体的人或组织的专门活动狭义的法律适用是专指国家司法机关依照法定的职权和程序，运用法律处理各种案件的专门活动。法律的适用不管从广义理解还是从狭义理解，都是指国家机关及其公职人员以国家的名义实施法律规范的活动，因此，法律的适用同一般的国家机关遵守法律、执行法律、运用法律不同，它具有强制性。适用法律的专门的国家机关可以是权力机关、行政机关、公安机关、检察机关和审判机关。教育法作为行政法，它的适用也是由以上国家机关来实现的，但教育法更多地牵涉到依法行使其管辖权的国家行政机关。一般来说，当公民、社会团体和一般的国家机关在行使法律规定的权利和义务时，需要取得有专门权限的国家机关的支持的情况下，必须由有专门权限的国家机关来适用法律。如",1.0
非常好用，给足球打气用的,1.0
书很好妈妈最近一直用这个做法,1.0
外壳A面是有点塑料感，但不影响美观；机身重量稍微一点点的重，不过一般电脑也这重量；装XP时出现蓝屏，网上说要修改BIOS，就干脆闲装VISTA用了；刚开始装蓝牙驱动用不了，后来可以了 ；裸机……,0.0
看完这本书，才明白日常生活中，我们每个人都会有多么不理智的想法和举动！我把书中频频举到的例子讲给朋友们听，他们都觉得很惊讶，我们每个人都会在生活或者决策中犯那么多低级的却又看似十分正常的错误！同时大家都觉得这些简单的事例就让人受益匪浅。语言平实亲切，道理深入浅出，前后内容紧密连贯，是一本任何人都能一口气读下去，越读越觉得过瘾的好书。,1.0
有点薄，然后超级紧身的，不过穿上之后还是挺舒服的。,1.0
啥求东西，大小不一样,0.0
很槽糕的制作！声音很低，怀疑从磁带翻录的。要求退货！,0.0
天天快递人员服务态度极差，非常差,1.0
这里可以让我们三个人住一间房，而且服务员还主动多给我们一份浴室套装。一次性的浴室用品质量还是不错的。房间是小些，但是装璜上有很多人性化设计，老妈很喜欢。服务台前还有一块板上，写着从这家店到各各景点所要乘坐的公交车，方便游客的出行。不过这家店的位置有些偏，我是因为这家店离“留园”很近，才定的这家。,1.0
质量很好，送货及时，赞一下！,1.0
还不错，包装比较精美，速度也比较快！,1.0
还以为会有真题在里面。原来只有答案，好吧，亏了10块钱邮费！！,1.0
差，底板都无就一块布，四侧也只是两旁在定型板，根本撑不起来，用得着这么省吗？,0.0
产品不错，真的不错，是正品。,1.0
酒店的位置很方便，小套房的房间比较宽敞和舒适，住酒店停车过夜要收费40元。,1.0
质量一般般啦，凑合用,1.0
为什么没有零星评价呢？？？12号下的单，一直不发货，问客服没人答话，打电话不接，最后找京东官方仲裁了才发货，这是什么商家？不找官方你是不是不发了？很想退货的，但是我怕了，再来个一个月没反应，我可没时间跟你们这些无良商家耗，如果打算一直这样经营，还是早点关门大吉吧，免得再害很多的消费者了！,0.0
我和LD总共住了7天6晚，每天有2块巧克力送，酒店的早餐很好。服务员很热情，只要你出去，回来后房间就打扫。不管出去几次，这点很好，很负责！床很大，枕头也是超大的，很舒服！总体感觉不错！没有不满意的地方！,1.0
垫子有破损。。。客服说给我换，10号给我发新的，到现在还没有收到。。。收到我会添加评价,0.0
不错，电视可以，就是网络功能不好调，师傅说我的网速不够！,1.0
用着还行，虽然发货比较慢,1.0
他们这里不遵守快递发没有准时发     发韵达快递，还说今天买明天到    店主服务态度也不是很好，老是找不到人   问他问题老是爱理不理,0.0
喜欢繁体版本，装订，排版都很好，买来收藏！,1.0
快递快！手表还可以,0.0
做工细致，质量不错，卖家服务也很好。物流也很快。,1.0
做工精细，款式美观。穿上好漂亮！女儿很喜欢！下次还会再来的！,1.0
买回来不怎么好,0.0
容量很大，袋子设计有问题。容易跑偏,0.0
这商家绝对是骗人的，我的发票都没有，催了几个月都说叫稍等，火大，这就叫黑心的商家，气死我了，欺骗消费者,0.0
所谓山景房，就是非海景房而已，没有什么山景可言，海景房确实有景，有条件尽量选。只是这种房的窗帘边上拉不严，早上光线进来如同亮着灯一般，可能引发早醒。另外窗外隔音不佳，如果风大则呼呼响得明显，这想必也必不了了。,1.0
这是中信金融前沿系列图书的第4本，作者曾经工作在华尔街的两大投行----高盛和摩根斯坦利，通过对投资银行的描写，揭示了华尔街的真相。贪婪成为了华尔街的主旋律。其实，华尔街许多真相可能局外人永远都不会明白，也没有机会明白，但华尔街投行的道德沦丧却有目共睹。如果我们以后有机会得到他们的服务，真应该仔细想想，那些拼凑的项目建议书的份量。值得一读的书。,1.0
买了四个杯子，其中一个杯口明显跟其他三个不一样，四个高低各不同，内双层高度都不一致，三个款式，这差别太明显了吧。其中两个不知道什么原因，是使用过的？杯口周围都有特别明显的黄色污渍，洗了一会根本洗不掉。话不多说了，直接上图片看图吧。,0.0
已经收到，质量不错。下周出差用,1.0
盒子里就耳机 什么也没有,0.0
太难吃了，可以说，一股子胡椒粉味道，刚吃第一口呛了一下，都扔了,0.0
刷头好用，清理死角很棒！！！,1.0
多快好省 值得赞赏 赞一个,1.0
颜色没有照片上那么亮，但也可以,1.0
薄啊！，，，，，。。。。。。。。,0.0
效果不错，拉开天线，在一楼能与二楼对讲，也能无线打电话。总之，不错,1.0
看着质量一般！穿着舒适好,1.0
真心垃圾  穿了不到2天  衣服上全起球了   真心无语,0.0
真是太爱史蒂夫了，能够这么洞悉女人心态和秘密，还把男人的心理也全盘托出，又还这么风趣幽默，难怪那么多和他上过床的女人分手后还和他是好朋友，希望他能活的久一些，因为史蒂夫能够带给她们快乐( ⊙ o ⊙ )啊！史蒂夫很棒很帅，适合做好朋友，一旦结婚应该也是个不错的老公！发现世上所有的男人都差不多，原来老外男人也最喜欢女人牛仔裤、T恤衫、马尾辫，不管你多大年纪，(*^__^*) 嘻嘻……,1.0
挺好弄的。很漂亮。。。,1.0
京东烂货，京东烂货，京东烂货,0.0
真的无语了，黑心商家，女儿今天才穿的，她爸带出去玩会回来我一看鞋子的皮全掉了，上当了，京东都是骗人的，那些好评都从哪来的?,0.0
促销时买的，本来也想用来练考。后来觉得书中内容和真题方向有些出入，多少会有误导，不用也罢。不光是题，作者的做题方法过于累赘，感觉像做表格，实际是把简单的问题复杂化。这样也不适合考试，毕竟考试时间紧张，临场更需要快速反应。笔记有条理足矣，不能面面俱到。行文的逻辑主要靠模版，而本书对模版几乎没有提及。,0.0
在那段人性泯灭的岁月里，李光头和兄弟相依为命，结下了虽无血缘、但是情同手足、血浓于水的人间亲情，该小说在后半部分李光头飞黄腾达之后，仍然难以忘怀兄弟之间的那一份手足情深，绝对与这一段经历息息相关兄弟上的魅力在于真实性、深刻的感情描写，但是好多涉黄的片段，譬如说李光头偷看屁股、举办处美人大赛、李光头和林红的性关系描写，究竟该怎么样看待书中大量的性描写，我认为值得探讨,1.0
商家极不负责任！！！！我要的是电池的，给我发的是充电的。感应也很不灵敏。无语无语！！！！！！！！！！,0.0
效果很差，跟本没法驱蚊的作用！,1.0
不能直接用ghost，但是可以用光盘启动ghost11使用，这样也就方便多了，大家可以试试。,0.0
"来往虹桥机场,绝对方便,938公共汽车直接门对门,上车睡觉就可以了(一个半小时)宾馆服务不专业(餐厅).基本上还可以,谈不上星级.房价和硬件不能划等号",0.0
套房面积挺大。最吃惊的是案头上放了文房四宝，差点动了留下到此一游的墨宝的念头，最后还是罢了。床很大，但被单不是太舒服。景观餐厅东西太贵，强烈不推荐。住房客人素质不高，感觉到了乡镇企业家聚会场。下次还是选择4星的吧。,0.0
再不给优惠我就不发评价了啊！别这么小气啊，你们老板都搞定奶茶妹妹了，这么小气可不行啊。,0.0
地理位置不错，离大型购物中心不远，性价比非常高，每次来大连都住这里,1.0
这个真心不错，穿了跑步或者做什么都很方便，很贴身,1.0
毛衣像地摊货！,0.0
有空时，翻翻还是有些帮助的。,1.0
便宜货也就这样\n\n 额(&deg;_&deg;)&hellip;比较\n\n\n,1.0
玩具有点脏不知咋回事,0.0
出货快，图书新。。。,1.0
送货挺快的，但愿能使得住。,1.0
不错，价格是不是太贵了?,1.0
有些网友提的不足，我这里不是很明显。 发热：我在现在这个28度左右的天气下，用2，3个小时，感觉不是很烫，有一点点热，不过还能接受。 光驱：我这里有点震动，但还能接受，不过，我没试刻盘。,0.0
设施陈旧，最不好的是房间太小了（单人间），除了放一张床，我在想相同的价格，是否标准间面积会大一些?不敢相信这是四星酒店。,0.0
都不给退款，也不给发货    买的还是个坏的,0.0
今天又买了一套送给女儿的班主任，希望班里所有的同学都能得到正确的引导！,1.0
"1、该酒店房间小,我住的标准间很小,很舒服; 2、这个酒店是三星级，我认为最多能够上两颗星，属于好一点的招待所； 3、价钱贵，周遍环境不好； 4、服务员服务质量极次，建议协程取缔该酒店的会员资格，我去有上当的感觉。",0.0
便宜，物有所值。 早餐：相对比较单调。,1.0
这家衣服挺好的，就是买家态度不好。发货慢。,0.0
外观很炫，同事们看了都很羡慕！性能还不错的，单从配置来看算是差不多的配置了，大型网游没试验过，因为最近几天WOW关服，找不到别的可以试验而且信任的游戏了......我觉得不会让我失望吧，一直蛮信任索尼的品质的~,1.0
黑灰色的有点像发霉似的，还有就是客服态度有点差，就是进行询问，就不理人了,0.0
不满意，只能说一分钱 一分货，售后不好，发错货，不解决,0.0
写这个评价我想了好久，感觉比较失望，作为京东年消费数万元的钻石会员，从来没遇到过有商家如此对待，产品2013年生产的，2016年5月份到期，现在都2月中旬了，商家也太过份了吧！严格来讲产品是没过期，但已经是临保产品了，没几个月就过期的临保商品也好意思寄过来，都不知道之前的好评是自己刷的还是顾客自己评的。,0.0
\n比起《现代美术馆教育与经营》来，简直相差万里。,0.0
感觉没有韩国带回来的好不像是正品。,0.0
很好，挺不错的&hellip;&hellip;&hellip;,1.0
有点就不说了，很超值的一款机器，盯了有半年多了，这里一降价就下单了，太诱惑,1.0
款式不错。包装的很好。,1.0
全部都碎了，根本用不了；发快递都不找本人签收，随便找人就签了；希望下一个买家不要被坑...........真心无语\n没有分评论不了，迫不得已点击了一个星，这是用什么心情点击的呀...........,0.0
售后服务很不好，买手表以后绝对不会来这家,0.0
说实话，这套鼠标键盘很笨重，用着很难受,0.0
音响有杂音，但是想想来回挺费劲就没退。,0.0
很好用，手感好颜色都很喜欢。非常满意！,1.0
没有买，为什么会有购买记录，还要让评论。晕,0.0
酒店旁边的那条湖滨中路景色特别的美，出差一般选择这里住，如果酒店能考虑再次装修会更好。,1.0
长度刚刚好，宽度只有23，标签上写的是25，差了2厘米，枕头根本装不上！,0.0
我怎么觉得做工挺好，散热也不错呢？？？？还有装系统很麻烦吗？BIOS里设置一下硬盘参数随便找个XP一装不就完了吗？驱动下载一个system update，安装完成后驱动自动下载下来，而且是自动安装的，有什么麻烦的？我到怀疑你们这些人到底会用不会用？,1.0
部分单词偏僻，不实用单词串讲，无重点而且介绍上说本书看完会哈哈大笑实在是有些吹嘘了事实上感觉硬邦邦的“幽默”甚至是自说自话，自得其乐我一点都笑不起来反觉得作者有些幼稚和低俗化的趋势也或许这就是韩国的特色之一吧。,0.0
内容还不错，正在阅读呢。,1.0
  自己会变色，挺不错的鼠标.,1.0
这个酒店很烂。大堂嘈杂，房间设备陈旧，地毯、卫生间和床铺都很脏，我的孩子睡了一晚，脸上就长出许多红色豆豆（是螨虫所致）。电话打去客服部，几乎得不到有效的服务。根本与所持的星级不符。强烈建议携程将这家酒店从预定名单中删去。,0.0
从来没买过这么恶心的东西。医用手套，就应该包装好一点。拿来盒子就是破的，而且里面的手套不是单独放的，在一个小盒子放了过多的手套，所以盒子挤破了，不是快递问题，外包装的小纸箱没有任何问题。根本没有任何无菌的效果啊。真想退货，后来想算了，不值得。\n谁买谁上当！建议勿购！！,0.0
不错，书写很流畅。,1.0
非常非常好！感谢！！,1.0
上下两册我都买了，感觉不怎么样，都是图片，没什么步骤解说。,0.0
"粗制滥糙作品,不建议大家购买,对囗型音乐效果奇差.",0.0
商品质量真心不错。,1.0
还不粗挺好用的,1.0
很好啊  东西不错  我喜欢 ,1.0
交通方便，餐厅饭菜不错，只是较小，忙时要预定。价格合理，下次还住这里！补充点评2008年4月11日：刷卡时国内卡刷不出来，到是国外的卡刷出来了。奇怪！,1.0
正如约翰逊博士所说：&ldquo;上帝在世界末日之前，尚且没有审判人类的打算！&rdquo;既然是这样，你我又何必批评别人呢？\n　　1931年5月7日，一桩骇人听闻的搜捕格斗在纽约发生了！警方在历时半个多月的搜捕之后，终于在歹徒西末街情人的公寓里将其拿获。\n　　这个叫&ldquo;克劳雷&rdquo;的歹徒有着&ldquo;双枪杀手&rdquo;之称，且烟酒不沾。\n,1.0
手感不好 按键很坑！！！多按几次都手麻！！！\n声音有点大 ！像次品的感觉！！！！,0.0
质量太不过关了，快递又慢,0.0
口感很好，是正品，服务很好，很满意\n,1.0
这批养殖类的书买的很值！,1.0
这个品牌的家居用品都很好，多次购买！,1.0
说是真牛皮，其实是移膜皮，非真正牛皮，也就是人造革的，便宜也就不退了，大家千万不要买，想想也是这个价买全牛皮的是划算，不过非也，买人造革的来穿对脚不好,0.0
"修身，暖和，不起球,",1.0
物流很快 衣服收到了 很喜欢 我自己有一套了 姐姐也喜欢 又买了一套 一模一样的 穿着很合适 很漂 值得推荐,1.0
非常垃圾的书，本中的单词很多很不常用，并且记忆方法比说明评论中的相差很远。且没有音标读音等。,0.0
漏气的，米都软,0.0
好差的衣服，跟说明的完全不一样,0.0
款型还可以，就是起毛起的厉害。。。,0.0
用了不到半个月 就坏了 不能走了 不知道是遥控器的问题还是车子的问题  联系商家的客服要求换货 \n商家客服的回复是物品售出超过了（七天）就不能换新的，只能维修，而且维修的来回邮费都要我自己承担（从我们这里快递到卖家地址来回的运费和买个新的价钱一样了）这不是明摆着逃避责任么。请大家买的时候要三思啊!    ,0.0
挺好的，用了几次，物有所值。,1.0
包装太丑，碟片的盒子碰都没敢碰，怕碎了。。。而且价格太贵了。。。。,0.0
便宜实惠，孩子很喜欢。,1.0
性价比很高 机子做工很好，奇美的完美屏幕（可惜是06年的屏）， 键盘用起来很舒服，摄像头很清楚，话筒的音量也不错，喇叭音质很好， 15.4的机子感觉不是很重，华硕的售后还不错 总而言之，这个价钱买这个牌子的配置 很好了,1.0
不知怎的，新版地图还没有老版的仔细，好多地方地名根本不出现,0.0
1、地理位置和环境不错 2、早餐也还可以 3、服务不错，特别是室内游泳池设施比较舒服 4、房间比较陈旧了，特别是拖鞋太薄，不像个四星Hotel,1.0
去苏州之前，听朋友介绍了这家酒店，于是通过携程定了房间。当出租车司机将车子开进酒店时，顿时眼前豁然开朗，没有想到在市区还会有这样一家闹中取静的园林式酒店。走进大堂，行李员很热情的打招呼。来到前台，很快办理了入住手续，服务人员的办事效率较高。一路走上房间，假山、廊亭、瀑布尽收眼底，房间布置很别致，床头有一首唐诗，很有意境，就是房间面积有点小，但窗外景色不错。这次入住给我和朋友都留下了很深的印象，下次去苏州还想住那！,1.0
书存了太久，都旧了！,1.0
小朋友很喜欢，希望质量能过关吧,1.0
封面很简单，看起来不错，但内容还没细看。双色版的有点像小学生读本。,1.0
宝贝收到，推车质量挺好的，可以调整的，宝宝可以躺着，也可以坐着，折叠式的，携带方便，具有减震效果，性价比不错，好评,1.0
尺寸很合适花色好看，质量不错很满意,1.0
不怎么样，珠子少了，太小气了。特别是少了两片叶子，很遗憾，很失望，这是我第一份作品，完成不了了。要他补给我，到现在还没音讯，再也不买你货了。,0.0
"大年初一入住的，是西楼的海景标房，酒店比较陈旧了，房间很小，奇怪的是不开空调都热得不行。西楼是一期，东楼是二期，但西楼更靠海。海景标房都是在楼的两面，所以看海景都需要侧头的，有点累哦。但到底是老五星了，服务效率很高，送什么都很快，酒店柜台的服务生都很殷勤和礼貌。我把携程的预订单带着为了可以看飞机时刻，结果在checkin时忘柜台了，当晚打到柜台让留着会去拿，结果转身就忘了。四天后要飞的那天才想起，打到柜台居然还在，大概五分钟后就有小弟给我送来了，很开心。另有一点,我们在酒店的咖啡厅用过一顿早餐，小姐很可爱，但是苦心等待等来的黑椒牛肉却咸涩异常，不晓得是当地人口味如此还是我们的运气不好。",1.0
太垃圾了朋友们别在上当了,0.0
发了s码的，要的是m码，发错货。办事效率低，这样都搞错。,0.0
就这样外盒都没有不知道是不是正品,0.0
外观不错，其实一直对联想没什么好感，不过见联想终于一改以前的呆板全黑做型，就心动一下。我承认联想今年的确爆发了一下，LED背光加DDR3，还有GT130，都是目前比较高规格的了！！,1.0
买到了，装水一用手动发射按键老冒水,0.0
充满电，最多玩20来分钟，当真便宜无好货！,0.0
前台服务超差，基本的笑容都没有，看都不看你，连招待所都不如，很明显四星级的牌子是买回来的。房间装修也很一般，幸亏价钱还不算很高，但这样的服务就算高了。住了两次，没有任何改观的迹象，下次不住它了！,0.0
卫生间特别小。内部设施不人性化，尤其烧热水的设施明显接触不良，且他后面的插线板在下面，不方便使用。,0.0
裤子确实没有想像中的好，穿了会起褶皱并且两侧的拉链不紧，不会自动锁扣，自己不自然拉链会松开，反正总之不值这个价，一直穿vero的衣服，这次是有点失望，400多的裤子原来是这样，还不如地摊货！,0.0
职场充电书籍，加油加油。。。赚个积分还有字数限制。。。怎么能这样子呢？？？职场充电书籍，加油加油。。。赚个积分还有字数限制。。。怎么能这样子呢？？？职场充电书籍，加油加油。。。赚个积分还有字数限制。。。怎么能这样子呢？？？职场充电书籍，加油加油。。。赚个积分还有字数限制。。。怎么能这样子呢？？？职场充电书籍，加油加油。。。赚个积分还有字数限制。。。怎么能这样子呢？？？职场充电书籍，加油加油。。。赚个积分还有字数限制。。。怎么能这样子呢？？？职场充电书籍，加油加油。。。赚个积分还有字数限制。。。怎么能这样子呢？？？职场充电书籍，加油加油。。。赚个积分还有字数限制。。。怎么能这样子呢？？？职场充电书籍，加油加油。。。赚个积分还有字数限制。。。怎么能这样子呢？？？职场充电书籍，加油加油。。。赚个积分还有字数限制。。。怎么能这样子呢？？？职场充电书籍，加油加油。。。赚个积分还有字数限制。。。怎么能这样子呢？？？职场充电书籍，加油加油。。。赚个积分还有字数限制。。。怎么能这样子呢？？？职场充电书籍，加油加油。。。赚个积分还有字数限制。。。怎么能这样子呢？？？职场充电书籍，加油加油。。。赚个积分还有字数限制。。。怎么能这样子呢？？？职场充电书籍，加油加油。。。赚个积分还有字数限制。。。怎么能这样子呢？？？职场充电书籍，加油加油。。。赚个积分还有字数限制。。。怎么能这样子呢？？？职场充电书籍，加油加油。。。赚个积分还有字数限制。。。怎么能这样子呢？？？职场充电书籍，加油加油。。。赚个积分还有字数限制。。。怎么能这样子呢？？？职场充电书籍，加油加油。。。赚个积分还有字数限制。。。怎么能这样子呢？？？职场充电书籍，加油加油。。。赚个积分还有字数限制。。。怎么能这样子呢？？？职场充电书籍，加油加油。。。赚个积分还有字数限制。。。怎么能这样子呢？？？职场充电书籍，加油加油。。。赚个积分还有字数限制。。。怎么能这样子呢？？？职场充电书籍，加油加油。。。赚个积分还有字数限制。。。怎么能这样子呢？？？职场充电书籍，加油加油。。。赚个积分还有字数限制。。。怎么能这样子呢？？？职场充电书籍，加油加油。。。赚个积分还有字数限制。。。怎么能这样子呢？？？职场充电书籍，加油加油。。。赚个积分还有字数限制。。。怎么能这样子呢？？？职场充电书籍，加油加油。。。赚个积分还有字数限制。。。怎么能这样子呢？？？职场充电书籍，加油加油。。。赚个积分还有字数限制。。。怎么能这样子呢？？？职场充电书籍，加油加油。。。赚个积分还有字数限制。。。怎么能这样子呢？？？职场充电书籍，加油加油。。。赚个积分还有字数限制。。。怎么能这样子呢？？？职场充电书籍，加油加油。。。赚个积分还有字数限制。。。怎么能这样子呢？？？职场充电书籍，加油加油。。。赚个积分还有字数限制。。。怎么能这样子呢？？？职场充电书籍，加油加油。。。赚个积分还有字数限制。。。怎么能这样子呢？？？职场充电书籍，加油加油。。。赚个积分还有字数限制。。。怎么能这样子呢？？？职场充电书籍，加油加油。。。赚个积分还有字数限制。。。怎么能这样子呢？？？职场充电书籍，加油加油。。。赚个积分还有字数限制。。。怎么能这样子呢？？？职场充电书籍，加油加油。。。赚个积分还有字数限制。。。怎么能这样子呢？？？职场充电书籍，加油加油。。。赚个积分还有字数限制。。。怎么能这样子呢？？？,1.0
个人认为最体现亲王的如伦敦地下水道系统般错综复杂的思维以及天马行空的想象和变换莫测的文字的书！而且是接力出版社的哦~包装很用心的说&#183;！去年就买了一本，结果在意料之外的时候送了同学；当然那本已经经过了我班同学的广泛传阅。。。今年又买了一本，接着在我新的班传阅。。。。琢磨着买一打回来，囤着一半，借一半的一半，送一半的一半的一半。。。。。。。。。。。,1.0
可惜女朋友用了几天就丢了,0.0
这是赠品、能解释下背面覆盖一层是怎么回事吗,0.0
散热尚需改进，还是很热，Intel不肯开发低能耗芯片组，就用945来忽悠。,0.0
只能装手竿，装不下海竿,0.0
尺寸再大点就更好了，放抽屉里用。谢,1.0
床单的质量太薄啦，没图上感觉那么厚，布料只是普通的两层网布，BB床用的话也要再加多一层垫，不值这个价钱，好在我是用礼品卡买的，算了吧！,0.0
比较喜欢这家酒店，在天河北办事住这太方便了！早餐不错哦！,1.0
商品还可以，但是没有给我开发票哦,0.0
还行，感觉滤渣还可以，只是多用两次，稍微有点起毛，总的还可以,1.0
为什么我买了书以后就被锁定订单！！！！,0.0
做工有点不行啊，快递速度还行，刚买完就没货也不知道是不是库存剩下的，总之总体一般。,1.0
不太好用，气嘴漏气。,0.0
该书所收方言词有与《现代汉语词典》不同的义项，并列出了所收方言词语与普通话的不同说法，对一些有音无字的方言词语确定写法，收集的方言词语范围比以前的词典宽。,1.0
一般般一分钱一分货，我觉的花这个钱买到这样的产品已经很好了谢谢。,0.0
垃圾。。。。。。。。。。。。。。。。。。。。。。。。。。。。。。。。。,0.0
非常好用的小家伙啊，省力气了,1.0
对初次接触精油，向进一步了解的人而言，内容还是有些太专业了。,1.0
最喜欢房间内的卫生间。大大的浴缸。浴缸内也带花洒。很方便。独立的淋浴房空间也很大。以后还会选择的,1.0
看着鞋头，不像是正品,0.0
手感不错，材料很柔软,1.0
确实是有不断的进步，前台＼礼宾的服务有了明显提高，以后还会继续住在这里！特别感谢的是这次入住商务间收到了一小盒６瓶装食醋口服液，当天晚上喝掉一瓶，余下的原想带走的，由于特殊时期火车上不许带液体，就赠送给了服务员。但还是要谢谢酒店！,1.0
款式好，是我喜欢的样式，,1.0
一点都不好，卸甲油能卸掉，不是可撕的，骗人,0.0
效果很好，以后就你家了,1.0
物流太垃圾了上火,0.0
很臭，和图片不相符，包裹都被压坏了,0.0
挺好的~不错,1.0
经朋,1.0
"很不错的酒店,我入住时订的单人床，425房间，220元，宽带、电话等均为免费。在众多入住的三星级标准里，算是很不错了。另外就是一入房间，酒店的摆设就让人感觉到很温馨，连马桶里都放有花瓣。如果是10分的满分，我给9分。一分是扣除床容易发出响声。宾馆反馈2008年2月1日：非常感谢您选择友好饭店，首先您对酒店的高度评价是对我们工作的莫大肯定，我们会更加努力把工作做得更好；其次，谢谢您提出的问题，酒店今年就要重新装修，我们会有针对性的给予解决；最后，再次感谢您的点评，期盼您的再次光临。",1.0
环境比较不错，做为柳州本地升级上来的四星酒店来说，还是比较不错的！并且服务员的态度也是非常好的，在房间中拨打国内长途免费，这是只有柳州地区才有的！较为有特色！,1.0
文胸带子不舒服，会划皮肤。,1.0
"临街.非常的吵.酒店的负责清洁的都是顺手牵羊或者无德之辈.共住了三次好像.前二次一次是洗发水和一次洗澡巾忘拿了.打电话过去都是没看到.估计拿走了或者扔了.因为对合肥不熟悉,并且的确没什么好酒店.住了第三次.真汗!发现酒店的浴巾什么估计外包洗了.我知道全国洗酒店桑拿浴巾这行业非常薄利.甚至不能用自来水.不幸的是估计这家酒",0.0
东西很不错，配合r乳一起用，希望效果很不错。 ,1.0
一般般，容量太小了。,0.0
房间还不错，干净整洁，可以免费上网比较爽，另外还可以在每天有200个高尔夫练习球，也不错。酒店周边环境还好。两个地方不太满意，一是我住的房间窗户外面对着一个破车场（这个好像是很难改变的，没办法）；二是商务中心不能帮忙邮寄大连风景的明信片到国外，而且明信片不卖单张，只卖整套的，很不爽！,1.0
我居然在这家店买了那么吧，这种布料真不适合小朋友劝妈妈们,0.0
首先是名著，其次是名家，再加上名出版社，让你不动心都不行。我个人比较喜欢金圣叹这个版本的水浒，因为文字洗练，啰嗦的东西不多，尽管鲁迅先生对金大才子腰斩水浒很不满意。但我觉得这是个认真读书的人，至少有自己的一家之言，套用鲁老先生的一句话，有比较才有鉴别吧，建议喜欢水浒的朋友在读完120回本地水浒后，最好再读读这个金本70回。,1.0
包包皮质不错，没有色差，大小正好合适，用着也方便，很喜欢,1.0
东西不错，方便，也很舒服,1.0
衣服不好穿   穿着像针一样的扎皮肤\n没有图片上好\n质量也好差,0.0
太容易断了，非常不满意,0.0
太重了，踢着很不好，不太喜欢。,0.0
还没看，也不好评价，好多人推荐，应该还不错吧,1.0
收到货就安装上啦，效果还不错，就是轨道的颜色和门不太搭，建议能出一款棕色轨道，必定家中棕色的门还是挺多见嗒。比较满意的一次购物。,1.0
宽带基本等于没有什么网页都打不开房间还是很好很温馨的,1.0
宝宝7个月带着刚刚好，头围大的宝宝不能买,1.0
质量一般有瑕疵,0.0
太高了&hellip;不好穿，只能放着看,0.0
这是我住过最懒的酒店。。。脏！乱！差！连最起码的两瓶免费矿泉水都不给提供。。。打电话问客服，说是成本太高，给取消了。。大家千万不要住。。马桶堵。。毛巾脏。。地毯是我有生见过最脏的。。这样的比100多块钱的招待所都差，还说是4星，要380.。。好冤啊。。。相信我。。一定不要上当。。补充点评2007年10月14日：五层是夜总会，骚扰电话就没停过,0.0
刚玩了几回就充不了电，咨询售后，叫我拿电瓶和充电器去找找修电瓶的或者修家电的去测试，问去哪里找，告诉说家附近。真心不理解，东西不好用就这解决方式？？,0.0
《浪潮之巅》梳理了IT产业发展的历史脉络，叙述了美国硅谷明星公司的兴衰沉浮。通过对各大公司从技术轨迹到经营理念的剖析，作者吴军想向读者展现的并不仅仅是一幅有关科技产业更迭和大公司成长规律的历史景观，而是为了让中国的读者能更真实地了解美国、了解科技产业，以此理解科技创新和商业公平在美国文化生活中的深刻意义。\n 《浪潮之巅》梳理了IT产业发展的历史脉络，叙述了美国硅谷明星公司的兴衰沉浮。通过对各大公司从技术轨迹到经营理念的剖析，作者吴军想向读者展现的并不仅仅是一幅有关科技产业更迭和大公司成长规律的历史景观，而是为了让中国的读者能更真实地了解美国、了解科技产业，以此理解科技创新和商业公平在美国文化生活中的深刻意义。\n 《浪潮之巅》梳理了IT产业发展的历史脉络，叙述了美国硅谷明星公司的兴衰沉浮。通过对各大公司从技术轨迹到经营理念的剖析，作者吴军想向读者展现的并不仅仅是一幅有关科技产业更迭和大公司成长规律的历史景观，而是为了让中国的读者能更真实地了解美国、了解科技产业，以此理解科技创新和商业公平在美国文化生活中的深刻意义。\n 《浪潮之巅》梳理了IT产业发展的历史脉络，叙述了美国硅谷明星公司的兴衰沉浮。通过对各大公司从技术轨迹到经营理念的剖析，作者吴军想向读者展现的并不仅仅是一幅有关科技产业更迭和大公司成长规律的历史景观，而是为了让中国的读者能更真实地了解美国、了解科技产业，以此理解科技创新和商业公平在美国文化生活中的深刻意义。\n 《浪潮之巅》梳理了IT产业发展的历史脉络，叙述了美国硅谷明星公司的兴衰沉浮。通过对各大公司从技术轨迹到经营理念的剖析，作者吴军想向读者展现的并不仅仅是一幅有关科技产业更迭和大公司成长规律的历史景观，而是为了让中国的读者能更真实地了解美国、了解科技产业，以此理解科技创新和商业公平在美国文化生活中的深刻意义。\n 《浪潮之巅》梳理了IT产业发展的历史脉络，叙述了美国硅谷明星公司的兴衰沉浮。通过对各大公司从技术轨迹到经营理念的剖析，作者吴军想向读者展现的并不仅仅是一幅有关科技产业更迭和大公司成长规律的历史景观，而是为了让中国的读者能更真实地了解美国、了解科技产业，以此理解科技创新和商业公平在美国文化生活中的深刻意义。\n《浪潮之巅》梳理了IT产业发展的历史脉络，叙述了美国硅谷明星公司的兴衰沉浮。通过对各大公司从技术轨迹到经营理念的剖析，作者吴军想向读者展现的并不仅仅是一幅有关科技产业更迭和大公司成长规律的历史景观，而是为了让中国的读者能更真实地了解美国、了解科技产业，以此理解科技创新和商业公平在美国文化生活中的深刻意义。\n 《浪潮之巅》梳理了IT产业发展的历史脉络，叙述了美国硅谷明星公司的兴衰沉浮。通过对各大公司从技术轨迹到经营理念的剖析，作者吴军想向读者展现的并不仅仅是一幅有关科技产业更迭和大公司成长规律的历史景观，而是为了让中国的读者能更真实地了解美国、了解科技产业，以此理解科技创新和商业公平在美国文化生活中的深刻意义。\n,1.0
挺不错的，很大声也没有杂音，感觉蓝牙音箱的信号不错，连接手机听歌相当稳定 ，值得购买,1.0
垃圾，没什么评的！我就是买两个的那个人,0.0
东西都差不多，价格还行，就是快递太慢啦。,1.0
不好，又假太难理了容易打结,0.0
不太好，有点小失望?\n,1.0
暂时还没发现缺点哦！没有摄像头，但是预留了，不过摄像头好像没有几个钱吧,0.0
上衣回来我洗了，有点掉色，质量一般,1.0
不太好，晚上被卡拉OK的声音干扰到很晚。楼下的饭店也搞出很多污染。,0.0
我的货退了很久了，都没反应，真不负责任，友友们，以后再也不要在京东买东西了,0.0
儿子很喜欢！拼了很久！适合大孩子玩！,1.0
收到东西后损坏，京东不予更换与返修，要求自己维修处理，第一次遇到这样的问题，京东自营就这样的服务吗？,0.0
果断差评，烟油都没有。一星给快递了,0.0
"发货迅速,外观漂亮,做工精致,包装一流,服务一流,价格公道,推荐购买!",1.0
之前在都市余味买过东西了的感觉还行，不知道为什么这次买的东西这么差，豪不夸张的说10粒瓜子里面有四粒是坏的瘪的，再也不会买这家东西了,0.0
感觉做工还有很大的提升，而且送的螺丝与显示器不配套，自己经过改装后还算能用！,1.0
买来开车穿的，收到很满意，是正品，款式好看,1.0
没有描述的那么好，很一般,0.0
一点都不好。质量也很差。太小了   真会糊弄人。,0.0
不怎么好，不是真的牛皮，里面是纸做的，完全是骗人了,0.0
货以收到  确实没音,1.0
如题，书我还没有读，总的来看印刷效果还可以，但是，整套书都有一种很难闻的味道，不知出版社是怎么考虑的，这套书可是提供给孩子们阅读的，如果这么大味道，对孩子们的呼吸道可能会造成一定的刺激，不知道为什么这种书还可以获得这么多的五星评价？！,0.0
用这货装完机后各种问题，打电话给华擎售后说是内存条的问题，听他的换了内存条还是老样子，最后换成华硕的主板啥问题都没有了,0.0
这本书是我08年所读的书中，较有收获之一。书中的一些观点打破我一些惯有观念。作者将二十岁年龄段里出现的迷惑作了一定的个人观点解答。值得处于这个年龄段的女孩看看。,0.0
房间蛮合心意，早餐也很丰富，附属设施一般。周围的环境比较差，不过还算有几个小吃店能对付一顿简餐。,1.0
刚带了几个小时，嗓子就开始疼，这个东西味道太大了，我还用温水泡了几个小时都没用，建议还是别买了,0.0
一般，好像没用,0.0
好有效！就是贵了点！,1.0
真心的不好特别薄，而且还起球！！,1.0
好吧，是我看错了，结果买错了，是要买第二本的，很喜欢这本书，包装也很好，下次再关顾,1.0
桌布非常满意，质量很好，简洁、大方。,1.0
买过好几次了。。。很好，特别喜欢,1.0
手机放在里面仍然有信号,0.0
京东有史以来最差的一次购物体验，北京同城快递竟然用了十一天才收到货，你能想象每天没有备胎开车什么感觉吗？万一路上爆胎了怎么办？\n因为着急使用找客服沟通了两次，客服说会跟快递联系，最近两天给肯定送到，六天之后再联系客服还是让耐心等待，对这家店的快递控制能力真的很无语，最后一次沟通要不是我说退货 还不一定什么时候能收到，而且我给客服说我们公司控制快递速度的方法时，客服就回了一句&ldquo;呵呵&rdquo;，请问你那是在鄙视我吗？你们就这么不尊重客户吗？\n可能京东差评对你们没什么影响，只希望能对别的朋友有一个警示作用,0.0
质量不好，1.2米的床不能覆盖床垫,0.0
"为什么给我们发的是8-9MM的项链,我们订得明明是8.5-9MM的啊! ",0.0
特殊的年代谁之过错，这是文革一代人在思索的事情，其实大家都有份。,1.0
我只想说、你赠与非洲吧、中国不需要它,0.0
声音比较清晰，整体来说不错,1.0
很好！冬天打球必备,1.0
没有保湿效果 在脸上都涂不开 ,0.0
我选的蓝色，却给我棕色，很生气,0.0
裤子质量不错，手感很好，做工精细，穿着合适。,1.0
为什么插手机卡进去没反应。这台平板是骗人的丶大家不要买了,0.0
垃圾，不解释，发错货还不回复消息，大家吸取教训吧，有人能有这种感受吗？\n,0.0
啥垃圾东西 做工粗糙 跟图一点也不像,0.0
插在DVD上没声音 ，本来想退货，但是想着太麻烦，算了。,0.0
很好吃！！物流也给力！！！！,1.0
"酒店地段较好,打的去淮海路也只要20元左右。只是门面很小，幸亏招牌字够大，否则打的从浦东机场沿浦东大道过来时差点找不到。房间设施新旧中规中矩，就是奇怪好象房间高度很低，因本人个子较高，总感觉要碰到房顶。第二天早上要退房时才发现进门的地方有个厨房，实际用处不大，在里面藏个人到是隐蔽。",1.0
故事简单易懂，所以，孩子很快的就读完了所有的书。并且，她还将几本书带到学校里去，借给她的同学一起来看，说，同学也很喜欢。但是，遗憾的是，她带去的一本《汤姆的小妹妹》竟然找不到了，不知是被哪位同学拿走了，也没有人承认！很让人气愤，我是很在乎书的人。所以，以后要孩子谨慎的带书去学校看了。不想总是把心爱的书借出去了，却不知是谁干的！喜欢，所以，以后有机会的话，会补买那丢失的一本。,1.0
衣服和在网上看到的不一样，长度颜色不一样,0.0
发货挺快的，就是书送过来的时候有一本破了，像是被尖锐物戳了一下。,1.0
宝贝家人昨天晚上才收到，不知道物流这么差,1.0
口味清新，是正品。,1.0
跟图片有很大差距 只有外面一层是皮的 钱包打开里面不是皮的 实物不如照片那么靓丽 买后悔了,0.0
首先对物流差评  说是3号到结果五号才到！！！其次，这个一打开就是这样没有那种锡箔纸盖  感觉不是很好。味道淡淡的药味。绿色的。不知道是不是正品,0.0
内衣收到，东西还好，但是赠品在哪里呢？包装完好的。询问客服，说一定要京东包装袋才能查询。奇了怪了，难不成快递拆封偷了？说实话京东买东西第一次给差评，果然不是京东自营的就是靠不住。,0.0
一般般 用处并不是很大,0.0
给对象买的，她说吃着是假的,0.0
虽不得见，却因信他就有说不出来、满有荣光的大欢喜。就在上周末一个讲座，某位著名的儿童文学家很惋惜地说，现在不管是大人还是小孩都已经不相信童话了。其实何止童话，现在的我们已经不相信很多事了。读着这本书，也可能有人觉得不可信。但是，只好我们不信的唯一的办法就是试着去相信。,1.0
还没穿呢！应该还可以吧，不过味道特别的难闻，闻的都想吐,0.0
   感觉被坑了  刚买回来就手残的拆掉了标签 没办法退货了。   建议不要买  面料不是纯棉 有点人合成材料的感觉  很不舒服。,0.0
又要对他进行点评了，呜呜。。。说什么好呢,0.0
适合家庭常用，款式好，非常满意,1.0
透气舒适，质量还可以。送货速度较快。,1.0
质量好，真的很耐穿，我老公穿鞋很费，这双凉鞋穿一夏天没问题,1.0
片子不怎么样，不过无所谓了！,1.0
布朗博士的奶瓶真的不错哦！,1.0
"都拒收超过一周了,还不退款,找客服又不在",0.0
帮人买的。\n\n每个人看到大茶壶都以为它是神灯，于是许下愿望；当发现不能实现时，人人都不再喜欢它，不再期望拥有它。 只有小男孩，单纯地因为喜欢它而喜欢它，完全不介意它是大茶壶还是神灯。为了拥有它，怕妈妈不许自己随便捡东西回家的小男孩，想出的唯一办法，就是撒谎说&mdash;&mdash;这是神灯，它可以使人愿望成真，所以请允许我拥有它。 可是当看尽那么多愿望，小男孩却对如果自己拥有的竟然真的是神灯而不是普通大茶壶这件事心生畏惧。,0.0
姑娘穿了很合身，不怕摔跤了，很管用。,1.0
都挺好，只是真的好小，有点看不见图案~~,1.0
商家不给换，太不人性了,0.0
买错了，而且退款只退一本的钱！！！,0.0
物流很快商品很满意,1.0
"服务态度不错,遇到的每一位服务人员都能主动问好,老外很多,这个酒店可能有不同层面的客房,下次咱得换个房间住住。",1.0
没打开了还，但是在书店看到过，内容挺好的！,1.0
还行，如果需要还会回来买,1.0
伞不好哦我不买这个了,0.0
非常漂亮大小也合适，，，，，\n,1.0
马马虎虎，题目还行，考试能用,1.0
"估计是贴牌货,质量非常差.联系客户没人理.",0.0
很不错的酒店，我住的是商务间，上网速度非常快，下载达到2M/s，非常爽！还在酒店碰到老朋友...世界真是小！,1.0
这本书很不错，内部页面的颜色对眼睛很有好处。,1.0
感觉不是太好，也许前台是看了其他网友的点评吧，感觉一直都在对顾客假笑，令人毛骨悚然。订酒店后还特意去问了一下说是从早上6点就可以入住并不加收房费，可是到酒店之后前台却说要等到12点才能入住。好不容易等到12点40分入住了，才发现前台给的405房间里面住着其他的房客，而前台居然一直都不知道。还有房间的被子上有超级多的毛发，太恐怖了。,0.0
宝宝喜欢，一直在用，很好很好,1.0
"八月初入住两天,感觉极好.幽雅的庭院式格局与众多的现代高楼酒店相比,给人一种苏州园林式的恬静与悠闲.服务快捷且有求必应.地处闹市却静如田园.喜欢酒吧的出门左手数步HARRIS'BAR晚间十点以后热闹非常,有菲籍BAND演奏.饮食与购物天堂仅一街之隔.通过携程订房有送雪碧及可乐各一.早餐质差,68元价无所值.酒店周围美食多多,可尽情享受.强力推荐!",1.0
想了解色粉画室如何画的，这本书根本没有教，只是说了一些概念，一些工具和构图，至于如何下手，没说。不合适我，压根想退。,0.0
真心质量差，小心上当受骗，发给我还是用过的二手货，第一次发错型号 这次就把外面的壳子换了，不要相信评论，刷的。,0.0
这个倒挺实用的,1.0
本来是为了买理肤泉清痘净肤乳凑单的，但那款怪怪的，一直放购物车里，前几天名字自动变成了清痘精华乳，而且觉得是假的，搽脸上居然辣辣的，所以其他东西一起退了，但已经拆了包装的就只好不退了,1.0
超好看的衣服 款式很百搭，颜色很不错，很喜欢,1.0
还不错，就是香味比较浓了一点，稍微轻一些更好,1.0
此次去三亚，共住了3家宾馆，第一家是三亚湾的普通的，感觉还算干净，只是没热水，而且进房间的时候发现了一只壁虎，吓的不轻。第二天住提天域，虽然感觉没有喜来登的好，但是确是此次三亚旅游入住的三家中条件最好的，只是早餐太贵了，又没东西吃.珠江在大东海，所以俄罗斯人特别多，而且当地人去海滩的也多，感觉好像太嘈杂了。我们后来改为海景房，看海景还不错，阳台太小了，简直是可怜，房间还可以，吃的也是恶贵，午餐一个蔬菜、一个点心、一个菜泡饭，结帐要100多，晕倒。还有要提醒的是如果到春园那边吃海鲜，需要有耐心，我们三个人，点了4-5个菜，结果等了2小时，才把所有的菜上完。（还是老板娘亲自出马催，才在2小时之内吃好）,1.0
物流超慢，6天，鞋子质量一般般，感觉像30多块钱的鞋子一样,0.0
环境确实不错，不过普通标间实在是不能住，被子潮得像能拧出水，豪华标间就要好很多了。前台很朴素，相对于整个山庄的占地，显得太迷你了。门童小弟还是颇为勤快的。,1.0
差！客服太差！无良商家！遇到质量问题承认但不解决，也算涨了见识！,0.0
店铺一直挂着39.9的京东促销，点击购买就成了53，有点欺骗的感觉。如果说活动取消了，那么你应该拆掉广告。,0.0
物流挺快的，包装也很好，镯子很漂亮，妈妈很喜欢，已经带上了，哈哈，，有点爱不释手了，客服服务很热情，好评,1.0
没有比这个更差劲的房间了，近火车站。服务一般般,0.0
不错很喜欢 是皮的 快递慢了点也能理解,1.0
第二次购买，质量非常的好,1.0
。。。。。。。。。。。不错。。。。。。。。。。。。。,1.0
超级好看哦  质量也不错,1.0
书好物流太不给力了整一周,0.0
你麻痹  不送螺丝是让老子用铁丝绑？？,0.0
 挺好啊  挺好啊 ,1.0
是棉的，就是味道好重啊，洗了好久了还是很重的味道。能告诉我有什么办法可以去除那种味道吗？？？,0.0
这次是308的行政大床，总体感觉非常不错，就是价格稍许高了点，旁边有个五星的豪华客房才398。估计小天鹅也只有这个房型以上的，看得过去，以前住过的房间实在是很差。以后大家如果要住这里，还是选这个行政大床吧！,1.0
触摸板不太好用，有点小失望,0.0
坑死宝宝了，谁买谁上当。买的都是超霸,0.0
袖子太长，，，肩膀太窄,0.0
款式简单、颜色大方，质量很好，很满意，老顾客了，会再光顾&hellip;,1.0
电池续航能力不太好，只有一个半小时。介绍里说的“华硕Splendid靓彩技术 ”不知道怎么启动。,0.0
酒店的服务不错，我去是预定的豪华大床间，后来因为没有我预定的房间类型，自动给我升级到商务套房。这点还是让人比较舒服。另外早餐现在也还可以。就是因为距离机场比较不远，飞机的噪音比较大。 宾馆反馈 2008年3月14日 ： 尊敬的客人，您好，非常感谢您对厦门丽轩酒店的服务及早餐的认可，对于酒店的软件服务，我们一直在改进。另外噪音问题，酒店于2007年5月份经过重新装修，很大程度上解决了噪音问题。欢迎您的下次光临！,1.0
足浴盆收到，包装结实，材质不错，试用了几天，感觉挺好，有遥控器使用更加方便，振动按摩功能很实用,1.0
东西不好，不好，很不好,0.0
我真的很失望，本来很期待这套书的，结果早上收到的时候发现和我以前买的一套噼里啪啦从书大体相同，只是多了几小本而已，特别失望，觉得这套书白买了,0.0
差评，超级差评，有货还不给发货，原因是看到我特价买了几双，商家算了他们会亏，不肯发货，态度恶劣,0.0
"用料还可以,质量不完美,装好后脚都不齐,一只腿有点上翘",1.0
真心不想说了，只能说以后不会买这家的东西了！差评差评，不值这个价！,0.0
一般吧没想像中好用,0.0
整体不错，性能也可以，就是介绍上写的9300M其实是105M，显卡升级了。。。让我白下了驱动。。。,1.0
不错。。。。。。。。。。。。。。。一直用。,1.0
不好用，差评，并不是特别好用,0.0
我同时买了此书和《兔子汤姆》，这书实在是读不下去，当然它的纸张和印刷是无可挑剔的。图画过于烦琐，看的人心烦意乱；文字更是不知所云，压根不是中国人在说话。奇怪的是它的评级却高高在上，我甚至怀疑自己的阅读水平，或者孩子喜欢？说实话，我家孩子只喜欢那个“小黑猫”的形象，知道了害怕“大怪兽”。倒是“兔子”深得我跟孩子们的喜欢。一家之言，希望没有误导别人。,0.0
质量服务很差买了没几天就坏了，换还推这推那的，没见过京东店也有这情况的,0.0
送光盘。买合订本不方便携带，也看不过来。,1.0
终于有个小孩子的汽车座椅了，可以一个人带孩子出门啦,1.0
控油效果不错，就是不怎么止痒，洗完之后头皮非常痒。,0.0
妈妈很喜欢，说很好用，不错,1.0
质量很差，一点都不值这个价钱，根本就没有他说的那么好,0.0
大品牌，信得过，很好用，不错！,1.0
刷了两回开胶了？什么情况，店家,0.0
银川不大，携程上就只找到8个酒店，一眼看中了绿洲酒店，因为价格不错，248元就有豪华房，而且可以上网，不能上网的我都不考虑！入酒店之后发现房间市价为388，前台给安排的9层，上去一看，不由感叹了一下，房间确实很大，一张大床一张单人床，视野相当开阔，酒店所属地段相当的好，设施齐全，房间冰箱里的食物也不是很贵，只不过去的那天正好是哀悼日，什么电视啊娱乐啊都没有！酒店对面街道里左手边有一家烧烤小店名叫《变态烤翅》有个叫狂魔烤翅，不怕辣的都去试试吧，老板宣传的口号是-专制各种不服，如果有机会的再去银川我肯定还要住这！补充点评2008年5月22日：我住的是9层，门卡一天后好象要重新激活，早餐10元不想走出去吃的话也还行,1.0
非常好，京东商城网购，放心，快捷，服务一流。,1.0
酒店大堂环境不错358的房价还是物有所值，办理入住很快很顺利，让我心情级差的是前台结帐时服务员的傲慢和冷漠态度让人不敢恭维！可能这位小姐心情不是很好对我即是叹气又不耐烦，可是在与老外交谈时态度可以同5星饭店比较一下了。不过这位小姐的形象想进5星还是有点难度哦。,1.0
这次是向第三方购货，成为京东购物最不愉快的一次，客服说最迟第二天发货，但是没有发货，询问时只说尽快，不给明确答复，再问就不理了。而且给客服强调过要包装好，可是仍旧只是只有一个纸盒外壳，发货地与收货地很近，但到货时外包装盒已烂，导致里面货物的包装盒受挤压而裂开。,0.0
裂痕，划痕，这能用吗？,0.0
千万千万别买，他们漏发了许多东西&hellip;&hellip;,0.0
一分钱一分货。以后可不能图便宜啊,0.0
专机专用的钢化膜，全覆盖，不错不错,1.0
如果能够多出一些像报纸那种标准的数独题型就好了，买数独无非是为了打发时间锻炼大脑而已！学习数独类型难道去比赛？,1.0
不好！和图片的质量相差甚远！图片的效果休闲！回来的货拿出看看像校服！！！衣口小还没弹性！扎裤脚的也没弹性！穿着难，布料差一个叹字！衣服不知道怎样好，真揪心！！！！,0.0
无论硬件、软件都非常令人失望的一家酒店。看了前面朋友们的评论，本不愿入住这家屯河华美达的，但由于旅游旺季订房不易的原因，只得前来。入住一晚即离开，建议朋友们不要随便来尝试了。该店大堂偏狭。房间面积不小，但家具少且残旧，感觉清冷空荡。地毯较脏，装修暗旧。洗手间小，浴具洁具颜色陈脏，毛巾邋遢。电视节目奇少。服务意识极差，前台和大堂副理态度倨傲、俾睨房客，且争风好辩。接线生宛若生手，答非所问。仅门童主动为客户拿行李，尚显敬业。早餐的感觉像在招待所一般。向来该酒店内部缺少培训，上下人员完全没有以客为尊的思想。不知道华美达在中国的品牌管理是由什么人操作的。根本够不上四星，听说比起三星的新融大厦也要差一截。也望携程能够加强调研，多为客户提供更加准确的信息。,0.0
快递太差了收到都变成这个样子了,0.0
听说很经典，买来试试！,1.0
妈妈穿起来很好看啊~~还算合适~我妈75公斤~穿起来还算可以~,1.0
非常糟糕的东西，我买了打了不到400张快递单，打出来就不清楚了。带子也起荷叶边了。以前在别家买的打了5000多张才出现这个情况，非常差的东西,0.0
整份物件最满意的就是这盒子了,1.0
质量可以，买大了，明年都能戴,0.0
真的差，买来的充电器是坏的，后来换一个又不一样的，还不承认，各位朋友不要买骗人的,0.0
不太理想，有气味难闻不喜欢,0.0
东西不错就是用着不放便，水和乳液不是压嘴的,1.0
非常好的书，特别是案例，非常 实用,1.0
不错的鞋子,0.0
不错，还可以，不过不算是硬竿，钓了两次，还没钓到大鱼，希望可以钓大鱼试试它的承受力,1.0
给新房子买的，还没有拆开，期盼东西很好,1.0
这个不好用，融化柏油不够强力。,0.0
算起来 在京东买的IBM笔记本也有7八台了 这台配置又有所提升 性能提升的同时保证了 非常高的性价比 散热优良 而且是完美屏 公司同事也非常满意 很大气 用起来键盘绝对舒服,1.0
摸起来不错，也不掉毛！感觉稍贵。,1.0
非常好！满意！京东的送货速度真是越来越快了。,1.0
最多值*钱的破铁皮！！！,0.0
还没看，但愿有帮助。,1.0
还不错，质量过关，速度给力.值得的网购\n,1.0
颜色和想象中的一样，没有色差，,1.0
宝贝也特别喜欢，上脚很舒服，版型也特别好，也不显脚肥。做工也精致。也没什么难闻的异味鞋子是正品，款式简单大方，做工好，穿着舒适，物超所值,1.0
面料不错，穿着舒服，价格适中，送货快,1.0
皮质太差了 光泽度差别太大了 不过这个价格只能这样了,0.0
4号凌晨4点50分左右起来用12期免息白条下的单*，结果拿到手的时候价格变5745了，咨询第一个客服说可以保价，但需要等到签收之后才可以申请，5点下班，等到6点给我送到签收后，回家再次咨询第二个客服说合约机不支持保价，但是可以申请退货，然后再以5745的价格重新下单。考虑再三第二天准备申请退货之前，再次咨询了第三位客服，这位更彻底，白条分期不能申请保价，合约机不支持无理由退货。呵呵，对此真的只能表示呵呵。,0.0
都还好，嘿嘿，给老妈买的,1.0
物流快，无色差，挺不错的，包装好 五星好评,1.0
京东快递不错。用着方便，省事很多。,1.0
看的介绍是加厚的，可是实货比想象中薄了许多，还收运费，不太满意,0.0
这书还真没什么心得，就感觉是被强迫买的，不然我也不知道要来干嘛用的···顺便做一下广告，小店长期在线回收手机、ipad、笔记本、单反相机等等，欢迎骚扰~~~15986601817,1.0
图上看着蛮好，买了以后觉得一般，感觉不是特别好。,1.0
衣服挺不错，老婆挺满意,1.0
很好看，券后180左右，很划算，但不透气，气垫的弹性与耐克的是有点差距，一分钱一分货吧。,1.0
价格是便宜了，但真的一点都不好吃，后悔买了,0.0
翻新的，垃圾，差评！！！！,0.0
自带系统太贱了，分区还是隐藏的。买了个笔记本专用sp3版装上了，有时候不能关机。大家说这个配置装vista行吗？我有套正版。还有这个键盘是不是该买个硅胶膜盖上？灰进去可不好擦。,0.0
商品质量非常差劲，京东有这样的商品真系差劲,0.0
不对应5系列，京东自己也不知道怎么回事,0.0
光驱运行时声音比较大 显卡比较低端，都不如我GF7300GT的显卡 花了我一天的时间换系统，装驱动，现在还有一个‘网络控制器’的硬件找不到驱动 送的华硕鼠标感觉很不好用 电源适配器摸上去很烫手,0.0
本来预定普通标间，到前台才知道没有房间了，故此升级到携程上没有的豪华大床房，房间不大但很干净，我很满意。酒店斜对面是家专卖俄罗斯商品的商店，延路一直走没几步就可以到江边，景色还不错，如果下次出差还会住这里。,1.0
真心觉得不错，以前都不知道怎么写申论，看过书后，现在有些头绪了！,1.0
不错  质量很好  款式宝宝很喜欢,1.0
被人看过的书，已经拆封了的。不好,0.0
机油貌似不错，已经加上了，发动机运转平稳，加速流畅，等一千公里后再评论吧,1.0
很棒的衣衣，物美价廉,1.0
车子装起来麻烦，推起来总是往一边歪，一点都不灵活，申请退货，一直都不批，说跟厂家联系后回电话也没有，这种奇葩服务真少有。想不到京东上还有这样的卖家。车后轮跟前面连接转向的只是一根细细的杆，装起来非常麻烦，着力点做的不到位，所以用来控制方向就不灵活。这种车也就外形可以，质量不值这个价格，不够精细，三岁以下的孩子根本骑不了，只能当推车。,0.0
噪音大   影响的宝宝睡不着   炸出来的果汁渣太多,0.0
被我儿子拿去完啦，成了他的玩具,1.0
我只能说，一切以实物说话。。。。颜色没那么亮，感觉有点旧。。。。,0.0
太小了，风力还行&hellip;&hellip;&hellip;&hellip;&hellip;&hellip;&hellip;&hellip;&hellip;&hellip;&hellip;&hellip;1808,0.0
这样一本鼓吹阴谋式的烂书被这样吹捧，真是国人的悲哀。又是一本快餐读物，像垃圾食品一样令人乏味和没有营养。文笔太差，故事很一般，没深度，缺乏思想内涵，作者的层次还是太低了。估计再过五年就没人提起这本书了,0.0
酒店实在差，房间又小又脏，卫生间环境太差，整个酒店有点像马路边上的招待所。,0.0
破酒店上网慢的一踏糊涂。网卡只有10M的连接速度。什么年代了。还用这么慢的交换机。会还有早餐难吃的要死。没什么东西吃的。连煎个鸡蛋都等不到。还是他们的领班在煎店。一边煎还一边在吃。水果就更没什么好吃的了。住了几次就没吃到什么水果。。,0.0
港货店刚好没货，可这跟在港货店买的有区别，有一股不算很浓的酸，有点稀，泡沫也不一样 不算很理想,0.0
看了一下，讲的还挺细的,0.0
一般吧，不十分理想,1.0
 迪士尼（Disney）米奇米妮儿童雨靴雨鞋EVA超轻防滑男女童套鞋,1.0
"环境不错非常的安静,房间也OK就是交通不方便!",1.0
感觉这个后味很不错，很好闻 ,1.0
卖家挺好的，虽然买错了型号，不过处理的很好,1.0
不好，6公斤的小孩穿上都紧，夏天穿这个相对还有点厚。,0.0
礼盒很精美，里面的产品也是很丰富，每一个都是独立的包装，满意 　,1.0
上身效果不好，线头太多。,0.0
密封性太差了，漏水，有异味,0.0
我好像买的不是这个&hellip;&hellip;&hellip;,1.0
快递员 太不给力了 东西到了 电话的没有打一个给我 还要我打电话过去问,0.0
"上周末刚去杭州游玩回来,住的是这家新侨酒店.也是从携程订的,我的感受是:1)酒店位置真的很不错,离西湖非常近,而且在解放路上,又方便购物又方便找路.力顶!2)房间不知道该如何评论,我订了一间为大床房,在7楼,另一间是标准间,在16楼.感觉上7楼的房间比16楼的标准间要来得旧一点,我是说装修和设施的感觉,但是7楼的大床房反而倒比16楼的标间要贵.这个可能是房型条件所约束了的吧?3)门口还是有较多的人上来兜售西湖一日游包车,茶叶等等,很烦.4)酒店旁边的永和服务质量超差,叫了东西等了很久也不来,东西也做的粗糙不好吃.等去跟他们交涉的时候,他们的态度还很不耐烦.可能附近就这么一家快餐类的点心店吧,没有KFC和麦当劳.5)自驾车在酒店有免费的停车,很好.总之,我比较满意,特别是地段和免费停车的服务.下次如再去杭州,有机会的话还会住这家酒店.宾馆反馈2008年7月25日：尊敬的宾客，非常感谢您选择入住我们酒店并提出了那么多宝贵的意见。您提出的第三点意见，饭店非常重视，也已让安全部加强管理工作，尽量避免在酒店门口出现这种现象。至于房间问题，应该和装修风格有关系，而价格的确是根据房型来定的。您提到的KFC和麦当劳，其实饭店周边是有的，都在延安南路上，步行约5分钟。您下次入住我们酒店时，如有这方面的问题，可向总台服务员咨询，我们将随时为您提供帮助。",1.0
环境很好，冰泉泳场的水很清凉干净，是山上流下来的溪水，天神沟探险比较刺激，要走钢丝，过铁索桥，美中不足携程提供的自驾路线不详细，导致我们在三水绕了一个大弯才找到321国道。,1.0
*店家就知道忽悠～买个东西还顺丰快递！半个月都没收到，收到了天都变暖了*,0.0
实体店试穿在这里购买直接省了快400块，一模一样的东西，最满意最愉快的购物！以后会锁定这里购买的,1.0
我买来的新书 确像是很旧的书,0.0
收到鞋子的时候很惊喜 鞋子没有奇怪的气味 也不磨脚 颜色跟图片完全没有区别 好久没有买到这么喜欢的鞋子了 喜欢的可以赶快下手了,1.0
感觉实际长度和标注的长度有点差异，带着短了,1.0
音不准，还联系不上售后，要么就是服务忙，看来您这是年前太忙了,0.0
挺好滴。 穿着还行。 大小合适,1.0
垃圾的一，很难吃，1块钱都不值，,0.0
"完美的金属外壳, 完美的键盘手感, 整体模具的精度令人称赞. 带有VGA接口对我来说是必须的, 自带的日立250G硬盘号称有7200的速度, 5400的发热和耗电(5.5w), 实际使用比mini1000的1.8寸东芝盘快很多.",1.0
\n真的好用，无味又保湿，厚度也满意，价格真的好值，朋友都叫帮她们买！\n,1.0
京东的包装太烂了，直接把胶带纸粘在礼盒上，不好送人了,0.0
衣服款式很好，很修身，也显瘦，大小正好，同事们都说穿着好看，很满意的一次购物。,1.0
苦丁冲开后有很多渣子 关键是喝着有股臭不垃圾的味道,0.0
感觉没有图片上说的那么好,0.0
这个宾馆最大的特色就是房费里含了一日三餐，虽然我这次晚到早走，只吃了一顿早饭。房间在当地算是不错的了。希望下次能吃到他们的免费午餐和晚餐。,1.0
"今天从网上看到对此书的评价,内容讲的是百龙公司老板孙寅贵恶意拖欠燕郊工地的有关款项,被对方以书面控诉的过程及内容,看后颇感震惊.本来读了孙老板的<公平定律>之后就感觉书中内容象在为自己开脱或辩解(与其兄弟反目成仇的故事和诉说自己在赤水投资失利的故事),今闻此事既在意料之外又在情理之中,一个为了金钱和自己的兄弟自相残杀的人,一个为了泄愤而拖欠工人款项的人,怎么能和一个有社会责任感的人画上等号!小到自己的同胞家庭,大到在社会上与对手的生意,他的做法公平吗?孙寅贵太有?才?了,忽悠不知情的读者!孙寅贵太有?财?了,炒作扭曲的真理!这或许可称作一种?富人的公平?吧!......(在当当网每篇书评的回复中,有关于此事的详细介绍)",0.0
收到一看是别人穿过的，扣子已经开孔了，裤脚口被磨破了，里面的小布条已经皱得不成样了明显被洗过，非常的不爽,0.0
做工很差，两个手柄都非常不规整。比以前买的差远了,0.0
双十一买来囤货的，价格便宜。赞一个！,1.0
不值得买，买回来快门按钮是坏的，退货退回去了,0.0
款式可以，就是车工太差了，这个价钱有点贵,0.0
上面部分不防水，吃个饭衣服全湿了。。。。,0.0
说带电池！带冲电器！结果货到了打开只有车而已！快递还慢,0.0
外观时尚，配置感觉比较高.但无调制解调器，虽然用的机会不多，但是偶尔需要传真时很好用。虽然是LED背光屏，但看不出色彩有比较好。提货处的工作人员中，居然没有技术人员，自己拆机验机没人过问，问个简单的问题也没人可以回答 。,1.0
垃圾东西没有一点用麻蛋的 还说能去油膜 用了是一样的,0.0
相信三能，质量不错。。。。。。,1.0
质量不好，内料硬硬的，外料很滑。,0.0
Clarins 娇韵诗男士活力神采乳液 商品一般，都是快过期的产品了,0.0
一天没用到就报废了，接头断了，一碰就断了，出厂合格了吗？测试了吗？可恶,0.0
这家酒店外表并不怎么起眼，但内部不错，服务业比较到位，对于讲究实惠的客人是很好的选择（除非很要表面好看的人）。值得下次再去住！,1.0
比较薄比较小，比日康小一圈，薄一半，不值这个价，买亏了。将就用吧，送的小球还不错。,0.0
发来的衣服袋子都是破的，而且快递也送到别的地方去了，我带着孩子走了好远的路才拿到。真是气死了，不愉快的一次购物。。。。\n,0.0
宝贝真不错，很好很喜欢，满意的一次网购。值得推荐，好评！,1.0
 价格不错，时间准，外观也很漂亮,1.0
时间不准 调好了还是慢 一个晚上慢一个小时,0.0
在京东上买这么久的东西，第一次有客服发申通的，让我等这么久，尺码还有点偏大,0.0
还不错\n就是号码小了,0.0
太大，比想象中要差一些！,0.0
两小袋，超级迷你，超级小，真不值这个价,0.0
还可以吧，有点儿塑料的感觉。,1.0
垃圾车，买了到现在，修了两次了。,0.0
购买一套，帮公司购的，还可以把。,1.0
过年的时候在外公家看到这两本书看着不错就买了，很值得探究,1.0
故事简单，不过平凡中正反映了生活，主要是作者的文笔使人读来不觉得烦闷。还是挺喜欢的只是，还是使人有点寒心啊，男人总是这样，拿一个女人当作报复另一个女人的工具，然后又喜欢上这个“工具”，原先那个心上人就这么不见了。其实女人也差不多，只是女人这样做要就被男人扁死，要就真的获得真爱。不象男的，只要脸皮够厚总可以磨到女人点头原谅的，可是女人敢这么等吗，一下子就剩女了呵呵,1.0
优点：酒店周边环境比较好，湖景房窗外的风景确实挺漂亮的，服务也还算及时。缺点：外面看起来很不错，但是房间里的设施很旧，隔音效果很差，前台收银员的业务能力也非常需要培训。,1.0
质量很好期待下次再购买,1.0
这是什么东西   啧啧   我也是醉了,0.0
真的很糟糕，才戴两天就进水了。防水三十至五十米不可靠（防水还分热水，冷水吗？谨慎看使用说明）,0.0
该酒店的地理位置很不错（出门左拐就是漕宝路），出门打车也很方便（地铁稍稍远一点，大约一站路），服务员的态度也相当热情，早餐的性价比较高，值得推荐！！宾馆反馈2008年5月20日：尊敬的宾客：您好！感谢您给予酒店这么高的评价，酒店会以此激励每位员工做的更好，您的评价是对我们服务最好的肯定。谢谢！希望您的再次光临及更多的建议。,1.0
感觉不值这个价格，贵了！,0.0
就在崇圣寺后面，酒店环境不错，但硬件设施比较陈旧。地理位置离景点近，但离市区较远，希望酒店能多为客人提供交通上的便利，比如多发班车之类的。,1.0
好吃 每月都往家里卖  母亲也喜欢,1.0
智之虎宝宝早教益智翻翻翻：英文字母,1.0
房间设施很好。服务质量一般。去餐厅就餐，酒吧消遣，最好带一个扩音喇叭。不然很可能，连呼数声都没人搭理你。宾馆反馈2008年4月14日：谢谢您对酒店产品的认可，酒店将加强培训，提高员工的服务技能。,1.0
完美   东西很好,1.0
袖子左右不一样长，厉害。要个发票要了2个月还是没有要到，好吧，你白赚一个差评，然后发票还是躲不了。,0.0
没想象中的好，但语句幽默，四星,1.0
囤货，还没用，比超市便宜,1.0
据说这个版本的很不错。,1.0
书的结构还行，但是看起来并不像其他人说的那么刺激,1.0
洗车方便，水的压力不错，洗刷刷变得非常轻松好玩，跟描述一样。赞,1.0
感觉不怎么样，没什么用。,1.0
"我通过携程定的豪华标间,价格4百元,以为这个价钱至少可以住到干净整洁的酒店吧,至于豪华,根本是没想过;但即使这样低的心理期待下,这酒店还是把我吓了一跳;一进房间就是一股霉味和臭味混杂的味道;等进了厕所,才知道房间的味道与之相比简直是小巫见大巫,简",0.0
一边已没声音了&hellip;&hellip;&hellip;,0.0
很好用，小巧精致。,1.0
经典歌曲，比较好听~~~怀旧听听 听哈的，音质也还行,1.0
很实用，上班一直用着，保冷效果不错,1.0
不好，很容易松，终于把我的手环给丢了,0.0
咖啡应该还可以，没听同事怎么说，就是对卖家的处理方式不太满意！,0.0
还可以，几十块钱值,1.0
太垃圾了，还一大一小无语便宜也不用这样吧,0.0
纱布手感不错，柔软，舒适,1.0
听了几遍，感觉很好，只是歌词有错误。。。。。。,0.0
喜欢这样的扣，样子不错的,1.0
味道很好，很辣，姜的质量很好,1.0
有所不同，像是假货，硬邦邦的请大家三思,0.0
年纪大了，是到看保健书的时候了。,1.0
不是第一次买了 老妈非常喜欢,1.0
爸爸收到了，穿着很舒服，不错,1.0
和实物不符  给一颗星还是给物流的,0.0
真的 价格也不贵 我不是托儿,0.0
行吧，买了后用了最多2次，放一边凉快了,1.0
质量真的杠杠的，超值了,1.0
我买了一个月，到现在还没到我手上，没人管没人问，现在东西都不知道去哪了！我想知道什么情况！,0.0
距二环高架桥太近，有噪音。附近小吃还是不少的。,0.0
垃圾，前置摄像头都盖住了，懒得换了,0.0
总体来说不怎么样的，进入当天需要门童帮助拿行李也是很不情愿的样子，服务员比你还要早就洗好澡了，在你对面的房间看电视。延住几天的卫生打扫也是很马虎，第二天觉得卫生间很臭还要请她们在你眼皮底下再打扫一遍。这家酒店是原来对内的招待所改建、扩大的所以很多酒店该有的实施基本上不具备的，出这个价很不值的！,0.0
不错   感觉挺好的     快递再快一点就更好了,1.0
5号电池盒 3节 带开关 带盖电池座 可装3节5号电池 带连接线 稳定性能好 安装方便,1.0
买的东西不知道跑哪去了，没到。我也不懂，第一次买，按了签收了，货还没到。,0.0
料子很结实手感很好,1.0
差劲的购物   客服有问题不给解决,0.0
貌似我没有收到\n就付款了 \n不美丽,0.0
刚提交订单就便宜几十，什么个情况,0.0
份量足，亮度高，出瞳距离长，旋升眼罩。,1.0
分个豆腐干广告词vbvc,1.0
本来想买独显的机器，可惜这款不是独显的，如果是的话就更好了。 不过本人也不玩游戏，平时工作娱乐都够了。,0.0
以前当年货买的， 还不错，再实惠点就更好了,1.0
"给朋友订的,原来计划2天,结果入住遭遇使得第二天改到凯悦了,1)送朋友入住,所有的车位都上锁,只好找别的收费的,其实在同一个院子里2)办理入住时竟说没查到有订房,不知是携程还是酒店的原因3)房间的床上竟然有一条很长的血迹,恶心4)所以要求换一个房间,被很不客气的告知只此一间,感觉给我房间是给我很大的恩惠和施舍了5)竟然没有热水洗澡,朋友强烈要求以后不要再订这家酒店了",0.0
不是很好，没什么用，建议,0.0
挺好一直在吃。就是奶粉不好买，只能在网上当地没有,1.0
很适用的包包，也很潮，老婆很喜欢的！,1.0
发货速度快，挺好使用的，赞一个。,1.0
款穿着很帅气，做工也很棒，码数合适，满意好评,1.0
很喜欢。速度非常快，。。。。,1.0
还可以皮质不算很好,0.0
价格很实惠，穿起来还不错，漂亮   ,1.0
房间很干净 完全对得起3星的标准 服务态度也还可以 保安警觉性也满好 也满安静的 早餐很差 不是一般的差 除了早餐外 其他都满满意的。,1.0
。用牛肉的箱子装的。喝了快半桶了。感觉是假货。宝宝喝了之后老是吐的   开始我以为是吃坏什么了。一直是吐。我从超市从买的雅士利。宝宝喝了就没吐。,0.0
\n作为参考手册不错,1.0
刚拿来试了一下以为小了，没想到没穿洗了一次长好多，太大了没法穿，不是在旗舰店买的吗？为什么发货单会是一个手写单子发过来呢，感觉像骗人的,0.0
对该酒店还是比较满意的不管在硬件设施还是软件设施上都是不错的和该酒店的星级还是满符合的,1.0
给朋友买的，都还可以的,1.0
不吐不快啊，最不爽的一次网购经历，在这边给赶上了，这么小，看图貌似很大，强烈怀疑图片是用大容量的拍摄的，问下没用过能退货不？,0.0
这本书没有想象中好，书的中心意思用两句话就可以概括“只要孩子愿意，父母每天都要陪孩子亲子阅读，而且亲子阅读越早越好”“父母要给孩子树立阅读的榜样！”。,0.0
服务应该再提升一下．怎么也要符合五星的标准啊,1.0
汽车站下来后碰到了几个酒店拉客的，喋喋不休，于是通过携程预订了这个酒店。曲阜不大，酒店在曲阜城的北关，从车站过去大概1公里左右，后来坐一个三轮车过去的。4快钱比想象中的要便宜。酒店就是80年代的镇里面的招待所的感觉，大厅黑压压的，过道中N多垃圾，没人打扫，房间里地毯黑乎乎的，房间又小。马桶里也黑乎乎的。。。。另外问前台服务员有没有曲阜直达上海大巴，均被告知不知道。结果只好预订了济南回上海的飞机，第2天早上去车站坐车去济南的时候，顺便问了下售票员说曲阜到上海的大巴有好几班，特别是下午1～3点间有好多济宁等地去上海的过路车经过的。。。但机票已经预订好了，只好返回济南再坐飞机回去的。在离酒店100多米的地方有个曲阜国际青年旅舍，看起来不错，应该挺干净的，家庭房价格也就120块，比裕隆便宜，建议下次大家去这儿住。补充点评2008年5月2日：哪儿有水果送？？？估计今年改了。,0.0
一般一般一般一般一般一般,1.0
书中很多方法其实说记住很难，但是真哪儿不舒服了，翻一翻就有收获。前两本都看过了，但是按摩经络经常偷懒，看这本书又能督促自己坚持按摩。总是有人说经络不能证明了，中医怎么怎么样了，以前经常会气愤，我现在觉得中医不单是一种医术，更是一种哲学，一种宗教，一种艺术，和西医是没有可比性的，信中医的人就是缘分，不信的人就当是他无缘罢了，没必要气愤。中医的魅力，值得用一生去享受。,1.0
包容是一种修养一种成熟，这种修养表现出来的不是软弱，相反是力量是魅力是过人的目光与胸怀；是对于人性的深度理解，是对于利益的整体把握，是对于个性的充分尊重，是对于共存原则的贯彻与实施。包容是一种整体观念，是一种高瞻远瞩。试想一个成熟的人，怎会在一个耍无赖的小孩面前耍无赖?试想一个君子在小人的伎俩面前怎会与之计较？书的内容好，值得一读,1.0
我买了两条却给我发了一条，让我很生气。工作太度差！,0.0
最便宜的平衡式燃气热水器！,1.0
"我是10月5日到万豪住了一个晚上,说真的绝对不能和五星级酒店联系在一起.服务意识确实不错,但晚上以后好象酒店自己有一个象是夜总会的地方,音乐响到凌晨2点多,嘈死人了.以后再也不去住了.",1.0
"酒店周边环境尚可,离火车站5公里左右,算远,房间空气不行,较旧.不推荐.",0.0
鞋子应该被穿了很久  有很浓的异味,0.0
颜色真心漂亮，很正很亮又不灼目的蓝色，大小非常合适，厚薄适中，各种满意！,1.0
款式时尚，皮质柔软，铆钉好看，做工也很精致，很满意。,1.0
非常不错的宝贝，就是卖家选的中通快递不好~~好磨叽,1.0
是我通过携程订到的最烂的酒店。7月18日入住，当时是300元/天，我看最多值80元。 1、房间墙壁斑驳； 2、设施陈旧不堪； 3、卫生间奇小，且看起来非常不干净； 4、价格昂贵； 5、竟然还要信用卡担保，不知道是携程变态还是酒店变态； 6、前台态度还不错。 在秦发酒店的北面就有报业商务酒店，价格公道，设施干净。再往北还有海岳商务酒店，可惜是新装修过的，味道太大了。,0.0
一看就是假的，随便找一个快递方便袋一装，很不满意，之前在李宁专卖店买的都是精品包装，里面的塑料袋都不一样，京东也有假货，伤心啊&hellip;&hellip;,0.0
宝宝还在适应，已经积分了,1.0
少了克钉，很差的椅子,0.0
这是一本单词书，不是口语书。,0.0
是的速度速度速度速度速度速度速度速度,1.0
不满意，联系不上卖家的，码数过大，,0.0
刚打开还是有些味道的，在阳台晾24小时基本就没有味了。质地还是很不错的超值。,1.0
"从地段,星级,价格,环境和设施考虑,此酒店相当不错.如果没有其他因素,下次还会再住.为使贵酒店良性发展,特提醒几点:1.酒点总台服务小姐不够专业,没有职业笑容.2.房间(1117)水龙头和下水出问题,有人报修和管理吗?这牵涉到资源,成本,信誉和服务.3.空调整夜发出流水的噪声(分贝可能不小于50),可能会影响许多客人的休息.希望下次来住时得到改观.",1.0
大品牌，值得信赖，功能很全很强大，手感重量等都适中，用了几天了，感觉很好,1.0
隔了十几年又买《CD圣经》，感觉印刷、装帧好多了！,1.0
这件收到货后，有异味我能理解，晒两天就好。但是实物的颜色与照片的颜色简直了！实物铺开后那整体看上去浅灰 （偏点黑），显脏兮兮的。我只谈颜色，别的还行吧。,0.0
速度还行，就是包装有点不好，书都变形了，好像久的一样，退还麻烦还是算了吧。,0.0
有些例子不够典型，有滥竽充数之嫌，希望看到的是一些不这么幼稚和明显的中式英语（一般情况下略略学过英语的人都不会犯书中所举的低级错误），应该写一些类似文化差异所造成的“笑话”，如blue story，大多数人只知道blue是忧伤的意思，其实这里变成了黄色小说的意思了。从排版来说，该书还是有可取的地方，看起来比较轻松，有些还是比较好笑的。,0.0
还没看~感觉差。。。但是也便宜,0.0
很棒，喜欢，会推荐给朋友,1.0
最后一个特典版，包装很好，赠品很多,1.0
"早餐丰富. 服务人员态度不错. 但是入住时发现卫生间有积水,housekeeping 来检查未有结果以为是我们的小孩子搞的,心情落差.擦干后半小时内又有积水,他们只能叫维修人员,原来是水斗的一个接头坏了.口头对不起. check in & check out比较快. Italian餐馆味道不错,服务很好.价格跟上海差不多. 4楼海景不够好,应该往上层更佳.去海港城和广东道不够方便",1.0
很喜欢 京东快递给力 \n,1.0
同意前面的弟兄们，周围都在拆迁，环境交通很差，地铁很方便，但是房间很好。不知道酒店会不会也被拆迁？有点好奇补充点评2008年6月26日：checkout的时候很郁闷，我都等半天了，总台小姐竟然先办人家插队的人，鄙视，懒得去争了,1.0
听别人介绍了说挺好的，我就买了，但是儿子一点都不喜欢，我也不怎么喜欢，呵呵,0.0
发票发的不对  要求补办 没人受理  欺骗消费者的卑劣行为  真是佩服,0.0
鱼线质量太差了，用手亲亲一拉就断了，切,1.0
"芙蓉丽庭酒店的房价比成都其他的四星都实惠,升级入住的行政楼层，房间很大.该有的都有了，无可挑剔。很有文化特色，离文殊坊挺近。房间里细节都考虑得很好，给人很温馨的感觉，不错！宾馆反馈2008年6月13日：尊敬的客人：您好！感谢您对我酒店的关注与支持，期待您的再次光临。祝工作顺利！",1.0
"这次去金源他们的服务意识好象提高了,走进大堂会有人主动和我微笑,前台的态度也比原来热情了许多,感觉好点点了.原来啊,叫一个冷脸...也许以后会来的比较多,只是ctrip不提供含早餐的房间么?这点我觉得不够周到啊.房间这次住的是598的,似乎只是比498的楼层高点,其他再无任何区别.但事实上,金源头即使是同一层,他的房间有区别,有的我记得会大点,有的会小点,我是说即使价格一样的话,希望ctrip以后能向客人交代一下下.",1.0
住过的最差的酒店，怀疑上面留言的全都是酒店的托，还说是衡水唯一的四星级酒店，刚进房间的时候地上还有瓜子皮，房间很不好，服务态度也很差，屋子里还有一股味道。再也不会去住了。,0.0
小巧方便，值得拥有,1.0
买现代文阅读，买错了，书的质量很好,1.0
hhhjjhggjkkhghjihghuhhgty,1.0
\n纸张差，字体模糊，和新华书店的正版书，完全是两回事！,0.0
位置很好，在中山广场和卓展广场附近，有超市，但是酒店房间较小，设施老旧，有很大味道，早餐还好。,1.0
感觉质量很差，没有想象的好，不是正品,0.0
"重量偏重,今晚用出现网络连接不上的问题,后又恢复正常,不知道还会不会出现这种现象",0.0
没看清楚，洗面奶和乳霜随机发，上当了,0.0
挺好的，使用很方便，做的面包还可以。,1.0
很好看，很卡哇伊，质量也很好，很喜欢哦,1.0
单人间实在太小了，桌子柜子都没有，连放旅行包的地方都没有，吃饭只能坐在床上，拉唯一的椅子当桌子，不通过携程预定的话，这个房子150只要98，算特价房了！,0.0
这个酒店，本人已经是多次预订、多次入住了。 个人感觉现在是越来越差。 6/17早晨3点多，还是那一班火车到的的苏州，到锦地星座时大约4点，以为还能像以前那样顺利办理入住。 接待当时都趴台上死睡，叫醒他们，希望办理入住，答复是：不可以，还有2小时才6点，6点后才能办理入住。如果6点前入住，要交一天的房费。我问能不能提供一下方便，按钟点房计费或者先给我住下，将相关的手续办到6点以后（以前都这么做的），接待的很不客气，说没办法。要么等，要么走。 NND，LZ火冒三丈，但也不能跟这些人计较啊。 从后门（富仁坊）出去30米，到汉庭住下了，人家那服务态度让人感觉真是宾至如归啊。结算按的是一天房费。需要说明一下的是：房间、设施跟锦地星座完全是一样的。只是没有早餐，那个值班经理还给我拿了15元的用品作为补偿。而房价只是锦地星座的一半。 终归到底一句话，下次是肯定不会再住锦地星座了。 宾馆反馈 2008年7月7日 ： 首先对您多次入住本酒店表示忠心感谢！您提出的问题酒店领导层高度重视，并进行了整改。本酒店就您提出的入住时间问题予以以下说明： 根据行业规定，本酒店针对每天06：00点以后入住的宾客只算当天房价，您前两次来本店的入住的时间是：06：06分（06年8月24日），05：59分（08年5月22日），当时总台服务员给予变通解决，而您6月17日凌晨是03：45分抵达本酒店，离规定6；00点相差时间较长，当时总台服务员给您作出了充分解释。尽管如此，您的意见我们仍会虚心接受，以后针对此种情况，我们会作出变通处理。再次衷心地欢迎您下次人住本酒店。,0.0
一直用，很好的，宝宝也喜欢，每天起来屁屁很干,1.0
衣服很漂亮       大小正好,1.0
真心不咋地，不咋地，不咋地,0.0
小了点，但碗厚度还将就。。。,0.0
东西不错，就是有一个地方有个小裂，都不敢用手去摸，质量好，,1.0
USB接口呈上下重叠设计，过于紧凑，USB设备不可太厚。光驱噪音大。 硬盘噪音大，在BIOS里将磁盘性能调为最高性能可开启SATAII，ATA133，此时噪音可较前减小一点（建议换用西部数据硬盘）。,0.0
一般吧，不是很细致，,1.0
还算好看，但是感觉不值这个价钱，性价比太低,0.0
爸爸很喜欢，东西很好，很漂亮,1.0
"前台的服待客人都是不耐的子,住酒店的大概都是地人士,教一些地的是的,度真是不好;另外,居然有忙打的服.....;房及其他施,算是可以.",0.0
好，好的那个喜爱娿大大,1.0
穿了两个月，底磨烂了，上面的PU裂开了。便宜没好货啊,0.0
买来当早餐，还是很不错的。,1.0
拿到宿舍发现碟片碎了,0.0
只是冲着品尝一下安徽的名茶，还不错，感受到了。,1.0
质量不错，老板发货很快，很满意。,1.0
潮州迎宾馆确实装修了，不过里面还是那样，隔音效果差，旁边有人开门洗澡听得一清二楚，半夜尽然有老鼠在空调出风口捣乱，另外，房间送餐服务及其差劲，不按餐牌送餐和划价，建议出去吃,0.0
"给本酒店差评.遭遇如下:1.入住时被告知没有预订的'园林景观房',理由牵强,说是携程的订单不清楚.无奈,准备接受.2.进房间发现一个房间在一层,很小,没窗户;同事的房间在另外一座楼,没宽带.提出调换,前台语调柔和,态度强硬:只能按'酒店价格'加钱.想和领班领导'商量',不可能;同行的男同事急了,声音提高了两个音程,前台才打过电话,竟然当面断章歪曲事实,称'有两名顾客,非要换房型,还不加钱.'..我们顿时气得无语!持续近40分钟的争执终于引来了一位'管理人员',听我们说明前因后果后,给我们按原价换了'酒店自己的园林景观标准间'(不明白通过携程订的难道不是酒店自己的房间?...)3.进入新房间,发现这才是所谓的'园林景观标间',还不错.可是...到了晚上,发现宽带不能用,据说系统刚装,还需调试,另外一条电话上网线(ISDN?)和我们公司的网络设置有冲突,网管人员倒很好,帮忙调试了一个多小时,又拿来电脑测试,已经快半夜12点了才终于成功..4.早晨起来,贵而不实的早餐让我们对酒店的不满更添一层.是有始以来,因为酒店而感觉最郁闷的一次出差.宾馆反馈2008年7月7日：尊敬的客人您好，针对您的反馈，酒店回复如下：1、我们会再次确认与携程网合作提供的房型和数量,以及预订单的详尽描述,避免类似的事件再次发生!2、我们会再次确认所有预订的要求及价格,园林景观房内是同一标准,不管哪种方式入住酒店的客人享受的待遇都是相同的,对于您和您朋友的遭遇,我们深表歉意!对于前台员工的接待用语及服务态度,我们会加大力度培训和考核,真心希望通过我们的工作可以让每一位到店的客人感受到亲切和周到!3、我们确实有一段时间在更新店内所有网络系统,在这段时间给您带来的不便,我们深表歉意!4、酒店餐饮部已对早餐的品种做了大幅调整,目前的品种十分丰富且营养均衡,真诚邀请您有机会再次光临本酒店,我们将为您上次不愉快的经历作出最大限度的弥补.再次感谢您入住本酒店,期待您的再次光临!",0.0
去欧洲玩的时候看看历史，不会无聊，呵呵,1.0
还行，就是缝接口在里面有点扎,1.0
帮同事买的，自驾游。听说不错，有点用。,1.0
轻便，而且样子不错，速度也很快，送的内存已经装上了，杀毒软件也用上了，小黑鼠也很喜欢，不错。,1.0
质量好，配件合理。,1.0
能否告诉武汉武昌洪山区雄楚大道快递公司联系方式电话号码？,0.0
收录了《筠廊偶笔》、《今世说》、《虞初新志》、《坚瓠集》、《在园杂志》、《履园丛话》、《归田琐记》、《浪迹丛谈》、《茶余客话》等二十种有清一代极富文学价值与史料价值的笔记小说。书很好，很全，印刷很棒！,1.0
就是送的链子的颜色不好看,1.0
入住了“高级房”，但是觉得房间硬件一般，不是很宽敞。 服务还可以。,1.0
总体来说，很喜欢索菲特，这一次本来不想住索菲特，因为藏独事件，但客人喜欢，总体感觉不错。,1.0
儿子33个月，是相当喜欢这本书，一个晚就贴完了所有的贴图书的质量我感觉很不错，很满意，纸很厚，孩子贴完想重贴一下，也不会把纸弄坏。书中涵盖的内容很丰富，有点数方面的，有创意方面的，有图形分辨方面，孩子很感兴趣，很容易上手。家长只需配合给孩子讲出图中的要求，孩子就可以完全凭借自己的能力完成这本贴图，很有成就感，鼓励了他的兴趣。,1.0
很好很喜欢！！！！！！！！！！！！！！！不错的哦！！！！！！！！！！很好很喜欢！！！！！！！！！！！！！！！不错的哦！！！！！！！！！！很好很喜欢！！！！！！！！！！！！！！！不错的哦！！！！！！！！！！很好很喜欢！！！！！！！！！！！！！！！不错的哦！！！！！！！！！！很好很喜欢！！！！！！！！！！！！！！！不错的哦！！！！！！！！！！很好很喜欢！！！！！！！！！！！！！！！不错的哦！！！！！！！！！！很好很喜欢！！！！！！！！！！！！！！！不错的哦！！！！！！！！！！很好很喜欢！！！！！！！！！！！！！！！不错的哦！！！！！！！！！！很好很喜欢！！！！！！！！！！！！！！！不错的哦！！！！！！！！！！很好很喜欢！！！！！！！！！！！！！！！不错的哦！！！！！！！！！！很好很喜欢！！！！！！！！！！！！！！！不错的哦！！！！！！！！！！很好很喜欢！！！！！！！！！！！！！！！不错的哦！！！！！！！！！！很好很喜欢！！！！！！！！！！！！！！！不错的哦！！！！！！！！！！很好很喜欢！！！！！！！！！！！！！！！不错的哦！！！！！！！！！！很好很喜欢！！！！！！！！！！！！！！！不错的哦！！！！！！！！！！,1.0
明明缺货却不显示，没货了也不通知一声，收货时才知道没有这个！当当就喜欢骗人！,0.0
可惜跟被人的拍子碰了一下就掉了漆  ,1.0
质量还行，螺丝不对，到处去买,0.0
帮朋友购不太清楚帮朋友购不太清楚,0.0
"整个房间也太小了点,所有的加一起大概才十平米左右!床单是脏的.",0.0
出游方便，物有所值，买对了,1.0
买回来 很后悔  纸张跟盗版差不多\n,0.0
"2月14日入住,服务不错,服务员很热情,会主动问好;退房延后一小时也很容易就答应了.硬件差点,房间有点旧,我订的是山海房,只能看到一点点海,房间隔音不好,入住第一天时听到了别人房间里MAKELOVE的声音,很大动静很清楚.二楼中餐厅价格在亚龙湾大概算便宜的反正比百花谷的彩蝶轩便宜,而且口味更适合北方人.早餐也很好品种很全,158元的自助晚餐一般只比早餐多出一些烧烤的东西而已,因为天气冷也没有表演.",1.0
不錯！京东自營品牌商品就是不一樣！,1.0
位置不错，在磁湖风景区，不巧湖北大雪，没有机会出去走走。交通稍稍不便，确实只是适合自驾车的客人，打车比较难，只能等送客过来的车，前台虽然帮助叫车，但是能叫到的机会不大。房间还不错，够得上四星标准，不过贵宾楼和主楼距离有点远，宾馆也没有安排接送什么的，雨雪天很麻烦，看来是服务还是不上档次呀！,1.0
我是听西门子的朋友推荐选择这家酒店的，订的豪华间，总体感觉不错。酒店不大，总共7层。但装饰的很典雅精致，有点像英国的AmberleyHotel。入住时发现这里日本人倍儿多，听说是丰田的。房间是落地窗，挺干净的，可以看见花园。床还算舒服，早餐口味也不错。这里服务挺好的，没有前面朋友说的那么糟糕，听说我是西门子的还主动帮我upgrade！而且宽带免费，赞！,1.0
京东客服太差，一直打不通，因为是装的DOS，还要自己重装，再这样下去会让很多电脑小白转向实体店的。,0.0
就这样了，能用,1.0
非常感谢携程的服务。因为酒店与携程之间的优惠活动，才有这样440元可以入驻豪华房间这样的非常实惠的价格。而且酒店的服务也很到位。将近半个月的入住，给我留下了非常好的印象。虽然以前也住过该酒店，但住的是不同的房型，这次的评语适用于17楼的豪华房间。,1.0
房间设施比较简单。服务员服务也一般，隔音比较差。晚上的骚扰电话，唉，不提了,0.0
有了它，挺好的。再也不用手扣了,1.0
凑单买的，小小一本书书还行。每次家里烧菜的那位总问要吃什么啊，有它就可以参考参考了呵呵。,1.0
刚用太差长度都不到买的尺寸头上梢头都没有,0.0
连东西都没见着，不知道给送到什么地方去了，时间到了自动确认收货了，不想多说，几十块钱而已，就当买个教训,0.0
花朵很新鲜，包装也漂亮。很有档次。,1.0
衣服不怎么样，现实与图片有差距,0.0
对不起！我装不上。我申请退货,0.0
基本不热，最多20度，冬天用只能说不冷。原先说退货的，老公嫌拆下太麻烦，说不热也不冷，将就用吧，应该表扬的是京东售后，服务非常到位，这边申请退货，那边就下单派员取件了，快寄员也客气。,0.0
认识自己，改变自己，幸福人生。,1.0
质量不错，大小也正好！,1.0
鞋里面有刺脚的东西，,0.0
非常好，真假待监定。,1.0
不值这个价，***钱的东西,0.0
不比相片好看，东西一般。,0.0
不喜欢这个系统的人怎么办呢？而且能在送一些小赠品就更平衡了：）,0.0
给家里九岁小孩练字用的。看来挺喜欢。,1.0
物流公司慢：三天就到县城了，不知为何圆通不打电话，害得我一周多才拿到货,1.0
otaku必备，素晴らしかった,1.0
没有想象中好，好象是假货，用了红屁屁快递哥服务一般给1星吧,0.0
差差差....................,0.0
少了个胶垫，不过不影响使用,1.0
这奶粉太甜了，孩子吃着上瘾。,1.0
质量太差，好像 是旧的，上面有划行，一看就是差品质的东西，塑料是差的，有毒，质量太差，小做坊的产品,0.0
"总体而言卫生尚佳!但不能自己烧水,不含早 餐的房价显得偏高.地理位置还好.建议住客到酒店对面的一个早餐店去!",1.0
和女款一样，时尚，但是有点小，戴起来看着太贴脸了,1.0
鞋子收无色差大小刚刚好孩子穿着时尚有气派,1.0
每次去江门都是住这个酒店，交通比较方便，房间有点旧,1.0
电视清晰度是不错，但是收到电视的第二天，电视开始闪屏！！申请售后中、、、、、、过后再来追评吧！,0.0
质量很糟糕&hellip;     不好  不好 不好,0.0
不怎么好吃，尤其是烟熏的！,0.0
差差差 两天就坏了 无语,1.0
"春节去住了一晚,进门就像到了一个大市场,晚上快12:00了,竟然还人声鼎沸,感觉很闹.房间进去后感觉还可以,不过卫生间很差,淋浴没有门,撒了一屋的水.整体感觉就是3星标准.第2天换去香格里拉了.以后也不会再去!",0.0
很好的一款衣服。质量好，性价比高。还会再来。,1.0
码数偏大，质量不好有点丑有点差。气味非常大。有些发硬的材料,0.0
不是我要的，不好,0.0
很好的一间酒店！中式花园设计景观优美；房间刚作翻新，没有残旧的感觉，一赞。服务员态度良好，乐于帮助客人解决问题及安排行程，再赞！有单程免费接送，客人抵达张家界时无须操心交通，三赞！但要注意，那个多次进出森林公园的通行证，只适用于黄石寨入口；另外酒店的位置离城区较远，打车不容易啊！,1.0
"亚运村地区, 以这个价格, 还是相当不错的. 交通方便, 楼下的酒楼很有特点(味道江湖),日日客满, 8:00PM以后有表演, 相当不错,来晚了占不到座位.",1.0
充气枕和眼罩都发霉了，第一次买到这么恶心的东西，很差很差，很生气,0.0
速度太慢了，好几天，到底旅游的人没用上。,0.0
和卖家说得一摸一样，做工上，裁剪上都是一流的，穿上后非常合身，有型，还送了一个小本本而且卖家客服服务也非常好，每一个问题回答的都很详细，我还会光顾本店的！提前告知买家们看中的赶快下单购买。,1.0
"筷子很轻,有几支不能沉入水,还有1支因为筷头上没处理好露出了本色,完全是白色的,有些担心外面的黑色是不是上漆的.刚开始有点干,盐水泡后上了2遍橄榄油,看起来漂亮多了",1.0
质量不好有烂'洞,0.0
不是所有的房间都有阳台入住记得要问一下向马路的单床间两头的都没有阳台服务很好隔音很差尤其是晚上只要有人在走道说话一清二楚,1.0
被子很好，很舒服，很值得购买,1.0
赠品。但很实用，可以有效的保护镜片。很贴心。,1.0
是发错了吗？这色差不是一般的大。失望失望！！！！,0.0
快递被打开了，里边有指纹。不开心,0.0
送货时间太长，年前订的货，今天才收到,1.0
货都还没到，居然说交易完成！！！,0.0
为什么没有调表器，一般买手表不都有的吗,0.0
物流慢，忍了，质量差，不能忍，纯粹是冒牌货，一个阿木童的标识都找不到，别以为发个*的红包就给你好评，我可没那么容易上当,0.0
这本书觉得买错了，没有什么用处。,0.0
不错，吃冰淇淋正好用到。,1.0
还没有开始用，希望是真货,1.0
鞋子收到了。质量很不错，没有色差， 大小刚刚好，不磨脚，很舒服. 热情，周到，耐心.,1.0
都不错的了。。。。。。。,1.0
做工太粗糙了，全是线头，里边的衬还没缝上，勉强给两颗星吧,0.0
"机子用了一下感觉速度不错,外观做工什么的都不错,温度不高。较安静。装vista性能。4.0 都不错",1.0
物流很快，但是质量不怎么样。,0.0
"已经多次给客户订这个酒店了,这次是自己第一次去.房间非常好,虽然只是标准大床房,房间也不大,但是设施齐全,很舒服,干净整洁.唯一不太满意的是房间的暖气太热了,尽管我已关闭了房间内的中央空调的开关,但温度还是很高,看来这个开关不能控制房间的温度.自助早餐比较一般,不是很丰盛.希望房价能包含早餐.",1.0
严重差评，说是超级加密，质量还不如三福特价10块的好用，亲们千万别上当了，忽然就想说支持国货，差！差！差！怎一个差字了得。然后把那张图附了，那张婴儿肥,0.0
没有一个月鞋底就坏了,0.0
东西相当不错，给两块电池，一个座充！物流不是很给力,1.0
慢慢慢慢慢来慢慢腾腾,0.0
很不错！样子跟图片上的一模一样,1.0
鞋子巨烂  大家不要卖 买了就上当,0.0
做为赠品还是相当划算的,1.0
很好的一个酒店。比路桥的南苑e家性价比要高的多。早餐非常丰富！超值！座便居然是带清洗的，我住过的酒店这是独一份！出门正赶上下雨，向前台借了一把伞，居然不要任何担保，这份信任让人感动！椒江、路桥、黄岩地区我肯定是作为首选了。补充点评2007年12月20日：光表扬，忘记批评了！酒店的空调不制热，问了前台，结果到我退房也没给我结果。还有个好消息，酒店换床了！据说被子也要换。那就更完美了！,1.0
让开的发票呢？？？完全就是偷税漏税。。。明明说好的发票，结果打开盒子就只有裤子，没有发票，几个意思？？,0.0
发货很快，给公司买的，还没有使用,1.0
没想象的好，收货时还不给验货,0.0
环境舒适、服务细致、价格适中。有独特三项超人之处：一是免费接机，二是有盒装品牌牛奶赠送（不像别的酒店是奶粉冲泡），三市内电话随你拨。从一名普通消费者的角度，我也借此机会谢谢和玺酒店的优质服务，也祝和玺酒店越办越好。,1.0
挂羊头卖狗肉，发的货和要的货不一样，退货还要自己付运费，,0.0
性价比不错，本本的外观手感以及性能都还不错，到底是大品牌的东西。,1.0
掉黑毛毛，这裤子，一般啊,0.0
效果不是很好了啊，开始用了10天还不明显后来脸上就开始长痘，越用痘越多问客服说是正常现象自己就会慢慢的消但是我已经用了一个月了，脸上比没用时痘痘还多，脸上的红肿痘痘也没见太大变化，为了消痘我居然又买了一次（害怕用其它的产品痘痘产生过敏），感觉自己都有一些作践，不知道其它人用后的效果，反正我的很不理想，如果我另外买的套装慢慢的把我的痘痘消了，那我会在那个评论里说明,0.0
质量差，用了半个月，盖子就盖不上了，第一次给差评,0.0
帮朋友买的，其他还可以，只是偏小了，已经是L码了，没得换了,1.0
为提高作文而买的，看看是不错。,1.0
没想像中的好，行文太随便，只是小品和书信的随意结合体而已。谈不上系统的知识介绍。,0.0
左右肩宽见图左边12.5cm右边14cm。这是为高低肩残障人士设计的吗？还有口袋。封的那么垃圾，左边口袋正常。右边缝住了皮。你们没有质检吗？五金也是醉了。总之差评。,0.0
"书都没收到就要我发表什么评论,不知道当当是怎么做事的,缺货也不通知,就知道收钱~~",0.0
忍不住再说几句，这本书大多内容是参考其他书籍的，例如P37，内容是参考《金属切削机床》的，参考就参考吧，无可厚非，让我郁闷的试图3－74的 b)，其中标注a b，根本不知道这是干吗的，文中也没有说明。类似的事情，本书太多。我怀疑（是怀疑，没有啥证据）这本书是编辑把握总体框架，教师给素材，研究生做整理。事后没几个人做总体阅读。若没有猜错，第三版也很可能存在这些问题。拭目以待。,1.0
不错的酒店，要求延迟退房，第一次同意延到下午1:00，第二次电话，延到了下午2:00。缺点：房间隔音不好，能听到隔壁房间电视、衣架的声音，和人声,1.0
最没用的一本书，卖后悔了,0.0
物流很快，料子不错，也很舒服，非常满意,1.0
到达后前台看了我手机上的预定确认的短信，又翻查了一些FAX，仍说没有接到过携程预定通知，直到我用手机打了携程电话要服务员接听才得到房间。不知问题出在哪里？酒店在十字路口，入夜都非常嘈杂，主要是汽车长按喇叭的声音。若非出差需要（靠近客户），不会住这里。下次也争取不再入住。酒店设施一般，早餐7点开始，但到8点半都还没有多少可吃的，早退房的相当于没有早餐。,0.0
真心不想说了，我从来都是穿四十三的要鞋，买一双竟然穿不下，换货又麻烦，就又买了一双，明明说要的是四十四还是给我发四十三的过来，是不是觉得老子的钱好赚啊！,0.0
孩子非常喜欢，今天带去看了看，感觉很好！质量很好，,1.0
"书的内容不多，其中很多剧照，三两下就翻完了。中间部分的访谈比较专业，篇幅也显得比较冗长。从书中能感受到那个时代成长过来的不易,特别是写到演完《英雄无悔》之后成了红人，却还是住在旧胡同里的宿舍，与那些爷们冲凉，蹲茅厕，感受着别人的眼光和指指点点，蛮感慨的...通过这本书可以看到一个公众人物在平常生活的另一面，喜欢的可以买来翻翻。",1.0
复旦大学出版社的书印刷质量这么差！不敢想象！一共有19页的缺页，没兴趣看了！辜负我这么信任京东！,0.0
是塑料的，根本就不是什么钢化,0.0
一分钱一分货吧，质量真不怎么样,0.0
还行吧，质量不知道好不好,1.0
这个一般吧，印尼的东西,1.0
你妹的，什么都打不出来，骗人，坑人的。MDB,0.0
材质不错，只是抛光度相差什远，这大大的降低了玉的高贵典雅特征。给四星！,1.0
不是正品，我就是做美容的，感觉自己店里的安植有点贵，买来的时候还有点窃喜，谁知和店里的一比，竟然不是正品，伤心,0.0
风格很搭配，非常好看，要是两面都是数字就更喜欢了,1.0
垃圾，大家千万不要买，买了会后悔的！骗人货。骗子,0.0
骗钱的烂书，这个出版社出了不少，且都超贵，想钱想疯了。《喜剧难写:一位好莱坞编剧的真实告白》讲解了该如何进行喜剧大片剧本创作的一些技法。全书共分三大部分13章。第一部分第1章，如何拼尽老命（或者喜剧大学英雄联盟），第2章，喜剧点子（亦称，不恰当的重要性，布鲁斯兄弟不是学习的榜样）。第二部分：第3章，喜剧角色（亦称，一个傻蛋的旅程，或我认识那样的人），第4章，滑稽和温情（亦称，青少年流氓集团，群狼战术）。第三部分第5章～第12章，介绍了喜剧的8个序列；第13章，对剧本写作进行了总结。《喜剧难写:一位好莱坞编剧的真实告白》讲解了该如何进行喜剧大片剧本创作的一些技法。全书共分三大部分13章。第一部分第1章，如何拼尽老命（或者喜剧大学英雄联盟），第2章，喜剧点子（亦称，不恰当的重要性，布鲁斯兄弟不是学习的榜样）。第二部分：第3章，喜剧角色（亦称，一个傻蛋的旅程，或我认识那样的人），第4章，滑稽和温情（亦称，青少年流氓集团，群狼战术）。第三部分第5章～第12章，介绍了喜剧的8个序列；第13章，对剧本写作进行了总结。,0.0
"并没有宣传的那样好,且没有什么实用性,更没有娱乐价值,现在也没有人糊墙了,真不知道,拿这本书做什么???",0.0
还不错，就是有的地方写的是黄汤，但是书配的颜色是绿色,1.0
"很不好的酒店,不懂为何有些评价会说不错,1.酒店很旧,房间霉味非常重,跟前台抱怨,前台居然说每间都这样,说到发火,才调整房间,但是只是情况稍微好点,依然是一股霉味2.房间设施不好,空调吹到午夜,突然就失去功能,一点都不冷,闷了一晚上,让人睡不好3.饭店的下层是办公楼,电梯共用,速度又很慢,很浪费时间4.停车场的保安很差,下雨天也不愿开栅栏,让车可以靠近酒店的门口,直到我们开口骂人才开,服务很差宾馆反馈2008年7月3日：尊敬的宾客：您好！得知您在酒店不愉快的经历，我们深表歉意，请接受酒店最诚挚的道歉。谢谢您的宝贵意见，酒店领导对此非常重视，已召开专场会议查找问题并落实改进，我们会在管理中不断改进，提高服务质量，确保使每位客人都能有宾至如归的感觉。谢谢您对酒店的支持，衷心期待您的再次莅临！",0.0
便宜实惠，大小合适，物有所值。,1.0
本来想做一个有源的音频分配器，考虑着信号的放大。结果高频音躁很明显，还不如市面上的普通一分二线来的实在，懒得换了，非常不靠谱的东西,0.0
"前台服务态度十分恶劣,总体印象很不好.影响到出行心情.",0.0
孩子太小还吃不了,1.0
住店后真实感受：根本没法睡觉，房间的隔音太差了，是我住过的隔音最差的酒店，隔壁2个人正常的对话我都能听得特别清楚，2个房间里的衣柜位置根本没有墙，就是衣柜的背板隔开的，早上服务员居然在我房间门口打手机，电话不听的响，听得特别清楚，总之，你跟本没法睡觉。,0.0
标间面积实在太小，卫生间都转不开身。客房服务很一般，好在打电话后态度尚可。值得称赞的是它家的咖啡厅环境不错，中餐厅口味还好。,0.0
多次购买，便宜好用，很不错,1.0
物流服务很好，速度特快！此外，卖家的服务也很好！,1.0
非常好，特别是休闲房。早餐非常丰富。再来还住。,1.0
没注意，是一只装。。。。,1.0
这东西明显是假的，鞋子太省材料了，很薄，而且好硬,0.0
服务态度超好，送货速度那叫一个快，这要感谢京东搭建了这么好的桥梁，让如此优秀的供应商进入平台，为我们提供一流的服务，一如既往的支持京东，会告诉更多朋友来加入京东，我爱京东！,1.0
太慢了吧？到桂林了又回南宁？广东直发贺州不是OK吗？,0.0
Vista系统还是感觉不好用，换XP非常麻烦，对电脑不是很了解的推荐不要自己安装，本人研究了半天才终于换成XP，非常有成就感。,0.0
一点都不好，里边有的地方是空的。连棉都没有，号还偏小，破东西,0.0
码有点大，包装好像被打开过。,1.0
不知道说什么才好！戴上没有几天！链条都断了！有的地方都绣了,0.0
"大堂整洁,房间干净,设施齐全,位置方便,早餐也还可以,服务也还不错,只是酒店周围环境不怎么样,但是这和整个南昌老城的整体环境有很大关系.在南昌还算是值得一住的酒店.",1.0
键盘有点不习惯，尤其光标键做得太小。散热部分没有thinkpad好，不过说得过去。,0.0
什么垃圾快递啊，快一个星期，不知道送到哪里去了，,0.0
环境真好，面向大海，幽静，适合休闲度假，可惜只住了一晚。地点较偏，自驾比较方便。酒店用餐太贵，开车出去吃了。,1.0
"很好的酒店,很规范植得一住.餐厅一般不应该的,不知道为什么. 宾馆反馈 2008年4月17日 ： 餐厅现已重新装修，用餐环境较以前要好的多。谢谢您的宝贵意见！",1.0
什么包安装。根本不包，师傅的安装费四百我们自己掏腰包。说好开发票，又不开，最后还说开一月份的。之前看到那么多差评我不信，这回我信了，我也认了。。大家不要来这家买东西。。。真是无赖。无赖。我第一次来京东买东西就这样。我是农村的，看来真不该网上买东西。。我再也不来京东了。再也，不来了！垃圾！垃圾！,0.0
没有24小时免费服务电话联系十分不便，请尽快解决，你们每天9---21时才接电话，你们难道在欧洲，我们7：30就上班了，上帝都上班了，你们难道还要睡觉，等上帝给你们叫醒送钱给你们吗？快改改了，拜托！,0.0
买陈皮送的，因陈皮已经评价，只能在这里评价\n这家就是一骗子，陈皮泡了十几次，大多数都很苦，没有不苦的\n泡完陈皮也发不起来，感觉不是多年陈化的，可能是烘干的\n垃圾！！！！！！！！！！！！！！！！！！！！,0.0
太可爱了这猫。,1.0
大楼很漂亮。价格不便宜。其他一般。就是索菲特听起来很牛。,1.0
哎，真是不知道怎么说，忽悠人的，质量差不说，关键是太小了，给小朋友穿的吗？穿上短的要命，性感一点都没有，就觉得耍猴一样,0.0
硬件还好，配有电脑可以游戏上网。但毕竟是山上的酒店，卫生条件不是很好，墙角有蜘蛛网。位置有点偏，进出不是很方便。总体来说在庐山还算个可以的酒店吧。,1.0
一般，图案是胶，号码小，反正各种不舒服，不会再买这牌子了,0.0
一看就是比较好的水，口感也很好,1.0
是晚上到上饶的，打电话给酒店问路，态度不好，还总指错路。在上饶绕了好久才找到酒店。入住后发现，房间小且不太干净。厕所马桶很脏。烧水器连个指示灯都没有。下次来肯定不住这儿了。,0.0
"哪里象个4星的样子哦!至少是我住过的4星里面服务最差的.根本就没有服务!总台:没有问候,没有笑容,没有道谢.象机器人.到处空荡荡的.浴缸坏了,我都懒的叫他们来修,因为我已经脱了衣服了.真的很差,那早餐的情形跟个大排档似的.补充点评2006年10月24日：当然总的来说,作为中等城市的酒店,大概都差不多是这个样子的了.至少安全,还算舒适.",0.0
货已到 速度还行 还没穿 看着还行 视后追评,1.0
酒店太偏已在郊外，出来打车不太方便，住宿客人太少，感觉上冷冷清清的，可是预定的时候还需要提供信用卡担保，说是房间紧张，其实可能是怕客人跑掉吧。服务、设施都太一般。 补充点评 2007年11月13日 ： 不过贵阳整个就是一个脏乱差的典型，东东还贵得吓死人，去贵阳的话就不要抱什么美好的愿望了！,0.0
就这包装，屁用，能不被压坏，不像真货，,0.0
还没认真看，写的还比较专业,1.0
作为同事的临别赠礼，包装稍微有点损坏,1.0
东西还行   凑合着用,0.0
感觉一般般，很溥，拆开的时候吊牌都烂了，明显是人家退过货后再发给我的。还有点漏绒，第一次给差评。,0.0
真的不值啊，还是不能懒啊.,0.0
我是看了携程的评价才去住这里的，入住后极端失望。急忙上携程来发评语以提醒后来者不要再被蒙蔽，真不知携程的评语是怎么出来的，强烈怀疑有托。五星酒店据说是200*年开业的，房间却极其陈旧，地毯上是大块的污迹（酒店经理说是洗不出来的），墙纸脱落，门都关不严。肮脏且无安全感。我反锁了门，服务员敲门时我忘了，直接一拉门，反锁装置被拉了下来。我热了壶水（没有免费瓶装水），一倒入水杯，水杯裂了，服务员说可能是用太久了。,0.0
老板每次出差到北京都要订这家酒店的，对它很满意哦,1.0
一直没有用。家里有支架的。不过看着还是挺不错哒,1.0
味道确实不错，物流太慢、太慢，发到北京居然要6天时间&hellip;&hellip;,0.0
民族风味食品很不错，价格也公道。威尼斯西餐太糟！切牛扒的刀，老婆建议改用用锯！还有速度慢的吓死人！房间只要不是太挑剔，绝对算过得去（偶住豪大间）。卫生间比房间装修得好！房间送餐一是速度慢（送餐，收餐都慢，怀疑是服务生是蜗牛转世），二是价格太离谱！总台一位服务小姐态度非常好（忘记看工号），赞一个！酒店位置离机场极近！15大米搞定！总体说来还是不错，吃饭提前点叫，还行！,1.0
货物标价500gx2袋，可到手后一大包中有25小袋，每小袋没有具体重量，可具体详情中标注每小袋12g左右，说明每大袋是250g左右（我没具体称，但肯定不如300克盐重），包装日期是6月5日，瓜子时间长还经过了夏天，没有香味且已绵，感觉自己买到了货底子，价格本来就不便宜还少一半份量，京东不应与这样的第三方合作，损毁名声，很少写不好的评价，做生意都不容易，但是不能欺骗顾客,0.0
发错了吧 给我发的神马玩意啊,0.0
原版，速度快，就是沒送充电座。,1.0
很好     耐用      放心的好产品,1.0
吸灰尘的很，一点不好,0.0
酒店由假日酒店改成了千禧酒店，服务质量还不错，不过专业技能需要进一步提高--可能是有一些新人的原因吧。总体来说不错。,1.0
还是原味比较好吃,1.0
质量超好，性价比极高,1.0
款式很不错很适合我就是表带不怎么好装要找专业人士帮忙,1.0
衣服布料是棉质的，很柔软质量很好，款式漂亮好看，穿着合身舒服,1.0
快递哥挺好的我自己不家放在门口又重新拿来送到我家,1.0
好书，没错字，正版。,1.0
款式跟店里差不多，价格实惠,1.0
酒店服务还可以，就是设施有点旧了，抽水马桶坏了（应该是自动上水装置出现问题），每次冲过水后，水还是不断的流，为了节约用水（水很宝贵，不能浪费），我就把马桶后面的水阀关掉。本来准备住两天，可是看酒店的设施太差，住了一天就去义乌了，在义乌住两天。这家酒店价位比义乌的假日之星连锁酒店贵，但是设施还没有假日之星的设施好。,0.0
老公说带子有点硬，其他还好，希望真皮,1.0
68元买回的东西看了心疼，以后永远也不会上京东买东西了，现在的商家真是王八蛋,0.0
线太短，不够分量，玩游戏太近了，伤眼呀，大哥,0.0
柏杨耗心力的佳作，只是书的质量一般，盼能改进。,1.0
内存频率低，还是ddrII 667的，屏幕是16：9的，没16：10的看着舒服,0.0
一星也给多，真没想到买回来才知道这么小，16元，有卵用，装花生油吗,0.0
没有送VISTA光盘，以后怎么装系统？还有屏幕没有锁扣，感觉不安全！,0.0
感觉太小，材料一般，,0.0
服务态度一点也不好不给回复就算了，好不容易回复了还所答非所问！东西充电以后只能用十分钟，问怎么回事也没人理会！也没人给解答，说明又看不懂，买的很不愉快,0.0
姑且不说张爱玲本人写的这篇小说怎么样，现在就《色，戒》这本书的情况说一下自己的看法。此书封面设计还凑合，但当打开书的时候才发现只是最后的一篇几页纸的部分才是真正的小说“色，戒”，一下子给人一种上当受骗的感觉。而做这本书的公司的成功之处就在于这本说做了一个塑封，让读者在买之前根本看不到里面到底什么内容，买了之后大失所望。正赶上《色，戒》这部电影的热映，也带着这本书卖起来。因此，这本书从操作发行出版方面来讲是不能称其为“书”的，只能算做一个比较成功的商品。,0.0
什么玩意，质量太差，洗过一次全都掉线，一坨一坨的，简直让人崩溃。,0.0
爸爸爸爸爸爸爸爸 u 觉得已经饿,1.0
衣服太薄质量不好，袖子一个长一个短,0.0
不是硬包，拿到手太软了，不过这价钱也就这货了...,0.0
太大换件也不行！什么人,0.0
专为了申请这次创新基金而申请~~~~有申请到申请结束，由始至终没看过这本书一眼。只知道很薄，或许浓缩就是精华啊！！,1.0
"有HDMI,可以看高清的小本，指纹识别和摄像头识别提供了安全保障，键盘也比较舒服，完帝国3也还流畅",1.0
声音较轻，触摸板太灵敏，易误操作。 下面的按钮太生硬。太重，能轻点更好,0.0
价格合理，硬件和软件的隐含价值很大，物超所值。特别是赠送了1G的内存，价格上不说，免去了DIY的烦恼。,1.0
收到还没用，包装太差一点保护都不做,0.0
　　台湾建筑的&ldquo;简史&rdquo;，在具体的分析，例如&ldquo;泉州、漳州、潮州&rdquo;风格时没有详实的资料与细致的分析。在建筑的现代创作中，有很多牵强之处。 \n　　 但是，之本书还是有了解台湾建筑的作用，特别是去台湾旅游开始热门的时候。李乾朗先生的这本书显然还是针对普罗大众的。,1.0
包包质量很好，价格也便宜,1.0
"1 发热还是有点大,特别是右手边 2 2G内存运行VISTA还是有些慢 3 换系统比较麻烦 4 有点沉 5 分区不合理 6 无线网卡没有n，拷贝文件有点慢 7 没送包和鼠标",0.0
南充代工厂加工的，质地偏硬，总的来说还是可以哈,1.0
太差了，穿起脚痛死了，像旧的一样,0.0
活动空间太小，手脚不得施展，婴儿躺在里面一直叫。躺也不是，坐也不是。而且脖子和肩膀浸不到水里，多加些水，水又跑到耳朵里去了。没有图片上宣传的那样有洗澡的乐趣。,0.0
非常差，线头粗糙，鞋子 很硬，漏胶印痕胶印非常明显，以后再也不买了,0.0
少给一星吧！东西小贵、做工较粗糙、邮来的时候表面还有划痕；介绍说机体是不锈钢，我不知道是奥氏体不锈钢还是马氏体不锈钢，用吸铁石能吸住啊！百八十的东西将就用吧！,1.0
这个店铺的东西不咋地 服务态度也不好，欺骗广大消费者    买回来宝宝根本听不到声音，  全是不合格的产品，还说什么是专家测量的??等一些骗人的话      希望消费者再不要上当受骗??       （此内容真实 ）,0.0
嘻嘻嘻嘻婆婆我婆婆破婆婆上YY是也破也破也是我婆婆说,1.0
设施陈旧，饭店各区域之间的交通混乱，早餐品种少、品质差，优胜之处是周边的交通方便。,0.0
"服务较好,但设施不是一般的差。1、电话每次都要试很多次才通，甚至打总台都是这样。更不用提打出去了。2、浴室的抽风没有作用，衣服只能通过开空调才能干。3、室内潮湿，无除湿措施。4、洗脸盆和浴室的下水经常堵。补充点评2008年7月3日：4、酒店不备药。我7月2日下午18：30左右已经有低烧，不仅没有备用药，且附近没有药房总台的回答是：去南浦大桥附近的医院。5、携程的价格不具有优势，和洒店的价格一样。下次不会再住了。",0.0
不错，质量好！很有质感！不错，质量好！很有质感！,1.0
"服务态度相当差,我接触到的上海宾馆服务多半是这样,可能这是地域文化吧(不知道这句话算不算不文明用词)宾馆反馈2008年7月22日：尊敬的宾客您好!对于您在酒店遇到的不快我们深表歉意,我们真诚的希望每一位顾客都能在我们酒店度过一段美好的时光,如您在酒店遇到困难可第一时间联系酒店的大堂经理,我们会及时为您排忧解难,给您一个满意的回复,期待您的再次光临!",0.0
1. 电池待机时间只有两小时。 2. 系统LINUX太烂。 3. 重装XP后， 需要相关的装机软件在HP网站上面不太好找， 按照网上说明安装也不是很对， 东搞西搞花了近四小时。,0.0
这家酒店总体感觉不错，房间挺大的，酒店位置也好，就是服务员反应比较慢。。。。。。，态度还行，就是能不能解决，什么时间能解决，总应该有个明确的答复吧，无语！！！,1.0
帮朋友买的，很不错。很实用,1.0
实在是没嘛好说的了,0.0
尺寸大小正好，但盖子盖上不是很合槽，总也盖不稳！有种残次品的感觉，换货太麻烦，就这么用吧,0.0
不实用，没有太大意义！,0.0
狗屁，，，，，，，,0.0
性价比不错，缺点是无法调节高度和角度,1.0
颜色偏差太大，我要的是大红，给粉红，咋用啊,0.0
宝宝挺喜欢吃的，日期新鲜,1.0
"8月刚住过,奉劝大家不要入住这家国营企业,客房服务员极恐怖,还未到中午12点退房时间,就把你的房间磁卡给取消了,私人的物品还都在房间里面,和他们大吵一架才解决,还打电话给携程的人求助,浪费不少时间.补充点评2006年9月18日：早餐也不怎么地",0.0
活动价，超级便宜，打羽毛球时带着挺舒服。,1.0
我很喜欢这款，设计独特，质量也很好，全家都说不错。,1.0
原以为是介绍整个贵州各个品牌白酒的品饮、风格、特点，没想到收货以后才知道，还附带的什么行业标准，一般的白酒爱好者根本看不懂，简直就是为了出书而将一些东西拼凑起来，垃圾！,0.0
不好  很不好  东西小 像玩具 木棒做工粗糙  而且太慢了10天才到的  拿到后包装偏偏的脏死了  里头也有灰  而且我都说了是申通快递  他到好  邮寄到别的快递去了 第一次买东西就遇到这样的卖家   倒霉,0.0
很好的，也是我买的包装最好的一次。,1.0
环境还是挺不错的，工作人员也比较热情，晚上保安巡逻发现窗户没关还电话提醒我们，赞一个！早餐略显一般！酒店门口就是峨眉特色小吃！离旅游车站非常近，线路方便！房间设施虽达不到四星的标准，但在景区也还不错了。可以推荐！,1.0
她是一个懒散的家伙，女扮男装，混水摸鱼，成为神秘酒楼的鬼马店小二，迎来送往间，尽遇风流倜傥玉树临风的贵公子。看小小女子，如何在帅哥丛中游刃有余玩得风声水起……酒楼的主人是个神秘的贵公子，与她天生的八字不合……小说里帅哥如林，乐事多多，情节曲折紧凑，极具看点。起点中文网超人气签约作家林家成继《狐戏红尘》后的又一扛鼎力作！,1.0
选了又选，终于选了这款锅，好的很，煮肉炖汤很实用，家里要用的话，最少也要买这个号，否则太小了,1.0
早就坏了，质量不好,0.0
首先要说的是包装很次，而且非常脏，塑料包装袋上意见被磨的伤痕累累，白白的一层灰，外面只套着京东的灰色袋子，看起来很low，衣服上也很脏，占着很多白点点，不知道是不是别人退货好多次了，四百多的衣服就这个包装，我也是浑身一热！！！,0.0
卖家服务不好，过于刁难客户，别的卖家换货从来不会要求拍照片过去，差评，绝对的差评,0.0
很好很好。。。。。。。 很好很好。。。。。。。,1.0
去柳州还算不错的选择。周围挺热闹的，书店，步行街...服务很好，房间也还可以。就是卫生间太小了，还有早餐太一般了。反正去柳州算是个OK。宾馆反馈2008年7月31日：您的意见我们已向西餐厅做了反馈，自助早餐的品种已做了调整，相信能让您满意。柳州宾馆地处柳州市的商业中心，吃，住，行，游，购，娱十分便利，是您来柳州出差，旅游的首选之所！！,1.0
酒店的地理位置还不错，靠近步行街，属于闹市区，248的价钱，还有房间里面有电脑可以免费上网，一点要提到的是，酒店的免费自助早餐还不错，总体来说还是可以的。有点遗憾的是房间的环境差了点，一进去的空气就不好，设施整体有点旧，隔音差了点。补充点评2008年5月6日：步行街吃的就少了点，酒店拐往步行街就有家邓氏筒骨，不知道怎么样，步行街的国货广场一楼就是PISSA，和KFC，那晚找不到其他好吃的，最后只能吃KFC，对于比较讲究吃的朋友就要先搜索那边有什么好吃的了,1.0
容易干，小孩玩了几天没有盖笔帽，彩笔就干涸了，不可以用了。,0.0
有淡淡的沉香木的味道！应该是正品，没问题！而且很气派！谢谢老板！下次还会光临的！,1.0
白天没有热水，洗手间里竟然还有蚂蚁在爬，很小的淋浴房，没有浴缸，没有电梯。早餐简单的难以想象。电脑还有病毒，隔音很差，窗台上可以爬进爬出，很不安全。反正，不像三星的酒店。,0.0
总体感觉一般般没有想象中的好,1.0
这个价位能买到这样的冰箱，真心不错！空间大噪音小，还不费电！,1.0
这本书，介绍生活中简单的场景，生动有趣，读来琅琅上口，孩子较有兴趣。,1.0
皮质柔软，感觉有点小，看着还不错，快递不咋地，对顺丰有点失望，把我的货分配错了送不了还是我自己去取的，郁闷。,1.0
送货快质量优惠活动、不错！喃喃呐呐,1.0
但是书的封面，是否可以斯文一些？呵呵。,1.0
很漂亮的手机壳，手感不错,1.0
宝贝质量很好  价格也很便宜 满意的一次购物,1.0
不含毛，是纯棉的\n,1.0
米米 开肩上衣/儿童秋冬宝宝上衣/新生儿睡衣/婴儿内衣 YU0706浅绿色 1-2岁,1.0
还可以，宝宝很喜欢。\n字面上写着送马桶刷的，怎么没有呢？,1.0
"在萨先生眼中,水浒不仅是是文学名著,更是社会学名著.他把水浒放在宋朝政治、经济、社会的大环境下来研究.梁山好汉凭什么集结在一起的?“忠”“义”而已.这里的忠义与儒家思想的忠义大有不同.萨先生以水浒为活蓝本,简析了当时的社会制度、婚姻制度,很有见地.水浒的时代去今近一个世纪,书中所写的“打家劫舍”“论称分银”的生产和分配方式，我认为在当代社会是不值得提倡的。",1.0
很薄，袋装，与图片描述不符，很郁闷。,0.0
这次买的热水器总的感觉不好。师傅上门安装不跟你讲清楚收费标准。装好了，总共*，没有讲价余地，很是郁闷。真的。当是真的想退货。打樱花的客服根本不理。客服态度真的很差。没得说。这个收费标准不知道是谁定的。他说多少你就给多少。热水器噪声很大。,0.0
帮朋友买的，说是坏的，不想退了，自己修了修。,0.0
质量不错，款式也好看，面料舒服，好看,1.0
质量很差，有裂口的，有掉漆的，商家态度也不好，恶心人,0.0
"唯一的优势就是便宜吧，裤子是够大，衣服5Xl的还没别人2xl的大,布料那叫一个透气，买的真失败，懒的退",0.0
不怎么方便上厕所,0.0
味道不错，下饭很好吃,1.0
无忧考网为您整理了&ldquo;初二议论文 : 畅游海底世界_500字&rdquo;，更多初中作文相关信息请访问无忧考网初中作文频道。\n我是一条小金鱼，家在美丽、神秘的海洋里。\n　　在大海的深处，有美丽的珊瑚丛。红的、黄的、白的、黑的&hellip;&hellip;五颜六色，好看极了。在珊瑚丛中，鱼儿们自由自在地在里面捉迷藏、玩游戏，非常的快乐。在这片乐土里，我常常快活地玩个没完没了。因为海洋的美丽常常使我忘了回家。\n　　海底还有许多的海草，细细的，长长的，不时轻轻地拂动。在海草边，海星在那里散步，海参在那里蠕动，还有可爱的娃娃鱼在那里产籽。我是那里的常客，在那里交了很多的好朋友。\n　　有一天，妈妈对我说：&ldquo;孩子，你已经长大了，应该自己出去闯闯了。&rdquo;\n　　带着妈妈的叮嘱我出发了。我看到了各种各样的鱼儿在海里游动。凶狠的大鲨鱼，细长的带鱼，长嘴的金枪鱼，还有很多叫不上名字的鱼。这些鱼似乎在躲避着什么，一起向前游着，看上去是那么地慌张。\n　　&ldquo;我叫方利。&rdquo;一条和一样大的小鱼游过来对我说，&ldquo;我们交个朋友吧！&rdquo;一路上它给我讲了很多人类丢弃废弃物污染海洋的事。我这才知道鱼儿为什么逃窜。\n　　游呀游，在沙滩边，我伸出脑袋准备换换气，发现一条大鲨鱼困难地挣扎着，它被鱼网缠住了。只见它绝望地在那呼喊着：&ldquo;谁来救救我！&rdquo;我游了过去，喊来了很多的朋友，咬断鱼网救了鲨鱼。大鲨鱼得救了。我明白了一个道理，人类是我们最大的敌人，但只要咱们鱼类齐心协力，我们就能战胜人类，我们的家乡也会变得更加的美丽,1.0
成年人阅读的话，不建议选，彩版，量不大，适合小朋友，而且编纂者的水平不高。,0.0
"总体感觉比较差,房间家具老旧,商务套间的地毯居然到处是黑斑,让人看了心里非常不舒服。我们因为工作关系，每个月都有几天住在昆山，我的同事们也一致评价誉兴太脏。以后只要有其他的选择，坚决不住誉兴。",0.0
尺码不符，根本不是网上说的一样，买来一次都没有穿,0.0
包不错，没有异味，性价比高,1.0
共三本。我女儿刚看了二本，生物和文明版。女儿特别喜欢生物版中关于恐龙和史前人类，刚拿到生物册，第一个晚上就讲了一个小时。现在她正在阅读文明册，对英法百年战争中的黑死病兴趣多多。就整个文明册而言，主要涉及的是世界的发展史，中国方面涉及的内容比较少。目前我只看到关于孔子、兵马俑及中国古代的一些知识，有点不过瘾。但图画不是很精美。我有一个朋友的孩子一看到科技册，直觉上认为画太难看。,1.0
这样的男人，温柔的过了头，找不到一丝男人的气概。只会说：这是好的。。。这也是好的。。。无法欣赏这样的文笔优美在何处。爱情也是奇怪，张爱玲爱上了这样的一个人，隐隐地，大概是一辈子的影子。,0.0
很好，很不错，非常喜欢，各个方面都比较满意，很开心的一次消费！有需要下次我一定再来,1.0
很好看，老公超喜欢的，一直夸我眼光赞赞的，卖家态度也很好，回答我各种无厘头问题，好评！											\n,1.0
羡慕辛苦辛苦况下开心开心,1.0
降价果断入手，还不错，买回就试了一下,1.0
实物与相片不一样！,0.0
不建议购买。不喜欢,0.0
质量不行，穿两次洗过就一个洞！！,0.0
很精致的娃娃，卡通可爱，非常喜欢哦,1.0
做工不够精细，底座是弯曲的，严重影响美观，第二天到是换送了一台过来，还是一样。,0.0
听朋友介绍才知道这本书，有种“相见恨晚”的感觉，从拿到书的那刻起，就爱不释手，经常看到凌晨两点才睡觉，跟着主人公“蔷薇”一起回到了那个遥远的年代，我也是满族人，所以常常幻想成自己就是蔷薇，跟着她一起笑，一起感动，一起为了爱可以牺牲自己的生命。文章没有华丽的辞藻，倒是那些很现代的语言把我逗乐了，同时也让我跟着作者一起了解清朝的历史，写得很棒！加油！,1.0
酒店的环境好，交通也方便，服务人员的素质和态度更是一流！这次去给我们免费升级到商务间，房间又大又漂亮！下次去我们一定还会选择它！,1.0
离步行街不远，步行大概10分钟。早餐一般，没什么吃的。房间好像办公室改的，粗燥简陋。服务不好，尤其是前台的一个男服务生，我早晨退房时向他要一个礼品袋好把一些杂乱的东西装起来，可他竟然要我自己再回房拿，房卡都交给他了，还要我再回房，基本的礼仪都做不到！,0.0
暂时未发现问题，好用会继续支持。,1.0
有一个烂的，拍的时候花盆是土培的，收到之后是水培的盆，花球个头很小，也有点干，总体来说挺糊弄人，又从别处买的,0.0
味道不错，支持京东~,1.0
性价比确实还可以。赶超神舟 同样的价格，神舟的配置都比不上这个。 16：9的屏幕看宽屏电影比较爽。,1.0
是我想要的，书的质量不错，送货速度惊人,0.0
好评，全5分，实物还要好看一点，帮同事买的，质量是非常好，做功很精细，无可挑剔，穿在脚上样子非常洋气，时尚，同事都说好看。,1.0
很好，就是有点稀,1.0
说实话单田芳说得水浒不如原著精彩，初中时语文课本里有鲁提辖拳打镇关西这篇课文，其中描写鲁智深打死镇关西那段非常精彩，但是听单田芳说那段很稀松平常，有点失望。,1.0
皮克斯终于也拍王子公主的故事了！谁都知道这是迪士尼的招牌菜！作为皮克斯的脑残粉，真不知道这是堕落的开始还是创新的尝试！美国各大电影公司都追求多样化的电影风格，你很难说什么是华纳电影的风格，什么是派拉蒙电影的风格，什么是20世纪福克斯电影的风格，唯独迪士尼电影可以成为一个名词解释，他们一定是欢乐温情的，人生观价值观绝对是主流的、积极向上的，常常出现可以媲美宝莱坞的华丽歌舞秀，不少电影都有发展成主题游乐园的潜力。而迪士尼的动画电影，从上世纪30年代的《白雪公主和七个小矮人》开始， &ldquo;王子和公主从此幸福的生活在一起&rdquo;的童话改编套路从没断过，最大的区别就是你叫白雪公主还是睡美人，叫小美人鱼还是长发公主？ 皮克斯和迪士尼联姻，但始终保持着相对独立性，《勇敢传说》之前，皮克斯的12部动画长片，坚持不要歌舞、故事原创不改编经典童话的原则，以区别于迪士尼的童话改编电影，所以皮克斯从没出现王子与公主的童话。这一次的《勇敢传说》，皮克斯用&ldquo;第一次以女性角色为主人公&rdquo;、&ldquo;第一部魔幻电影&rdquo;为宣传口号，以示创新，但这公主王子什么的，还是让我有点担心，尤其是《赛车总动员2》票房口碑双双落马还历历在目，皮克斯会不会一步一步丢失自己的特色，变得迪士尼化？ 因此《勇敢传说》中的梅莉达就显得非常独特，她一头浓烈的红发，红色常常象征热情，之于她就是对生活的热情，红发在影片中还代表了梅莉达的自我意识，当艾莉诺皇后帮梅莉达梳妆打扮准备迎接各部落首领的长子（王子/男人）时，梅莉达的红发完全被衣服包裹，象征传统要束缚她的自我，去迎合男人的眼光，可她偏要让一缕红发露出来，又象征她对传统的反抗。如果说事业和爱情是当代女性的一个两难选择，那梅莉达在事业和爱情之间最终选择了自我，对国家（可以理解成事业），她承担起自己的责任，号召各部落团结起来，相亲相爱；对爱情，她不盲目，不幻想爱情但依然相信爱情，爱别人之前先学会爱自己，这完全是一个现代女孩的人生态度。而她的这种态度也影响了象征传统女性的艾莉诺皇后，皇后有着传统女性的诸多美德，温柔贤淑、优雅端庄、关键时刻还镇得住场面；可也因为传统的束缚常常失去自我，她的世界永远以丈夫和丈夫的事业为核心，并且把这种观点强加在女儿身上。然而当她变成一头熊，就能以另一种身份来审视这种生活，离开城堡，她的温柔、她的优雅在森林完全没有用武之地，而梅莉达却如鱼得水，因此她摘下了象征高贵的王冠，开始理解女儿的人生态度，而理解带来了和解，最后是她鼓励女儿打破传统，追求自我。 电影好看归好看，我还是要指出，尽管皮克斯打着各种第一次的宣传口号，还是掩盖不了本片创意的缺乏，而这才是皮克斯动画最闪光的部分，会说话的玩具、会说话的汽车、收集孩子尖叫来发电的怪兽、热爱烹饪的小老鼠、收集地球废品的害羞机器人、会飞的房子，每一个都是让人浮想联翩的绝佳点子，可《勇敢传说》中追求自我的女孩、变成动物的父母、会魔法的老太太，这几个关键元素我们早就在宫崎骏的《千与千寻》中看过了，况且《勇敢传说》的故事并不比《千与千寻》更精彩。所以我总觉得《勇敢传说》好看虽好看，但无甚惊喜，没有看《WALL&bull;E》和《飞屋环游记》时忍不住赞叹的激动感觉。 再次重申，我是个皮克斯脑残粉，真心不希望它变得太过迪士尼化，真心希望《赛车总动员2》是皮克斯的低谷，《勇敢传说》是调整回暖，下一部则是重回巅峰。 ,1.0
放在车里一点味道没有，完全不值这个价钱,0.0
买来收藏 这个价值了,1.0
东西还行，快递无语，选择垃圾慢快递也是你的原因，差,0.0
"早餐丰富.服务人员态度不错.但是入住时发现卫生间有积水,housekeeping来检查未有结果以为是我们的小孩子搞的,心情落差.擦干后半小时内又有积水,他们只能叫维修人员,原来是水斗的一个接头坏了.口头对不起.checkin&checkout比较快.Italian餐馆味道不错,服务很好.价格跟上海差不多.4楼海景不够好,应该往上层更佳.去海港城和广东道不够方便",1.0
很好，速度快，换电瓶师傅也很热心！,1.0
非常的不错~！非常的不错~！,1.0
教书育人，这书不错，推荐,1.0
"订购的时候看到网上就有评论说发错货,还担心了半天呢,结果收货时真的是错误的.退掉后从新订购,不知是不是还会发送错误呢,担心......",0.0
效果很不理想，现实很残酷。,0.0
号大了，太肥顶顶顶顶顶大大大,0.0
小米4C不是太合适\n比屏幕小了一圈\n而且正好挡住了正面的摄像头的位置,0.0
还可以，但是上面的金属扣不太好用,1.0
很划算。满299减100买的。很划算。满299减100买的。,1.0
买这个是因为搬来一楼湿气实在太重了  当天晚上看了1300多条评论才决定买的    到货速度还不错   可是第一次到货是坏的   马上跟客服联系   态度特别好   很快给换了一台    一试效果真心好    抽水太神奇了    平均3-4小时就满了   我妈说这下放心了    不然怕我跟她一样会得风湿    现在住在这里就不怕了,1.0
"房间装修实在是不敢恭维,洗脸盆下面还漏水,还四星级,我看三粒星可能是花钱买的,还不如锦江之星,如家快捷等酒店.",0.0
房间比较干净舒适！松江商务型酒店比较少！这家酒店还可以！,1.0
什么礼物的，本来看到货到了挺喜欢的，看到那礼物都想吐了，不送还好，碍眼,0.0
"办理入住很快,感受的是梦幻般的童话世界.大厅持续播放着迪斯尼的经典动画片，空中飘荡着迪斯尼的经典旋律。海蓝色是主色调，米奇头像是主元素。大巴是海蓝色的底色，上面画满了迪斯尼的动物明星；酒店外墙是海蓝色的，窗户的形状是米奇，椅子的扶手是米奇，电梯间的按钮也是米奇，镜子里刻的还是米奇，到处是米奇的身影,到处是孩子的笑声。房间很大，很整洁，一次性纸拖鞋上也印着米奇头像，包装袋上还注明：这是酒店送给您的礼物，请把它带回家吧！海景房风景不错，窗外是海，还可远眺五星级的迪斯尼乐园酒店。内设游泳池，带温泉，对入住酒店的客人免费开放，当天晚上没有去泡真是可惜，第二天一早赶紧补上。",1.0
感觉这个价格不值，整个凉快塑料间接缝都不均匀，缝隙有大有小，接口很紧，感觉主线太细，不知道好不好用，产品表面有划痕。,0.0
真不怎么样 比市场卖的*钱的还差,0.0
不咋地？盖子不严路水,0.0
"酒店的环境在济南算是一流的,但我住的日期,整个酒店的装修,所以环境感觉就不是太好.住的是一楼,房间比较大,设施老旧了一点,但总体上能接受的.",1.0
Hhoojjvvffsdchjm\n\n脱胶纸\n脱胶纸剂,0.0
性价比不错，穿着也挺舒服,1.0
比不上川崎，不过价钱也便宜了一半。打起来稳定性还是很好的。,1.0
书的质量差，看到京东快递员那辛苦，懒得退,0.0
穿过之后不舒服，脚疼，太硬,0.0
酒具到了，包装的仔细没有一点损坏，质量看着不错，底座是水晶的看着有档次，很透一看就知道材料很好，满意的购物~\n,1.0
对安顿的情感实录的书都很喜欢，从《绝对隐私》到《回家》、《悲欢情缘》，这些书里的故事有种让我无以言表的感动，原来就在这个社会，或许就在自己身边有着这样那样的人生故事，有着这样那样的人，这些事，这些人其实都在身边，自己没有去发现。人说经历的多了，人就成熟了，他们经历的也在让我成熟！谢谢安顿！,1.0
不是很好跟看到不一样,0.0
知名度不错，机场打车一说十一经路，就问是如家吧。但是天津机场基本都是黑车。从酒店去机场不到30，机场来居然打表打出50多。,1.0
穿着很舒服，质量也好，而且不掉色。,1.0
还行吧，反正跟真发比起来就是有点不对,1.0
帮同事买的同事说还不错。个人感觉有点贵。,1.0
衣服收到了，质量特差，失望，失望，快弟哥服务特别差,0.0
书不像是正版的，有错别字而且字的颜色有的很深有的很浅。,0.0
刚试用了一下，还好，挺滋润的，不知道去黑眼圈到底有没有效，等使用了一段时间再来追加,1.0
个头不大，作用也不大！随时插上去后电脑能自动识别，但是麦插进入没反应，那两个音频输出也不行！我还是学电脑专业的，哎...,0.0
宝贝收到了质量不错效果好，价格也便宜，值得购买！,1.0
从携程网上看到大家对海景花园的服务评价很高.我们于7月下旬到青岛避暑，特意入住该店。入住5天感同身受，果然名不虚传。可以说在我们住过的宾馆里服务是一流的。有几处尤其让我很感动。比如，西餐厅主管王杰和服务员金玉盛听说我有胃病，除了在进餐时照顾我，还给我拿来一些生花生米，说每天吃几个可以保护胃黏膜。我爱吃青菜，每次都单独给我炒一小盘。我们到青岛的那天下着雨，客户关系主任直接送我们进房间，在房间里办了入住手续。他在登记时看到我脚面上贴着膏药，很快让楼层服务员给我送来几张云南白药膏。后来蓝吧服务员也注意到我走路一瘸一拐，又给了一盒膏药。我贴后基本痊愈。我有慢性咽炎，进了空调房就咳嗽。大堂服务员马上给我取来金嗓子喉宝，蓝吧服务员又拿来咳嗽糖浆。我服用后很快见效。楼层服务员总是在我们外出后收拾房间，每次回来房间总是整整齐齐的，晚上还送来牛奶。这可是我们在外旅行从没有接受过的待遇。我们走进酒店，见到的员工都微笑打招呼，让人感到很亲切。我还注意到，酒店提供的早餐食品，给房间送的水果和小礼品，质量都比较好。所有这一切都说明酒店总经理管理有方，把这么多的员工培养得如此之好，让他们树立顾客至上理念，提供人性化服务，殷勤，热情，细致，周到，这是很不容易的。其实，作为五星级酒店，该店硬件并不很理想。但是。他们超一流的服务的确吸引了顾客。我们明年避暑还是首选青岛，到青岛住店当然还是首选海景花园.,1.0
东西看起来很旧而且还很脏，铲面粉用还是有点担心,0.0
很好用。。。。。。。,1.0
钢化膜成本价*&mdash;&mdash;*，居然卖*多不说，还收*的运费！,0.0
价格比书店便宜，支持京东。,1.0
孩子的最爱--丁丁  孩子的最爱--丁丁,1.0
第一次发货居然还发错地方，我也是醉了！东西一般！,0.0
儿子最喜欢托马斯了，也最喜欢贴贴纸了，这两样结合起来，很赞~,1.0
差差差，在京东上碰到最最差劲最垃圾的销售商家，下单前下单后态度完全两样！提醒各位谨慎购买,0.0
量可以，但是内部的芝士芯的量很一般，有的甚至实心。,0.0
头疼...............,0.0
还不错，材质我是看不懂，,1.0
感觉不一般吧。。。。。。。。。。。。,1.0
很好，儿子很喜欢，每天都要做题,1.0
王阳明，传习录，可以读一辈子的书，推荐！！！,1.0
正品，还可以的哦,1.0
非常不错的酒店，环境很不错，就是房间稍微笑了些，但很干净。交通也比较方便宾馆反馈2008年4月14日：欢迎再次光临.,1.0
花色漂亮，遮光效果好，大气上档次，非常不错，喜欢,1.0
买来给小孩子当科普读物的,1.0
什么都没有送，就一台裸机，还发现有一个坏点，难道是我的RP有问题？,0.0
书很好，今年考北大全靠他了，基本稳上。,1.0
衣服很厚实，对得起这个价。很满意的一次网购。,1.0
一直喜欢的牌子，促销活动的价格还不错,1.0
质量太差了，简直无语了,0.0
总体来说不怎么样的，进入当天需要门童帮助拿行李也是很不情愿的样子，服务员比你还要早就洗好澡了，在你对面的房间看电视。延住几天的卫生打扫也是很马虎，第二天觉得卫生间很臭还要请她们在你眼皮底下再打扫一遍。这家酒店是原来对内的招待所改建、扩大的所以很多酒店该有的实施基本上不具备的，出这个价很不值的！,0.0
我买的是plus的，却给我发了一个4.7的，好失望，东西质量一般，*,0.0
书中给我们展现的是非常完美的爱情故事，随着故事情节的发展，我也心中甜蜜，酸楚，失落，幸福。在看书的过程是使自己也在爱一次的过程。我们的生活中也需要激情，在小说当中会找到我们也曾有过的恋爱的感觉。当自己对幸福迷茫的时候，就会想到，不要将自己手中的幸福随便就放掉，那样，当自己发现那是你的最爱时，已经找不回来了。学会爱，抓住爱，把握爱，珍惜爱，那就会有幸福。,1.0
很喜欢，而且解放北路也很漂亮，住这里晚上出来散步很好,1.0
太贵了塑料质量不行，不划算，太不直了,0.0
这价格，这样的可以了。还算满意,1.0
不好用，扣子大,0.0
一般情况，质量很差劲,0.0
包装很严实、店家态度好！与图片一样、有需要还会再来关顾的！,1.0
一流的环境，在当地来说没有别的选择了，85分吧。,1.0
基本上能看到的车标都有，有很少部分没有，总的来说还不错！,1.0
宝贝质量很好，做工细致，烧烤很快，很实用，非常不错。\n,1.0
质量不错 老公很喜欢?\n,1.0
这种背单词的方法只适合某些人。不是每个人都适合的，包括我。所以大家不要一拥而上哦，防止跟我一样上当，哈哈！,0.0
太给力了！更换新的坐垫后，整部车完全不同了！,1.0
厂里工人买的，不错，主要是有46码,1.0
酒店还比较理想，但是到餐厅就餐不太方便，如果从停车场至大堂有引导标识、客房的灯光亮一些、服务员的服务意识再强一些，可能会更好。可能是水质问题，毛巾显得乌涂涂的，不够白。,1.0
英汉排版很方便对照，书的内容自然很好，只是书面有点污渍,1.0
收到了，看着挺好的，还没用,1.0
用了没什么不良反应，还不错吧,1.0
1、外观时尚、精致； 2、显示屏可旋转、手写，感觉很酷； 3、迷你遥控器操作方便； 4、配置能满足办公、娱乐需求，功能比较强大。,1.0
酒店在沙田的河边，风景不错。但是似乎因为都是大陆人入住的原因，服务员的态度十分恶劣。我晚上问他们要求上网，有个服务员骗我到外面买上网卡，后来投诉也不理我。,0.0
质量还算可以，以后继续购买！,1.0
已用一段时间，感觉还不错，滋润不油腻,1.0
"早餐30,不能退,也不能期,太無理.以后不再訂這酒店. 房間有味,裝修太殘.",0.0
目前在江门的4星级酒店中性价比较高的。周边吃饭购物都比较方便。酒店设施比较旧。,1.0
书的质量不好，翻一下就坏了，而且书的内容也不好，没有什么用，也不觉得好笑！根本就比不上“我是英语单词书”！！建议大家不要买！！,0.0
送货及时，穿着舒适。,1.0
车已收到，想了还就终于买下了，不过最终没让我失望啊，东西很好，我很满意也很喜欢，很漂亮的平衡车，美观大气，质量什么的都很好，还要感谢卖家的耐心指导，感谢,1.0
"还不错，挺喜欢,很好用",1.0
商品超划算，很赞哦！！谢谢,1.0
搞活动买的  很便宜了  还行,1.0
一个字：差、差、差，态度差到极点。我们从7月22日住到7月27日，开了两间房，如果不是因为工作太忙，懒的换房间了，早就不能忍受了。第一天入住感觉不错，房间也还干净；随后后面几天，事情接着来了。一、就是我同事的衣服放房间里不见了（其他东西都在），问他们怎么回事，结果这个推那个，那个推这个，后来不了了之，最后还是没找到。二、我们房间没有靠枕，问服务员要一个，服务员说没有了，我就说去其他房间拿一个，服务员后来说领导没有批准，他们也不能动其他房间的，只能帮反应，后来也不了了之。三、床单、被套我们睡了四天了都不给我们换，后来还是我们主动提的，结果提后还只换了一张床的。四、最气愤就是这了，憋了几天的气终于爆发了。我们最后一天吃早饭，由于起的晚，我们就打算早餐、午餐一块吃（由于赶飞机），那个小餐厅老板很不错，说午饭没好，我就给你拿点剩余的早餐还有马上炒个菜，只收我们早餐卷就好，要我们问前台要餐卷，前台说不给，说早餐时间已过，我们就说，餐厅都愿意，你凭什么不给，后来我就火了，今天我就非要了。结果那个大厅经理（样子好象），既然给我拍桌子，最后没办法就说“给他，给他”。后来我问酒店餐厅老板，为什么他们服务态度那么差，怎么象国营的一样，小老板说“本来就是国营的”，在这看到吵架是常事，我说难怪，发誓再也来了。后来我还给携程客服部打电话，建议不要给客人推荐这样的酒店，简直受气。,0.0
一次不太愉快的购买.\n手串少了六粒弟子珠，和客服联系过， 说是补发，\n都过了十几天了，现在只能放在那里了,0.0
有很多啊  我的六级有希望了哈哈,1.0
在老火车站旁，环境不好。感觉房间也不怎么干净，房间里东西也贵。,0.0
东西不错，工具齐全，小巧耐用，赞一个~,1.0
干    而且使劲按才能出来一点   最多就是里面放了试用装  盖子也合不严实  哪来那么多好评  呵呵,0.0
14天到货，绝对差评，膜做的不合理,0.0
不错不错不错不错不错不错不错不错不错不错不错不错不错不错不错不错不错不错不错不错不错不错不错不错不错不错,1.0
降价买的，东东不错，喜欢，,1.0
关于南京关于秦淮河！！！,1.0
成箱购买，居然会少一瓶！很气愤！！！\n打商家电话无人接听！\n还好京东客服做出了一定赔偿~,0.0
没有买没有买没有买没有买没有买,0.0
两只鞋不一样，右面那只是正品，logo清晰，鞋掌的点点圆润清晰饱满；左面那只logo模糊，鞋掌的点点粗糙、散大毫无立体感，像被挤过的痘痘。为了买这个款式的鞋子，我已经买到三双假的了，最后一双还只有一只是正品，我也是醉了。。。算了，留下吧，不折腾了,0.0
商品还好，物流也快,1.0
活动时买的，质量很好的。,1.0
质量太差。脚一搞就断了,0.0
东西比较复杂，看了对考试也没啥用。,1.0
酒店环境不错，可房间一般。预订时一直强调要视野好一些的，结果因先前入住的客人过了入住时间还没退房，给了个比较差的房。房间的味道也极难闻。可能是5.1客人较多吧，打电话到前台要求看能不能换一间，结果也一直没有回音。,1.0
跟图片天壤之别谁买谁被坑,0.0
挺方便的 质量也不差 满意 喜欢,1.0
不错的，挺好的， 有用的,1.0
外壳很漂亮，钢琴漆，很有质感。键盘也很舒服。拍照，速度。。。。各种，我都觉得不错，最重要的是，老公很喜欢。O(∩_∩)O~华硕这款还是挺称心的。,1.0
收到的实物与店铺展示的图片完全不符（见图片），大有诱骗之嫌。质量低劣，鞋底硬如铁壳，走路咯得脚疼，几乎无法穿。为了比较木易王子这款鞋与实体鞋店处理甩卖的鞋子有何差别，前天用*买了一双实体店铺处理的杂牌鞋，穿上走路两小时后双脚没有感到任何不适。这足以证明木易王子（Ammoywandz）鞋子及其店铺的售货根本就是劣质产品，远不如实体店铺堆在店门口处理甩卖的鞋子。电子商务店的无诚信经营直接损害的是广大消费者。提醒大家小心上当。,0.0
用了一次，一点也不好，给差评,0.0
还以为是法制出版社，不过，质量也还好,1.0
一般，就是不知道是不是真的开光的。,0.0
说实话，这个酒店比较差，去天津时预先看了下酒店地址，富蓝特就在机场大巴终点站附近，比较近所以选择了它可后来太失望了，房间很小不说，还是木阁楼的，吵的不得了（不排除特价房的原因），那时天气还比较凉，浴室洗澡水竟然是冷的，服务员说多要放会水，就这样放了10分钟也没见热多少。听说天津的酒店都不怎么的，我就坚持凑合在这住了两宿，后来去对面的友谊之家看了下朋友，发现那边很不错。在天津的最后一晚，选择了那边，比富蓝特便宜环境又好，房间很大，卫浴设施不错，服务也不错。亲身经历，客观评价，希望酒店能改进。。。,0.0
我不知道这是不是 质量有问题，兜兜都是缝死的，我很奇怪，我和客服联系，客服说要我自己花退费,0.0
本来对这本书感觉还不错的，可是还没看几页就发现这么大的问题，居然直接从14页跳到了23页，我说怎么看来看去左右两页对不上呢！不知道这个问题该找谁解决一下呢？,0.0
不要买，一点都不好，京东越来越差了，垃圾货。,0.0
虽然酒店的设施慢慢有点旧了，但酒店前台的服务人员给人感觉很舒服，门口的服务生也很有服务意识，看我打车似乎不太顺利，就帮我叫车，因为我和的士司机都不太清楚目的地所在，又帮我问其他人我要去的目的地所在。总之感觉比原来的马可孛罗酒店好。,1.0
第一次带不太好带啊，怎么弄觉得有点怪，是自己不会带，另外觉得前边有点长了，去理发店修，可是理发师觉得是我没有带好，发发本身不长，看来得多多学习才行啊,1.0
品质太差，跟地摊货没什么区别，掉毛非常严重，气味很大，做工很差，到处都是线头，色差也很大，不知道京东怎么审核，第一次在京东买到假货，差评!差评!,0.0
住在阳光酒店，都不用上岛玩了，下次来一定带泳衣、吊竿,1.0
说实话，有些贵，宝宝也不喜欢戴，当玩具玩了,0.0
之前一直在看《咕噜咕噜转》孩子很喜欢，有一周时间了，自己总是翻看着，自己讲着。第二本《斯凯瑞最受欢迎的故事》拿出来，贝贝好兴奋，故事前前后后讲了两三遍，感兴趣的几篇讲了无数遍，万能修先生，会说话的面包，墨菲警官这些都是他常挂嘴边的，篇篇故事都生动，画面表现到位。这两本真是不错。,1.0
住了几次，价格高，房间差，床又小。要不是在携程上宜宾就这几个宾馆，我早不住了。今天去了，服务态度极差，我发誓再也不去了。郁闷,0.0
实际不是意大利生产的,1.0
杯子底部渗水怎么回事？怎么会这样哪。不正常，望卖家给个解释。,0.0
三天没穿到就开胶了   差到不行,0.0
也就适合做个落脚点，环境嘈杂，房间陈旧，连窗户都关不上。,0.0
裙子挺不错，有点长。可以买，样子不错,1.0
没有看到，忽悠人的！！！！！！！,0.0
"房间还算敞亮,服务也符合三星级旧点水平。而且到五台山也只有2小时路程，价格比五台山那里便宜一半。很合算的酒店！",1.0
书薄，内容少，不建议买,0.0
屏幕和主机连接的轴承感觉好脆弱啊，让我都不敢大开大合了，可能是我以前用IBM的习惯了吧，总感觉这机器的塑料壳和轴承都好脆弱。,0.0
不防水的，质量很超市9块9的差不多，用了才知道不防水，能退货吗？虚假宣传，坑害消费者合法权益，卖家拿个说法啊！问题是用了才知道不防水，这个怎么解决？,0.0
非常好用(?▽?)适合小手，大手用上感觉很有掌控力?,1.0
垃级..垃级..垃级..垃级..垃级..,0.0
7月25日到家人到泰山玩，通过携程订的华侨大厦的房间（说是搞活动，花280升级到360的房间，但是实际我们也不知道280和360的房间到底是怎样的）。对华侨大厦的评价和以前很很多网友的评价一样：服务很热情，但是设施太陈旧（在携程网上看酒店的反馈，说是有新装修的房间，但是订房的时候携程的工作人员不知道我们订的房间是否是新装修的，这点希望携程以后把工作做仔细一些）。入住华侨大厦从门童、前台带房间服务人都态度很好，很热情，对客人的要求反应很快（我因为带了孩子，要求多送一套洗漱用品到房间，刚放下电话没多久服务员就送来了），对一些我们询问的怎么去泰山玩，附近有什么好吃的等问题都很耐心的回答。房间有欢迎果盘，而且分量不小，很实在，呵呵。但是华侨大厦的设施确实太陈旧了，很多地方的墙纸已经脱落，房间的浴室比较小，而且没有独立的淋浴间，感觉老人和小孩使用时比较不方便。但是良好的服务还是可以弥补这些不足的，而且价钱也不贵，感觉还可以接受。,1.0
很薄，说能退货的，可是老没有人理踩&hellip;&hellip;\n郁闷&hellip;&hellip;,0.0
这个所谓的四星级酒店是相当的差，非常旧的房间，非常简陋的设施，通过携程预定，还要将近五百元的高价。当然，也没有办法，因为是周末，又是承德的旅游旺季。可是，其他的酒店却没有这么高的价格，相比之下，天宝假日要比这里强百倍！,0.0
外观，键盘，性能和电池都挺不错，但就是进不了系统，郁闷啊。硬盘嘎吱响，怀疑有问题。虽然楼上有人讲F9导入系统可以解决问题，但验货的时候可不知道，京东的售后也没提这个方法，直接换货了，还是换个新的保险,1.0
宝宝用后没有红屁股价格贵,1.0
"我在台前排理退房,居然有其他房客直接到台不遵守前後次序,而台人依然所直接理插房客退房手,完全排秩序先後!真令我!同五星酒店,我老板住喜登,我在喜登酒店口排等出租,有人也是插直接上出租,但是喜登房立刻赳正插客人口和要求方下到正位置排等候;怪喜登可以登上成都最佳酒店排行第一.",0.0
"房间象80年代的路边小旅馆.通往3楼餐厅的路上,污水横流,黑色的污渍随处可见.房间连电吹风都没有!也没有免费的矿泉水和茶叶包!电脑桌下面的地毯上黑色的污渍到处都是!!更好笑的是,有时打51(前台)后得到的回复是你找52(客房部);然后52又说你找51!!整体而言,还是国企的做法.",0.0
虽然遭遇台风“凤凰”，夜里没休息好，但极佳的位置，很好的服务总算弥补了一下。酒店旧了点，但时时处处能感受得到有一种底蕴。如有机会再去厦门，想体验一下面对鼓浪屿就餐的感觉......,1.0
不错。 五星好评。、成成成成成成成成成成,1.0
我看了一下，用处不大。作者好象是非专业人士，业余写作在网上发表的，倒是值得鼓励。,0.0
小孩学校推荐购买的，小孩挺喜欢的,1.0
韵达快递太慢了，1星期才到，联系客服经常没反应，每次使用刚开始都很臭&hellip;&hellip;,0.0
穿上很凉快 收到之后感觉 质量还好 物流也很给力,1.0
我的宝宝很喜欢，现在他一岁九个月了。但我是在他8个月的时候买的，也是看到评论，觉得挺好，买来看看吧。一岁时和他看《大风》的那本时，他能够看懂了，并且很喜欢，看了很多遍，对画面中很细小的东西都能够注意到，还经常自问自答，很可爱。并且这个绘本内容、质量都不错，只要宝宝喜欢我就很满意。一套中有的他现在还不是很感兴趣，我想随年龄增长，他会都很喜欢的！,1.0
另外要说的是，这个本子的散热设计实在是太厉害了，cpu和北桥芯片就是用了一个铝片覆盖，铝片很薄很轻，而风扇只是起到抽风，让气流流动的效果。这种散热很是让人担心，不知道其他上网本是不是这么设计的。,0.0
价格决定质量，给朋友买的，朋友说会起毛。,0.0
买给家里长辈的，听说可以哟,1.0
很快就收到了 质量很好 很喜欢,1.0
假货当道，用了一天，包包缝线开裂，退回返修耗时近25天，返修送回后包包皮质破损，缝线开裂严重，网购首次差评！,0.0
这也叫锅巴！？店家大概以为买家都是吃石头长大的，大概从来没有吃过啥叫锅巴！？今天收到锅巴时正巧有朋友来访，我还跟朋友介绍呢，结果一咬满嘴的碎石子，都当场吐掉。颜面尽失！颜面尽失！,0.0
不好，因为盒子旧了，看来已经放着很久了。。,0.0
跟图片不符，缝隙又大,0.0
没有想象中的那么好，边上还少一点毛,0.0
这是握住过的最便宜的五星级酒店，金陵酒店管理的，酒店的硬件很部错，卫生间的面盆与淋浴房的间隔有点小。,1.0
鞋底有点儿薄，一分银一分货，穿着还合适！,1.0
　　《中国历史常识》为向广大青年介绍中国历史，吴晗于1963年至1965年问组织了一批专家学者，包括著名历史学家汪篯、白寿彝、邓广铭、郑天挺、翁独健、胡厚宣、阴法鲁、何兹全、戴逸等人编写了这部《中国历史常识》。《中国历史常识》从北京猿人一直写到北伐战争，几乎囊括了中国历史上所有的重要事件和文史常识、典章制度，是学习中国历史和中国传统文化的经典读物。　　《中国历史常识》为向广大青年介绍中国历史，吴晗于1963年至1965年问组织了一批专家学者，包括著名历史学家汪篯、白寿彝、邓广铭、郑天挺、翁独健、胡厚宣、阴法鲁、何兹全、戴逸等人编写了这部《中国历史常识》。《中国历史常识》从北京猿人一直写到北伐战争，几乎囊括了中国历史上所有的重要事件和文史常识、典章制度，是学习中国历史和中国传统文化的经典读物。　　《中国历史常识》为向广大青年介绍中国历史，吴晗于1963年至1965年问组织了一批专家学者，包括著名历史学家汪篯、白寿彝、邓广铭、郑天挺、翁独健、胡厚宣、阴法鲁、何兹全、戴逸等人编写了这部《中国历史常识》。《中国历史常识》从北京猿人一直写到北伐战争，几乎囊括了中国历史上所有的重要事件和文史常识、典章制度，是学习中国历史和中国传统文化的经典读物。　　《中国历史常识》为向广大青年介绍中国历史，吴晗于1963年至1965年问组织了一批专家学者，包括著名历史学家汪篯、白寿彝、邓广铭、郑天挺、翁独健、胡厚宣、阴法鲁、何兹全、戴逸等人编写了这部《中国历史常识》。《中国历史常识》从北京猿人一直写到北伐战争，几乎囊括了中国历史上所有的重要事件和文史常识、典章制度，是学习中国历史和中国传统文化的经典读物。　　《中国历史常识》为向广大青年介绍中国历史，吴晗于1963年至1965年问组织了一批专家学者，包括著名历史学家汪篯、白寿彝、邓广铭、郑天挺、翁独健、胡厚宣、阴法鲁、何兹全、戴逸等人编写了这部《中国历史常识》。《中国历史常识》从北京猿人一直写到北伐战争，几乎囊括了中国历史上所有的重要事件和文史常识、典章制度，是学习中国历史和中国传统文化的经典读物。　　《中国历史常识》为向广大青年介绍中国历史，吴晗于1963年至1965年问组织了一批专家学者，包括著名历史学家汪篯、白寿彝、邓广铭、郑天挺、翁独健、胡厚宣、阴法鲁、何兹全、戴逸等人编写了这部《中国历史常识》。《中国历史常识》从北京猿人一直写到北伐战争，几乎囊括了中国历史上所有的重要事件和文史常识、典章制度，是学习中国历史和中国传统文化的经典读物。　　《中国历史常识》为向广大青年介绍中国历史，吴晗于1963年至1965年问组织了一批专家学者，包括著名历史学家汪篯、白寿彝、邓广铭、郑天挺、翁独健、胡厚宣、阴法鲁、何兹全、戴逸等人编写了这部《中国历史常识》。《中国历史常识》从北京猿人一直写到北伐战争，几乎囊括了中国历史上所有的重要事件和文史常识、典章制度，是学习中国历史和中国传统文化的经典读物。　　《中国历史常识》为向广大青年介绍中国历史，吴晗于1963年至1965年问组织了一批专家学者，包括著名历史学家汪篯、白寿彝、邓广铭、郑天挺、翁独健、胡厚宣、阴法鲁、何兹全、戴逸等人编写了这部《中国历史常识》。《中国历史常识》从北京猿人一直写到北伐战争，几乎囊括了中国历史上所有的重要事件和文史常识、典章制度，是学习中国历史和中国传统文化的经典读物。,1.0
去年11月去北京，前门店没房间了，订了菜市口，很不错，干净，服务态度很好，有问必答，餐厅总体来说还可以，楼下的涮肉很不错。,1.0
打开书就被吸引了，一口气看完，而且越看越觉得发展之复杂，初入社会，很难想象公司内部之复杂。当然，作为女性读者，拉拉的恋情也始终牵动着我的心情，最终是个不错的结局。已经准备买第二部了，书评没有第一部好，但还是想看，也许是我们对拉拉的期望太高了。,0.0
用来清洁卫生间的霉斑，效果很好，可惜买少了，还会再来！！！,1.0
第二次去住，带着狗狗，保安说不能进去，我告知迟一点会交给朋友带走。保安无进一步意见，前台也未作任何提示，顺利入住。从进房间开始，就不断受到关照。1.一分钟后敲门告知要记得带狗狗出去；2.五分钟后打电话告知要带狗狗出去；3.十分钟后打电话告知要亲眼见到狗狗出去；4.十五分钟后告知如果没见到狗狗出去，他们要进房间检查；5.二十分钟后，再来电话，俺提出退房；6.三十分钟后电话告知退房要收人民币壹佰块！7.四十分钟后，朋友带狗狗出去。ps：期间狗狗没有发出任何声音，就好像是一条哑巴狗。不会再选择这家酒店了。,0.0
质量真心不错 容量大 正品 这个价超值 卖家发货快 包装好 给好评,1.0
做工粗糙，裤腿长短不一，垃圾做工,0.0
给自己的戴着很好看，很帅 哈哈,1.0
买的时候问最近有折扣么。说没有。买完第二天就降价。而且差价不退。来京东是个失望的选择。,0.0
质量很好，与卖家描述的完全一致，很贴合，非常满意，真的很喜欢，发货速度非常快，包装非常仔细，很满意的一次购！拿到了就把安装起非常喜欢，呵呵车子看上去又上升了一个档次。,1.0
价格实惠，看起来也很不错的样子。\n,1.0
东西非常好！汽配市场上我都去看过了，就是味道大才没要的，这个味道小，材料好，做工好，装上去也很合适。真不错 。我是身边的朋友介绍的，我发现这家完全是靠着口碑生意才这么好的，很不错，我想我也会介绍给我朋友的。,1.0
鞋子不错，很合脚，穿的舒服，赞,1.0
包装真心差，没封塑料膜，一起买的其他书都有，并且书有破损的地方，都怀疑是旧书了，影响心情,0.0
"不该是五星级酒店,该属于四星级吧!城区边,消费不方便,但真是个休息的好地方,性价比还可以.似乎服务跟不上,我们一行带了点东西到酒店,没有一个服务生主动来帮忙提箱子的.",1.0
不错的 经常买这个牌子的东西 但是礼盒水乳也太迷你了吧 也是醉了 送的也喜欢,1.0
这是需要潜心静读的一套书.,1.0
机器很轻，屏幕效果很好 我这台屏幕没有发现坏/亮点 机器本身就带VISTA，京东的LINUX描述错了。,1.0
房间总体来说不错，比较干净，性价比还可以，只是晚上太晚回去大门是关的，要得叫人起来开门，不太方便。还有空调不是中央空调，冬天挺冷，开着空调噪音又太大。洗澡的地方没有隔断，一洗澡就满地都是水。,0.0
这次到莫干山自驾游，住在德清县的这个酒店里。先说说好的方面，酒店的地理位置不错，紧邻免费开放的春晖公园。开车到莫干山有两条路，大约40分钟。作为挂牌四星级，门面还是很气派，客房是中式的布置，房间很大。酒店内的工作人员对客人有求必应，服务态度较好，就连门口指挥车辆的保安也会很热情地给我们指路。不太满意的地方，一、酒店大堂因为节能不开空调，走廊里有因长期不通风造成的霉味，而且地毯看上去也很脏；二、浴室热水比较小，但设施还算干净；三、入住和结账的速度比较慢，但也可能是因为入住客人多的原因。德清县环境不错，离杭州、湖州都比较近，酒店还有班车发往这两个城市，适合短途旅行。,1.0
很好，加州宝宝一直在他家买的，现在宝宝正在用呢,1.0
地摊货，都不敢穿岀门，，，,0.0
挺好的书，就是书纸张有点窄,1.0
我付款已第三天，至今未收到货！由于点错了，才进到这个介面的。无奈中！！！,0.0
6666好好好好好好好好好刚,1.0
这本书内容看了一点，说的内容颇少。只知道挺重的，纸质不错，现在这类书买太多可以充当床上的小桌子。《中医内科学》主要介绍中医内科学的专业基础理论、常见内科病证的基本知识及辨证论治规律。全书分总论和各论两部分。总论分别阐述气血、风寒燥火、湿痰饮、六经、卫气营血和各脏腑的病因病机基本概念，以及内科的治疗原则和常见治法。各论分别介绍常见的内科病证49篇及其所属附篇，每篇按概述、病因病机、辨证论治、结语、文献摘录等分项叙述，部分病证还增设类证鉴别一项。书末附有方剂索引，以备检索。,1.0
女朋友说内容不错，很新，很实用，建议微信运营的可以买来看下,1.0
"是个环境不错的地方,离古城入口也比较近,入住的寿苑比较安静也很干净.不足的是楼上的脚步声能听得见,隔音不是很好.",1.0
好价格好味道，咱江浙人喜欢吃,1.0
儿子用过，非常非常好！,1.0
第一次给京东差评，包装及其简陋，害得我那本大书皱皱巴巴的,0.0
全都碎了，一堆渣渣怎么吃&hellip;&hellip;,0.0
鞋拔子很好用，买了两款，一款不锈钢，一款塑料的，不锈钢的弧度不够，没有塑料的好用，不锈钢的我认为够硬度了，没那么容易踩弯,1.0
没用，没心得，商品发错了，我要的是SPF25的，给我发成15，换还要上传图片，我懒得弄了，不换了,0.0
11月13号下单， 12月5号才到。还好赶在双十二之前拿到。物流忙是其中一个原因，还有一个就是商家从来不更新你的物流信息，结果我的物流信息一直显示没有出库。向商家咨询过无数次，没有一个人回复过我。我都在心里暗骂：是不是人都死光了。后来通过京东客服催促了将近一个星期，才邮寄到北京，那时候我的物流信息还是显示没有出货。在我收到货的第二天，连我都还没来得及点确认收货，奇妙的我的物流信息变成了已经确认收货。这简直就是神速啊。最最让我不满意的一点，明明买的是蓝色的，给我邮寄过来的绿色，难看的要死。号码特别的小，我根本就穿不上。最后孝敬老丈人了，这奇葩一样的购物体验，让我深深感受到冬天的寒冷。哦，忘了说了，商家的地点是在福建，不知道什么叫冬天。,0.0
看样子不错。快递员态度差。,1.0
赠品七巧板包装精致，质量可以，孩子喜欢，,1.0
杯子不错哦，一直在用,1.0
宝贝不错，很漂亮，精致，物美价廉，非常喜欢，好评～～ ,1.0
很不错&hellip;&hellip;给个好评希望越来越好,1.0
太差了，跟图片差太多了，而且也很短，一点也不好,0.0
实在是不想买联想，但是给长辈用，镇上左右联想售后&hellip;没办法，性价比不是一般的低,0.0
很不错呦，同样款式的去专卖店要贵两倍的价钱，这款还是挺值的\n,1.0
士人读书，第一要有志，第二要有识，第三要有恒。有志，则断不甘为下流。有识，则知学问无尽，不敢以一得自足；如河伯之观海，如井蛙之窥天，皆无见识也。有恒，则断无不成之事。此三者缺一不可。,1.0
这条裤子，真是褪色到极致，洗的时候谁就很黑，洗了几次，黑裤子膝盖就变红了，跟个抹布似的，真的怀疑是否正品！！！,0.0
这物流真是坑人，货到了也不打电话，不发信息，让你自己猜到没到。我能猜到。,0.0
谁买谁知道，色差大，笔芯没一根能用的，写字软根本写不出好字,0.0
很实惠，，，，，不错,1.0
"这所酒店永不再采用。我于一周前透过携程预订好6月24日入住一天，竟然在入住当天中午从机场打车到酒店途中，收到携程短讯说：“您预订的6/24入住的杭州最佳西方梅苑宾馆,因政府征用,6/25早上8：30之前必须退房,请知晓”。向携程查询，回说他们也是当天才刚收到酒店的如是通知，而酒店前台亦无法解释为何会有如此安排。作为酒店住客，逗留至中午12：00是最基本的权利，如何能够临时用一个短讯便要求客人提早离开，真是荒谬，亦严重亏损了国际集团之名。怎晓得这酒店日后又会用政府名目亏待住客。虽然在跟酒店一番理论后，前台曾致电到我房间改说会为我特别安排下不用提早离开，这更令人生气，一方面房客要动气争取才给你基本的住宿权利，另一方面原来政府征用之说其实挺有弹性，不一定要执行。携程亦十分不是，怎能接受合作伙伴如此安排，如果酒店有活动不能出租应早作处理，不可能接受预定又出租房间的同时但牺牲客人的最基本的权利，这么晚替酒店发此短讯，而且亦未有主动为客人提供应变安排，只推说是酒店事情，与携程无关，令人难以接受。宾馆反馈2008年8月12日：回复：尊敬的宾客：对此次不应该出现的错误，我们酒店深感遗憾；对给您带来的不愉快经历，在此真诚地表示道歉！衷心期待得到您的谅解和再次地支持！",0.0
汉译世界学术名著丛书：西汉译世界学术名著丛书：西域考古记域考古记汉译世界学术名著丛书：西域考古记,1.0
"房间有免费宽带,速度很快.酒店离将军行署很近.想去参观时间又短的人可以选择这里.",1.0
内容尚可，印刷质量一般的,1.0
"技术区里唯一的四星级酒店,外观不起眼,但服务感觉很不错,尤其",1.0
信心购买的产品，物流服务态度好。,1.0
蚊子比较多，价格还算可以，房间比较小，周边环境还可以吧。,1.0
太一般了 网络慢的跟蜗牛一个等级 还高速呢 真晕 补充点评 2008年4月2日 ： 也没早餐 点评,1.0
强烈不推荐。定的是豪标的房间，等到了前台，居然说我没有预定，折腾了半天，郁闷，出差住酒店没有好的服务态度，真的很不爽，然后上楼，5楼，电梯不知道怎么坏掉了，问服务台怎么办，能不能修修，她冷冷的就一句：爬楼梯！我可是带着一个大行李的啊！房间比较小，干净程度也是一般，和介绍中相差甚远，举个例子，浴巾，都是用得边角都碎了，一丝一丝的，非常恶心，电视遥控也不好用，而且我工作需要上网的，可是承诺带网线的房间，的确是有网线，但是三天里都上不了网，电话到前台，不是说没问题，就是说机器坏了，今天没法修，要等明天。要不是为了已经定下的积分，我早就换掉了，太不爽了。周边酒店不少，劝各位住客入住前三思，还是选择那些名气，星级好些的。补充点评2008年7月1日：送的早饭真的是不能吃，还有房间隔音效果极差极差，上下前后加走廊，声音超烦，严重影响到休息！,0.0
袜子已经穿上了  真暖和,1.0
送的，mei'sha'ping'jia,1.0
通过朋友介绍住了苏州南林饭店，一进酒店大堂感觉就很好，酒店的行李员、前台服务员、大堂经理都很热情，有种宾至如归的感觉，房间也很有特色，背景墙上有金色字体的诗词，我住的是朝南的景观房，感觉真的很好，一出门就是娱乐酒吧一条街、美食一条街，出门很方便，下次来苏州我还会选择南林的，我也会介绍我的朋友入住南林饭店！,1.0
这是一本比较不错的书，看看伟人的读书生活，也许对我们的学习会有一些启示作用,1.0
书是09年编写的，14年出版，从网站界面看不出这点，可以说是本旧书，标准引用的都是09年以前的，很多标准都更新了，购买请慎重,0.0
很好，保温效果不错，值得,1.0
货已收。还没使用。,1.0
鞋子质量差，物流极慢，慢慢&hellip;&hellip;,0.0
"性价比很好,设施很方便,适合家庭(3人以上)入住宾馆反馈2008年8月5日：非常感谢您的评价。欢迎您和家人一起光临！",1.0
不错的书，还有MP3光盘。适合英语爱好者。内容是日常生活的主体。,1.0
体型比想象中要大，片源不多。所谓的芒果授权，我都没感觉有什么权，好多片子都要收费。还不如我手机下载个芒果TV。,0.0
送给小朋友的，她喜欢就行！！！,1.0
店家 快速注卡不能用  提示不是用户名错误就是密码错误 我输入了好几次 请问有什么解决办法么  我需要音频,0.0
一如既往的支持，不错的酒店，服务上再上去一点就好了。宾馆反馈2008年7月31日：谢谢您长期以来对我酒店的关心和支持，我酒店即将申报四星级酒店，我们在硬件的改造的同时，软件服务上也加强和提升，争取让每一位宾客都满意。我酒店按五星级标准装修的24-26楼高层观景客房即将竣工，期待您的光临！！,1.0
不好，有点坑人，不怎么好用,0.0
"服务很差,房间供暖不足。换啦两次房间才行。态度恶劣。新房间床上有别人的毛发。叫服务员换还很不高兴。",0.0
放假回来试了一下，充电很快，开机充满后就看了一集40几分钟的电视剧，第二集开头就看了8分钟左右，结果没电了。时间不是很理想，7天包换时间都过了，,0.0
套上屏幕自动熄屏不太好用样子可以,0.0
根本嚼不动，什么东西啊？,0.0
这本书主要讲建筑相关的，其它的行业用处不大,1.0
兄弟  你说的慢回弹记忆棉呢  搞一些太空绵耍我呢,0.0
里面的歌曲根本就不是原创者唱的，全都是古怪的串烧合在一齐,0.0
z之前用的还是这个牌子的，但是外包装不一样，刚用两天宝宝PP上起红点点。在用两天看看是不是尿片的原因,0.0
大床房非常好．最值得推荐的是游泳池和免费长途电话，缺点是大堂太小以及门口的出租车，只要是去机场肯定多要钱，从机场来时只７４元，去机场要１００元，没时间和他理论．,1.0
很不好用，消毒水都不沸。保温为什么45！真的是醉了，物流太慢。也懒得退了？不说了，都是眼泪！,0.0
酒精味儿太大啦，第一次用手指有点儿过敏了，后来就好了，擦的挺干净的。,1.0
第一次在京东给差评，一个管出一个不出，这么贵的东西，怎么用,0.0
单人间房间极小，只能放下张小床和一张小沙发，第一个房间空调坏了，换了个房间，连沙发都没了！房间设施陈旧，只是卫生间还可以。根本达不到四星级标准，连如家这类商务酒店都赶不上，强烈不推荐,0.0
蛮好的，儿子很喜欢，天天催我到了没到了没，拿到手后高兴的不得了，舍不得放开了。,1.0
太少了，不值，上当的赶觉。,0.0
这是我看的第一本江户川乱步的作品。阿狸推荐的，乱步是他少年时的阅读经历。 \n　　我看推理看的不算多，本格、社会、硬汉的都疏疏看过一些。亦不算是个好的推理迷，虽然自认为还是欢喜本格一派的，但看侦探坐在那里一本正经运筹帷幄的古典纯本格又常常觉得乏味，须得加上些奇妙的旅程、异域的恶之花、神出鬼没的侦探和惊心动魄的打斗方才觉出通俗的乐趣。推理小说本不入流，在纯逻辑之外节外生枝的我就更不入流了。 \n　　乱步是日系推理的祖师。祖师没看过，接触的倒先是他的子子孙孙们，岛田庄司、东野奎吾、西京村太郎当然还有名侦探柯南&hellip;&hellip; \n　　扯多了。想说的本是乱步本身。 \n　　如果说我是有点喜欢那些纯逻辑之外七七八八的东西，乱步提供的则大大超离了我所期待接受的&mdash;&mdash;对于灰色的推理来说，实在太过绮丽。推理和逻辑在他那里也许没那么重要，因为他并未按照谜题&mdash;解谜的叙事顺序。他的重心或许只是想讲一个诡异的故事，诡异本身比案件本身绮丽无数倍。 \n　　这是一个逻辑让位于想象的作品。我觉得主人公的人工乌托邦想象才是这个诡异绮丽故事最核心的部分，也是乱步最想讲的故事。为建造一个人工乌托邦，主人公花尽心思换身份、做些恶心的移尸行为，抑制自己对所爱女人的感情，最后杀掉她。真实的世界终究被想象所打败。主人公和千代游岛的一段描写，乱步该是最大程度发挥了想象力，也是全书最出彩的部分，颇有些阅读凡尔纳《海底两万里》的感觉》。但古怪的鱼、裸女莲台、人体天鹅，这些又分明让人感到一丝心理上的颤栗。绮丽到极致就是颤栗，因为人们往往不相信如此绮丽的东西会存在于人世。这正也是千代的感觉。 \n　　乱步对于主人公的人工乌托邦的态度是暧昧的。人工制造的自然是奇怪的，而帕诺拉马，这本身就是一种假象。最后主人公身份被识破，帕诺拉马的奇迹沾上鲜血，人工乌托邦倒塌。人类还是取得了世俗的胜利。 \n新星出版的这本收录了大师的两个长篇小说。 \n　　帕诺拉马岛奇谈 \n　　大师完成此作是在1926年，天马行空的想象力，细腻深入的描绘，营造出惊悚、诡异的氛围，透露着猎奇、耽美气息。 \n　　故事讲述一个有着乌托邦情节的不出名的青年&ldquo;小说家&rdquo;，在得知和自己长得似双胞胎的同学源三郎病逝后，大胆策划了掉包替身计划，假扮同学复活，利用他丰厚的家产，在孤岛上大兴土木，兴建桃源乡，实现自己的理想中的世界。最后被识破身份，以惨死告终。 \n　　小说前半段描写了为实现自己的计划做的准备工作： \n　　首先伪装成坠湖自杀，让自己消失；其后从坟墓中挖出同学的尸体，并将其尸骨埋入旁边的坟墓掩藏，对这部分的描写真是好有画面感。被村人发现，伪装成源三郎生活，并开始付诸实践计划。 \n　　 \n　　中间部分是通过源三郎妻子登岛后所见闻，描述了孤岛上建造的花园、海底世界、森林，充满了奇幻色彩。理想中的桃源乡，主角成了这个岛上的君王，但是源三郎的妻子成为他最大的阻碍。要解决这个障碍，杀人事件就发生了，于是推理小说部分开始了。 \n　　推理部分还是比较简单的，北见小五郎（ms就是明智小五郎）识破主角的身份：1、柱子上的一根头发显示死去的妻子被埋在柱子里；2、岛上的一切就是主角曾经投稿的小说里的再现。 \n　　 \n　　主角曾说即使事后人识破，但是能实现自己的理想，为此付出性命也值了，也是一个痴狂的人啊。 \n　　 \n　　《湖畔亭事件》 \n　　这部作品能看到大师其他几篇小说融合的影子。有着偷窥癖的&ldquo;我&rdquo;目睹了一起杀人事件，但是第二天却找不到尸体，只有地板上的血迹。和河野一起做起侦探，寻找罪犯，找到了凶手，凶手却也身亡了。最终被告知其实整个事件是无中生有，自己只不过是反被别人利用当&ldquo;凶案&rdquo;的见证者。但是事件制造者却害死了另一个无辜的人。 \n　　 \n　　话说大师真的很喜欢写偷窥癖这个设定啊~,1.0
已经使用了，清理干净方便！好,1.0
一直用澳门买的，这次网上买就过敏了，香味也不一样，借鉴吧各位。,0.0
哎，买了送给人家了，人家就放仓库了，这么久了也不拿走放客厅，这是为啥呢？,0.0
订单是每袋500g，可是收到只有472g，为什么商家乱搞。京京商城就没有制度把关吗？非常伤心购物之旅。以后不会再买了。,0.0
儿子非常喜欢  整天骑着跑 拉也拉不住,1.0
东西非常好，也很实用，,1.0
给宝宝买的，很柔软挺舒服的，不知道以后会不会起球,1.0
帮同学买的。应该还可以吧。没听他说什么,1.0
我妈抱娃娃多了，腱鞘炎犯了，戴了这个没有什么作用，就是个运动保护手腕，没有治疗效果,0.0
酒店环境确实不错，离市中心也近。因航班改期，没有订到相同的房间，我们到时已是半夜，要求两天换到同样的行政楼层，前台小姐很热情的帮我们办理了，还主动帮我们回复了携程，很满意。房间还可以，只是卫生间的淋浴是头顶式莲蓬，相当不便，水流也小。不过在宜昌能有这样的酒店，应该算是不错了。,1.0
款式新颖，衣服质量挺好，大小合适，跟京东商城里介绍的一样，为商家赞一个！,1.0
我去哦，啥子东西哦，才穿个多月，又没使劲整啷个久脱线了，坑，，，，购买需谨慎！！！！！！！,0.0
好吃不贵，继续保持！,1.0
大堂的服务的入住登记与离店付款很慢，服务员回答问题爱搭不理，房间内的IC卡电源是坏的，电子控制毛病多多，洗澡盆的下水不畅，早餐要7点以后......。不会再去了。,0.0
发货慢，物流慢，不满意。,0.0
垃圾的要命，一天都坚持不了，就面目全非了，姐妹们不要再上当了,0.0
收到的货穿了个大大的洞，退货了，几个月还不退运费！,0.0
客服态度又不好，我前天就说了问题，结果等到昨天才回应，今天又不给回复来个解决方案。快递速度慢，我临时改地点，客服也是爱答不理的，我就打给京东客服，京东客服态度很好，直接说明情况。被子也没有想象中厚，前几天盖着还是冷,0.0
商品不错，质量好，价格实惠，外观漂亮，颜色好看，服务很好，做个精细，喜欢，好评,1.0
好书，不错，还挺便宜的。,1.0
显然没什么用。。。,0.0
有没有搞错，才过了2天，就降了111？还送杀软（虽然是垃圾杀软）？,0.0
质量很好，做工没得说，非常满意,1.0
京东随便取消客户订单，没诚信,0.0
没什么可说的！无语！,0.0
乐扣的牌子还是值得信赖的，密封性不错，一直用,1.0
质量一般，袖子下面有脱針一厘米，懒得退换，缝了缝，深色衣服用浅色线缝太不专业了。,0.0
1、隔音很差！走廊外面有任何动静都一清二楚，问题是你就不用休息了！2、所有的毛巾都有一股烟味！不知道为什么？这是第三次住了，每次都是如此。而且毛巾还硬得出奇。宾馆反馈2008年4月12日：感谢您的点评，酒店的隔音通过您的点评已经改善，毛巾的洗剂方式已经进行调整，在清洗时通过增加柔软剂，已改变毛巾的柔软程度.,0.0
鞋底太硬 比科9差多了,1.0
做工非常精细，赞一个！！！,1.0
还以为是2瓶的价格呢！怎么比别家贵了那么多！！！,0.0
帮别人买的 物流速度跟蜗牛般 第5天才收到 鞋子很1般 鞋边很多气泡 不值这个价~,0.0
还没有安装 说给赠品 可打开包装一一看后 没发现有赠品,0.0
不好不好不好不好下次不会买,0.0
挺好，我很喜欢，真的很好噢！,1.0
买的有环的结果发了个无环的，懒得换货了。发货的人能不能仔细点啊,0.0
国庆节降了  我也是醉了。没屏幕不方便,0.0
品质差！后悔！,0.0
酒店的基本设施一般，但服务态度确实很不错，房间8楼以下就是新装修的，8楼的房间就比较成旧，洗澡有单独的整体浴室，水比较大空调的风也很足，这个宾馆好像是属于海军的南海舰队，地理位置也很好，靠近省委 火车站，离黄兴步行街也就三站地，值得入住,1.0
非常差！欺骗顾客，打着老包装的图片来卖新包装的货，不要给我说随机，扯淡！新旧价格不一样口味也不同。新包装的奶粉京东自营店一包才243，你这两包一起就514了，我想有多少顾客都是被你老包装的图片骗了？\n  我想说，不要诚信，靠蒙骗做生意，有多少回头客？还能做多久？京东还要你？\n祝早日关门别再坑人。,0.0
质量还行，自己买大了一码,1.0
我怀疑是假货，宝宝穿了红屁屁，伤心！,0.0
比较轻，升级到667总线之后比533的时候快一些了，预装的系统是xp3的。,1.0
质量不好，特别差感觉，太轻，里面也是特别简单的，没有质感，之前我的比这好多了还没有这么贵哦，还有物流太慢了，慢 慢慢,0.0
"由于五一当天决定出去玩, 订晚了, 只有三家酒店可选择, 就选了这家. 优点: 酒店在青山湖边, 房间要选临湖那面, 感觉还算清静, 酒店的绿化还算好. 缺点: 房间设施太过简陋, 顶多是个普通的招待所的标准, 卫生间太简陋, 那个马桶简直脏的吓人, 不是打扫的不干净, 不知道是用了太多年还是质量太差, 整个马桶都是乌其麻黑的. 不要在酒店吃饭, 太湖源, 天目山景区里有农家乐, 找停车多的那种, 价格公道, 材料新鲜, 那个土鸡汤味道真实鲜得来...",0.0
不结实，骗人，上当了,0.0
刚刚拿到还没有用   如果可以给零分我就给零分了   物流慢的没法形容   急的我都想骂人了  介意不要买了,0.0
有空再看，618店庆优惠价买入。,1.0
还不错，比较薄，速度很快。,1.0
还好，就是码子骗小，鞋带太多，,1.0
不错，袜口松，其他还好,1.0
很一般啊，没有想象中的好，内容有些肤浅，没什么特别的，特别是关于中医养生的部分，有点失望，不过版面印刷质量还是可以的，文字大小看起来也很舒服，仅此而已！,0.0
宝贝还可以，快递蜗牛，客服无语,0.0
"买了好几套乐高了,孩子很喜欢.",1.0
不怎样，放了热水明显外玻璃发烫，看来非真空，保温效果也不咋的，还有就是漏水，除非使劲拧紧盖子，这哪像英国品牌的产品，价格还奇贵，不推荐。失败的一次购物。,0.0
买东西赠送的，目前还没看,1.0
现在才想起来根本没收到这个货嘛,0.0
不好用\n不显示好像有问题,0.0
千万别上当，垃圾，，质量超不好,0.0
还不错，就是有个很坏的问题，正面翻开贴到背面，小米就自动锁屏了，只好叠起来再翻翻背面,1.0
价格便宜，品质优良，东西不错,1.0
商品不错和商家苗诉的一样样子不错建议拖鞋选比正常码大2码,1.0
货不对版，无法在练字板上使用。,0.0
东西感觉还不错，手感也还不错!,1.0
希望水分多一些，没有欧莱雅的保湿度久,1.0
酒店很干净，房间不错，早餐一般，但是周围环境不好，基本上没有什么可以吃饭的地方。,0.0
整体不错，做工较好，个人感觉做挎包更适合一些，要是单手拿略微偏长了一些。还有要求开发票，实际未开。,1.0
为什么要弄成这种味道？这根本就不是香好吧，一打开，满屋子人都跑了！真败了！,0.0
送人很好 很有档次,1.0
味道好极了，值得推荐购买,1.0
图片和实物颜色差好多 质量问题等用了一段时间再说,1.0
好像不太像真丝面料尺码太大,1.0
差到极点了，*把*续的也写在里面了，快递更垃圾换了好几会就是要给你拿个塑料袋装，到了以后书也是烂的。,0.0
东西很好我很喜欢   恩。,1.0
博洋家纺 床上用品 褥子 珊瑚绒舒柔床褥床垫(驼色) 1.5米床,1.0
清楚，眼睛不累。,1.0
东西还可以，快递太慢了，???,0.0
我出了趟差回来，没见东西！看着记录是送到了，但是公司没有人见！从下单一个电话都没有打过给我！垃圾快递公司！,0.0
衣服瞒漂亮的，穿上合身，这颜色还是挺喜欢的，质量做工方面都很好，好评\n,1.0
很好，非常满意，值得购买。,1.0
各种差评，服务态度差，物流也差，各种差评\n,0.0
凑活.....................,1.0
关于携程：携程在如家的价格谈判能力值得怀疑，这次订的是套房，通过携程订价格289，网上未显示门市价格。到了如家局前店后发现门市价为299元，携程价格仅优惠10元。再后来常州的朋友（就住在如家旁边）告诉我，如果直接预定，能轻松打到240-250的价格折扣。这样我就非常怀疑携程的价格谈判能力了，通过携程预定是为了经济，但拿到的价格之比公开的门市价低10元，根本不具备价格优势，甚至通过当地的朋友都能拿到比携程更便宜的价格，那我们还用携程干什么？ 关于酒店：套房设施太为陈旧，实在与289的价格不符，尤其是一楼客厅的沙发，简直是房间的最大败笔，灰绿色的沙发，实在很像从垃圾堆里检出来的。套房在1层，是上下层的复式结构，上层无窗户，下层有窗户，窗户外1米是一堵高墙，可以依稀透进来一点光线，感觉就是地下室。睡觉前在屋子里拍蚊子，拍死不下20只。住如家住了不少店，这样的房间还是第一次遭遇，出游不想影响心情，所以回来后再投诉，希望如家和携程能有所反馈。,0.0
好书！值得收藏！就是书皮有黑的印。,1.0
周边环境差，房间卫生差，房间设施老旧，服务差（接送车辆接送不到位，电话接不通，卫生设备损坏不维修）。,0.0
想去澳大利亚的朋友们赶快买吧！过了这个村，就没这个店啦！！！！,1.0
讲解比较细致，适合我这种初学者,1.0
很不错！质量棒棒的！,1.0
本本的发热量大，而且重，如果轻些就好了 再就是东西拿到时，为了装XP系统把人磨死了,0.0
收到了，试了下，很漂亮，做工精致，价格实惠，满意！~\n,1.0
1.手感较差，无任何标签，三无产品！\n2.图片色差，故注明酒红，然发货绯红！\n3.现买现卖，影响京东信誉！,0.0
巨难吃！华丰三鲜伊面的味儿！！,0.0
"方便携带的小册子,很小巧",1.0
包装太脏了，堆了几年的东西,0.0
街边货，不咋的。。。,0.0
新版的公安基础知识是2013年的 更新了很多知识 而这本真题汇编里面的题目都是2013年之前的 你懂的  很多题目的答案和现行版本是不一样 很多题目和答案都是按照2008版制定的  包括模拟题也是 都是搜集的老版的题目 业界良心哪里有 坑害学生有没有,0.0
性价比 比较高 喜欢15寸的感觉 硬盘160G也够用了 还配置了combo 公司的同事也很满意,1.0
发货慢，几天的时间坏了，售后就是你扭过头了，再见,0.0
很旧的酒店，房间里又脏又旧，不过床铺的干净程度还算可以接受。电视遥控器也不好用，窗户完全不可以打开，外面贴着不知道什么广告。到晚上11点回来，已经不知道前台服务员去了哪里？无奈找到其他服务员，对前台告诉早上6：00叫早，前台也已经确认，结果是幸亏自己的手机有闹钟功能，不然一定赶不上飞机。早上结账时，告诉入住2位客人，需要另外交2元的城市建设费（好像是这个费用，甘肃省要求的）。在甘肃的其他酒店入住时，其他的酒店都自己承担的，钱虽然不多，不过可以反映酒店的服务水平。唯一的好处就是这个酒店可以提供免费接机服务，不过来接的车子也应该不是酒店的车子，一路上一直询问可否自己租他的车子。不过师傅倒是态度挺憨厚的。这样小的城市，这样的服务水平也就不足为奇了！！,0.0
包装不怎么，快递慢，,0.0
卖家发货快，服务态度非常好，质量很不错，大小刚好，没什么异味，我很喜欢。,1.0
该酒店2008年刚刚装修，室内有浓重的装修建材味道，且窗户无法打开。另外该酒店重新装修过之后改名为现在的仁民，故大多的士司机不清楚酒店的位置,1.0
总体不错，窗外就是江，周围吃的也很多。（乐山人民有些不友好，当心敲诈，吃东西最好多走几家问问价。）要的是180的标间，房间空间很大，虽然有些成就，不过也算对得起他的价格了，早餐没吃，送了两瓶小矿泉水，不够喝，建议换小桶装的。,1.0
一晚不到灯泡就坏了，几个小时内还是电死几只蚊子，灯泡不给力啊,0.0
是真皮，做工还不错,1.0
儿女一人一盒，非常满意,1.0
使一阵膜左上角翅起白本来不想这是第二个两个都同样问题产品问题我买第一个就这个问题一想算了重买了一个开始没有第一个哪样没多久就出现同样问题左上角出现气泡起白非常不满意这样价格花这样的钱这样的产品这样的问题怎样都不是理由,0.0
这个手镯还行，是不是真和田就说不清了,1.0
"非常不愉快的一次经历!!!酒店的服务一塌糊涂!!!在下午3点左右入住竟然没有打扫好房间!办理了手续(付了押金),然后晚上再拿房卡.如此一来,竟然对携程说我没有入住!!!折腾了一周多才确认!房价对比酒店而言并没有优势(非常客观!并没有恶言)相隔一条街新开的酒店比比皆是!除了房间大,其他都一般,特别是隔音差的不能再差,对有时间且喜欢听隔壁做爱直播的是个非常佳的去处!我""欣赏""了一晚上!""身临其境""的感觉!!!总之!我再也不会去这个酒店了!!!",0.0
性价比高，外观看着顺眼，该有的功能都有了，拿到的是完美屏，开心ing,1.0
东西还没收到呢？怎么就交易完成了？,0.0
一般般东西不方便  用起来不适用,0.0
质量还可以吧！还行吧,1.0
衣服跟图片有色差，没有图片那么好看，但是很?和。。,0.0
质量很好，穿着舒服，颜色好看，我很喜欢，非常满意,1.0
没发现什么亮点，偏理论，不够生动，案例也不多，乏味，标准的中国大学教材，为什么学生逃课，这也是有原因的,0.0
帮同学买的，自己没看过，不敢妄加评论。,1.0
京东的东西还不如tb.呵呵呵。以为京东会好一点，好垃圾，别买,0.0
质量不错，快递也很快，要是有个手提袋那就更好了。,1.0
"本来订的湖景标房,到了那问我要不要大床房,反正偶就一个人.进去之后觉得大得有点空旷,电视机离最近的床沿当中有3米.显得电视机小了很多.感觉还行.就是大堂有点土气.樱花酒吧就不要去了.环境真的是闹中取静,隔壁是个蛮大的夜总会,不过除此之外,在15分钟步行范围内,没有什么商业设施,晚上走在路上觉得空旷渺无人烟,当然花花草草还是很多的,是有个湖,不过湖景么....",1.0
宝宝看了，也学了，画面清晰，音质也不错，还送了一张图，不错，值得购买,1.0
买错了！口语是国人读的，从第一句话就听出来了，听着很别扭，完全达不到学习口语的目标，强烈不推荐。,0.0
\n　　也很喜欢这本书！,1.0
一看到书，很开心，印刷质量都不错，但是才看了一天，就脱页了，看一页掉一页，郁闷！不知当当怎么解释？,0.0
不错的东西 很厚 而且速度快,1.0
吊带有点问题哦，质量还过得去,1.0
整体印象非常好，只是卫生间隔音太差，楼上洗澡发出的哗哗的水声恍若就在眼前。不过卫生间够大，小沙发也很舒服，服务也不错，还是会来住的！补充点评2008年5月18日：如果和如家快捷店去对比，那这里简直就是太超值了，洗澡那比如家强太多了，早餐不但免费，品种和质量比如家好多了，结束的时间也晚（10：00）。走廊宽敞明亮，房间又大，以前我还评价隔音不好，在青岛如家住完对比过后才明白，其实这里隔音效果比如家强多了。坐在这里前台办手续（前台服务员还多），既快又舒适，在如家你得站着七、八分钟办完就不错（前台最多两个服务员）。,1.0
对这家店及为期3天的入住，我只能说：太差、实在太差！后悔、非常后悔！位置非常不方便，前台服务极差，17日中午结账退房也要排队（就一个人值班），开发票写错抬头还不情愿给我换，我不知道是不是其他如家也是这样。携程对这家店应该负责任的调查一下。补充点评2008年5月18日：岂止是“安静”，“安静”到每天一早六、七点就被大声呼朋唤友的人吵醒，也不见酒店提醒他们注意。好不容易再睡下，刚到八点就被服务员挨个的敲门声（说是要打扫房间）再次弄醒，郁闷到极点！到负一楼餐厅才被告知必须上一楼前台买早餐券才可以用餐，还不给多买两天的，差点跟他们急，才告诉我要买也可以，就是不能退票！真是岂有此理！,0.0
感觉假的，掉色，不满意。,0.0
还没看留着慢慢看，储备着！,1.0
鞋子太硬，可脚。太重。穿上太累了 。,0.0
衣服上没有品牌标志，只有一个吊牌，化纤薄料，手感廉价，估计是假货。,0.0
第二次购买，跟第一次比简直就是天壤之别，布料不一样能理解，连牌子都不一样，全是线头，物流方面跟店家咨询几次，每次都是找各种借口，让我一等再等，受不了,0.0
一般，没有2元店买的好，凑单,0.0
很不错打了8折，一直吃的,1.0
蛮好的一本总结的书籍。\n中国证券业实行从业人员资格管理制度，由中国证券业协会在中国证监会指导监督下对证券从业人员实施资格管理。凡从事证券业务的专业人员必须具备从业资格和执业证书，因此，能否顺利地通过证券业从业资格考试取得执业资格证书成为广大考生进入银行及非银行金融机构、上市公司、会计公司、投资公司、大型企业集团、财经媒体、政府经济部门工作的关键，可以说，证券业执业资格证书成为广大考生谋取&ldquo;金领&rdquo;职业的一块&ldquo;敲门砖&rdquo;。,1.0
看着不错，质量不好。穿了几次起毛球了！而且内外都很多。要不是为了豆，都不来评价了！,0.0
书的内容是不错，但是书面明显有污迹。,0.0
做工和质量都不是很好，遥控能力还是很好。,0.0
我的宝宝有十个月了，平常对各种彩色图书和图片很感兴趣，可是对这套书籍完全没兴趣，只看了第一页和最后的一个封底就丢在一边不看了，我猜可能他还没到喜欢卡通书的年纪，只能以后再让他试着看看啦。,0.0
衣服的质量不好，总共就洗了两次，目前裤子已破。,0.0
试用过程中感觉大致上满意做工方面一般尤其是运动裤里面的位置发现缝线没有做好主要是还漏出线头！,0.0
不是纯棉，，，，不透气,0.0
很漂亮，很闪，就是链子稍微有点短了。,1.0
"可能是被我遇到了极个别案例， 新机器，开机白屏，无任何显示，更加没有出现华硕logo,提货当天已送回，要求退货，事件正在处理中。",0.0
糖尿病吃什么怎么吃！！！！！,1.0
这款也没有给我，他给的是这个,0.0
太不行了。我要的是连衣裙 跟我发的这个 真不能信质量又不好。,0.0
售后方面做的不到位，联系不上售后厂家。,1.0
卖大码了，但收到货后码数偏细，各位靓女要注意！,0.0
"为了塑造真正的主人公&mdash;&mdash;安娜·霍尔，不惜把贝多芬丑化，不能原谅。单说电影，开头的贝多芬之死似乎是倒叙，但电影完毕时发觉没有添色一分；人物设置得离奇，贝多芬的侄子一条线索与主线几乎没有联系，听到贝九后流泪无从谈起，更奇怪的是贝九后的大段情节他没有征兆地消失了；情节荒诞不经，贝多芬指挥贝九时成为一个女学生的傀儡，只身闯入修道院跪在安娜面前请求原谅，即便编剧意图出人意料，这样的改编实在不能让人接受。只有三点很欣赏：&ldquo;Dream is mysterious but also dangerous,and it&amp;#039;s mystery is attributed to the danger.&rdquo;至少这种清醒的警戒是值得赞赏的，讽刺的是这是导演要排斥的理念。第二，一段对话中说&ldquo;When the silence develops you,then your soul can sing.&rdquo;同《默言自喻》同样的目的。还有就是《贝多芬第九交响曲（合唱）》，这是以音乐为题材的电影不会失败的底线，因为贝多芬最精彩的音乐是不会失败的。重新拿起贝九的CD，74分钟的沉重，激昂，感恩，辉煌。电影在上帝之音面前，如此孱弱无力。 　　知道为什么《莫扎特传》能够好评如潮了，因为同题材的片子是这种档次的。相较而言，贝多芬仍胜于莫扎特，因为他的音乐对于他来说更有责任感，而莫扎特却不够认真（除却《唐·吉奥瓦尼》之后的作品）。可惜，电影拍得正好相反，贝多芬被后人彻底调戏了。 就算是这样，就算是小白，就算是导演给贝多芬拍了个MTV吧。还是很活色生香的感受了贝多芬音乐的魅力。就我这个愚钝的耳朵也能感受到，太爽了，爽的捏紧拳头伸展手臂，为他进展为美妙的东西兴奋啊。老觉得是在摇滚乐现场哈哈，其实那个很长的音乐现场的气氛戏剧气氛上处理的很好，流动的镜头还有几个出场人物的设计。利用贝多芬耳聋这个素材，加上美少女现场提示，还有几个有趣的配角，给用耳朵听的电影观众一个很好的氛围。 　　 　　毕竟大多数古典音乐的伪爱好者们对背景故事还有音乐训练上需要一些情节冲突，因为，说到底，我们的耳朵还是聋的。 　　 　　如同不懂围棋的人看高手过招，丫也跟瞎子一样。 　　 　　住在贝多芬隔壁的老奶奶，趁着贝多芬出去散步就端着板凳，抽烟晒太阳，平常就算家里没窗户老奶奶也不敢出门子。这么可怜干嘛不搬家啊，老奶奶说我为啥要搬家哦，我是贝多芬的邻居啊，nnd，第一个听众啊，不过这个时候她感觉安静的午后真是舒服，简单滴细节讲清楚了喜欢贝多芬但却永远无法接触理解他的芸芸众生心态。 　　 　　我们永远无法接近他，但是听到音乐滴时候难免还是心潮澎湃浮想联翩激动不已甚至是老泪纵横，俺们心里都有浪漫的英雄在云端人神大战呢。 　　 　　耳聋的贝多芬脑子里传来上帝的声音。没有信仰的人真系可怕。有信仰的人真系伟大呀。 电影很一般，每个好莱坞导演都喜欢说自己的电影不是一般意义上的好莱坞电影，这部也不是，抛弃了很多&ldquo;一般意义上&rdquo;好莱坞电影的精髓，也想如贝谱曲一样丢掉结构，天才毕竟只有那么一位！ 　　但是导演用语言用对白把贝九诠释的恰到好处，也许正是有了诠释贝九的想法才来拍的一部电影。长达十分钟的首演，和声部分响起的那一瞬间我疯了，在床上打滚，面部不知道是哭是笑，上帝通过贝多芬对我开始咆哮！！！回响回响回响&hellip;&hellip;画面都被我抛到九霄云外，声音还继续存在着，用那种不可抗拒的力量统治着我的精神！",1.0
书还不错、很有实用性哦,1.0
质量好，外观很好，测气很准确,1.0
看到前面好坏参半的评价，定的时候还有点犹豫的。不过去到那里，觉得超值的。酒店有自己的码头，在厦门轮渡码头（面向大海的右手边）往前100米就可以看到，一进一出相当于绕鼓浪屿一周，住客单程3块，就这一点，已经加分了。酒店门口就是海滨浴场，在那里可以一直可以看到披着酒店大浴巾出去和湿漉漉回来的住客，让自己也忍不住有往大海纵身一跳的欲望。服务员也非常有礼貌，我们在他们中餐厅吃晚饭时，我们说怕有蚊子，服务员就主动拿来了蚊香，很贴心。中餐厅的菜也OK，白米饭很香哦。至于房间设施，不算豪华也不算新，但已够用，而且有个大阳台，站在那里看海吹风听涛，非常惬意。如果是喜欢游泳而且希望游完泳可以马上会自己房间洗澡的朋友，这里一定适合。酒店离龙头商圈较远（步行15分钟吧），但离日光岩和菽庄花园很近，所以酒店周围算是安静型的环境。我们下午到了先小睡一下，然后游泳，然后洗澡，在酒店吃饭，晚饭后就逛到龙头路，然后再慢慢从海边踱回酒店，一早起来在海边散步再游泳，觉的那怎一个安逸。这里绝对是我下次来鼓浪屿住的不二只选。,1.0
不好，不好不好不好不,0.0
用着不错，挺舒服的。。,1.0
离火车站非常近，若有事赶火车就是很好的选择。如果要在香港购物的，则不太方便，毕竟还是尖沙嘴会更方便。但标准房（两张床的那种）太小了，床只有90公分宽，迷你啊！,1.0
"显示器居然不能壁挂，螺丝直接放进去都不用拧，商家大人，您觉得能挂上去么？在这说了，您给带的那个壁挂架，我家ACER的电脑显示器可以用，您这个眼都对不上,请尽快和我联系，谢谢",0.0
本来要送人的   可是包装都拆了    极度郁闷,0.0
快递贼慢！！！！！！！！！！！！！,0.0
房间旧了一点，床硬，隔音较差，房间里和走廊的灯光都太暗。睡衣有霉味。房间有点压抑的感觉想了半天觉得是天花太矮。灯光不太好控制。,1.0
质量一般 服务差 缺乏诚信 一直答应寄发票 快一个月了还没发票,0.0
看起来还可以，一次性买了八双，正在体验中&hellip;好的话，下次继续,1.0
没想到花高价在京东买东西还是没保障，各位买家们买这家商品时先看看图吧，,0.0
书非常不错，刚刚拿到，打开看了一下，印刷很不错，没有白等一个星期的京东补货时间啊（真心吐槽京东补货速度，真的太慢）。,1.0
领子有点大，与图片不太相符。,0.0
感觉也不是很厚，尤其是后背的挡板就是一块板，这个价钱还可以吧,1.0
要是这个世界上的人们都能相互理解的话，这个世界上就不存在歧视这样的事了吧。每一种人都并不可怕。B型人只不过是心智更为敏捷，能够不被外物束缚，远远走在前面罢了。当然他们也不愿自己被过多地累赘拖累住，愿意独自走在前面。但本质上他们无害于这个世界上的其他人类。因为大家根本的着眼点就不同，不存在什么“资源被抢占”的问题。因此大可不必像纳粹对待犹太人那样把这个血型的人赶尽杀绝。,1.0
都不错~~~~~~~~~~~~~~~~~~~~,1.0
还行 不过必预想的小,1.0
东西很好，和我想象的一样，一直在用,1.0
1、酒店刚装修过，很好；2、酒店的科技含量较高：一个大的电视，可以当电视看，也可以做电脑显示屏。无线的键盘，坐在房上可以用电脑，第一次看见这样的酒店电视。另外，还在方便的宽带与电源，非常适合于商务人士。还有，坐式马桶也有科技含量。3、酒店位置很好。4、酒店很贵，特别是一楼的酒吧，非常贵。但是，商务人士一定得用的。早餐只有一份，不方便。5、客房的卧具很新，但是，不知是否在被整理的过程中，与地毯有接触？总感觉到表面上有一层浮毛毛，不知从那里粘上的，但里面没有。,1.0
不错 价格有点贵 可是就是评价让写50字以上 很不解啊 ,1.0
样式还好，就是尺码小一套，我一直用41码的，这个牌子的我重新买了42码的，正好。想调換又调不了。,0.0
第一次买...........,1.0
"从未住过的这么差的5星级酒店,一家人开车去玩,8月8日通过携程要了三间景观房,其中一间打开房门居然里面已住了客人,5星级酒店出现钥匙牌搞错这种情况真是闻所未闻.换房后晚上在酒店的""亭下""厅吃饭居然在汤圆里吃到了一大块塑料纸,找服务员后同意退了.回房后1221房的钥匙牌居然又打不开房门了(刚进去时可以打开),叫来服务员打开后,房间电话又是坏的,再叫来服务员维修,住进去短短的二个小时时间,碰到了4个倒霉的情况,本来在这特殊的日子里好好看奥运开幕式的心情已全无了,实在让人扫兴.第二天一早好好看了一下房间,发现床头灯罩上满是灰尘,很呕心,这种5星级酒店真是连3星都不如,真是太差太差了.",0.0
东西可以，物流很差！送到货后给家里打电话，我妈放下电话下楼没看见人，给送货的打电话，说是没看见我妈，走了！答应待会儿回来，可是没来！撒谎了！转天才送过来！耽误了消费者的时间！总之送货的很烂，智商是硬伤！,0.0
看着挺结实的3个孔：还没用：用了在评价我打五分哦,1.0
商家迟迟不发发票，不会再在京东购买电脑了。,0.0
"外观旧,停车场小,乱,还另外收钱,不过酒店还干净.",1.0
这本书还是不错挺好的,1.0
穿过，不退色，相当满意,1.0
垃圾，穿一个星期掉线，两个星期脱胶。无语 不知道评价是托还是我运气不好。,0.0
太好看了，大爱啊！我自己就给弄好了！,1.0
笔杆的颜色不很漂亮，当然我买的是粉色。,1.0
"本机配有VISTA系统,不知道为什么京东的客服说本机只有DOS,难道是在给我们惊喜?而且驱动也是有的.总的说本机非常不错,最重要的是非常超值.到底怎么个超值法,先卖个关子,只有购买了才知道.",1.0
刚在当当网订购这套书时，就跟儿子说我给他订了一套书，里面有小汽车，还有很多好听的有事，儿子非常高兴，这本书到了后，儿子非常喜欢，特别是对轱辘轱辘转这本书格外喜欢，在里面找金虫子乐此不疲，晚上到不肯睡觉。,0.0
应该是亦庄经济技术开发区最好的酒店了，交通便利，环境安静。只是房间比较小，前台服务态度一般。,1.0
房间设施尚可，不过我的房间空调好像坏了，因为天气不冷也不热，没有管它了。这个酒店离机场较近，210一晚，推荐。,1.0
衣服质量蛮好的！我很喜欢！,1.0
没感觉，非常小，贵，不实用。,0.0
垃圾不解释！！什么玩意，就是拿残次品来充数！,0.0
1。外壳钢琴烤漆，确切说是指纹收集器，记住是指纹收集器不是指纹识别器。 2.买了两台都有亮点，没啥说的，说我人品差，我认了。 3，液晶屏侧面漏光，这明显是做工问题，比同事的神州都严重,0.0
这张碟放不出来，不知啥原因，望告知\n\n,0.0
"环境尚可,房间也够大,但地毯较旧,够得上五星,但是酒店里的食街较贵",1.0
书是发到公司的，几位同事看到了，第二天也都买了。带回来给儿子，他很感兴趣，这次共买了7套书，十几本，这本是他最喜欢的，还有轱辘轱辘转。看了好几遍了。我也觉得很好，可以让孩子知道这个社会是有分工的，每个人都在做自己的工作。看了这本书后，他比以前懂事多了，知道要上学，长大了还要工作，赚钱，买好东西给爸爸妈妈！听他这么说真是开心。,1.0
走时的声音太大，老远就能听见,0.0
位置较好。个人比较喜欢酒店大堂及房间的设计，美中不足就是房间比较小，给人拥挤的感觉。,1.0
还未使用，但空间挺大的，可以放吸奶器,1.0
这本书还行，初学者很适用,1.0
笔头很硬 颜色也不黑 一点都不好用  很失败的一次购物,0.0
7月1日，2日入住酒店的豪华海景房，是看了携程的点评后预定的，直面大海，果然很不错。尤其是酒店配套的康乐设施很多，很干净的游泳池，保龄球、高尔夫练习场对住店客人打八折，酒店服务人员态度也很好，儿子特别中意这家酒店，称以后来威海还要入住。就是自助早餐品种较少。,1.0
总的来说很不错，环境很好，特别是早餐，很好，很有竞争力。我过年这几天综合比较几个四星级酒店的早餐，还是他家的最好。,1.0
用了几次感觉一般,0.0
布料手感不好，不柔软，颜色和款式还行。,0.0
发货速度还行，快递太慢了，特别失望。,0.0
耐烧就意味着火不旺，不易点燃，废了三盒酒精！,0.0
小巧散热性好，女士用很轻便，比公司的hp轻很多。 自身带的vista系统用了赠送的内存条稍微快了些。问题暂时没有发现，不过声音感觉太小。,1.0
"离地铁站真的很近,4号出口对过就是,服务上还欠妥不够主动,其他还行,和价格比较符合.",1.0
超垃圾的鞋子，买了才知道后悔，买回来穿了2次就丢掉了,0.0
位置好，在市中心。价格合理，房间整体非常好，就是前台服务有点慢。整体这家酒店是让我满意的。下次还住,1.0
还可以，显示器用，材质不错，打算再屯2根。。反正一根不包邮,1.0
如果是xp系统就更好了，京东对特价的东东没价格保护这个比较郁闷。,0.0
这个所谓促销装的铁盒片，外观很精美，但片子的制做异常垃圾，内容还好，但片子的制做绝对称的上为伪劣产品，其品质之差，闻所未闻，这种片子继续销售绝对是对京东的一种伤害！,0.0
质量一般，容易脱丝，一次性产品。,0.0
实物和照片差太多了，跟本没那末好看,0.0
我们在酒店用的是亲子游套餐。酒店和周边环境很好，服务人员热情有礼。非常满意。饮食价廉物美。下次若有机会，我们会再来该酒店。,1.0
酒店房间较旧，一进门有股味道，墙上也显得较脏。窗户没有纱窗，酒店服务员提醒不要开窗，因为会有蚊子。早餐可在流花厅用餐，但是是粤式早茶型，但是人比较多，多是旅行社团组用餐，所以候时较长。本酒店和旅行社签有协议，我们办理入住的时候，正好赶上2个旅行团到达办理入住，前台人员一片忙乱。也影响了我们的及时入住。酒店的外部环境还可以，早上可漫步在园内。,1.0
描述的和实际不符，少东西，线太细，快递太慢，商家服务非常差劲。自己少东西不说，还把电话放一边不说话了。建议别买这家东西，人品就不行。,0.0
质量很差，没用多长时间就裂开了。,0.0
不太喜欢。而且好像不太好,0.0
还行，就是有点看不清楚路了，很舒服,0.0
茶壶工艺非常细致。质量特别好。一看就是正品货。原来还担心运输中破损。收到打开一看完好无缺,1.0
价格还可以，在京东买了好几本书了,1.0
入住的酒店设施有点老，电视机也不较小，跟500元的房价还是有点差距的，不过服务不错，当天还送了生日鲜花和水果。,1.0
买了三样护理产品，看上去全部都很劣质的感觉而且其中一款产品我曾经在商场买过的，差别非常大？叫我找相关部门鉴定？不可笑吗！除此之外退货还要我出运费？,0.0
衣服真是萌萌哒，很厚实,1.0
质量真心不好，前后换了5次，最后还是退货处理。但是不得不说，京东的服务没话说，信任京东，支持京东,0.0
毛衣好看，老妈和婆婆人手一件，都很喜欢。,1.0
"175元入住标房B。大厅和电梯里有异味。房间里桌子也没擦干净,洗浴间装潢等设备太旧。早饭很差。不值。补充点评2008年8月6日：看了点评去入住的,上当了。估计yangming的点评是托!!",0.0
4599特价时买下了。隔了10天现在便宜了100元。当时还考虑了HP541CPU更高1点，虽然总线才1M，人家是2M，显卡人家是128BIT，这个是64BIT，但是相信这个品牌，而且主要是普通办公游戏,1.0
酒店服务不错，本来我订的标间，到了之后我要求换成大床间，酒店爽快的帮我调换了。其他各方面服务也很到位，每天有报纸 水果 咖啡 茶等免费供应。 地理位置离市中心也很近。 价格吗 由于我也没有去别的地方问价格 所以就不加评论。 总体来说这次还是很满意的。,1.0
酒店环境还可，价位也不错，我想以后还是会居住这里。,1.0
电脑跟破的一样，差评，还卡。不过客服还行，物流也不行。,0.0
穿在身上很舒服质量很好，很满意哦,1.0
买机器送的移动硬盘2.5寸250G的，没开封，想卖出，感兴趣短息联系，北京13901019711,0.0
日期明显被涂改，盒子表面很不干净。一分钱一分货，明显的欺骗行为。,0.0
本机预装的Vista跟瑞星杀软不兼容，蓝屏，不能进入系统，不能自行卸载！！千万小心别装，用卡巴可以。,0.0
头像失真，哈哈镜一样，多看几眼就头晕,0.0
整个不错，10米有点偏重，8米的还可以，以后还会再买,1.0
到现在都还没喝过呢。。。。,1.0
"给朋友订的,原来计划2天,结果入住遭遇使得第二天改到凯悦了, 1)送朋友入住,所有的车位都上锁,只好找别的收费的,其实在同一个院子里 2)办理入住时竟说没查到有订房,不知是携程还是酒店的原因 3)房间的床上竟然有一条很长的血迹,恶心 4)所以要求换一个房间,被很不客气的告知只此一间,感觉给我房间是给我很大的恩惠和施舍了 5)竟然没有热水洗澡, 朋友强烈要求以后不要再订这家酒店了",0.0
速度慢的马了，质量用后在说。,0.0
不错的笔！书写顺滑！,1.0
颜色给图片色不符、相差大！,0.0
还行，和图片差不多，,0.0
总体来说，还不错。房间比较干净，服务也不错,1.0
客服说两三到结果一个星期才到，而且质量不好有色差，差评差评！！,0.0
非常好吃，绝对的正品。购买放心,1.0
质量好，简约大气，时尚。,1.0
没收到，快寄过来，点错了,0.0
京东太坑人了，什么破玩意儿，那些好评刷出来的吧！一点都不保湿，还说粉色，这是粉色么？关键是我买的时候*，刚到货就*了。找客服还没反应，欺骗消费者，发票也不给。。。。,0.0
假的，遇到消费者，新百伦领跑不是新百伦,0.0
差评 毛病太多 买的朋友慎重需要问清各种问题,0.0
木有想象的大小可能是自己没看清多少克吧。生产日期是最近的快递不错星期六下午买的星期一上午就到了。,1.0
买的几天了怎么还不到。在不到退货了？,0.0
太软了，带了没几天就断了。,0.0
不喜欢这类变奏的乐曲，版本还是很好的，强过引进版，,0.0
很实用，专家详解举例很少，快递给力所以选择京东的希望继续保持,1.0
"贵宾楼又经过了改造,入住更舒适了,以前只有3个楼面现在有了5个,感觉房间更大了一些.最有特色的还是所处位置的安静,房间隔音还马马虎虎,夜里能听到隔壁的电话声音.但是作为一家五星酒店,怎么可以容忍美容美发部门对客人每天一次的电话骚扰呢?",1.0
杯身不错，盖子设计的质量太差了我感觉用不了几天就会出问题,0.0
对于学习很有帮助，不错！,1.0
1.产品没有3C认证；\n2.轻微震动，箱门与箱体会发出响声；\n3.从箱门的缝隙往里看，可看到箱内物品；\n4.不防潮不防水不防虫，与本网的产品介绍&ldquo;防水防潮&rdquo;说法不符；\n综合评价：差,0.0
还可以，工作需要。,1.0
发货速度太慢，交钱后12天才收到。,0.0
书质量、装帧不错！但是不那么实用~~,0.0
是同学推荐我读的，她很会生活，知道我们应该怎样，对一些事情妥协或者抗争。虽然我们还是学生，对白领的生活很不熟悉，但是从这本书《杜拉拉升职记》中让我窥见了那样真实的生活，不是一味的单纯和装傻，那是生活正真的智慧。杜拉拉，你让我知道原来白领生活并不是传说中的残酷和冷血，也不是偶像剧中的浪漫和幻想。你给我了一片海，告诉我在这片海里怎样掌舵是我的事情。,1.0
铝镁的眼镜架，戴起来很好看有明星范,1.0
酒店是个环境很好的地方，需要乘船才能到达，感觉就像去了世外桃源一样。但是去酒店不是容易的事情，希望有携程可以把怎样去到那里说一下，让旅游者有充分的准备。,1.0
丢雷楼某，一个小时就聊天用光了，有50？,0.0
这鞋款式还可以就是质量太差了,0.0
书很好，值得一看。快递送货很及时。,1.0
价格不便宜，该产品设计有严重缺陷，不建议购买。,0.0
1）交通便利，到津滨高速入口5分钟的车程 2）对面就有不错的饭店，而且距离超市也不远 3）房间内设施一般，卫生间装修比较粗糙，浴盆的地漏不畅,1.0
我是九月份入住的，600多一晚，定的是普通标准简但前台主动免费升级到了15楼的海景房，态度好风景好。其实住在西环挺好的，电车和巴士方便便宜，上次我也住在附近的Ramada感觉挺好。缺点是房间有点旧、壁纸感觉不太干净。,1.0
"我是头一次到九寨沟,通过携程预先订了格桑.去到后发现自己被误导了,这个酒店较旧,感觉很脏,服务一般.旁边有很多酒店,没进去,但感觉比格桑要好.下次去,首选是不住格桑了,挑其他的试试.",0.0
17、18日个买了1台，内胆包不一样，其中一台的内胆包实在是蹩脚。一台笔记本外壳有贴膜，一台没有。搞不懂，难道三星也山寨了？,0.0
4大2小去的，饭店总的来说还不错，吃的有点贵，没吃，离镇上远了点，进出多是打的，到镇上5-10块不等。住的房间抬头见山，相比镇上，比较幽静，有得有失吧，服务态度还不错吧。,1.0
不知好不好，还没收到反馈信息。,1.0
服务很差，晚上竟然停电了2-3个小时。周边很荒凉。房间里面一张圆床占了很大面积，其他都显得很拥挤，床头边上就是洗手池，头顶对着淋浴房和马桶！设计很不合理！,0.0
很漂亮，质量也不错，促销的时候买很划算啊！,1.0
*没有宣传的那么好,0.0
稍稍有些热，可以接受。。 音箱质量一般，不过我都查低音炮，外面的话用耳机。。。。。。,0.0
"房间细小、地毡恐布，空调不够、服务差劣。应立刻取消预订服务。 免费注册 网站导航 宾馆索引 服务说明 关于携程 诚聘英才 代理合作 广告业务 联系我们 Copyright1999-2008, ctrip.com. all rights reserved.",0.0
春节前往香港度假，入住富豪东方酒店。该酒店价格不低，可条件却不高。交通不便，服务一般般（国内快捷酒店水平）房间内的硬件设施还不如快捷酒店，很旧很旧的家具。房间始终弥漫着一股潮、霉的味道。晚上楼道里空调机房的声音整晚都不停，就像轰炸机在头顶盘旋。服务员看见洋鬼子比他爹还亲，对祖国大陆客人完全两样。酒店的位置很蹩脚，很难叫到出租车，小巴很近的距离就6块，5个人出门就30块比的士还贵。不推荐大家入住.......,0.0
外观好看，质量不咋地。\n说真心话。\n\n,0.0
不怎么好！有点小！唉！不知道是不是自己不会贴！下面对称上面有点小！,0.0
"算是市中心入住挺方便的,旁边就是公园和河畔,景色不错,算是个闹中取去静的去处!房间是时尚派的,印象最深的是床,惬意的很以至于躺上去就睡着了,晚餐是西式的自助餐,在夜色中的玻璃幕顶辉映下点点的灯光象星星一样,浪漫的象野外餐一样,到是一种享受吧...嘿嘿,个人认为比较小资一些.附近有很多特色的饭店,走着就可以去了,很是方便!",1.0
酒店的房间不错，非常宽敞，背靠音乐学院，很安静，经常有美女出入。缺点是此楼是商务用房，很多小公司在里头，还住了不少学生，高峰期间电梯有点繁忙，半天不到，晚上有骚扰电话，网速比较慢。周围吃饭，消费，酒吧等都很方便。,1.0
这买完就降价，还降那么多，超级不爽！,0.0
不明白为什么机器是六月产的，有部分驱动却不是最新的，无线上网时断时续，上官网更新驱动后正常。续航时间也没有介绍所说的8小时。,0.0
乐扣乐扣 便携运动茶杯含过滤网 两只组合装蓝色 700ml+500ml,1.0
很好用会再买好用啊不错,1.0
一直信赖京东~东西很好~还会继续购买一直信赖京东~东西很好~还会继续购买,1.0
卖家发货及时  物流给力  买的东西都很满意,1.0
还没怎么看呢，应该不错的,1.0
飞机改期 凌晨到的 入住办的挺快的 预定的时候有要求不靠马路 也满足了 到了4楼还有值班的人过来关心 这点不错 单人间 房间不算很大 但布局很合理 所以空间足够了 很简洁和干净 浴室很简单 够用了 热水情况良好 水温也合适 房间隔音效果比较差（指对于走道而言）一早上就能听见走道上人来人往的热闹劲 如果早上要睡的晚一定要把‘DND’牌子挂出去 不然服务员8点多就来敲门了 客房服务员挺客气的 有什么要动的都会事先询问你 走的时候还敲下门 和你打招呼 你出门遇上她们 她们铁定和你打招呼 房间里的宽带网速很慢 经常断线 还有就是晚上一到9点30 肯定会有人打电话问要不要足疗 然后早上房门边上的地上会收到一张卡片 内容。。。自己联想 门口的保安不太管事好像 看到你拿很多东西都不会过来帮你提一下 交通很方便 到西直门啊 西单 动物园都有车 很近 附近吃的地儿也挺多 离什刹海也不远 挺好 哦 对了 门口在修路 还停好多车 走起来特不方便,1.0
这本书还可以吧，小萌有米植物大战僵尸,0.0
太小，太小，太小，用处不大,0.0
没想象中好，没图片好看，杯子上的美人鱼印的有点模糊，黑色线条有的都印到一起 不清晰。对于仿货来说有点贵了。,0.0
外形小巧，白色很精致。 功能齐全，无线，蓝牙，160G硬盘，电池续航时间长。,1.0
口感非常好，还有小礼物送!,1.0
东西还不错，很喜欢，很满意。,1.0
关于这家店和这家店的产品我不想多说什么，看看我发的照片就知道了！各位客官请看清楚了！时间，和货源~如果你们看不到我这条评论，说明店家在刷好评~,0.0
我那天用信用卡作了担保，订26号凌晨的大床房，事先说明了入住的时间的。结果，到达酒店的时候，居然才得知，根本没有给我留房间。弄得我一个女子半夜三更还要去找酒店，极不安全。对这样的服务态度和这样差的信誉，实在让我对“如家”的感觉大打折扣！！！！各位订酒店的朋友，要注意啊！,0.0
图片与实际商品不相符合，望商家实践求实拍图片,0.0
一直相信费雪，带宝宝出去很方便,1.0
有点意思。。。。。。。。,0.0
太差了，塑料底托质量太水，前翻太硬，后翻太差,0.0
既然买了就凑合穿吧,0.0
打奶油和打蛋都很好，已经使用几次，效果很好。很喜欢的厨用工具，适合做蛋糕和蛋挞，还可以和面，呵呵呵。,1.0
太难吃了，准备丢掉！,0.0
差评！差评！不建议购买！还要自己出邮费！,0.0
前天*  一夜降到*   只能说电器化东西变化太快,0.0
刚拿就充不到?能退货吗？,1.0
坐工太差根本不值再也不会买了,0.0
《悲剧的诞生》是德国现代哲学家尼采Friedrich Nietzsche，1844-1900第一部较为系统的美学和哲学著作，写于1870-1871他的哲学的诞生地，是一本值得重视的著作。本书的中文译本可看《悲剧的诞生》，周国平译，三联书店1986年版。\n本书共25节，第1节至第15节讨论了古希腊艺术的起源、发展，悲剧的诞生，悲剧的主要特征，悲剧的灭亡等问题。第16节至第25节的主要内容是：结合近代文学艺术和文化的发展，尤其是结合近代德国艺术与社会的现实，讨论了悲剧与音乐艺术形式的关系，悲剧的再生，以及在悲剧的再生中德意志民族所起的作用等问题。\n《悲剧的诞生》一书的最独特之处是对古希腊酒神现象的极端重视。这种现象基本上靠民间口头秘传，缺乏文字资料，一向为正宗的古典学术所不屑。尼采却立足于这种不登大雅之堂的现象，把它当作理解高雅的希腊悲剧、希腊艺术、希腊精神的钥匙，甚至从中提升出了一种哲学来。他能够凭借什么来理解这种史料无征的神秘现象呢？\n只能是凭借猜测。然而，他不是凭空猜测，而是根据自己的某种体验，也就是上述所谓&ldquo;一种被确证的、亲身经历的神秘主义&rdquo;。对于这一点，尼采自己有清楚的意识。还在写作此书时，一个朋友对他的酒神理论感到疑惑，要求证据，他在一封信中说：&ldquo;证据怎样才算是可靠的呢？有人在努力接近谜样事物的源头，而现在，可敬的读者却要求全部问题用一个证据来办妥，好像阿波罗亲口说的那样。&rdquo;在晚期著述中，他更明确地表示，在《悲剧的诞生》中，他是凭借他&ldquo;最内在的经验&rdquo;理解了&ldquo;奇异的酒神现象&rdquo;，并&ldquo;把酒神精神转变为一种哲学激情&rdquo;。\n尼采的美学是一种广义的美学[2]，实际上是一种人生哲学。他自己曾谈到，传统的美学只是接受者的美学，而他要建立给读者即艺术家的美学。事实上，尼采的美学尽管不太受志治美学史的学者重视，对于艺术家却有极大的魅力，影响了一大批作家、艺术家的人生观及其作品的思想内容。在这方面，别的美学理论恐难与之匹敌。\n贯穿于本书的两个基本概念是日神和酒神。日神阿波罗是光明之神，在其光辉中，万物显示出美的外观；酒神则象征情欲的放纵，是一种痛苦与狂欢交织着的癫狂状态。尼采以日神和酒神象征说明古希腊艺术的起源和发展，及人生的意义。由日神产生了造型艺术，如：诗歌和雕塑，由酒神冲动产生了音乐艺术。人生处于痛苦与悲惨的状态中，日神艺术将这种状态遮掩起，使其呈现出美的外观，使人能活得下去，希腊神话就是这样产生的。酒神冲动则把人生悲惨的现实真实地揭示出来，揭示出日神艺术的根基，使个体在痛苦与消亡中回归世界的本体。\n尼采认为，古希腊艺术产生于日神冲动和酒神冲动。悲剧产生于二者的结合。悲剧是不断地走向日神形象世界的酒神歌队。在悲剧中，一方面是酒神的合唱抒情，一方面是日神的舞台梦境。但酒神是悲剧的根据和基础。当古希腊悲剧作家欧里庇得斯试图将悲剧安放在日神的基础上时，悲剧就走向了灭亡。\n尼采的悲剧世界观强调，只有在酒神状态中，人们才能认识到个体生命的毁灭和整体生命的坚不可摧，由此才产生出一种快感，一种形而上的慰藉。在悲剧中所体现出的人生态度是一种非科学的、非功利的人生态度。尼采对西方自苏格拉底以来的理性主义的、科学主义的和功利主义的人生观进行了猛烈的批判。认为它们是一种浅簿的乐观主义。它们只能使人类丧失其生存的基础，人类只有在悲剧的再生中才能实现自我拯救。\n尼采对西方近代文化的批判有一定的积极的意义。但总的来说，从人的本能出发，视酒神状态为人生的基础，这是其反理性主义的根据，也是其强力意志学说的根据，在阅读时，应对其进行批判性的思考。,1.0
很不错啦  味道可以,1.0
囤货，大家都说买这个,1.0
物流送货很及时，服务非常好！钢笔质量蛮好！,1.0
亲联系我，我有事商告,1.0
若翻江倒海得很肯德基个好地方5,1.0
只能说物非所值，和想象中有差距,0.0
垃圾商品，刨土豆片根本不能用，刨土豆片时后面根本刨不动，刀片不好,0.0
谢谢店家的赠品。眼睛很不错,1.0
比较朴实的一家酒店～～～还是上海衡山管理旗下，有些亲切感,1.0
"酒店的地理环境还是不错的,在沂河边,,天气好的话,河景房可以看到河流.此次因为天气冷,又有大雾,所以两天的用餐都在酒店5楼的餐厅,,菜不错,,价格也适中.美中不足的是酒店大堂的各种活动太多,,房产销售,,结婚的,,公司开业的,,全来,乱轰轰的,,太吵.",1.0
东西不是挺不错的，涂上去没有很油腻的感觉，价格还实惠，卖家态度也很不错，好评,1.0
感觉包装太简陋了，不过书应该是正版的吧，觉得书页有点薄,1.0
手表收到后女儿和小侄子挺喜欢的，不错。就是发货速度慢了点。,1.0
   好看 颜色正 很喜欢  ,1.0
的确是非常不错的一款包包，妈妈非常喜欢，就是刚收到时，气味有点大！,1.0
衣服质量实在是差到不行不行的了，又薄，扣子又掉了，要退货，客服直接下线，什么意思啊,0.0
客服真垃圾  承诺的东西办不到  去年买个表,0.0
"还是可以的书,可以看看",1.0
这东西贵又难吃,0.0
没有教的，怎么做啊,0.0
好像薄了一点，不是很满意,0.0
东西挺好的，包装结实，性价比不错，总的来说是可以的,1.0
比225要好一点，和大家一样下方漏光。如果经常跑步的话，值得入手。,1.0
第一次在当当买书，就遇到缺N页的情况，郁闷之极~~~~本想着换购，但手续实在麻烦，只能先退，以后再考虑重新订购了,0.0
穿烂了脚底起层 脱胶了！,0.0
天黑时太难找了，也没有亮灯的指示牌，打车兜了一圈才找到，在新国际展览中心里面那条路的最里面……服务还行，就是太难找了。,1.0
很不好的一次购物。鞋子质量不行。怀疑不是正品，右鞋右里侧有小东西一直很磨脚，鞋带放很松也是一样。严重的质量问题,0.0
好评，买了52本了，继续买齐,1.0
1.稍微有点厚 2.对硬盘做了一个初步测试，读写速度一般，但cpu占用率较高。 3.随机附带的驱动光盘只有vista驱动，无法适用于XP 4.读卡器插入有点卡，不方便。,0.0
衣服质量差，并且颜色发错了。退回的邮费还不给全！差评，差差评，差差差贫评！！！,0.0
卖家服务态度挺好的，免费发的顺丰，送货挺快的，包包性价比不错，容量大，真皮皮质，不错的卖家,1.0
帮同事买的还不错！！！！！！！！,1.0
不是很好，毛笔写没几个字就开叉了，水写布也会带水,0.0
！不敢开屏幕拍照，色彩太高了，手机自动补光，照片都黑了,1.0
做工太糙。。。。不值这个价钱,0.0
   款式简单很喜欢，穿着也很舒服 和描述的一致 透气性很好，非常满意,1.0
东西不够，不知道是不故意的,0.0
太垃圾了，一下子就漏气,0.0
.！！！！！！！！！！！！！！！！！！！！！！！！！！！！！！！！！！！！！！！！！！！！！！！！！！！！！！！！！！！！！！！！！！！！！！！！！！！！！！！！！！！！！！！！！！！！！！！！！！！？！！！！！！！！！！！！！！！！！！！！！！！！！,0.0
真不错，睡眠质量明显改变很多,1.0
最烦连篇累牍的系列丛书了，都是跟着何马学坏了。咱一本书就讲完故事，多好！,0.0
问着味道不是很好闻，发回来还有小\n虫子,0.0
纠结了很久终于赶上降价，败了一本～印刷相当好，内容也是DK一贯的风格～ 另外赞一下JD的服务，开始买的有破损，很快就上门更换了～\n纠结了很久终于赶上降价，败了一本～印刷相当好，内容也是DK一贯的风格～ 另外赞一下JD的服务，开始买的有破损，很快就上门更换了～\n纠结了很久终于赶上降价，败了一本～印刷相当好，内容也是DK一贯的风格～ 另外赞一下JD的服务，开始买的有破损，很快就上门更换了～\n纠结了很久终于赶上降价，败了一本～印刷相当好，内容也是DK一贯的风格～ 另外赞一下JD的服务，开始买的有破损，很快就上门更换了～,1.0
灯光散 电池不耐用....,0.0
系统运行有点慢，勉强能接受。硬盘不时有吱吱的异响，华硕笔记本好像大多都有这个问题。屏幕色彩表现方面好像没有其他品牌的艳丽（比如gateway的上网本）。,0.0
"地理位置不错,房间对着中央大街,隔音玻璃还不错,街上的声音房间里听不到.需要提高的是卫生间里卫生纸的质量,实在太差.而且卫生纸快没了,也没有及时补充.早饭还不错,但橙汁是冲泡的,估计是果珍之类,而不是纯果汁.品种还算丰富.",1.0
一拉塑料被我弹坏了  呵呵哒,0.0
给我妈买的礼物，她很喜欢，而且快递超级快啊，不到三天就到了，很满意的购物，好评好评,1.0
拿到手的瞬间我真是无语了！！！！跟图片完全不一样！！！做工粗糙！！！如果可以一颗星都不想给！！！,0.0
在电脑上看着挺厚实的，而且看起来也不是这样的布料，到了之后看着薄了，而且还是蕾丝的，存着侥幸的心理，觉得注意点就不怎么会脱丝，谁知道穿条裙子什么都不能碰，要不然就被挂住了，会脱丝。,0.0
鞋子发来就是坏的，过年期间想给孩子穿的，这种鞋子也敢发出来，不知道怎么敢说自己是旗舰店。找换货非得等到过年以后，态度很差，建议大家擦亮眼睛谨慎考虑。,0.0
还可以啊  感觉味道有点大,0.0
是为了配合客厅的风格买了装饰用的，材质还可以，只是颜色有些色差，比照片里面要深色一些。,1.0
不好控制，太麻烦了！失手点错的机率远超过在手机上操作！,0.0
都是骗人的！不值得买，在市场买*都能买到，,0.0
款式质量都非常好，皮质柔软,1.0
我对这件衣服彻底无语。买后发现内衬口袋竟然没缝，后联系商家，沟通下换货，解决这件衣服内衬问题了。穿着衣服2天，一天掉一袖子上纽扣，再过几天内衬口袋坏了，拿着针线自己缝的。其实我应该感谢商家，真的谢谢你，自从买你的衣服后我学会做针线活了,0.0
你们怎搞了？怎么会推荐这种破酒店？还准五星？充其量三星。1月7日入住，700元大床房不能上网，连续换了三间房，半夜三更拆腾一小时…那个卫生间？唉…连招待所也不如，那个毛巾、浴巾，是不是抹布？电梯、走道充斥着隔壁如一坊火锅气味，说五星，其实就是写字楼里几层酒店。,0.0
买来还有一个星期就过期了，产品介绍上都不说明，欺骗消费者，这是给小朋友吃的,0.0
拉链处有很长一段没缝好，掉针了，虽然不影响使用但是从细节可以看出品质！,0.0
宝贝包装的很好，外观不错，未使用不知道好坏，但愿好用之后再来评论,1.0
"物美价廉的酒店.酒店的硬件很好,建议网友可以选择,整体看物价还值",1.0
"地段不错,房间虽小但干净,适合商务活动.",1.0
犹豫了很久，终于下决心买了。外观挺漂亮。附带的操作系统也漂亮。总体感觉不错,1.0
质量很好，鞋底软，穿着舒适,1.0
手机插上完全没反应   差评,0.0
"给孩子买的,孩子说有用",1.0
老公非常喜欢。价格优惠。,1.0
"酒店已经比较旧了,海景房也很一般.酒店的拖鞋据称不是一次性的,但没有在包装上说明,再要需要收费10元每双!也没发现这个拖鞋和其他五星级酒店比有什么特别显著的差异!收拖鞋费用实在对不起这么性价比不高的房费!所以你要准备好拖鞋不能在住店期间搞湿弄脏,这意味着收费!可能酒店会理直气壮地给你环保的理由!下次不会在住了,实在看不出有什么特别舒服的地方!可以再去海悦建国试试!反正这个酒店的海景房也没什么意思!而且房间相当一般般!服务也没什么可以值得称道的!甚至肯定比不上泰安的遵华华美达,虽然泰安是一个小地方!",0.0
包装能不能好一点，我买的几十块的鞋也没这样啊，我定的36，给我发37的，用点心好不！,0.0
还不如网上下载的，太差了，因为是东方红才给两星,0.0
京东第一次差评，一个快递竟然走了半个月。,0.0
骗子，大骗子，片子  ,0.0
很好，就是稍微厚了点&hellip;,1.0
我只花了三个晚上就书全部粗略地看完了，看完后我又把书借给我的小姑子看，因为书上的很多方法和观念我觉得挺对的，所以把书借给小姑看，希望对她帮助。总体来说，书的内容是不错，不会枯黄，你甚至可以当做小说来看，写得也挺有趣的。当然书上的观点有些还是蛮好的，让自己将来母乳喂养更多了些了解，不至于出现问题时不知道处理。,1.0
只有一个能量。,0.0
入住大连富丽华东楼，新装修的，比西楼条件好，以后还会选择！,1.0
地段不错，性价比不高，向阳的房间外面有装饰大灯，换了房间背阳感觉上有一股发霉的味道，结帐的时间较长。房间内有电脑可以上网，但没有瓶装水供应不应该。,1.0
抱歉，这本书我买了，但是你们没有寄给我,0.0
我订的是商务大床房，房间的确挺大，床是1.8的，卫生间也算大，但是台盆和台面看上去很脏，我用卷筒纸一抹，墨墨黑。洗澡那用的是浴帘，一碰到水尽往身上粘，不太舒服。,1.0
看起来挺精致的，但粉颜色太暗，眼影颜色也不怎么上妆，而且是粉末状，不太满意的购物，还有物流太慢了,0.0
凉席不错很喜欢就是不太凉,1.0
穿了很舒服，好评1,1.0
质量一般，跟不好走，鞋子里有些臭味,0.0
我想多数人是因为爱玲才买了这本书，总的感觉不好，可能仅存一点价值是如果想进一步研究张爱玲就不妨看一下，人品较差，爱玲比较冤。不过，也能体会出，这个人口才一定不错，外表看来素质修养都还好，知识面也宽，典型的清末书生，却是属于那种流连于秦淮河畔的那种,0.0
很好，为什么要十个子呢。为什么为什么,1.0
用了以后皮肤全是红疙瘩，又痒又痛，有些过敏,0.0
超好看，很喜欢，朋友都认为真的,1.0
没穿，不过尺寸够了,1.0
我拍的是套餐呀，回来就一本书，有一半是歌词，不建议买 。,1.0
"入住时碰到一群北京来的醉鬼在大堂舞醉拳,有个哥们指着女接待员的鼻子在骂""你妈X"",而且骂了好多次,还威胁要砸场子.居然没有一个保安出来阻止.幸亏是晚上十点多,当时酒店下面客人并不多,要不可闹啦.",1.0
很好很好，老婆穿上去很漂亮，很漂亮的睡衣，第一次买到这么满意的睡衣呢！！！！,1.0
不是真皮的，鞋子质量不怎么样，不值这个价，估计穿不了多久,0.0
一般般，比想象的要差一些,1.0
送货很快。好用。曰期18到期,1.0
不好用了，没有口啊，,0.0
送给男朋友的   很好看   摸着舒服  简单大气,1.0
当时就是好奇买了看，发现看不懂。囧。,1.0
东西一般就不说了，客服特别差劲，想退货爱答不理。,0.0
性价比太差了！严重不复合所谓的4星标准，周围环境空气较差，最麻烦空调系统的冷气夹杂浓重的烟味，不开窗简直没法生存。,0.0
送朋友很好的明信片，不错的东东,1.0
威露士效果一直不错，首选,1.0
"住了三天,感觉服务还可以,晚上的自助餐还不错.",1.0
第一次用新卡订酒店。简评如下：优点：1.免费升级到套房。2.服务态度好。3.地理位置还好。靠近香港路。窗外望出去就是香格里拉大大的“S”。4.能看见一块像三明治一样大的海。5.两个液晶电视。6.MINIBAR比较便宜。7.里外两套独立的空调系统，出风量大。吹衣服效果不错。缺点：（恐怕比较多）1.房间有新装修的味道。2.房间布局设计问题不小。败笔出处可见。居然还有个隐蔽的衣橱在房间的角落里。3.使用宽带要把书桌拉出来才能看见宽带接口。服务员钻进钻出地帮我找。4.没有睡衣供应。5.装修质量太次了。如果是我的家，我一分钱都不会结给装修队。6.服务有问题。入住的时候，冰箱里什么都没有。MINIBAR什么食品都没有。电话服务台才补上。7.液晶电视是那种小的。大概和我的电脑液晶屏幕差不多大。8.洗漱用品比较次。孤零零地被放在宽大的洗手台上。其它空无一物了。9.保险箱不能用。总之，很多酒店常用设备都缺乏。同样是四星酒店。我还是怀念在栈桥边的泛海名人。房内设施齐全，更加温馨。,0.0
这本小说向我展开一幅景象，那是一条安静的小街道，两旁是不高的民宅，午后的阳光明晃晃的照在上面，空气中有肥皂洗过的床单在阳光下的味道，那是一种让人伤感的宁静和真实，好像时间就呈现在你的面前。而你就是一个旁观者，从岁月中匆匆的走过，能感受到那份真切的温暖，却真实的让人虚妄。这种感觉，我猜测，如此之于汉娜对米夏，米夏对汉娜也应如是。,1.0
不做任何评价，，，，，，，，，，，，，,0.0
这是一本很有意义的性启蒙教育的书，在此书刚出版的时候我就给我的孩子买了，并跟孩子一起翻阅，从正面加以引导，我自认为我的孩子在性启蒙方面比其他的孩子了解的更多一些，没有了好奇，心态平和，能以正常的心态看待成长过程中所发生的一些事情。今天我是给我的朋友的孩子买的，我想，通过此书能让更多的孩子了解他们成长中所要面临的一些看似神秘，其实应该是再正常不过的事情了。,1.0
还行吧 对得起价格,1.0
肉坏了，炖熟才发现异味，检查包装上有个孔,0.0
住的标准单人间实在是小，房间里一张大床已经塞得满满的了，设施极其简陋除了电视机和烧水壶其他什么都没有，说是四星级标准实际还达不到中等三星级的水平。最差的是酒店临街，大堂居然有三个门而且只有正门有人看，测门对着酒店电梯任人自出自如，半夜三更也不上锁，安全太差。,0.0
一般吧！掉颜色。,0.0
鞋子还不错，就是在送个袜子就完美了。,1.0
包装太差，有一袋已经散了。口感跟在太原买的差距太大。不建议采购,0.0
书的质量不错，值得购买，内容还没看\n,1.0
不错的酒店，本人经常入住，对周边及酒店环境都很熟悉。,1.0
非常实用呀，送的保温杯套子好好用。,1.0
老公很喜欢，好评 。,1.0
卖家没有货也不告诉你，就是拖延你，着急穿&hellip;&hellip;客服也不完善，此次购买很不愉快。,0.0
太差劲，这么贵买来，竟然不能用，都不粘，边边上一点都不粘，真后悔，唉,0.0
垃圾店家 货几个月了还没收到 找他也不理 千万不要买,0.0
由于是直邮说不给退货，但出现了一些状况，主要是买回来六罐全部是胀气锡纸鼓鼓的，其实我不太满意，虽然客服解释说是温度或气压原因，但以前多次购买也没有买过胀气的奶粉，怀疑是质量有问题，但是也没办法，只能自认倒霉，还是大人吃吧，也不敢给孩子吃啊，现在奶粉质量问题想想都头痛。,0.0
牙膏盒都皱了，外观看着真差,0.0
看图片介绍挺好看的，卖的兰咖色的，丝巾质量还可以，挺滑的也挺大的，但有严重的色差，到货时变成绿咖的，很失望,0.0
需要还会再来的。给5分支持,1.0
前几年住过一次，这次去感觉它的变化太大了，服务很好，好像全面装修过了，房间很温馨，床上用品很舒服，还配送了果篮、晚安点心，还可以免费烫衣服，性价比高，有点遗憾的是卫生间有点小，过几天同事出差，建议还住这里！补充点评2008年2月25日：酒店的餐饮很不错，没有提前预订，所以只能做大厅，菜式、味道都称一绝！,1.0
做工很粗糙，有一个盆的卷边没有压到位，京东自营的商品真心不敢恭维。要不是嫌麻烦会选择退货的。,0.0
"就那样吧,还成价格便宜",1.0
心得：很漂亮，孩子喜欢。送朋友孩子的生日礼物,1.0
错误多，烂书，，，，,0.0
货收到了，穿上很合适，值得购买。,1.0
真的和描述的一样的是正品，是个不错的选择，服务好态度不错，物流很快。,1.0
我不得不评论了。东西实在是太假了。TMD刚准备穿纽扣掉了，找线也没有，正常好东西都配一点线和纽扣。这TMD不是坑人吗？京东也是TMD混蛋。这么垃圾的商家也给上来。质量都不过关。毛领说不掉毛，嘴唇碰到满嘴都是。还望后面的消费者别上当了，也就穿过个年。这是有史以来第一次这么评论商家。不知这些评论能不能上榜。早上一穿气死我了。Cao,1.0
买了好几次了，喜欢用。,1.0
奶粉孩子吃了，感觉吃的不是很多，我一前在店里买的吃的哪麼多，是奶粉有问题吧，吃了半罐还剩半罐，现在换别的奶粉了,0.0
我朋友说要去延庆张山营镇政府附近办事，我听都没听说过这地方，帮他定了这个说是最近的酒店，去了只有他一个人住，360就包个酒店还是第一次哟！房间很一般，周边太安静了，如果想热闹又有逛有吃的朋友还是建议去延庆中心住，县就只有那边大，走哪儿走不算远，打车也方便！,0.0
"还可以,产品不错.",1.0
比较经典的初级章节书，看了网上推荐买的，有配套音频，很不错。初级章节书的特点：1， 以chapter 分章节， 排版不再以一句话占据一行的形式出现， 而是以正常文字编排的章节出现。2， 插图慢慢减少。3， 由彩色向黑白过渡。4， 难度上也有阶梯划分， 从字体的大小， 稀疏， 页数的多少等方面递增。5， 词汇也由简单常用词汇慢慢增加词汇的难度。在孩子有了一定阅读基础上，就需要考虑升级了。读书， 读书， 让孩子能顺利进入阅读， 让孩子喜欢读书， 关键还是要有孩子喜欢的读， 能引起孩子的兴趣， 适合孩子的阅读水平和心智。 能让孩子读起来废寝忘食（是不是有点过哈）， 读着读着， 孩子被书籍中的故事所吸引， 阅读速度和阅读理解能力就在这种愉悦的阅读中不知不觉的就提高了 。挑选的原则应以原版或原版引进书籍为最好。学习任何语言都需要大量阅读。学习英语也需要大量阅读。英语学得好的人，一般说来，都读过相当数量的书；反之，也只有读得比较多的人，才能真正学好英语。这个道理虽然简单，但不少学习英语的人却未必明白。时下，很多人都热衷于做题目，以为这是学习英语的正确途径。结果做的练习册一本又一本，试题集一套又一套，做得头昏眼花，兴趣全无，英语水平却并没有实质性提高。学习英语的确要做适当练习。但我认为，归根结底，好的英语是&ldquo;读&rdquo;出来的，不是做练习&ldquo;做&rdquo;出来的。&ldquo;读&rdquo;出来的英语是地道的、自然的，因为使用者依持的是&ldquo;语感&rdquo;；&ldquo;做&rdquo;出来的英语往往流于生硬，因为使用者是依赖&ldquo;语法规则&rdquo;硬&ldquo;做&rdquo;的。一谈到阅读，人们便不由自主地想到&ldquo;苦读&rdquo;。如果把这两个字理解成读书需要花功夫，倒也有理。但如果认为阅读一定是很苦的，很少有欢乐，那就大错特错了。然而，目前的很多英语学习者都视英语阅读为苦事，常常是不得已而为之。教师让学生读点英语材料，就像给孩童吃中药，需要捏着鼻子硬灌下去。自然效果也不会好。阅读英语应当轻松愉快，也可以轻松愉快。要做到这一点，阅读材料的选择是首要的。也就是说，要选择生动、有趣、富有吸引力而又能启发心智的材料（或书籍）。这类书具有以下几个共同特点：一、可读性很强，让人立即产生阅读的欲望，一旦上手，就放不下来了，不会感到学英语是沉重的负担了。二、容易读，不大会产生阅读障碍。三、有助于扩大知识面，提高文化素养。至于阅读的方法，我主张一口气读下去，即便有个别单词挡道，只要不影响整体内容的理解，就不必停下来查词典，更没有必要见到好句子停下来就抄。因为那样会打断思路，影响阅读速度，甚至扼杀阅读的兴趣。不要以为读完一本书没有记下某个词语或某个句子就是一无所得。阅读的主要目的在于语言吸收上的&ldquo;潜移默化&rdquo;，在于获得语感。阅读需要&ldquo;量&rdquo;，没有大量的语言&ldquo;输入&rdquo;，是难以学好英语的。而我们国内的英语学习者恰恰语言输入量太少，当然输出量就更少。结果往往事倍功,1.0
很暖和，质量也可以。只是这鞋子上溅水时，留印子,0.0
质量很一般，不值这个价，不会再买该产品,0.0
不是理想的，有些小失望?,0.0
做工不够好 绳子好差  ,0.0
書本質量還可以，裡面的圖畫都很可愛,1.0
\n买入收藏支持作者,1.0
服务非常好，很快，但是硬件设施太老，卫生间有味道，目前在装修，早7点就有动工的机器声，打扰美梦。但是结帐时前台主动咨询意见，并给抱歉，非常人性化的服务，还有在电梯里主动让客人，很不错的服务。早餐很中式，习惯西餐的恐怕没的吃了。宾馆反馈2008年6月2日：尊敬的客人：您好！感谢您惠顾唐山锦江贵宾楼饭店，您的下榻令我们深感荣幸。您的留言我们已经收到，首先要谢谢您对我店前台服务给予的良好评价。另外，关于您提出的“硬件设施太老”的意见，可能您已经留意到，我店正在进行装修改造，力求为广大宾客创造一个舒适、优美的居停环境，为此还打扰了您的休息，我们感到十分抱歉，并已与施工单位接洽，尽量避开客人的休息时间，恳请您能给予理解和支持。同时，收到您提出的“西式早餐品种少”的意见后，我店餐饮部特别给予了关注，将针对客人口味，适当调换品种，相信在您下次光临时会有所改善。关于您提出的“卫生间有味道”的意见，由于您已离店，无法当面与您进行交流，但我们会进一步加强客房服务员的操作程序，使房间环境更加整洁、干净。再次谢谢您的中肯评价，真诚地感谢您对唐山锦江贵宾楼饭店的支持，并恭候您的再次下榻！祝您身体健康，工作顺利，万事如意！,1.0
当读完全书后，感觉到一种面对战争的真实感，感觉到政权是多么残暴，为了巩固自己的权威难道就可以无休止的草菅人命么？迷龙的死完全是典型的中国政权下的牺牲品，死啦死啦的牺牲是那么的无奈与悲凉。,1.0
刚用 没什么特别的 再看看吧\n,1.0
2015年8月15日周六收到鞋子，周日穿着去了一趟菜市场，就坏了，鞋子前后穿了不到半小时，如此质量差的鞋子竟然也当商品敢出售，真是无语。无话可说，请看图,0.0
容易划伤，质量一般～,0.0
尺寸很合适，质量也很不错，上档次，性价比高，满意,1.0
用事实说话，偏小。不舒服,0.0
看着旧旧的，一般，失望?,0.0
皱皱巴巴的，明显是本旧书，我靠。,0.0
太让人失望了，车子过来好像是旧的，车身一圈颜色很光亮，车头盖子上，好像跟砂纸打磨一样，粗的，没有一点亮度，难看的要死，车子的一个电机线也是断的，后屁股的备胎壳子卡不上，卡上就掉了！,0.0
酒店位置较隐蔽，不过胡同口就有其它的大酒店所以打车还算是方便，离王府井也不远。标准大床间，房间还行，在北京来说性价比不错，比如家强，房价大，舒服多了，而且很安静。服务还不错。,1.0
简单的家具，墙上的颜色非常漂亮，设施还可以说不陈旧，但是房间里总有一股烟味以及油漆味。并且楼顶是个培训学校，晚上还有上课铃声。并且还蛮吵。在那个地方能有这个价格，确实便宜。,0.0
因为看书评写的很诱人～觉得自己也是二十出头的年纪了 也应该学习下如何经营自己的未来了……但是，买回来 很失望。内容很空洞～写的太浮于表面。里面给女孩子的一些忠告，举的例子 没什么新颖之处，也不够深刻书的质量也不好，像廉价的言情小说身边还有人想买，就直接送给她看了,0.0
表盘内有杂物，无法清理。物流等了20多天,0.0
很不错的宝贝！包装很好，质量很不错！朋友很满意！好评！,1.0
东西还行，用起来方便！！！,1.0
服务一般，房间卫生太差，居然有蟑螂弄的我和我老公身上满是疙瘩，退房时把时间逼的太紧，还必须是12点以前，让我最中意的是他们的浴室，大大的莲蓬洗澡舒服的很,0.0
书的内容就是网上教程的纸版，不建议购买。,0.0
没有收到，不做评价....................,0.0
东西发错了，代垫的运费怎么还不到账？,0.0
很好用 轻便 还能背比较实用,1.0
效果挺好的，才用几天功夫，黑眼圈就少很多了,1.0
太差没办法用，鱼竿太软就是垃圾产品，以后再不买这破东西了。,0.0
嫩花椒充青花椒，花椒籽特多，唯一的好处就是物流快，麻但一点都不香,0.0
产品没错，不过京东的客服就是骗子，买之前看评论，很多人询问有没有airplay功能，客服的回复都是有，结果买来才知道，没有这项功能，京东你们简直就是睁眼说瞎话，自己做做功课再来回答顾客的提问好吗？知不知道什么叫airplay？回家查查百度去,0.0
我这次是第5次住在长春的雁鸣湖大酒店。昨晚夜里停电。深夜我睡着了。我的钱包被内贼进入我的房间，偷了我近1000元和4张信用卡。。。我的证件和外币，数码相机等都在房间的保险箱里，原封不动。我打了好几个小时的长途电话来处理我的信用卡的冻结。我报案了，这个4星酒店的保安摄像探头竟然坏了，没有修理！保安还查房卡入门时间，就是没有其他人在深夜进入我的房间。难道内贼不会用其他高明的方式进入吗？我的羽绒服也被这个内贼放在地上！我醒来时没有多想！近中午时我才发觉钱包少了现金和信用卡！还有，这家酒店的态度很差！没有同情心！我之前授权的2000元，我打了国际电话，银行说两天前我入酒店的2000元授权了，可是酒店的财务不领情，说中国银行没有授权。我又打了国际电话，我的银行说通过了！这家4星级的酒店不负责，认为不可能发生，我报案了，我下次再也不住这个1星不到的服务态度，很可耻！我还要把这个事件说给那些想定这个酒店的住客。酒店为何停电，摄像头坏得也太凑巧了来让大家知道这种内贼行为是要强力打击的。好了，不说了！！！千元丢了小事。酒店的处理态度我很反感！我强力告诉大家和提醒其他人不要到该酒店！,0.0
送好朋友的，很可爱的一款！,1.0
简直就是次品  用两次就不能用了&hellip;&hellip;无语,0.0
车子不好，宝宝坐着热 最主要的是还有一股能让宝宝晕倒的气味。不值这个价，建议不要买,0.0
味道很好，洗涤效果不错，好评。京东购物，方便快捷，品牌保障，价格合理。好评必须的。,1.0
明显不是正品好不好.....,1.0
亮度高，射程远，便携，可调节高度,1.0
。。。。。。。不错，擦，十个字,1.0
刚收到，拉了两下就这样了，不行呀,0.0
京东是我现在购物的首选,1.0
上面的塑料不好，容易掉啊,1.0
"服务尚可,房间大小适中,但被服及设施颇为陈旧.宾馆反馈2008年1月14日：感谢您对我们服务的认可,其他方面我们也会努力.欢迎您再次光临!",1.0
还是很不错得！和图片上一样的\n\n,1.0
使用后，一般，这个价格也值得！,1.0
看着像盗版，不确定。。。,0.0
颜色和图片差距太大，太深，怀疑是不是正品,0.0
一点效果都没有，穿上也不舒服，以后不会再来了,0.0
去贵州省委办事情，由于不是很熟悉贵阳，通过携程在贵阳定了间武岳酒店房。我在5月11日住进武岳酒店5月26日离开。该酒店给我的感觉，就是房间太旧了，服务太差了，和我以前住过的4星酒店比差太多了，根本不能算是4星，不知道怎么评的。酒店的房间太小，早餐太差（有一天的早餐，绿豆粥竟然是酸的，一开始以为是贵州特色，后来多吃了几口发现绝对是食物变质了）。郁闷！！！每天晚上本来是要发报纸的，我住在该酒店的16天中竟然只发了6天！！最重要的是在携程上的酒店图片和实际中武岳酒店的外观和客房图片完全不同，而且差的太多了，太太太差！！！不知道携程是怎么调查的。武岳酒店的服务更是恶劣！！结帐的时候，非说我给他们的一个压缩毛巾用了，跟他们浪费了一个多小时，结果是不了了之，一句话没有服务意识和品质！！！！我住了16天花了4800元，怎么能拿你一个10元钱的东西呢？？而且是压缩毛巾这样没用的东西（他们天天换浴巾）我现在也没想清楚！！！从贵阳离开后我到了西安，没用携程，实在是携程上面的东西太难让人相信了！！！诚信是一个民族最宝贵的财富，为什么我们现在把这么宝贵的财富统统抛离了呢？？？我们最后还剩下些什么？？,0.0
"1号刚去过.酒店很旧海景别墅是木板地很响,白天房间很晒空调又不太制冷.到处是蚊子.餐厅好难吃.服务员太度很好.看海很美,离海很进就是沙滩很不好太脏比三亚差太多",1.0
还可以 蓝牙性能好 通话质量好,1.0
"很久了,想起基本上还是产生不了",0.0
售后 态度 物流 都是狗屎 真狗屎,0.0
刚开始香味很浓，后来就好了,1.0
用了第一个月感觉反应越来越慢了 喇叭在后面 设计不合理,0.0
"服務態度很好.不管是前臺還是後勤人員,均很熱情,以禮待人; 辦事效率較高.包括登記入住,結賬,客房服務等; 設備維護工作尚有不足.如容易被忽視的床頭燈管老化等,建議酒店方面可以定期檢修,等到顧客反饋問題,就稍顯被動了. 祝攜程旅行網及漢庭酒店越辦越好!",1.0
 \n\n今旺阳澄湖大闸蟹现货礼盒 苏州螃蟹高档礼包装8只,1.0
书有点旧，有很多灰。。。,0.0
在新飞电器旁，周围环境幽静，宽带上网速度快,1.0
好！快！给好评,1.0
送副对联 连个福字都没有  笑了,0.0
物流太慢，收不到货，联系不上物流,0.0
鞋子不错，很合脚，就是物流不如京东自营的快,1.0
货品不错。可是好像没鲜花送,0.0
劣质产品！！！！！！！！！！！！！！！！！！！！！！！！！！！！！！！！,0.0
鹭江宾馆的位置非常好，交通轮渡可谓四通八达。宾馆旁边是步行街，对面是鼓浪屿，如果住海景房的话，鼓浪屿全景尽收眼底。宾馆入住和退房都比较快的，房间不错，早餐也可以的。下次去厦门还会住的。,1.0
装水就看到脱了那么大块漆，退货换货都要差不多一个月，难道发货的时候没看么？真是伤心！,0.0
一般，就是送的USB是个坏的，不能用，读不出来！,0.0
作者结合希尔和卡耐基、汪中求等大师的一些观点，结合中国的实际情况，给渴望成功的青年指出一条实实在在的路。我也看过不少成功学著作，只有这本书的作者是企业家，感觉他说得比较实在，其实我们也不指望成功就一定要和比尔盖茨比，能实现自己的小小梦想就行。如果说希尔等人的著作是习武的总纲，还需要你研究推敲一下，那这本书就是本武林秘笈，你只要照着练就行了，至于成龙成虫，就看你练得如何。,1.0
做工：超粗糙：边角太锋利，容易割到小孩。中锁紧扣一按，弯弯变形了。超差差差。,0.0
囤货中！价格比实体店便宜多了！^_^^_^,1.0
1月24日定的贝壳，到2月28日还没发货，抢钱的。,0.0
卖家写的北京发货，实际发货地是江西，问卖家情况，卖家还不理，存在虚假宣传情况！！,0.0
屏幕垃圾的要死！太亮刺眼睛！对眼睛伤害极大！！！看久眼睛就疼！不晓得大家的本本怎么样！反正色彩是我采购的10多台笔记本里面最垃圾的一个！调了显卡设置也没用！颜色偏差很大！如果用来工作！肯定不行！,0.0
这质量也太差了，绳子一下就断掉了，,0.0
不要买，没营养没干货很一般,0.0
内容太简单了，重复太多儿子一岁五个月，明显对这个不敢兴趣。更喜欢汤姆系列。,0.0
货真价实！！！好！！！！,1.0
刚刚收到，包装精致，做工扎实，按键手感清晰，正面边角有点锋利厂家还有提升空间，具体使用效果待上车使用后在评价。\n  ,1.0
"我们从6月21日到6月25日在亚太(二期)一共住了四个晚上,原本想在这个酒店住两天,再到亚龙湾住两天,但我老公觉得这样太累了,所以就没有定其他酒店,现在想想觉得有些后悔.首先,亚太国际会议中心的服务的确不错,差不多每天见到的服务员都能主动与客人打招呼,而且非常亲切(但除了三期中餐厅的收银员,态度较冷淡);宾馆大堂还是比较漂亮的,游泳池也很美,由于我事先再三要求住在五楼,而且一定要100%海景房,所以携程这点也尽量做到了(在此表示感谢),房间比较陈旧,连我不讲究的老公都觉得不太符合五星级的标准,但是厕所是兰色的主题,很干净,很大,我和我儿子都很喜欢.早上起床,我迫不及待地打开厚厚的窗帘,给我的第一感觉就是:美极了!棒极了!这家酒店的早饭一般般,由于我们连住了四天,每天吃的都差不多,品种看上去蛮多的,但味道实在不敢恭维,而且最要命的是除了房间,前台(有一个立式空调)以外,酒店的任何地方都没有空调(连吊扇也没有),我们早上每天都吃得大汗淋淋,热得实在是吃不消.但餐厅环境还是不错的.我们去了一次三期吃饭,感觉环境比二期要好,而且餐厅有中央空调(但那里似乎服务员都不怕热,即使有空调也不开).总的来讲:服务不错,环境不错,离大海沙滩很近,三亚是个很美的地方,我和儿子走的时候都有些依依不舍,但是由于三亚本身是个很热的地方,这个酒店没有空调,太热了,所以下次去的话除非冬季去会住在那里,其余季节不会再住这个酒店了(真是觉得很可惜)",1.0
孩子画画用的书籍，临摹用的。挺好。,1.0
書中有大量配圖，看著不枯燥,1.0
玛德 我还以为100是2760点魔石 结果是5000的99币 换了1650点魔石  亏大了  你们也别上当,0.0
"不算等候时间,CHECKIN速度算快的.但是现在正是旺季,我等了至少10分钟,还得吸着2手烟等,靠!房间不错,反正各方面感觉挺舒服.宽带迅雷下载1.3MB/S,呆掉了.送报纸,水果,好.VIEW好,特别是湖景房,不用去坐什么鸟船看湖了,我1天在房间里看腻了都.软服务不行,特别是餐厅服务员,完全没有5星饭店的水准,送餐的菜口味只能说很一般了,但服务费却要30%.早餐品种较丰富,但口味算糟糕的,好象是用的原料有问题,水果都淡而无味,连红薯都淡而无味,佩服他们的采购部,不容易啊,能弄到这么价廉物差的东西!!",1.0
很有纳西风格的酒店，感觉很好，第二次住这间酒店了，虽然离北门比较远，要走路过去，但是南门相对住宿来说会比较安静，北门的夜市开到太晚，我想很难入睡，贵宾房间也很大，很安静．前面也有吃东西的，烧烤啊，酒吧什么的，都还ok，下次如果在去还会选择这里．,1.0
东西可以拿五星物流太快一个星期才到?,0.0
给朋友买的生日礼物，她跟喜欢。卖家服务态度特别好，主动问我收货地址对不对，很负责。很满意的一次购物，值得推荐。 很好 卖家很贴心送了清洁布 谢谢，物流很快，宝贝带上去很有气质,1.0
"这次入住少林宾馆还是比较满意的,宾馆的位置比较好找,从客运站打部计程车只要三几分钟,5块钱就可以到了,房间比较干净,算是比较宽敞的,洗澡的热水也挺舒服,最好的地方是宾馆外面有一条很旺的小吃街,晚上6点左右就开了,很多麻辣烫之类的小吃,而且有起码二三十档,选择很多,解决吃的问题很方便,而且价格也相当评议,我和我朋友一起,两个人十来块钱就吃得好饱了:)",1.0
真的很小&hellip;&hellip;&hellip;而且&hellip;&hellip;京东你们家东西是从垃圾堆里捡来的吗？？？？呵呵呵呵,0.0
垃圾玩意儿，做工真垃烂,0.0
很普通的励志书，满大街都是的那种。被美丽的包装骗了。一小时左右就看完了，没什么内容。现在正后悔呢。,0.0
二次购买，发货错误，无语,0.0
特别好用，没有特殊气味，很棒,1.0
垃圾一个星期都没有就坏了,0.0
我买的黑颜色。回来却是豹纹的。。怎么穿啊。。求给个说话,1.0
最失望的一次购物，打开就坏了一小包    都发霉了,0.0
"1.开始买的HP CQ45-307TX,没想到出了硬件故障问题，除了屏幕闪还有坏点！为了换货，搞的我跑了好几趟，可是最后307没有货了！我就买了联想ideapad Y430A-TSI,刚用几两天。",1.0
不好吃，冰袋太少了，不根据快递的路程配？到货都融了。三天啊！,0.0
酒店只能用几个字来形容，脏乱差，半夜三更有按摩小姐骚扰你，让你休息不好！如果你抗议，小姐会告诉你这是他们的协议！不知道什么协议？,0.0
就那个脆骨太辣真不该给好评,0.0
其他倒没什么，就是太吵了，隔音不好，希望能改进一下。,1.0
鞋子不错，老公很喜欢，，跑起来也不滑，，京东给力,1.0
酒店位置不错，但房间真是太差了，没订到江景房，可也没想到房间窗子竟然是对着楼道的！燥热无比，衣柜的灯出了问题一直无人修理。中餐厅上班太晚，西餐厅又难吃又贵，早餐品种少，而且量少得可怜，最后一天面包上还发现发毛了，叫了几次服务员过来，竟然敷衍说是“糖霜”，我才没有笨到那个地步呢！只有门童还比较可爱。,0.0
错页20多页，盗版君，我也是醉了，就怕买到假的，还挑贵的店买的，幸好我提前发现，这要是考试的时候在看书，就毁大发了！,0.0
我朋友说裙子是坏的,0.0
很一般的书，女儿不是很喜欢，看介绍买的，以为应该不错的，但是拿来一看，故事不是很有趣，卡通的形象也一般，比较呆板，女儿似乎只有刚买来时候有些热情，翻开一看就没有热情了。可能是文化不同导致的吧，国外畅销的，呵呵。相比较而言，女儿还是非常喜欢嘟嘟熊系列的书。有一个问题必须提一下，比较让人反感。作为儿童读物，尤其是幼儿读物，请出版社能不能控制一下油墨的质量，比较这书的价格很高了，哪怕是在儿童读物里，但是油墨的味道还是这么呛人，味道太大了，我看都觉得熏眼，孩子那里会愿意拿啊！我放在客厅里1个星期味道才基本可以拿来看不呛人了。用这种油墨印幼儿读物有些太什么了吧？,0.0
一般般.......................质量没那么好！,0.0
图片仅供参考&hellip;&hellip;不想说,0.0
买5送1还不错啊。。。。。。。。,1.0
垃圾，买了不能听就一废物,0.0
快递小哥也太慢了，四五天才到,0.0
挺漂亮的，很不错的一个包，性价比很拍好,1.0
因为有了去年的经验，去之前我和酒店联系了一下，得知相比豪华商务间还是标准间相对安静，所以在携程更改了订单，携程方面处理得很快，马上和我取得了联系并了解了情况。酒店比我想象中要好，挺宽敞、挺干净的，服务人员素质不错。标间一大床、一小床，空调用的果然是大金，效果不错，噪音几乎没有，房间里的宽带是免费的，不过我不知道怎么连接：P值得一提的是房间还有跳窗：）另外，房间隔音还好，就是走廊来往的人声很吵，不过我凌晨2点睡下的，没影响。旁边有景江大厨不过我没去，就不评价了。关于交通方面，由于我是退房前电话叫的士的，所以没遇到什么不便。总之，270块钱能住成这样已经很满足了。,1.0
挺不错的，里面的信息挺全的,1.0
就那个样，可以不，还非要评价,0.0
买错了！真心不喜欢下开囗设计！,0.0
笔的质量很好，书写效果很好，颜色也很漂亮。卖家发货很快,1.0
我们是第二次住这个酒店，第一次通过旅行社定的，很不爽，还在里面挣钱，加了价！通过携程定的很意外，还有酒店赠送的早餐，还是觉得携程的服务诚信度高！,1.0
第二次买了，帮同事买的，同时很喜欢，比市场价便宜质量也很好，物流一个字&ldquo;速度&rdquo;第二天就收到了而且包装很好，杯子完好无损。。。老板加油哦，生意兴隆！,1.0
可能中外文化理解差异，可能与小孩子太有代沟，不觉得怎么样，还是比较喜欢水墨画一点风格的漫画书，但愿我女儿长大一点能喜欢（22个月中）,0.0
电脑的包装纸盒上有个非常明显的鞋印，想象京东的包装和运输不是用手来操作的。送的礼包里的电脑屏幕保护贴是弯折的，没法用了。,0.0
速度太慢了，6号下的单，15号才收到,0.0
不好，骗子，50%棉都没有；另，好好的一个单两件货，同一品牌，同一商家，要拆分成两个单，拆分也就算了，一件商品才十元运费，两件商品反而要25元运费，坑人啊，再也不到这家买了,0.0
很好用，不油腻的，,1.0
质量很差，与图片不符,0.0
儿子玩过家家用着挺合适，，，玩了半天就全完蛋了！！！！,0.0
收到的东东纸盒包装都没有封口，感觉很不舒服，只是这个价位也就这样了，没小票，还是比自营的差远了！,0.0
活动价买的，划算，要多学习,1.0
酒店名称和外面挂牌不一样，头一次到告诉出租海天酒店都不知道，只有按照门派找，结果就是东胜大厦，环境，设施，早餐，服务都是一流的，房间进去有个长走廊，非常好，可以杜绝早上门口的任何声响影响美梦，房间两面都有落地窗，视野非常好，大床超级赞，太舒服了。周围商业方法，下次去还要住这里。,1.0
很快又收到了，每次都很满意，一直在这里买，直邮的就是不错,1.0
一般，稳定性差，洗衣机满地跑,0.0
非常不错，夏天当睡衣穿很舒服。还可以春秋季搭配小外套打底，比较性感。,1.0
看当当的推荐买的，不过实在不咋地！单词也是不常用的，漫画 逻辑什么感觉也不好。可能还是因为韩国人的思维咱不能理解吧！不过建议还是别看吹得那么厉害，实际不太好的,0.0
买了十来天*要慎重。,0.0
用一年就行了，颜色没得嫩个艳丽,1.0
过来和朋友度假的，离尚湖虞山都很近。去王四酒家就马路对面走过去一点就到了。环境服务包括早餐都很好。游泳池很干净，人也少，沐浴更衣的地方也很宽敞，只是里面的桑拿不开，要求服务人员开等我游好了也没开，需要改进。早餐质量不错，最好能分吸烟区和非吸烟区。酒店大堂的装饰也很有味道，我喜欢的。总体性价比很高，值得再次入住。,1.0
老婆不喜欢，但是给好评！,1.0
一个多月都没送来。严重投诉,1.0
总体来说，很喜欢索菲特，这一次本来不想住索菲特，因为藏独事件，但客人喜欢，总体感觉不错。,1.0
"质量很烂的一个产品,不建议购买",0.0
一直很怕用玻璃杯，就怕玻璃杯倒热水的时候会炸掉，这个杯子看着很薄，其实质量很\n,1.0
啦咯啦咯啦咯啦咯啦咯啦咯啦咯啦咯啦咯啦咯啦,1.0
首先psv就是国内上海发货，清关信息根本就在此店提供的网址查不到任何有关信息！而且仔细观察下盒子会发现一个镭射贴，贴纸上写着：上海xx电玩&hellip;挂羊头卖狗肉？说好的香港原装直邮呢？还有就是用的圆通快递，从上海发货居然收取30元运费？目前主机没有问题！但这个上海xx电玩你们自己琢磨怎么回事吧！货源？呵呵&hellip;,0.0
史记的精编版，内容较丰富，但没有注释和译文，阅读难度较大,1.0
杯子不耐烧，底都通掉了，差点把我的腿给我烫伤,0.0
上个周末又去了河源。这回提前预订了万豪国际酒店2个晚上，酒店真的没有令我们夫妇失望，我们为自己的选择洋洋得意。当时由于不能在约定的时间傍晚6点钟之前到达酒店，和酒店联系时，酒店接待处非常有礼和善解人意，让我们两公婆非常放心地优哉游哉地在半夜2点到了酒店，酒店大堂不霸气但很大气，前台设计不是像其他酒店那样让客人站着填单，而是让我舒舒服服地坐着，非常愉快地办好了入住手续。不得不提一句，真的好漂亮的前台美眉哦，俏丽、恬静、端庄，怪不得人家都说客家妹美上人心窝.....酒店有主楼房间和别墅房间，标准客房都在别墅区，楼梯上下，一梯两个房间，房间干净、整齐，互联网免费，网速快，洗手间有时尚杂志，还有英文版的。洗澡间水压好，洗澡非常舒服，老公在里面洗澡伴着水声哼了一小时的歌都不肯出来，还说是因为万绿湖的原因，水的滋味很好，哈哈，真是有点快乐得爱屋及乌的可能了！！住了两个晚上，由于整个周末都下雨，几顿饭都在酒店里叹美食，一楼的食街出品非常精致，味道正，无论是大餐牌上正餐大菜，还是特色风味小菜，大厨即点即煮，卖相造型已经让人满心欢喜了，我们最后还餐后有甜品，加起来才70多元，按照性价比，超值！（唯一可惜的是，因为之前的一个周末已经在这里吃过晚餐，知道这有好东西，所以当晚半夜2点到达酒店时以为这里还是24小时营业，美滋滋地想来个房间送餐，结果被告知2点收市，自己心理作用就觉得更加饿得不行了，两公婆狂吃了一盒曲奇）。12楼是旋转餐厅，两个午餐都在上面，碰巧设备检修，餐厅不转，不过也没问题，俯视文化广场，风景不错，偶尔还有点和风细雨，雨还没停，就可以看到有人在打篮球和乒乓球了。两个中午都点了沙拉，牛扒，还有一个套餐，不错。下次来，打算去11楼尝尝那里的私房菜。差点忘了说说，一楼食街的洗手间很干净，老公一听，赶紧也去瞧瞧，果然！两人哈哈大笑，因为一般在外面我是不去洗手间的，能让我放心进去解决问题而又满意的洗手间更是少之又少，哈哈！好！可以肯定，这里的员工有非常严格的工作准则，严格的培训之后一定是严格的管理。天下着雨，门童一看见我们回来，马上扛着个七彩大伞就过来，态度非常友好，雨伞实在是大，动作有点憨态可掬，我们都乐不可支，非常开心！房间服务员和我们在楼下迎面相遇，都静静地停下来在一边向我们问好。由于我们房间冷气出现了一点问题，客房部处理的比较专业，联系换房、搬行李，换钥匙，都是显得有条不紊，快捷妥当。这已经让我们非常满意了。外出度假，希望酒店让客人心情愉快是首要的，万豪做到了，我们还会再来入住的！如果真的要说些建议的话，权且当是我挑剔吧。洗手间渗水的情况不容忽视，我们住了很多的酒店，基本上都存在着个问题，而我偏偏又是对洗手间的要求特别高，干净、简约、温馨、宽敞、不积水、不渗水，万豪国际酒店，除了渗水这个国内酒店老大难问题，其他的都达我标准了。哈哈！或许希望酒店能在别墅区里设置有一张大床的房间类型，因为我们是周末自费休闲客人，就不希望付公司商务差旅的价格房费去预定商务房间，虽然不是商旅，但也希望能安寝哦！看到很多别墅前都停泊着名贵靓车，相信也是来休闲度假的情侣，他们也需要大大的安睡空间哦！考虑考虑！,1.0
酒店前台的态度极其恶劣，我预定的是12月14日晚的双人间，携程预定是到晚上9点，由于行程改变，到达时间会推后，因为该酒店当天有一个全省会议，考虑到房间可能会紧张，所以在当晚8点前打电话到酒店前台，告知我会晚到，房间请保留，前台的答复是可以，当晚我9点30分到达酒店，前台告诉我过了预定的9点钟，房间已经取消，并且也没有房间了，还拿出携程的预定传真给我看，我说我已经事先电话告知会晚到并且已得到你们的承诺，现在房间取消竟然认为是我的责任，吵了半天来了一个大堂经理，上来又是同样的一堆废话，最后说只能给我一个大床间加一张床，没办法只能接受，对此事件非常遗憾，同时对于携程与这种酒店签订协议也很失望！,0.0
听介绍想拿此书弥补英文上的一点翻译陋习，显然粗看了此书后，对于读完高中英语的人们来说，此书内容太浅了，里面的例子的图片貌似都是网上截图的说。另外我买了一大堆书就这本质量有问题，书脊都被压坏了，申请换书居然麻烦到让人发指，可笑的是申请退书居然简单到让人抓狂。静静的等待退书中……,0.0
"一般吧,最多用1个小时又快没电了,哎!一分钱一分货",0.0
酒店一般般。服务态度也不是很好，主要是人家太忙了。需要等很长时间。要不是要办事里那里很近；应该不会再住这个了。没有停车的地方。只能停在旁边的有个很大的洗浴的地方。不过那里不错，有兴趣的朋友可以去试试：）,0.0
物流慢的估计是蜗牛车,0.0
无良商家，态度极差，只顾挣钱，哪管其他！,0.0
快递能不能敢再慢点   袜子能不能再差点,0.0
还算不错吧，一直使用中,1.0
在在网上买了给女儿寄回去得，听说还行就是长了点,1.0
看了好几家，特别注意是不是全铸铁，商品表明是，结果到手看后两个齿轮还是塑料的。一下子没心情了。也不知道研磨出来的粉细不细，反正我突然觉得贵了。,0.0
看过以前的点评，预订之前很犹豫。但因为是五一其他的选择不多，还是订了上客堂。住进去后觉得很不错。服务员穿着藏服，态度很热情。房间是四合院的形式，里面很干净，非常安静。好多年前住过绮望楼，觉得房间设施比那儿好（不过说不定绮望楼现在已重新装修过--但房价已贵得惊人）。上客堂唯一不足的是早餐很一般。总的来说性价比不错。,1.0
最早是高中还是大学看的，已经记不清了，但非常震撼，过目不忘,1.0
这一次送速度慢。,0.0
产品与描述根本不符合。图片上是SONY商标，收到的东西是Design for sony，完全不一样嘛。如果不是sony原装，根本就不会买，简直误导消费者,0.0
之前在洗浴中心用的很好，这个还没开，期待好用！\n,1.0
第五次为贵宾客户入住，值得推荐！服务没话说！,1.0
穿起来质感也不是很好，还会起毛球又贵,0.0
太贯了，跟本就不值这价钱！,0.0
这个还可以  只是用法很奇怪,1.0
颜色跟图片差别太大，质量也不好，不满意,0.0
没看清东西就买了，家里天然气管道用不上亏大了,1.0
粗糙到不行...劣质到不行...算了...能用就行,0.0
挺值的 现在还没用,1.0
质量一般，小了，主要是其他家卖58，居然一模一样的裙子，我大嫂买了一条，一摸一样，要求退货，,0.0
是正版的，很好！比电影有意思,1.0
首先快递很给力 产品有好几个地方 都磨掉漆了 感觉不像是新的  这个价格高了 性能上我觉得也差点意思   我不是很满意,0.0
口碑不错的一本书，还没看完,1.0
很好的   灯光很亮  又不刺眼,1.0
系统无法正常进入，硬盘有不正常的声音。 产品遇到质量问题应该属于正常，但京东的服务态度实在令人不满：对于换货申请的处理极为不负责任，制作各种困难。强烈要求京东换货！,0.0
"这个酒店基本就是低价海南旅游团住的那种招待所吧，周围极度荒凉。距离三塔很近，但是在后/侧墙外，距离大门口还有一段距离大约五、六百米。房间不小但是还是用普通球锁＋自己拿钥匙，很久没见过号称四星级但是这样子的招待所了，出门一定要按下屋那的那边，否则你就会彻底大开门一整天了。另外，号称四星，但是结帐时候竟然不能提供消费详单（水单），而且从老总到客务部经理到前台服务员都坚决没听说过住宿酒店给开了发票还要提供水单的。服务业提议拿别的酒店的水单来看看，是否能帮忙打印一下，但是客务部经理说“我们有电脑也有打印机，但是绝对不能给你用来打印！”问道这是代表个人还是酒店时候，答案是代表酒店。――导致我随手摔上了电话――手柄裂开了！至于物品损坏的赔偿，也是随口报价，注：一个普通的市话话机“原价”200大元，而且另外出去买一个座位赔偿是不被允许的！更可笑的是你如果表示罚多了，马上以态度不好而数额加倍，并且“四百块钱少一分钱也别想离开”（一把手,老板的原话）。只好争取好态度，交钱也不要发票来争取到“原价”赔付。早饭有时候是自助，虽然东西不怎么样，但是十来种东西呢，吃饱没问题，但是住客少了就成了份儿饭了（号称桌餐），品种也只有两三样了。承诺和古城内的班车也没准儿，虽然因为是淡季，按照要求原先电话提前一小时联系了，但是还是在原地打了4次催促的电话，等了30分钟车才到（实际酒店到古城距离2km左右）。除了旅行社的低价团，建议大家就还是在古城内众多的酒店住下吧，价格一般是这里的一半，还可以方便地夜游古城。对了，你们谁见过房间不能上网的四星级标间吗？古城里面遍地是WLAN信号，我上网都是背着电脑去古城的。在携程网上投诉后，携程表示考虑下年是否还与这样的酒店签约了，还奖励500分。可惜时间、现金、心情的损失无法弥补。",0.0
图片和实物色差很大，而且价格很贵，后悔了。,0.0
学习了很多关于灵修的课程，再打开这本书后，好多的模糊概念豁然开朗。我现在的内心已经有了喜悦的种子，不因别人，一切由我而生。更感觉自己的悟性突然又提高了一个高度，谢谢德芬姐姐，谢谢出版社，哇，要谢谢的人好多好多哦，呵呵我现在居然会用“无赖”招式了。感谢一切的善缘。。。。。。。,1.0
鞋底很薄，，，,0.0
钢琴的底漆似乎惹手印和指纹，磨砂的表面应该会更好吧？呵呵，我只能贴全膜了，全副武装。,0.0
不满意，掉颜色太历害，第一次洗白色就变成红色了,0.0
先样子挺好看，活动价买的,1.0
我真的一星都不想给，吗的  衣服破了个洞 码数他跟我说L合适，买回来一点都不合身,0.0
码数偏小，整体很好！！！,1.0
头次买这个牌子，时间来检验吧，看上去很好,1.0
差评实物与图片不符，像是儿童玩具，且必须正视要不看的东西就变型的千万不能买呀。,0.0
不错不错，很漂亮，和图片一样，不过他的说明书说是偏光镜，我不太懂呵呵,1.0
快递慢，实在是太慢了，12.5下单，12.12才送到，EMS赶紧倒闭吧，卖家不要再用EMS发货了，打ems客服电话永远是忙，无法接通，最后通过网站找到客服查询订单，说是帮我联系快递，好在第二天送到了。,0.0
还不错，没什么味道，睡觉舒服多了,1.0
没原版清晰，内容一致，孩子书掉了，幸好可以补买\n,1.0
定了这么久的书，没遇到这样的，舒适送给老人的，说是赠送全彩经脉图根本就没有。,0.0
孩子还小，还没法读书，^_^,1.0
很喜欢，哈哈哈哈哈哈哈,1.0
这次购物还算满意，只是鞋子右脚鞋口位置里面那个泡绵有未贴平顺打折现像。,0.0
强性没你说的那么强，不要打假的广告,0.0
一分钱一分货，感觉还好了,1.0
我一个月前订了这本书，可说是缺货，至今都没有收到，也没有留言告诉我什么时候才能发货，还是要退货，对你们的服务不是很满意！！！找半天没有找到提问的地方，就写在这里了，往尽快处理！！！,0.0
还行，说精粹大全集觉得有点过了！跟平常讲的不见得精粹太多吧！,1.0
物流快，做工看上去也不错,1.0
皮料很差，很多小刺，胶水也多，擦了一下胶水皮就掉了一小块，尺码不对偏大了，太令人失望了，穿起来扎脚，一点都不舒服。,0.0
送货速度快质量还可以,1.0
买贵了，刚买完就降价，还买了两个呢，被坑的感觉,1.0
"住了好多次.感觉不错,宽带速度很快,服务态度也可以,价钱也合理.主要问题在于,酒店周围环境不好,日本人实在太多.",1.0
适合初学者的不错的工具,1.0
丹丹很好，炒菜香香,1.0
质量还不错，比想象中好很多哦。,1.0
不错的包包  发货速度也快,1.0
大小刚好，面料也是好的，摸着舒服，穿着也舒服，颜色和图上基本无差，好评,1.0
有点大，穿起来舒服。,1.0
"硬,服人切,但地略偏,美中不足.短期停留可湛江地首.然五星酒店水尚有些微差距,但整已具此血,景可期.",1.0
"巧克力不错,老板很细心，包装没有损坏,还送了一盒费列罗，赞",0.0
花生坏了好多，味道就跟潮了似的，好多都长芽了,0.0
宾馆虽然比较老，房间感觉还可以，服务很好，早餐品种少了点。打车起步价到海边。走路15分钟到好又多超市。在开发区里面出差住在这里很方便。,1.0
TUT我哦了去死吧恶魔也许他,1.0
一开始说给开专票，但是要收到货再找他们就没有消息了一直到现在,0.0
环境比较不错，做为柳州本地升级上来的四星酒店来说，还是比较不错的！并且服务员的态度也是非常好的，在房间中拨打国内长途免费，这是只有柳州地区才有的！较为有特色！,1.0
发货太慢，等了四五天,0.0
一股洗衣服味道，直接扔了。谁买谁保重。,0.0
太旧了，房间设施也很差，我还在洗手间看到了蟑螂。而且酒店内有KTV，晚上睡觉非常吵！,0.0
就这个价格来讲，算不错了,1.0
一点都不好，球的厉害,0.0
还行，荧光不好,0.0
可以，巴巴小镇的东东不错。,1.0
"可能是酒店比较老的缘故,房间看起来很一般,设施也比较一般.",0.0
唉，一本书很有些贵，而且没有急救包，伤心！！！,0.0
手机钢化膜超级赞！东西齐全！,1.0
正的跟一般，裤吗很不标准，给个差评,0.0
说实话，我网上买东西很少给店家差评的，但是这次的球让我有点失望了。亚狮龙3号球，首先外壳第一眼看过去就不是很好，很粗糙的感觉，打开后，里面有好几个球的羽毛都是有受损的，球还没有开始用，我不知道耐不耐用，有没有真的那么好打，耐打。但是先用看的，整体看起来跟我之前买的75的李宁的没什么差别，甚至感觉还会差一点，如果正品的亚狮龙3号球是这样的价格和外观，甚至质量的话，那么我以后都不敢买亚狮龙了，这是第一次买，可能也是最后一次。唉！！！！！！！！！,0.0
同意“书没什么实质内容”里面是对食物/标示语等存在问题的翻译的汇总里面的翻译错误大都是很简单的单词写错了，所以有了其他的意思但实际上这种错误出现的几率是很小的或者说很无趣的，比如130页中说问一个学生年龄，学生把“I'm fourteen”说成“I'm forty”。第1页是说梨pear写成了rear。这种东西也被作者拿来说事有意义么？中英文翻译闹出笑话的事情很多，我相信任何人，只要肯搜集，都能找出一些。随便凑一些东西出来不单伤害读者的胃口，也伤害自己的名声。我不反对娱乐性的图书，但无趣的娱乐性图书实在让我倒胃口。Rubbish！,0.0
中老年老偏方:骨质疏松腰痛、关节肿痛、肩周炎、老寒腿等。更年期老偏方:更年期腰痛失眠、腰痛腹胀、关节酸痛等。孕产期老偏方:孕期缺钙腰痛、孕期腰酸便秘、孕期水肿疼痛、产后腰痛等。生理期老偏方:经期腰酸、经期腰刺痛、经期腰冷痛、经期炎症等。男人老偏方:肾虚腰痛、尿路结石腰痛、前列腺炎腰痛等。上班族老偏方:久坐腰酸、慢性腰痛、肩痛、受凉颈部痛、落枕等。日常保健老偏方:运动后肌肉酸痛、闪腰、儿童生长痛、腿脚抽筋、网球肘等。,1.0
难以相信这是携程重点推荐的3星级宾馆！单人房住了5天，价格240元/晚，期间得知中石化试题题库会议，房价160元/天。房间的地毯已经N干年没有清洗除尘了，看上去黑乎乎的，各种斑点、污迹、小洞眼令人很不舒服。（过道里的地毯略微好一点）第一晚安排在二楼，后来调整到5楼，隔音不好，隔壁客人晚上2点回房间，关门、电视声音很大。卫生间有玻璃窗，但是不能打开，塑料窗帘小于窗户的面积，因此女士要小心露光。我住的那间，下水道不畅。每次积水都要没过脚面，非常sick！餐厅是外包的，一份（例盘）尖椒牛柳30多元，一个鱼香肉丝20元，可能只有这儿的价格离3星级标准接近一点。5天的自助早餐几乎都是一份汤面加1-2个煎蛋，因为几乎没有什么合口味的东东可供选择。因为开会，基本早出晚归，最后一天离店时才发现，一直垫着的床单竟然有数个脚印在其上！前台服务员有的和善，有的冷若冰霜，不可一概而论。,0.0
还行。。。 就是有丢慢,1.0
不是因为你是同志才能看异性恋也该好好研究一下\n作为当下社会，真正的变态是所谓的正常却做出伤天害理的事，这才是变态而不是指性取向,1.0
顶的双人房，我们下飞机做大巴，然后打的到的，宾馆外面不怎么杨，里面就不错了，冷气足，房间里面也不错，总体感觉不错，对面就是海鲜一条街，哪个吃的爽的，200块2个人吃的来是走不动了哈哈，酒店有班车直接到香港的，不错哦,1.0
很好的，穿上体验一下，舒服，完美\n,1.0
内容丰富，通俗易懂，性价比高,0.0
质量很不错喜欢 跟卖家说的也一样,1.0
还行，脚度挺好的,1.0
没有什么过滤作用，过滤后的水和没过滤是一样的。而且反馈给服务人员时，服务人员态度也是超级不好，一副你爱用不用不关他事的样子。不到*元的东西，表示就当吃了个亏算了。以后再也不会来光顾了。,0.0
很多年前，东芝就已经进入中国了，这款笔记本，从重量，做工，屏幕，音色看，都是很不错的,1.0
颜色比较深，尺码偏小,1.0
孩子先在别的书上看到的图片，一套三本书，有我为什么讨厌那个女孩、讨厌穿裤衩、讨厌喝牛奶，孩子看了就问我是什么书，开始最感兴趣的是我为什么讨厌穿裤衩，但是过了几天比较了一下，她决定买我为什么讨厌那个女孩（我规定每次都只能选一本书）。刚买回来时，天天都得讲，一天甚至有时一次得讲几遍，听多了，你不给她讲，她就自己讲起来。还不错啦。不过我有点担心会不会误导小女孩的想法。,1.0
好评，好评，好评，好评，好评，好贵的评价啊,1.0
胜家15格 工具盒 品质不错的,1.0
环境。房间设施都可以，只是在早餐时服务员素质一般，可能是附近农村找来的，连外国住客最基本的英语都听不懂，很遗憾。,1.0
好烂的酒店，到前台登记的时候只有一个服务员，服务员对我同事直呼其名，同事还臭美说感觉是他大学的美女同学在叫他，我们住的所谓的商务房在7楼，电梯只能到6楼，到了房间一看，这7楼应该是后续改建成客房的，甚至可能是违章建筑，洗手间很小，是买的飞机上用的那种一体化产品。 房间上不了网，电话打了一下按键就跳不起来，到同事的房间打电话叫服务员，过了半天跑上来两个 愣头愣脑的东北小妹，态度热心，但是完全可以看出来是菜鸟。,0.0
衣服还比较满意，就是快递不给力,1.0
衣服很好&hellip;很合我口味&hellip;下次换季在来买,1.0
不好，一点都不好，和图片不一样，珠子小，穿珠子的绳子也不好，太细，容易断,0.0
从容讲述武侠，历史渊源。\n\n受教了,1.0
地点很方便，就在火车站附近走路3分钟，但是因为第一次去竟然打了车被司机宰了个起步价，唯一的不足也是离火车站太近了，火车的声音比较麻烦，谁让徐州自古就是交通要道呢，呵呵。如果有可能下次还要入住。,1.0
物流很给力，很快就收到了，外观很好看，白色的，干干净净读取速度也很快,1.0
音箱音質不错，但音箱有一角应该碰撞过凹了，同按键面板有花狠，应该像给撬过。給人有一种是回修过再发过来的感觉。,0.0
挺好的  质量一般吧,1.0
隔香格里拉很近，很方便，不过我门一般是去香格里拉，那次没房了才去的，感觉好算可以,1.0
买回来就看见裤子右边大腿上破了一个洞，裤子里面还写了一行字。褪色。本来想退货，但又觉得麻烦就不退了，唉，一分钱一分货！,0.0
运来的时候有破损，比较失败的一次购物。懒得退了，包装太不仔细了,0.0
感觉一点效果都没有，太j8坑,0.0
没遇到前面说的装驱动遇到的麻烦，一切都很顺利，只要先进BOIS把硬盘读取方式改成IDE就能装XP了,1.0
货物收到了，这款多功能的背带太好了，颜色很好看，背带很结实，把宝宝放里面宝宝也很舒服，出门很方便！超喜欢的，商家服务态度很好，物流很快！以后会继续光顾！,1.0
地毯很赃 床墊下的彈簧凸出來 睡得很不舒服 隔音很差 很吵 離市區有段距離 不是很方便 我覺得糟糕透了 补充点评 2007年7月2日 ： 酒店的外覌很美 很棒 但進去房間以後 大失所望 為什麼裏外會差這麼多 本來打算住二天 後來住一天就退房了,0.0
实物与照片差别太大，总有一种上当的感觉，不值268这么贵的价格，收到实物一看，没有想象中的惊喜！,0.0
荐书：发现爱情的人、初涉爱情的人、恋爱中的人、爱情失挫的人、为爱所困的人都可以读它，都能在里面发现有些你连你自己都道不出但却深深感受的心情纳兰已经为你道明。有爱的人都不可错过的好书。我看了，还背了好几首。,1.0
垃圾垃圾垃圾，垃圾垃圾垃圾垃圾。,0.0
有差距跟想象的。,0.0
质量很不错 好评！,1.0
超方便，图案也很美，喜欢。,1.0
这个热水器冬天是不适合！开始显示70度水温洗澡！5分钟后只有52度！热水伐开到最大只能说温水吧！大冬天这种水温的热水器有什么用？个人觉得十分不适用,0.0
这个赠品也不好！响都不会响,0.0
找到你的位置满足你拥有的东西善待每一个人过一种好的生活不是关于物质，而是关于爱爱，永远是可遇不可求的看着书 会跟着杜威的行为大笑 会随着杜威的离去落泪一只很普通的小猫但是却让人为之动容最难做到的就是生命中些微的点点滴滴并且坚持所以那份爱才如溪流般涓涓融入心田很容易做到的事情最难坚持做到很简单的事情很难一直做下去所以应该静静地品味这本书,1.0
制量不好，是革皮肩膀上还有点掉皮，商家太骗人了，还说是海宁皮革，不会在买了,0.0
不怎么给力，价格贵，性价比不高,0.0
宝贝收到了，包装的非常好很严实，味道非常的好吃，很喜欢，份量也足，很划算，第一次在网上买吃的东西，非常的满意，卖家态度好，发货也很快的 　,1.0
物流超级慢，质量不是很好虽然柔软但是穿在身上会感觉刺激皮肤,0.0
感觉还不错，房间干净，舒服，具有五星酒店的质数，服务态度还可以，因为觉得服务员有点冷淡。最不好的是地方比较偏，酒店所处位置说得好听的是新城区，直白的就是差不多就是郊区了，好在汕头并不大，到市区繁华的地方也花不了多少时间。另外，酒店附近有一间酒楼，名字叫快活海鲜城，不错。装修上档次，但价钱不贵，出品好，值得推荐。,1.0
快递，好快，但还没有用,1.0
15.4寸笔记本的键盘确实爽，基本跟台式机差不多了，蛮喜欢数字小键盘，输数字特方便，样子也很美观，做工也相当不错,1.0
实物与图片完全是俩回事！！！色差忒大～～～,0.0
不带XP驱动，而且在网上很难找到，鼠标触摸屏驱动找不到，要正常使用只能用vista系统。挺麻烦的。 物流太粗心，送货都能把货忘在别的客户家里忘记送，无语。。,0.0
不错，大品牌，下次还来,1.0
发错货实在很不满意,0.0
退了都不返钱，大家千万别买啊,0.0
质量不错，实用方便，快捷,1.0
入住当天，房间没打扫好等了一个多小时，迎宾项链，茶水和毛巾都没送。我们在泳池边休息时点的烤肉串又硬又老，当我们提出冷了可否再烤一时，服务生竟然以厨房太忙没空一口回绝。失望！,1.0
啃爹，破物流送来送去，耽误我的时间,0.0
这书除了无聊就是无聊lq,0.0
第一次在京东购物，宝贝没选好（宝贝太小胶粘不牢视频录像下载麻烦），联系客服他们有点忙！感觉一点都不满意,0.0
"我的订单号：748054029，应该是&ldquo;美丽人声：璀璨希望（CD+DVD）&rdquo;，为什么拿到只有一张CD,而没有DVD?",0.0
资料性很强，可读性比较强，书也比较厚，就是京东的包装还需要提升，买这么多书咋都没个纸箱装一下呢，所以总是要换货什么的，没办法，鱼与熊掌不可兼得，要想便宜就得忍受书品的瑕疵，可怜钱包不坚挺呀。这本书内容还不错，非常好的一本书，京东配送也不错!读书是一种提升自我的艺术。&ldquo;玉不琢不成器，人不学不知道。&rdquo;读书是一种学习的过程。一本书有一个故事，一个故事叙述一段人生，一段人生折射一个世界。&ldquo;读万卷书，行万里路&rdquo;说的正是这个道理。读诗使人高雅，读史使人明智。读每一本书都会有不同的收获。&ldquo;悬梁刺股&rdquo;、&ldquo;萤窗映雪&rdquo;，自古以来，勤奋读书，提升自我是每一个人的毕生追求。读书是一种最优雅的素质，能塑造人的精神，升华人的思想。 　　读书是一种充实人生的艺术。没有书的人生就像空心的竹子一样，空洞无物。书本是人生最大的财富。犹太人让孩子们亲吻涂有蜂蜜的书本，是为了让他们记住：书本是甜的，要让甜蜜充满人生就要读书。读书是一本人生最难得的存折，一点一滴地积累，你会发现自己是世界上最富有的人。 　 读书是一种感悟人生的艺术。读杜甫的诗使人感悟人生的辛酸，读李白的诗使人领悟官场的腐败，读鲁迅的文章使人认清社会的黑暗，读巴金的文章使人感到未来的希望。每一本书都是一个朋友，教会我们如何去看待人生。读书是人生的一门最不缺少的功课，阅读书籍，感悟人生，助我们走好人生的每一步。 　 书是灯，读书照亮了前面的路；书是桥，读书接通了彼此的岸；书是帆，读书推动了人生的船。读书是一门人生的艺术，因为读书，人生才更精彩！ 读书，是好事；读大量的书，更值得称赞。 读书是一种享受生活的艺术。五柳先生&ldquo;好读书，不求甚解，每有会意，便欣然忘食&rdquo;。当你枯燥烦闷，读书能使你心情愉悦；当你迷茫惆怅时，读书能平静你的 心，让你看清前路；当你心情愉快时，读书能让你发现身边更多美好的事物，让你更加享受生活。读书是一种最美丽的享受。&ldquo;书中自有黄金屋，书中自有颜如 玉。&rdquo; 　 一位叫亚克敦的英国人，他的书斋里杂乱的堆满了各科各类的图书，而且每本书上都有着手迹。读到这里是不是有一种敬佩之意油然而升。因为&ldquo;有了书，就象鸟儿有了翅膀&rdquo;吗！ 　 然而，我们很容易忽略的是：有好书并不一定能读好书。正如这位亚克敦，虽然他零零碎碎地记住了不少知识，可当人家问他时，他总是七拉八扯说不清楚。这里的原因只有一个，那就是他不善长于读书，而只会&ldquo;依葫芦画瓢&rdquo;。 朱熹说过：&ldquo;读书之法，在循序渐进，熟读而精思。&rdquo; 　 所谓&ldquo;循序渐进&rdquo;，就是学习、工作等按照一定的步骤诼渐深入或提高。也就是说我们并不要求书有几千甚至几万，根本的目的在于对自己的书要层层深入，点点掌握，关键还在于把握自己的读书速度。至于&ldquo;熟读&rdquo;，顾名思义，就是要把自己看过的书在看，在看，看的滚瓜烂熟，，能活学活用。而&ldquo;精思&rdquo;则是&ldquo;循序渐进&rdquo;，&ldquo;熟读&rdquo;的必然结果，也必然是读书的要决。有了细致、精练的思索才能更高一层的理解书所要讲的道理。,1.0
我要的贺卡怎么不给我发，气人，,0.0
"接站免费司机是四川人很实在,在路上告诉了一些初到拉萨的注意事项,宾馆很小,不是我们内地的星级标准.早餐还行,卫生间很大,就是价格稍高,我们到的第二天停电,所以我们换宾馆了.",0.0
收到的货物里根本没有，说赠送就是骗人,0.0
好好的套装给我整了两条裤子！给贝贝怡的仓库跪了！,0.0
很好的东东，非常爱,1.0
位置不错，市中心交通便利，环境又比较安静。酒店边上有一条街很多小吃店，比较便利。服务挺好，房间设施比较人性化。早餐一般，刚开始和快结束时，几乎没什么吃的。饮料很少而且供应量也不足。酒店有自己的洗衣房，速度很快基本上是当天能送回，而且价格也不算贵。,1.0
外观不错，降噪效果真不好说,1.0
一开始不会用给弄坏了还可以,0.0
 几乎都是黑白页，很少彩页！而且不像正版，字太小。前年买过一本，和现在的差距太大！,0.0
1、酒店环境不错，地理位置佳。到十全街、凤凰街挺方便的。属于闹中取静的那种。2、客房里设施齐全、干净，比较方便。卫浴设施也挺好的。插头挺多的，很好。房间很干净，也挺温馨的。3、自助餐还可以。美中不足之处：1、卫生纸的质量比较差。2、饭店里最好可以提供（自助）洗衣、干衣的服务。3、房间里的小冰箱效果不好，声音也比较响。反正不用，我就关掉了。总体感觉不错，性价比高，下次还来住。,1.0
包装极其简陋，没见过正品什么样，但基本确定是假货。京东第三方供货真的很不靠谱，直接退货了。,0.0
原以为新瓶装旧酒，只是出版社把茅老的旧文章编辑一把出售。读毕，非然也。心愧之。体会到茅老思维框架的完备、思维方式的缜密，论证出的观点总是如此新颖、出人意料、发人深省、让人感悟，而不是人云亦云。其思想已达到自由的境界。建议茅老再多出新品，并注明写作日期。同时多些文彩（也许茅老当初是学数理的），哈哈！,1.0
回味童年时光，小时有总看的书，现在看了讲给孩子听。包装很好。送货很快。赞。,1.0
和UM里卖的还是有很大差别，感觉不是正品,0.0
实在是不怎么好用，但看着质量还不错！,0.0
你说的，孩子真的理解吗\n　　情景再现：\n　　我曾遇到过这样一位妈妈，她的宝宝叫娃娃，当时是2岁8个月。当时娃娃的妈妈正碰到一个头疼的问题：娃娃虽然已经可以自己穿衣服、吃饭了，但是有一个很不好的习惯，她用过的东西、玩过的玩具，不喜欢收拾。比如午睡起床，妈妈和娃娃说：&ldquo;娃娃做个乖宝宝，把自己的小被子叠起来好不好？&rdquo;娃娃通常都会随意地摇摇头，不理妈妈。再比如玩玩具的时候，如果妈妈说：&ldquo;娃娃，我们要吃饭了，你把玩具都收回到玩具箱好不好？&rdquo;娃娃还是会摇摇头，跑来跑去地不理妈妈。\n　　在那个时候，娃娃妈妈恰好认识了冉冉妈妈。冉冉妈妈在听了娃娃妈妈遇到的问题之后，很快给出了自己曾经用过的、很有效的一个办法：激励法，比如在家里准备一个小白板，小白板上放一张做好的日历格式的表格，如果宝宝表现好，比如能自己收拾玩具、自己叠好衣服被子，就给孩子盖一个小戳，作为鼓励和肯定。当这个小戳积攒到30个，或者50个的时候，就对孩子进行实物奖励，比如让孩子多玩一个小时的游戏，或者多看一个小时的电视，又或者是周末带孩子去他向往已久的某个游乐场玩。\n　　娃娃妈妈听了之后很受启发，她认为这个方法非常正向和积极，应该也能帮她培养出一个听话、懂事、不一样的乖娃娃。所以，她回到家里也开始使用这个方法。\n　　但是，让娃娃妈妈苦恼的是，这个方法只能偶尔发挥作用，大多数时候娃娃还是拒绝合作。比如当妈妈和娃娃一起把玩具规整好之后，妈妈夸奖娃娃并给她印下一个小戳的时候，娃娃很开心，妈妈也很开心。可是有时候，妈妈让娃娃做什么的时候，娃娃还是会跑开，完全不理妈妈。\n　　非常苦恼的娃娃妈妈找到了我，让我从专业的亲子教育角度，告诉她这个问题到底应该怎么处理。在听完娃娃妈妈的倾诉和她试过的这些办法之后，我和娃娃单独玩了一会儿，问了娃娃几个简单的问题，然后我明白了真正的问题所在。\n　　娃娃妈妈在和娃娃沟通时，忽视了一个重要问题，就是孩子的语言和大人的语言在表达方式和接收方式上完全不同，这导致两者不能完全理解对方的意思。举例来说，小孩子经常会说一些&ldquo;童言童语&rdquo;，有些让大人开怀大笑，有些让大人摸不到头脑：宝宝在说什么啊？这个时候，大人往往只会关注到孩子可爱的一面，而忽略了自己不理解的这件事。因,1.0
明明枣子很小！非要放个鸡蛋在宣传图片上！不值！真心的不值,0.0
包装不错，不过还没有用，到时再追加评论吧,1.0
挺好，孩子穿上挺满意。两面都能穿。,1.0
"早餐不错,卫生间不错.房间还算大的,位置吗离雨花台22元出租车费.",1.0
还好吧！不是很喜欢，本来打算退货了，但是卖家要求运费自理就浚退，质量不好，下次真心不能来买了。,0.0
非常一般，没诚信。,0.0
准备晚上使用，希望效果不错哦，加油隆力奇,1.0
价格便宜，质量很好，尺寸大小非常合适，比超市里的要厚一些。,1.0
物流不是一般的慢，还不更新物流,0.0
"10月24日入住西楼,房间很宽敞,但设施旧了一些,它的房间有两道门,这点很少见,所以晚上很安静,走廊的声音会小很多.当时相同的价格,如果去附近的步行街上找一找,会有惊喜.还好,电视信号还有,那天嫦娥升空,真巧.",0.0
搞活动买的，不错哦,1.0
摄像头中只有长焦镜头还可以，其他两个镜头就不怎么样，给人感觉还是一分钱一分货啊，这个镜头就当买来玩吧！,0.0
与其它餐饮图书大同小异，无特色，操作性差，不推荐,0.0
真是浪费感情，没有赠品直接写没有得了，说什么随机，营销就是营销，竟欺骗消费者感情,0.0
感觉还不错，硬度有些大。,1.0
很漂亮的包包，适合夏天背,1.0
我11月6号下的订单，今天还没到！ 当当上显示是已完成交易！ 请问是怎么回事！ 订单号：1421846721我11月6号下的订单，今天还没到！ 当当上显示是已完成交易！ 请问是怎么回事！ 订单号：1421846721我11月6号下的订单，今天还没到！ 当当上显示是已完成交易！ 请问是怎么回事！ 订单号：1421846721,0.0
这此购物还算比较满意。,1.0
还不错。包装略有破损。,1.0
灯拿到手质量还可以，光线也柔合，晚上放在床头也不会刺眼,1.0
什么玩意儿啊买3瓶是便宜几块钱，快递送过来的时候一打开，两瓶是好的，还有一瓶都洒了半瓶了，就剩一点点了。,0.0
"充好气感觉一下柔韧性和弹性真的不错，比弹簧床稍稍软一点点,睡起来非常舒服，不知不觉就睡着了.在此赞一个！超喜欢的，面料很软和也很舒服",1.0
我经常住在西藏大厦，主要出差的方便，周围的饭店也比较熟悉了，还有一个物美大卖场；去首场机场相对较方便。,1.0
东西还可以  大大的,1.0
总体来说，无论是设计，大小，长度，流苏，都挺喜欢。就是菩提子品相太差&hellip;&hellip;,1.0
鞋面皮子全掉了！里面很臭！,0.0
为了去香港买的！很实用！基本都是看这本书做的地铁~  推荐,1.0
声音太大漏水物流慢。差评,0.0
面料很舒服，大小合适，没有束缚感,1.0
没收到货物，所以没得评价，因为是赠品，就没有去追究了。,0.0
东西挺好，后壳就是颜色不一致，有差别！！！！发货速度太慢，物流速度慢死！！！！！,0.0
宝贝挺好的，和实体店买的一样，价钱也便宜,1.0
太慢了，本来要带回家的，结果过完年才收到，差评,0.0
没有几天拉链处就滑线了，质量不太好。可能是便宜吧,0.0
鞋子还可以了，就是鞋带不好,1.0
帮朋友买的，她一直在喝,1.0
跟图片的不一样&hellip;还没有歌&hellip;差差差,0.0
质量一般，和路边摊\n的一样，吊牌与衣服不是一样的名称，很差，失败的一次购物,0.0
差差差差，货不对板。,0.0
性价比高，赠品丰富，不错的产品，期待效果。,1.0
物品下午收到，晚上回家打开发现，所说的赠品没有螺丝刀和卡通蛋蛋笔，只有卡片、卡通红绳和电池。找客服询问，答复竟然是&ldquo;亲我们都有送螺丝刀和小礼物的啊&rdquo;，然后我说明情况，客服就没了下文。什么意思？难道你们意思是我我说谎，赖你们家螺丝刀和蛋蛋笔？？？？？？？？？？？？？基本的信用承诺都做不到，客服还这么爱理不理，我也是醉了。,0.0
物流挺快的，物有所知吧,1.0
衣服很满意，就是物流太慢了，下单10多才到,0.0
不值这个钱，靠着总感觉没起到什么作用，质量一般,0.0
"我和我老婆4月4日至6日入住该酒店，非常满意该酒店的服务，环境，服务都没得说，Check in和Check out的速度都是非常的快，早上9点多到酒店的时候，由于已经住满暂时没有房间可以入住，就先交了3000的押金（声明一下，这个只是用信用卡做个担保，并没有过账，所以感觉很好），然后可以免费寄存箱包，等到下午2点左右逛街回来，顺利入住，并且还免费提升到18层行政房，房间很宽敞，很干净，各种设施都很齐全，我和老婆住了两天都觉得非常满意，感觉物超所值，一晚上也只要961港元，换算人民币还不到900，在香港住感觉算是非常超值了，交通也非常方便，下楼就直接可以到旺角东站，直达罗湖，往返国内非常便捷，另外，出门就是注明的花园街（很多运动品牌的,价格比较公道），去尖沙咀的话，走十分钟到太子地铁站或者旺角地铁站都可以的，另外酒店还有定点免费到尖沙咀的巴士，由于我们一般很急忙的就出门了，没有来得及感受。总的来说，推荐大家来香港的时候尝试下这个酒店，价格和享受到的服务确实是成正比的。",1.0
质量不错，颜色也正，夏天很实用,1.0
ddr3的内存实在是浪费，升级内存也很贵。驱动在光盘里都有，就是要自己找对应的，找错了容易蓝屏。,0.0
不错，挺满意，还会继续惠顾,1.0
没看到地址上面拒收中通啊，害我开车20分钟去拿货,0.0
画的有意境，神话、童话演绎的出神入化。好看！,1.0
裤子穿起来挺好的，好看又舒服。。。,1.0
有点贵，不值当,0.0
什么东西，我买了吗。？,0.0
稍许有点味道，可能是新床的原因，不过透了几天气也就好了，质量还是不错的，喜欢！,1.0
7b.0fg操作kl教n程q》适s合t作为高职高专教材，还可供各种计算机平面设计培训班选用或参Y考。,1.0
还是不错的。各方面都有。。对我有帮助,1.0
整体还行，但是就这样对不起这个价格，另外容易受干扰,0.0
郎教授的观点比较独特、言辞犀利，尽管有的时候比较偏激但是说的东西都还是很有道理的。对于受内地教育和文化影响深远的我们来说，读这本书除了在经济金融知识上有了一定的提升以外，更重要的是从不同的角度了解中国当前的一些经济热点现象，通过与美国、香港、日本的一些比较，找到我们存在的问题和差距。看完的感觉是相当过瘾，以后会继续关注！,1.0
不好，太容易坏了，装在车上没多长时间就漏油，不能用。不建议购买。,0.0
ghjihc&amp;kkl)ffdsiook,1.0
经济实用，办法首选,1.0
垃圾快递！！！！！！！！！！！！,0.0
衣服邮寄来是脏的，水洗也洗不掉，联系客服，说衣服洗过了，时间长了不退换，赔偿*块，不予接收，以此评论，以儆效尤。。。。,0.0
很好，价格非常划算！,1.0
很好用，不会再为梳头发烦恼！,1.0
不错啊不错啊不错啊啊\n,1.0
订的210的标A，酒店大堂和整体环境看起来还不错，但一进房间感觉太糟脏兮兮的臭臭的，卫生间看了都不想进去，所谓的宽带上网是提供一个什么电力宽带modem，根本就无法接通，在等了将近2小时，其间打了无数个电话投诉，仍然无法上网，后与大堂经理交涉不能上网要退房，被告知要我带着自己的电脑去其他楼层去试如果能上网的话可以调到那个楼层。被断然拒绝后大堂经理又提出调换到二楼，二楼是大家常用到的那种宽带，不用再接电力modem，不过要我们加钱，这时已经3个小时过去了，我们无力再去理论，后搬到二楼。一直以为调换的是标B的房型，后来退房的时候才知入住的是豪华房要400多，附近有几间经济型酒店才180，干净还能上网。新华的房价太贵了，而且携程的价格一点都不便宜，前台给其他客人的标A和标B才150和190块。以后不会来这里入住，周边的酒店要比这里好多了。,0.0
哎，提交订单的才发现码号错了，告诉客服改下，结果发过来的还是小号的，不负责！,0.0
昨天收到，今早迫不及待打开试了一下，很好。,1.0
鞋子刚穿的时候比较紧，没有特别舒服，鞋底真的很硬。最无力吐槽的就是快递了，我知道这不是卖家的问题，但真的影响购物体验！一星给客服，一星再给客服！,0.0
一进房间，非常满意，豪华间就是不一样，32英寸壁挂，还有电脑，很舒服的沙发，卫生间也非常干净漂亮，总体感觉很温馨，而且我们刚进房间不到十分钟，服务生就送来了一盘子水果，MM非常满意，这可是半夜三点多啊，服务确实不是一般的好。,1.0
又买了二套，是小区的妈妈要我帮她们买。非常的好。非常的好。特别是反义词，才1岁10个月的宝贝，已经能弄明白黑夜和白天，还能说出为什么。,1.0
工艺是一般的，凑合着用,0.0
裙子很漂亮，很满意的一次网购,1.0
"已经是第二次入住了,感觉还是相当好的,房间宽敞,明亮,床又大又软又舒服,不过卫生纸的质量好象下降了.下次还住.",1.0
不满意，发货太慢了，,0.0
订的是标A，房间装修比较新。只是洗澡的热水要等个快7-8分钟才热起来。附近很热闹，楼下就是文庙，有些古色古香的闽南建筑，对面就是铜佛寺，在走点路不远就是关帝庙和清真寺。不过离汽车站有些距离，步行要20分钟左右。不过标A的房价只在周末才268（无早餐)，平时要300.只是现在星级的酒店好像都挺吝啬，瓶装水都没要出钱，反而现在商务酒店都会免费送2瓶水。,1.0
"一流得酒店,一流得设施.服务在5星酒店算是二流,本人工作在4星假日酒店.对于酒店得服务做的并不是太好.经常发现不管是餐厅,还是前台得员工在聊天.不能尽快得给予客人服务.对于5星酒店得客户要求还是差的较远.竟然客房部敲门问什么时候可以打扫房间?每天基本都是,很无奈,只能离开酒店让他们打扫!态度实在不可恭维.PriorityClub之事,当时承诺1个月卡会寄存给客人,没有落实",1.0
买回来只游一次泳，防水的胶都丢了，不太实用,0.0
不错，挺好的，暂时没有发现坏的,1.0
价格很优惠，宝贝不错，京东的送货速度那是杠杠的！,1.0
不错，东西质量很好，下次还会买。,1.0
入住鸿鑫感觉非常好，印象最深的就是服务生非常热情、尽职；酒店位置也不错，出门走3、4分钟就是购物一条街，两边都是商场。酒店房间的环境也不错，我住的是豪华标准间，比较宽敞，也很干净、整洁。总之，下次去乌还会住那。在这想对携程提一点的是，我在前台问了一下，豪华标准间打折后的价钱是260元/天，普通标准间的价钱是200元/天，而通过携程定豪华和普通标准间的价钱都是200/天，也就是说普通标准间通不通过携程预定都是一样的价钱，这个就有点说不过去了，希望携程再接再厉，努力为会员提供更大的实惠。,1.0
"同样的房间有小有大，地理位置比较偏远。早饭不是自助餐形式的，采用的是套餐形式。不能够自己选择的，套餐之外的要自己购买的。这个很不方便，本人不是很喜欢。宾馆反馈2008年4月7日：非常感谢您光临我们酒店,也感谢您对我们酒店的关注和提出一些问题,酒店同一种房间大小都是一样的.关于同样的房间有小有大的问题,是在客人原订房型不足用或出现异常问题时,我们酒店为了保障预订客人的房间而给予客人免费升级入住所产生的情况.酒店早餐是套餐形式.共有8款固定中式茶点套餐供客人选用,套餐之外需增加其它点心客人需自已购买.给您造成不便我们深表歉意!欢迎您的再次光临我们酒店!",1.0
没什么大用，也就算一个普通枕头,0.0
超级差评，回来的时候扣子都烂了  也不想退了,0.0
这太溥了，裤子不好穿,0.0
作为一家两星级酒店已经不错了，我订的是套房，房间很干净也很宽敞，卫生间很大，还带淋浴房，服务也很到位，毛病就是服务员的普通话需要加强,1.0
价格合适，配置高。外观不错，设计很新颖。 运行了2天，很正常，没有发现大家说的那些毛病。除了CPU风扇声音大一点点。不过，觉得我买到的很实在啊~！,1.0
整体不错，唯一觉得不满意的就是拉杆不够结实。。。。,1.0
质量很好，面料柔软、手感舒服，最主要的是款式漂亮，很修身、有型，颜色也好看，价格也合理，非常满意,1.0
教材也就这样，发现版面排得非常好，看起来比那些密密麻麻的排版好多了,1.0
酒店地理位置在古城区最繁华的十全街上，环境非常好，很有园林特色，让人感到很舒服很惬意！前台入住和退房的速度也很快，服务人员很友善，有问必答！房间也很有特色，墙上刻有金色的诗词，听说每个房间的诗词都不同呢！下次还会选择这里！,1.0
就两天价格既然相差*元，有点像是忽悠消费者！,0.0
女款蓝色的没有S的也没有M，于是买了男款的S码。结果。。。还真的挺大的：）就宽松着穿吧！??\n,1.0
垃圾中的战斗机真心语,0.0
京东发货快，质量也有保证，购物第一选择,0.0
质量差，起毛，不暖和，穿几天就废了，不要买，可以退货不？,0.0
味道不好，太不如意啦！,0.0
非常柔软 很好 赞一个,1.0
碗一点都不好，小就不说了，最大的碗发过来还是个破的，联系客服也联系不上，习惯好评的人都不想再给好评了，本来20多的东西还发个破的有意思吗，京东东西不能买！！！,0.0
手套太薄了，不好！,0.0
"房间设施有些陈旧了。值得欣慰的是，宽带速度还可以。宾馆反馈2008年1月14日：感谢您对我们宽带的认可,其他方面我们也会努力,欢迎您再次光临惠顾!",1.0
一般一般  太一般了,0.0
这个好，比原装的强几倍,1.0
京东失败的一次购物，生产日期1月22，离保质期越来越近。商家太黑！,0.0
赠品邮寄回来还没喝，不知道味道如何呢。,0.0
这药偏贵，药擦完了我的脚还没好，是脚的问题还是药的问题,0.0
做工不错！也不算很重！速度快！也不热！！摄像头很清晰！键盘也不错！,1.0
掉色严重，洗过好几次了，还是掉色，不会再在京东买这个牌子的T恤了，怎么能这样呢,0.0
老婆穿着好看。是正品。。。。,1.0
房间非常宽畅，服务也很好，喜欢住酒店式公寓。离李公堤、金鸡湖很方便，开车5分钟。室内游泳池不大，但水温挺高，适合小孩子玩。金鸡湖很漂亮，周边餐厅、酒吧、还有OUTLETS，无论中午还是晚上，选择在靠窗望湖的座位用餐，让人心情放松而愉快。,1.0
手感不错，是正品！推荐入手噢，功能强,1.0
键盘手感差，整体做工一般不如HP，发票质保期写的是“无”，不清楚质保期。,0.0
两次装了上去都是亮灯光报警。希望可以解决这个问题,0.0
东西很不错，就是觉得小了点,1.0
没有效果，卧室里放了三天，每晚上蚊子孩子嗡嗡飞！！！！！！！！！！！！！！！！！！！！！！！！！！！！！！！！！！！！！！！！！！！！！！！！！！！！！！！！！！！！！！！！！！！！！！！！！！！！！！！！！！！！,0.0
挂五星实在有些牵强。卫生间太小，还不如呼市国航四星的大，房间暖风给的太早，又没有冷风和换气，热的人实在难受，只得开着窗，开窗又太吵。早晨赶飞机结帐，必须等服务员查房，简直就是三星级服务，呼市的国航四星都不查房了，十几位客人在大厅里等，大家都很奇怪：这样的房间有什么可拿的？不知道他们查什么。唯一还行的就是410一天房价了，但当地人还是说太贵，等香格里拉开业，这里也就250了。,1.0
本人从事智能建筑十年，建议相近行业技术从业者不要买，全文100页名词解释+200页4个不上档次实施方案，内容没有展开和一点深入，对我来说没有一点有用信息，这样的书能出版我也是对中国出版业无语。总体评价:无内容质量有瑕疵。,0.0
"地理位置不错,离溧阳汽车站确实很近.但是该酒店新开业没多久,还是有装修味的,最郁闷是另外两件事,根本不能刷pos机,别说信用卡了,什么卡都没有,网页上说能接受信用卡简直就是骗人的,很没信誉,不知道谁会带那么多的现金去住宾馆???另外餐厅和酒店是分开的,在餐厅吃饭不能签单的.",0.0
酒店环境很好，不过入住的时候酒店大堂把房间搞错了（我订的是大床，他们给的是双床，开始向他们反应的时候说没有房间，后来不知道为什么又有了）。另外，房间居然有蚊子！！！,1.0
不推荐购买，还不如翻看手册,0.0
很柔软～穿着挺舒服的！,1.0
简直就不是人带的！防磨牙防你麻痹防&hellip;&hellip;给你娘下面防漏水差不多！千万别买！不是正常人用的！大猩猩&hellip;&hellip;差不多！,0.0
"没有想象的离西湖近,年轻人走走也得10-15分钟.因为窗不是面对西湖的,所以景基本看不到西湖,要把头探出去,勉强看到商业街远处的尽头是湖面",1.0
一般，物流更是让我佩服！,0.0
评个鸟~~~~~订了三次投诉两次都没给我送过来，连书长什么样子都还不知道！每次投诉就只会说对不起，根本就没给我解决问题，没书又不说，就直接给寄其他的过来，前后都三个月了，一共订了几次，算了，不订了。,0.0
活动价买的，质量可以,1.0
口感很正，香醇，物流也快,1.0
穿一个小时脚都臭臭臭的,0.0
不满意，之前我和他说换型号，但是我拿到手里还是之前的那个型号，卖家服务态度不好，下次在也不买了,0.0
听是听，不过不知道唱的是什么,1.0
不好，刚买没几天，就降那多,0.0
比朋友的ideapad S10大了一圈，不过考虑键盘比较大而且电池时间长，可以接受，不过自带的Linux实在太难用了，进bios都不方便，全部格掉重装XP费了不少功夫。,0.0
真心不好用，根本就吸不上，就是因为是吸盘才买的，如果你也想要吸盘的就不要买这个啦！,0.0
为保护环境，第二天我没要求换床单等，但床还必须要整理好。他们只是草草搞了一下，皱巴巴的，实在达不到四星。二星还勉强。价格系统与国际惯例相差甚远。给我留下的印象这是一家黑店，能斩到一个就斩一个。希望其他要入住该酒店的客人要对其价格从各种渠道，各时间段认真核对，才下订单。如有必要可随时撤单，以免挨斩。,0.0
不知道携程怎么跟酒店协商的，明明连住两晚248，酒店偏要收我们同事275！害的我打电弧给携程和酒店协调这个事，酒店说销售部没上班，晕，销售部没上班你就别开店了！！虽然后来在携程的努力下酒店做出了补偿性的方案，但毕竟这样的遭遇确实让人很不舒服。其实我们一般去重庆都是住这里，也没有特别不如意的地方。但是这样看上去酒店方小小的失误，确给消费者非常不舒服的感觉，我想这事对富丽来讲不是偶然，期望富丽持续改进。,0.0
看着不错，但是戴两天就掉色；了,0.0
到是个hammer!没有酒味，巧克力也不纯，缺斤短量,0.0
轻轻一动就破了，还帖的好差。,0.0
做工很好，带着也很好看,1.0
好小啊，好小啊，好小啊，,0.0
参考一下，刚好用到。。。。,1.0
友一款工装神奇神装。快点爆一下。穿上打CS,1.0
效果清晰，用着方便。\n,1.0
差评，有一款都漏了好不好！不想说什么了,0.0
不怎么样！跟地摊货*的差不多，,0.0
这VISTA用着也太不习惯了，而且预装了那么多乱七八糟的东西，都不知道该留什么~~~ 换XP也太麻烦了,0.0
还可以吧，买错了，应该买词语字典查到的应该会多些，这个只能查成语,1.0
味道不错，炒菜很亮,1.0
应该来说，是比较满意的。,0.0
凑单买的，不错，价格还可以，双十一物流稍慢。,1.0
辦理住房登記要半小時.整個大堂像市場亂哄哄!房間布置其差無比!,0.0
好，不错小孩也喜欢。,1.0
1、前台服务不好，结账时没有人等都会很慢，而且我住了5天退房要求延长到14：00都不行，最多13：00，这个是在别的酒店从未遇到过的。2、3楼和4楼的茶餐厅不错。3、服务员服务意识有待提高，见面不微笑，在洗手间遇到也不会让客人先洗手，4、网速较慢，,1.0
用水洗了一下就这样......不值这个价......垃圾货,0.0
声音太响了，非常吵人，而且这个外皮味道好难闻，臭死了?,0.0
太差了买家，我没有收到货，我看错物件点收货，我23号买的现在都10天了还没来货。找卖家和客服都不给处理,0.0
真心坑啊。。。和照片向差太多,0.0
有待改进啊，希望更好点,0.0
周三买的，周日自己去快递点取的，否则得周一到。发货快递都很慢，考验耐心。,0.0
可以，就是买小了点,0.0
几好，正品，穿起来几舒服,1.0
39元抢购的，快递比较给力。只是少发了几个小配件，联系商家马上就答应补发了，很不错，这个价格超值！,1.0
好看，值得购买的书，推荐,1.0
"房间别致,有特色。环境一流。因为是木屋隔音很差。补充点评2008年2月29日：最好选2楼(木屋隔音太差).我住在2楼,稍微动动.一楼就打电话说我们声音太吵了.",1.0
5团购房如果同仁堂发表个人 ,0.0
一直在京东购书，正版，挺好。,1.0
太粗糙了！感觉质量不怎么样！\n,0.0
不辣，不是我喜欢的口味。,0.0
晚上11点多才入住。5号楼离前台真是远，拿着行李自己走过去的。刚进房间1分钟，小姐电话就来了。可谓神速！早上check-out，发现酒店环境不错。还有游泳池。但是早饭和4星级不符。,1.0
箱子质量很好，物有所值，适合大学生上学使用，颜色好看。,1.0
挺好的家居套，帮儿子买的,1.0
东西一般吧，物流超慢，下次不再来了,0.0
我朋友住了2个小时就给我电话让我帮忙退房。她说酒店设备非常陈旧，服务也不好。具体我没有细问。不过可以肯定住了会后悔。,0.0
房间隔音不太好，但是整洁舒服，服务尤其满意,1.0
物流太慢，链有点短,0.0
帮同学买的书，那天坐车回大学，一路上百无聊赖，于是就翻开了这本书。彩色的图，有些慵懒的文字，文中有着对爱情的感悟，最重要的，将我们这些“门外汉”带入了咖啡的世界~~~~你也许不一定知道，原来咖啡净是气味也有18种之多，味道有苦、酸还有甜3种。各种名目的咖啡各有自己的特色，各有自己的口感……书里面还有教你制作各种咖啡的方法，如果有兴趣的话，不妨去动手试一试！,1.0
实在一般，这样的酒店还要这个价钱，令人费解！,0.0
本人是因为喜欢凤凰卫视《石评大财经》才购买的此书，虽然书是根据节目的内容集合而成，但看书没有看电视精彩。而且书的纸张，印刷质量较差，感觉像盗版书。,0.0
颜色发错了 颜色发错就发错了    鼠标还不好用 反应一点也不灵敏  我也是醉了,0.0
鱼竿嘎嘎好  节数也少  长度也挺标准的,0.0
很好的杯子，结果一不小心碎了,1.0
自带VISTA系统太臭了，开机10分钟，关机20分钟，巨慢，郁闷，我现在已经重新装了XP，刚买不到10天。哎。。。。无语,0.0
性能均衡，集显效果还不错，散热也还行。 THINKPAD的小红帽，硬盘保护都可以?,1.0
"跟风买的,但里面的内容却一点都没有让我读下去的吸引力,举的例子晦涩不通,总之是我买的最失败的一本书.",0.0
内容泛泛之谈，空洞，没有实用价值 价钱还那么贵！败笔,0.0
不锈钢杆子根本就是假的，只是表面抛光成拉丝，就是铁皮卷制的里面都生锈了，上胶条的是铝合金，其它配件全是铁制品用了后会生锈，希望不要这样欺骗消费者,0.0
第二次购买，品质好。,1.0
酒店环境还不错，只是床真的是太软了，不习惯。早餐过于简单，且每天早上都一样。宾馆反馈2008年6月13日：首先感谢您入住我们酒店，客栈的床是惰性海绵，有舒缓解压，特别是对脊椎有良好的治疗作用。如果感觉太软，有硬席可加，这样就跟普通的床一样了。早餐我们是分A套和B套任选一种的方式，对续住的客人而言，可以两种都品尝。如果有机会，真诚的希望您能再次光临我们酒店！,1.0
我也是看了评论才买的，一买回来，儿子就拿起荒岛历险来看，非常感兴趣，问他为什么好看，他说是故事内容，里面的数学知识有些还不太理解，说以后慢慢来弄懂，于是我也看了前面一点，有些数学知识是奥数内容，三年级的孩子还不太懂，但却愿意把书看下去，说明故事内容还是很吸引他的，感觉不错，买来后理了下，二十七本书分别是写给少儿、中小学生、中学生、青少年和数学爱好者的。,1.0
内容不好！不值啊！当时买的时候应该看看评价的?,0.0
"我居然连货都没收到,后来也不知道找什么人解决.就这样白白的给了钱,却什么都没收到,怎么办",0.0
"买大了点,女儿的妈妈都可以穿了,但女儿还是能穿的",1.0
充电要很久不过还不错,1.0
假货假货假货假货假货，我竟然还买了六管，有本事不要屏蔽评论，这种东西一入嘴就能知道真假了好吗？我一直用太明显了，真货是那种涩涩的很有质感的，刷的很干净的，假货是滑滑的就跟普通牙膏一样的（跟街上那种四五块钱一管一样的）能退么？我刚刚已经打开了一管了，我不想跟你撕，我现在在想如何把剩下那几管处理了，我就想问下真的是自营么？我之前买的欧莱雅洗面奶为什么就是真的为什么这个就是假的？真假真的凭运气？？京东你还能不能搞，不能搞我换平台算了，也不要问我你怎么就知道这个是假的，我天天用我还不知道？,0.0
环境还是很好的，附近是老城区了，但觉得,1.0
商品实物与广告展品有所差别，不过试穿了一下，感觉挺舒适的。,1.0
非常好，我朋友说特别喜欢这个杯子,1.0
和我预想的 一点不一样  做工很差 这拉锁头 ,0.0
个人不是很喜欢这书，主角的故事太假……一个农村出来的一贫如洗的女孩子，最多一个小学文化，在一个贵族老太的指点了一两年，再读个心理学课程就能当心理师了？太玄乎……不真实,0.0
面料舒适，衣衣还跟以前一样好，品质保证，满意的很，款式新颖！,1.0
不好 口感比以前差多了! 不会再买了。,0.0
大部分都行，就是薄了点，,1.0
不错，很暖和，很时髦的雨靴，穿起来像短靴，赞,1.0
四星级的酒店不错的，服务态度挺好，不是免费提供三餐，只是10块钱一份而已。房间干净、舒适，下次还住这。,1.0
还算是不错的酒店，虽然陈旧了一些，看浦江二岸的风景也不能算全面，因为住的17楼，楼层不够高，前面正好有海鸥饭店挡着，可能得23以上才能看得全，但是起码外滩看得很全面，从外白渡桥到一直可以看到金陵路外滩方向，很美，酒店很是安静，真正的闹中取静，不错，适合度假，有家的感觉，设备因为有年代了，陈旧也是在所难免，可是房间很大，有书房，客厅，厨房，很不错的，下次要看上海最美的外滩还会来住。,1.0
"房间总体还是很不错的,但房间隔音效果比较一般,在房间很容易听到走廊上别人的说话,谢谢.",1.0
东西很好，发货快，使用方便。,1.0
1、原来说系统是配DOS，收到的却是正版Vista 2、原来说硬盘是250G，收到的是320G,1.0
一周送了十来次漏气的大米,0.0
真在用，不知有没有效,1.0
房间里没有电话，有点不方便。早上清扫人员的噪音太大，都不能睡懒觉,1.0
开始住的六层的房子不是特别好，后来调到10层后房间不错。 大小合适，虽然价格比较贵，但是4星级还是可以的。,1.0
好腥啊！水洗程序怎么搞的。码数偏大,0.0
。就几样东西南北还发错了二样,0.0
商品一般吧，快递慢的实在让人受不了。,0.0
没有想象中好，做工粗糙，材料不好,0.0
行吧，大家都说好,1.0
给老妈买的，不知道人家看没看,1.0
因为前些时间对心理学感兴趣，买了上下集。好久没看小说了，放在床头，每天一点地看完。没有失望，因为我从来就不对一本书寄予很重的希望。能说的只是，落俗套了，而且俗得看完有点反胃。佛洛依德把人类心理问题的结归到性，本书则很好地遵循了这原则。但书中的桥段把整本书从一个高起点狠拽到一个龌龊之地。女心理师，只是一个空洞的光环。第一次看毕淑敏的书，也是最后一次。,0.0
就有点难装，装好整体实用，够稳，还算满意,1.0
发货慢还是坏的,0.0
东西很好用 下次还会再买,1.0
看着还可以，就是关节不太灵活,1.0
送朋友的，，好像挺好的,1.0
地处闹市但却非常的幽静，离衡山路很近，地铁也很方便，下次还住！,1.0
"基本上没啥用,书看完了单词没记住几个,背单词还是得靠每天的死记.也可能是不会使用此书或者是我太笨了?",0.0
外观漂亮，质量还凑合，很多小细节不好。\n车灯不一样高，一边空隙特别大，超过一厘米，仔细检查后，把里面固定的螺丝拆下，重新安装后，好了很多，空隙基本一致\n很多螺丝不到位，需要仔细检查后固定\n最不满意就是售后服务，收到后跟客服联系，拍了下面两张照片，问问啥情况，居然到现在一直没有消息。。。都好几个月过去了。。。没辙，自己找电烙铁搞定了。\n这服务只能这评价了，扣一星服务，一星售后，一星产品,0.0
收到，料子好，尺码标准，物流发货快，下次继续光顾本店。,1.0
还没来得及看呢 质量和包装都很好 ,1.0
宝宝不喜？？？？？？？？\n\n\n,0.0
物流太慢衣服太大了差评。。。。。,0.0
是正品，大小合适，穿上确实脚感很好，那叫一个舒服。发货快，客服态度好，赞一个！下次还会再来，祝店主生意兴隆！ ,1.0
好好好好好好好好好质量很好，大小和适,1.0
很失败的一次购物，我买了一个XL的回来以后有点大跟商家协商了一下给我换了一个小号的，商家23号收到的货到26号了还没有给我发货，我就问客服是怎么回事，一开始还问我有什么需要帮助之类的，等我一问我衣服什么时候发货然后客服就直接下线不搭理我了，真的很生气后来我又找到京东的客服要投诉商家他才给我发货,0.0
衣服很薄，想保暖的别选。,0.0
经典影片，正版影碟。。。。。。。。。。。,1.0
用过一个月不到出现问题，后面指示灯总是闪红色，开机没有反应，过了一周自己好了，现在又出现了，也是自己好的，而且后面的天线不知道怎么就变得特别松，立不起来&hellip;&hellip;\n好的方面就是物流很认真,0.0
10月初回黑龙江的时候住了一晚，我所有的评价都是基于齐齐哈尔本地的情况做的，我觉得没办法和北京、上海等大城市的同级别酒店比较。周边环境还不错，楼下基本随时有出租车等着，附近还有商场和超市。服务很好，主动热情，雨伞忘服务台了，很主动的提醒我。没有骚扰电话。稍微有点噪音，走廊的服务台的电话声偶尔能听到。没带电脑，网络情况不知道。因为火车时间的问题，本来打算延迟一小时退房，服务台主动给延长了2个小时。中央空调也还好，不知道冬天会怎么样，淋浴热水很好。,1.0
就是A面有点爱起毛，不能刮例如手指甲，但是整体感觉不错，就是颜色略深,1.0
价格要是能再低点就更好了！京东应该多搞特价活动!快递的服务态度不是很好,0.0
竟然给我发错产品了！,0.0
12日入住，前台服务尚可，标准间大床房，房间空间不错，有外伸式阳台，室内布置比较大方。卫生间有温泉水和自来水两路供水。但缺点是：1.卫生间配置缺少揩手小方巾、洗发精沐浴液装置均不好用；2.房间宽带必须申请才能开通；3.早餐实在让人无法接受，付费15元的早餐，除了茶叶蛋“保证供应”外，东西品种和数量少的可怜：仅有小馒头和糖包，凉面。饮料有甜牛奶、橙汁。宾馆反馈2008年6月17日：首先感谢您选择洋桥大厦，关于您提出的建议我们会在今后的工作中加以改进，对于早餐我们的品种大约15种左右。我们的早餐时间是早6：30-9：00钟结束，并希望您的理解。再次感谢您选择北京洋桥大厦。,1.0
真正的是便宜没好货？\n有点怀疑店家是否把隔年的存货拿出来啊？\n这榛蘑没点甜味就算了，那个水黑象墨水似的，却淡而无味！！\n唉！怎么会这样呢？\n,0.0
华国锋法国海军你那边广告语应该充分风风光光后就急急忙忙美女那边 v 粗茶淡饭法国好好保存风风光光个,1.0
满意，京东快递速度给力。。,0.0
是我想要的，很方便。,1.0
比地摊货都次，看上去特别脏，感觉是用过的,0.0
质量很差，不值这个价，我退货了，客服态度很好，很快，只是以后要把质量把好关，退货很麻烦,0.0
有点夹脚，适合脚很瘦的，做工还不错,1.0
"酒店在我最喜欢的跑马地区,是靠山的,很舒服,不到两分钟步行时间还可以到临近的百家国际超市,那里可以购买到全球各地的新鲜美食.^_^,扯远了,酒店房间就是小了一点,大家都知道的,香港寸土寸金啦,房间小一点是没有办法的,好在酒店周围环境幽雅,安静,酒店大堂很怀旧英式风格,还有免费巴士到地铁金钟站,价格也有竞争力,总的来说还是比较满意的.",1.0
"在导航下容易找到;前台价格比携程贵20元;环境在城市中算很不错;服务态度等看出酒店员工受过培训,效果不错;总机用语,态度礼貌;门生有微笑,在新会这地方是天堂级服务;早餐(送)的环境,服务不错,只是欧陆式早餐份量较少,国人还是挑中国早餐比较满意.(当然,酒店价格在当地算是比较高.但至少一分钱一份货,值得.)",1.0
linux系统有点麻烦，以前没有在linux系统上装过windows的系统，搞了两三个小时还没有弄好，后来还是在网上找了许多相关资料才搞好 如果是装这个系统，我建议还是不配系统好，或是dos的也可以,0.0
完全配不上“引起第三国潮流”这几个字 就没见过作者这样写作的 感觉作者创作时思维混乱 经常蹦出一些莫名其妙的字词 让人感觉不知所云 对于角色感情的描写不到位 过度太快 性格混乱,0.0
发货快，以前用过，希望这次也一样的好。,1.0
"小说是早就看过的.买来只是为了收藏,可恨的是当当没有用塑料袋包装此书,感觉不是全新一样,而且封底有一条折痕,影响心情.",0.0
大堂没有其它酒店那么华丽，但房间还不错，而且交通比较便利．,1.0
好脏，应该是模特穿的，或是工作人员穿过的,0.0
"感觉卖的是二手货,会无故关机,希望卖家出货前先测试一下,以免给买家带来很多麻烦",0.0
不爽，多收了我3块钱，也不退我,1.0
相机 WB150F 放进去冲了一下午，就是冲不满 而且还不能开机^^^^~~~~~~~~~~~~~,0.0
不怎么样，书薄的和笔记本一样，没什么兴趣想看！,0.0
跑步机已经安装好了，用了会感觉挺不错的，减震、质量都挺好，很满意,1.0
很好，很漂亮。安装也方便。信奈京东。,1.0
玉坠质地很好，卖家的赠品也喜欢，佛像的大小和想象中的差不多，感觉孩子和大人佩戴都不会说是太大或者太小，很百搭。很好。,1.0
这种膜太差了，根本就贴不紧，而且贴上去手指滑动贴膜就移动了。质量也不好，膜贴上去在反光出，中间有很大就一块有彩色的痕迹。。。。差评,0.0
比较浅显，还是蛮喜欢的,1.0
东西还不错，就是快递非常不给力。如果能够改进，会考虑以后再买。,0.0
很好的宝贝  戴上很有档次 ,1.0
"rt,如果想了解基础的还是再买本7的,这本书以前的东西都没有了,本来以为有7的东西我就不用买了,现在看来还是得买本7",1.0
十分恶劣，非羽绒，纯化纤，退货不审，强卖呀！！！,0.0
"房间比较新,面积还算可以的,也很安静.关于前台服务:现在通过CTRIP预订是免上网费和正常服务洗衣费,但打单子出来就要客人付款,被质疑之后推脱为工作失误,该事已经有人在这里点评过,又被我碰到,因此可以怀疑其诚信.",1.0
酒店是相当的不错，房间面积不大不小，关键是我喜欢它装修风格的雅致。我把携程在保定的宾馆都住一遍了，可以负责任的说，亨通财富是个不错的选择。,1.0
外观不错，出乎意料。待机时间一般了，VISTA系统正在试用中，发热量有点大。,1.0
洗俩次都无法穿了,0.0
非常漂亮的宝贝 时尚大方 布料比想象的好很多 大小也合适 大爱.,1.0
效果很差，很难擦掉，要是刚甩上的沥青，可能能擦掉。最后还是用化油器清洁剂擦掉的，很好擦，就是怕伤漆,0.0
我要的是一颗珠子的。。。。给我发了两颗。。。。。,0.0
"按脖子的时候使不上劲,一般般",0.0
这次国庆节去住的，感觉不错。房间较大，且比较干净。还有一个小池，里面有鱼，早餐后喂喂鱼还是蛮好的！就是院子小了些，出门也蛮方便的，可以很近的走到海华广场。,1.0
用几次之后就不能充电了。这质量，杠杆的差！,0.0
基本都是代码截图，界面截图，不告诉你为什么，代码用中文是想表达幽默感么？而且这些内容都是他网上博客和视频可以找到的内容。很没有必要买的一本书。书籍的推荐人都是什么CEO呀，传媒总裁、运营经理 之流。好的技术书籍推荐者都是资深开发者。纯粹为了出版而出版的书。不想吐槽了。。。幸亏是京东买一百送一百，哈哈哈哈,0.0
女朋友说有点大了。哎第一次买到这样的还是给女朋友的,0.0
"用携程那么多年,这次太让我失望了,也让我丢尽了脸.本来是想住最好的酒店,结果是一肚子火.酒店是建在居民区内的,周围环境可想而知.开业都快半年了,还是处在试营业期,房间还可以,卫生间糟糕透了.下水管排水不畅,淋浴房估计只有一个平方,而且放洗发液的地方都没有,卫生间也小的可怜,我坐在马桶上,左肩膀靠着淋浴房,右肩膀靠着卫生",0.0
帮人买的，说没有注意到时是2010年的，但是质量好，是正品。有考点点评。希望对他学习有帮助。,1.0
买的是粉色，寄来的是橙色！东西与照片严重不符，坚决退货！！！,0.0
对于这本书，我有些抵制的。画面全是一团糟糕，感觉 还是不给孩子看的好。。。。。。,0.0
衣服很好很满意，和店家描述的一样，可以买。,1.0
不错，包装好，送货也快。喜欢,1.0
桩桩的文字让人读起来非常舒服，如清泉细流沁如人心，我一直很喜欢。在这本书中也感受到作者的用心，在不断求变求新。作者为女猪设定的前世男身，让我接受了很久，看着总有些别扭。呵呵～故事构架大气而精巧，其中尔虞我诈的算计太多，旁支伏笔也多，更像是一部江湖大戏而非言情，故事中情感描写略显薄弱，这方面个人感觉不如“青萝”。,1.0
。。。。。为什么不注明是竖版繁体字。。。,0.0
非常漂亮，价格合适，款式不错,1.0
回忆过去的时候总会让人变的安静，思考的同时却又显的那样安逸，思考着多少年前的自己，回忆着多少年前的场景，突然间感觉自己一下就过去了这么多年，确实在这个物欲横流的时代里很少能找到这样安静的文字，仅仅是叙事，少了很多妄加评论，少了很多专家口吻，少了很多浮躁的名利，更多的是带来了一些简单的快乐，简单的让我们毋需和别人争吵，毋需和别人争夺，原来，平平淡淡才是真！,1.0
12月27日买的机油，30号发现不是京东自营的产品，在产品还没有发货的情况下，曾申请过取消订单。可是1号的时候机油还是送过来了，非本人接收。如果是本人收的，我会直接退回去。拿到机油看了一下外包装，该有的防伪标志都有，我就打开倒了一小半杯的机油放零下15度的冰箱里，过了一天发现机油几乎变成果冻，颜色变红，还略有杂质。所以2号就申请退货，遭到卖家拒绝。所以请京东干预，主持公道。谢谢。\n,0.0
质量很好，我妈说穿上很舒服,1.0
太烂了，房间小，门口停车还要收费，屋里霉味很重，不知道那些说好的人是怎么体验的。,0.0
还没看，书本质量很不错。,1.0
"赠送的物品,没什么感觉,不过谢谢商家",0.0
买了一个系列，准备送给小侄子。看了一下，书的质量挺好的，里面的图画也挺吸引小朋友的，都是小熊，小兔，小松鼠之类的小朋友都喜欢的小动物。如果小朋友年龄还比较小，建议家长陪同着看，我觉得对小朋友的情商发展是会有帮助的。而且这书中英对照，也可以对小朋友灌输一下一些简单的英文。以上仅代表本人一点观点，至于实际情况，还要等我小侄子看了才能再说！,1.0
"朋友来苏州，想想就推荐御庭吧，谁让这里离的近呢。到了门口才想起来，还没预定，立即拨打4008206666，通了，车也到了门口， 门卫问：有没有预定， 回答：正在预定，请抬起栏杆，我们到前台。 门卫：不可以 问：为什么？ 门卫：没有预定不能进 问：我们可以到前台直接预定 门卫：不可以，已经没房间了 问：你怎么知道？我们正在联系前台，而且你大哥电话问一下，或让我们进去直接问一下，如果没有房我们转身就走，你又没有什么损失。 门卫：就是不可以，没房间，而且有规定没有预定不能进。 问：那我现在和你说有预定，是不是就可以进去了？...... 但是任凭我们如何解释都没有办法挪动一步，这时后面来了车要进入酒店，由于我的车被拦住，结果谁都没法进去。此时携程的电话已经回复，房间已经订好，可以立即入住。他也接到前台的通知，于是抬杆放车，但是居然连道歉的话也没有，并且丝毫不觉得自己做的不对。这时我心里的火已经烧到头顶，实在是无法抑制，所以也就是大声喝斥了他几句“你凭什么说没有房间？”还好朋友并不在意。 不过对于这样的管理，这样的服务态度实在是让人气愤。门卫如果给酒店前台打个电话其实很容易知道是否有房，而这样做对酒店本身也没有任何好处，明明有房就是不卖，难道酒店这么财大气粗，店大欺客？ 宾馆反馈 2008年8月14日 ： 感谢您选择并入住苏州御庭酒店公寓,您提的宝贵意见,我们酒店引起了高度重视,将不断努力积极的改进,能为所有客人创造一个美好、温馨、舒适的居住环境,衷心感谢您对我们酒店的支持.",0.0
衣服很好，现在穿有点薄了！开春穿吧！,1.0
买了送人的，朋友很喜欢！选了蛮久，店家很耐心，介绍关推荐了好几款；产品品种很齐全，以后有需要还会来买！,1.0
酒店地理位,1.0
8月给了两本，少了10月的，换的话要都退回去再发，闲麻烦不想换了。,1.0
比较好，实用。,1.0
拉圾啊，别信   骗人的    老子*块，,0.0
我住的是大床间，房子不算干净，卫生间比较简陋，早餐品种太少，饭店上菜太慢，卫生也是问题，不停有苍蝇转来转去。下次不会再住了。,0.0
迷你房还真是迷你啊……家具和墙纸都旧的不行，但还都齐全。虽然地方还满难找的，不过叫车倒是满方便的。房间隔音很差。总之，对不起这个价格，还不如去如家之类的。,0.0
收到了和图片上的一样 大小正合适 不错,1.0
质量可以，颜色不错，很实用,1.0
做工垃圾！！！！懒得退了！,0.0
包装已被打开，坏了一个！只是证明下。,0.0
衣服太大啦，质量一般，穿起来就不好看，像老着好多,0.0
环境很好，房间不错，网速还可以。早餐不太丰盛，很多都是辣的。选择也不多，看了一圈也没有什么想吃的。饭店离机场较近，饭店后面有超市，美食一条街。,1.0
还没有用，没法评论！,1.0
本草诸般用法，精彩纷呈，然纷繁中掩其本要，是书正要使人明其要义，守其常法，而不至迷失。当与《本草真诠》《本草发明》相参看,1.0
贴不上，给摔了,1.0
挺好，喝起来，口感还行，满意\n挺好，喝起来，口感还行，满意,1.0
质量不错，舒服。满意,1.0
速度没有想象的快，打开新的窗口或者程序都会卡五秒以上，个人觉得可能系统问题，现在叫电脑公司重装系统，也不知道会不会好点,1.0
经典设计、便宜的价钱、差不多的配置，够用就行！！！ 对了，还送了一堆东西。实在,1.0
做工稍有粗糙，整体可以接受,1.0
本来商家是买四送一的，结果收到以后却少了一条裤子，商家又联系不上，申请要求退货，京东还不让通过。现在的京东真是让人无语了，而且这个商家客服总是不在线，打电话也不接，这种商家京东也让进来，看来京东要倒闭了。,0.0
送货单有验货员签名，为毛还会送件破的？如果可以，一星都没有,0.0
一点都不好，还不如去市场买,0.0
大小合适！快递依然给力,1.0
安装方便，用料厚实牢固，很强大！！,1.0
"还不错,主要是没有染色,安全.",1.0
拒收了还收了我*钱的邮费  这店太黑了吧  这买卖做的,0.0
除有点笨重外，散热，屏幕都不错。能当台式机用。用了一个月了，还没发现有任何问题。,1.0
儿子拉粑粑擦屁屁用超好,1.0
用了一次身上过敏，很痒不知道什么原因，停了一段时间用，又开始痒了，这产品我用了过敏，不能用了,0.0
配送太慢，满意,0.0
臭氧来的太重了，对人体有没有害,1.0
棒棒的，就是有点瘦，材质不错,1.0
送货慢！三四天才收到,1.0
实物和图片一样就是感觉表盘有点大,1.0
货刚到就降价，我也是醉了，无语。,0.0
书是好书，但京东的包装配送太烂了，希望能改进一下。,0.0
内容空乏的很，千万别买,0.0
拍下一份称重三斤？小学生啊！三十克吧，数了下20颗，你这不是欺骗消费者吗？恶心店，哥八***就当给你发压岁钱了，缺斤少两恶心扒拉的！,0.0
网购买得最窝火的一次.本来是想配套一起好看.这颜色你们自己看吧.一新一旧,0.0
文字枯燥乏味，无艺术性，难以入眼，翻看了一页，OVER！古人说：尽信书不如无书！在此我要说：尽信广告不如无广告！,0.0
洗的很干净，一如既往的好用。,1.0
不错的图书，品牌数量较少,1.0
都试了下可以使用,1.0
我都无力吐槽，比别家店卖的贵就不说了，线还那么差，上面说的100米，发来只有50米。什么商家？京东真让我失望。,0.0
卢卡奇的哲学思想丰富、混乱，更有着极强的思辨逻辑推演，所以对他的解读不紧要看专著，像本书，更要看原著，在原著中更能体会卢卡奇的那种强烈的、火一般的革命热情和逻辑演变魅力。虽然他有着黑格尔的思辨的遗风，更有着走向纯粹思辨的顷向和嫌疑，但在他所处的历史大背景下，他的这种思想是哪些正统的所谓马克思主义者所不能匹配的。本书就是在历史的背景下对卢卡奇的正名，喜欢卢卡奇就去读。,1.0
很不满意，该给的赠品都没给，却给了不需要的小电壶，有一种被欺骗的感觉。赌心!!,0.0
在三星手机上一直就不能充上电，懒得退了,0.0
挺好的一本书值得一看,1.0
太卡.屏幕还会自己跳，十分钟就热了，屏幕也不是太好，远看是白色那种，像素和老年机一样，喝酒买的以为京东都是是自营的，没想到是个第三方，京东我还是比较信任的，有了第三方和宝宝还有多大区别吗，总之一分钱一分货，剁手、、、、、,0.0
做工精细，视物清晰。,1.0
不错 不错～ 物流慢了点,1.0
历史文学书，喜欢，很好看,1.0
"评古希腊神话故事大全集（套装共2册）,性价比相当的高哦！书是正版的，之前有过担心滴。内容还行吧，尽管我没觉得有多充实。冲着是名人写的，书的质量还行就不挑剔了。卖家发货挺快的，第二天就收到了。书还是不错的，精装外壳，发货速度真心的快，评价晚了，书不错，应该再早点看的。推荐看，只是粗浅认识了一下，已经感觉到自己逻辑思维更加清晰。好书，受益匪浅，如果不好好研究一下此书，绝对是人生一大遗憾。这天女友打电话问我借本书，说她写作需要参考，我说我家没有，但我可以帮你找。我一边接电话一边就上网搜索，很快找到，立马告诉她网上京东有。她说我不会在网上买书啊。我嘲笑她一番，然后表示帮她买。很快就写好订单写好她的地址发出去了。果然第二天，书就送到她那儿了。她很高兴，我很得意。过了些日子，我自己又上网购书，但下订单后，左等右等不来。以前从来不超过一星期的。我正奇怪呢，刘静打电话来笑嘻嘻地说，哎，也不知道是谁，心眼儿那么好，又帮我订了好几本书，全是我想要的，太好了。我一听，连忙问她是哪几本她一一说出书名，晕，那是我买的书啊。原来我下订单的时候，忘了把地址改过来，送到她那儿去了。这下可把她乐死了，把我先前对她的嘲笑全还给我了。不过京东送货确实很快。我和女友都很满意。好了，废话不说。|好了，我现在来说说这本书的观感吧，坐得冷板凳，耐得清寂夜，是为学之根本独处不寂寞，游走自在乐，是为人之良质。潜心学问，风姿初显。喜爱独处，以窥视内心，反观自我砥砺思想，磨砺意志。学与诗，文与思青春之神思飞扬与学问之静寂孤独本是一种应该的、美好的平衡。在中国传统文人那里，诗人性情，学者本分，一脉相承久矣。现在讲究术业有专攻，分界逐渐明确，诗与学渐离渐远。此脉悬若一线，惜乎。我青年游历治学，晚年回首成书，记忆清新如初，景物历历如昨。挥发诗人情怀，摹写学者本分，意足矣，足已矣。现在，京东域名正式更换为。其中的是京东汉语拼音（|）首字母组合。从此，您不用再特意记忆京东的域名，也无需先搜索再点击，只要在浏览器输入.，即可方便快捷地访问京东，实现轻松购物。名为的京东吉祥物我很喜欢，承载着京东对我们的承诺和努力。狗以对主人忠诚而著称，同时也拥有正直的品行，和快捷的奔跑速度。太喜爱京东了。|给大家介绍本好书我们如何走到这一步自序这些年，你过得怎么样我曾经想过，如果能时光穿梭，遇见从前的自己，是否可以和她做朋友。但我审慎地不敢发表意见。因为从前的自己是多么无知，这件事是很清楚的。就算怀着再复杂的爱去回望，没准儿也能气个半死，看着她在那条傻乎乎的路上跌跌撞撞前行，忍不住开口相劝，搞不好还会被她厌弃。你看天下的事情往往都是一厢情愿。当然我也忍住了各种吐槽，人总是要给自己留余地的，因为还有一种可能是，未来的自己回望现在，看见的还是一个人。好在现在不敢轻易放狠话了，所以总算显得比年轻的时候还有一分从容。但不管什么时候的你，都是你。这时间轴上反复上演的就是打怪兽的过程。过去困扰你的事情，现在已可轻易解决，但往往还有更大的在前面等你。人怎么可能没有烦恼呢&mdash;&mdash;无论是你初中毕业的那个午后，或者多年后功成名就那一天，总有不同忧伤涌上心头有些烦恼是钱可以解决的，而更伤悲的是有些烦恼是钱解决不了的。我们曾经在年少时想象的等到什么什么的时候就一切都好起来了根本就是个谬论。所以，只能咬着牙继续朝前走吧。",1.0
买大两号的比较合适，这个有点尺寸缩水,1.0
大小合适，不算便宜但很精致。推荐黑色,1.0
不是太满意，太薄，不合心意,0.0
老式的三星级酒店，单人间240元，还没窗的房间，谁让我们遇上糖酒会时往成都跑，酒店门口出租车站半小时打不到不说，纯粹是叫人去受罪。 对于酒店的感觉：走廊破的像招待所。到9点半的早餐，我9点钟过去，饭已经没有，菜到我吃饭早餐也不见再供应，就看见服务员拿几个馒头应付一下。与餐厅一位煎蛋的先生沟通，其曰早餐9点半结束，我说好像还没有到9点半吧。这样的酒店估计也就是在什么展销会期间做做生意了，永远不会有第二次的光临。,0.0
没看到这，，，，，，，，物品,0.0
广东没货，买个东西真有点麻烦！！！,1.0
垃圾，谨慎点，谁买谁上当！,0.0
一点都不好套\n，烦人\n,0.0
货品太差，我用了两次竟然里边有色素牙齿都染黑了，还的我去看的牙科，医生说是色素附着，京东真心让失望了,0.0
网购以来最差的一次商品。儿子拿到手非常失望，比在学校门口买的*元一个还不如。并且玩一次线就断了，然后掉到地上就摔坏了。不会再到这里来了，希望京东少卖点这些*人的玩具，作为卖家多点良心。,0.0
与实物一样，皮带扣不紧，,0.0
酒店的环境不错，餐厅价格也合适，非常适合度假。就是希望宽带能免费。,1.0
就是觉得这个光泽有点 太亮了，其他的都还是可以滴！,1.0
不值这个价。。。。不值,0.0
房间里的确有味道，电梯里也有，给人第一印象不是很好； 服务员的服务态度不太好，面无表情的； 没有宾至如归的感觉； 200元的标准间，不是很大，但是还可以将就； 遥控器不好用，给前台打电话催了好几次，才来人看看，说是接触不好，也没有多余的可以更换；晚上临睡前关电视是手动关的； 距离肯德基很近； 如果有别的选择，以后不会再住这家；,0.0
不好不好不好 千万别上当 气味好大,0.0
东西买了1个多月了 我只能说垃圾 每次出去登山 脚都要受伤回来 脚指头那个痛的没话说了,0.0
"优点:房间很大,前台说该酒店是以前的南油员工宿舍改建的,感觉就像是度假村.缺点:1.酒店周围没有商家,最好是事先买好东西(水/食品)再前往酒店.2.酒店应该要与泳池/保龄球/高尔夫/健身房/网球….等休闲设施签协议让住客可以免费使用.补充点评2007年12月29日：谢谢酒店回复我的评价.我记得当时在前台结帐时,服务员跟我提到酒店特别重视房客的反馈,由此看来所言不假!有如此用心的酒店,相信生意必然昌隆.宾馆反馈2007年9月7日：向您致以诚挚的歉意没能及时准确让您了解以下信息，澄清一下，1、珠海南油大酒店的前身是珠海市政府投入南海石油开发给部分外国专家的高级公寓，按照当时国际化的理念进行设计规划，直至南海石油珠海片开发项目搁置，后来平衡多方利益，改建为渡假村酒店至今。2、酒店的商场营业时间为8：00AM―21：00PM，地点在酒店大堂后盏记食府2楼，酒店咖啡厅亦营业至24：00，为住客提供便利服务，另本月新开张了一家好思家零食店。3、酒店的泳池/保龄球/高尔夫/健身房/网球….等休闲设施酒店住客均可享受优惠折扣。",1.0
结合的还不错，结实，样子很可爱,1.0
纱颜色太深，做工粗糙。,0.0
很漂亮，很大气，挂客厅很好看，质量很好，很满意哦。             ,1.0
挺不错的，就是这个季节穿感觉有点热。,1.0
美观，大方，不容易粘指纹，散热很好，运气不错，是个完美屏，而且联想外包装是未被拆封的，心定了，运行起来声音很轻，一直以为京东会拆封检查，这次居然没有，哈哈，开心ing，而且现在V450正式XP驱动也出来了，除了安装XP耗费些流程时间，并没有遇见什么困难的问题，一路顺畅的把系统做到了自己适应的环境，除了无线网卡和读卡器尚未验证，其余全都作用良好，只有一些微小瑕疵。机器出厂日期：2009年4月18日,1.0
散热不好，电源的散热就更不好了，另外就是外观太丑了，作为生日礼物有点……,0.0
带上手好像细了点！\n那个证明查询网在网上查询说那个网站有点貌似挂羊头卖狗肉的感觉，我对质量有点不放心，怕是假货。,0.0
有个赠品没有给我，我评价时才发现。。哎,0.0
书中的语句不知道是翻译的问题还是作者表达的问题，让人觉得有点别扭，作者提出的有些观点也不能认同,0.0
颜色差距诡异 后壳还坏了 大家千万不要买啊,0.0
交通方便，房间比较干静宽敞，总体来讲还说得过去。,1.0
05年出版的书，都13年了，8年前的还拿来卖，没一点公德心，想退，又嫌麻烦啊，郁闷,0.0
酒店的服务非常好，对待客人像对待家人一样。我是12月23日到27日在酒店住了4个晚上，可以说每晚都有事情发生（先声明事情都是我引起的不是酒店），但酒店每件事都处理的很好，让我觉的很温暖。23日入住时，行李员引导我进房间，并主动帮我检查所有的设施是否正常，结果发现床头灯不亮，于是立即找来房间服务员帮我检查修理，2分钟后一切正常了。要是别的酒店行李员，肯定会放下行李就走了。24日晚，我想泡功夫茶，结果发现有个茶杯不太干净，有点生气，所以就写了个字条留给房间服务生，可是第二天，也就是25日晚上回来，发现茶几上有一个果盘和一封道歉信，是房悟经理亲笔写的，很诚恳，让我也很感动。当即我就决定再泡一次功夫茶。可不巧，25日这晚当我要泡茶时我把茶碗盖打破了，闽南人泡茶不是用茶壶而是我们泡八宝茶的那种茶碗，没有盖茶又泡不成了，遗憾之余还觉得有点愧疚。所以我又留了张字条给房间服务员，表示我会赔偿。但第二天晚上我回到房间，又发现了一封信，酒店表示让我免赔，还非常贴心的问我是否划伤了手，并放了两片创可贴在信封里，当时的我，眼泪一下就出来了，只有妈妈会做的事，想不到在远离家乡的厦门也有人为我做。除此以外，酒店还送了圣诞礼物和贺卡，如果有人打电话到房间我没在房间不能接，酒店也会留下字条告知来电话的人的姓氏和联系方式，我觉得真的很到位，很贴心。这是我住的服务最好的酒店，比5星级的酒店还好，因为他们是出于真心的，而非程式化的服务。下次肯定还去住。,1.0
呵呵，还不错吧脱俗我急,1.0
不错，挺喜欢?也挺帅气的哈哈,1.0
翻译不给力，有点读着不流畅\n,1.0
《不一样的卡梅拉》的确不一样！家里那么多图书，儿子偏偏对它情有独钟。没事就把它从书架上拿下来一个人静静地翻阅。要不就问我：“我是卡梅拉，妈妈你是谁？”让我和他一起扮演书中的故事，一遍又一遍的，不厌其烦。可见，这本书已深深地印刻在他幼小的心灵中了。这就是一本不一样的好书！,0.0
还可以，老板还送了一双袜子。,1.0
穿上很舒服  东西很好,1.0
大家一定要注意.这个彩泥一点粘性都没有.而且像泡沫.容易散开，弄的地板都是.而且粘到衣服上就弄不干净.我快晕了.这种新型彩泥没有传统彩泥好,0.0
"海景房果然名不虚传,可以看到整个港岛的景色.服务也很周到.交通也算方便,就是打车去港岛成本比较高,购物很方便,酒店旁边就有SOGO.总体来说,非常好的酒店.绝对值得一住.",1.0
内裤还没收到就降价，而且两条内裤型号不一样！！,0.0
买了屏幕松动，直接退了！相机感觉还不错，希望富士以后品控要做好；京东售后服务很好，退货速度和送货速度一样快，值得表扬，以后还会继续在京东买东西。,0.0
习题过于简单，希望有所改进。,0.0
蛊惑人心的书，误导别人,0.0
前台服务态度很差我是6月28好上午11点左右到酒点大堂的到了以后一男一女两位前台接待根本就不跟你打招呼问好其实也就一人在开房一人在退房把我量那儿大概有6，7分钟等他们忙好了直接从我手上接过身份证和信用卡其间一句话也没说那时候我已经有点火了我主动说我是携程订的男接待找了半天才找到单子我原先预定的大床房因为看到前面朋友的点评特意没要15号的房间我在订的时候还特地注明了男接待看也不看也不跟我说明原因直接开了15号的房间等我问他怎么是15号房间的他说已经满了我又问到我已经订好了为什么没帮我留既然没有我还要订房间干嘛他哑口了然后又查了下说有大床说要打扫房间等了10多分钟说有416然后又换了1216反正这次入住极其不爽好在房间还算干净但是设施陈旧都掉漆了以后再也不会住这家了,0.0
第二次购买了，这个送给好朋友。,1.0
臭味大，还特别磨脚。,0.0
刚开始使用不知道效果怎么样，有待考察。写的发票一直没给开。。很郁闷&hellip;&hellip;,0.0
拿到手上先看了序，感觉就像是妹妹对姐姐的依赖，使我急切的继续翻下去，仔细看着里面的详细分解图和超级啰嗦，一切都那么简单易懂，并富有一种特殊的磁性吸引着我，全然不像以往的书籍，几乎这本书上的菜我都急于想尝试一个遍，于是，就这样开始了我的烹饪之旅…这本书不光只是本好教材，还是个充满故事、情感的自由空间…给无论是否会烹饪，但却充满热情的人作为很好的引导，幸福的开始一切并启程…,1.0
东东不是很好哦，不值这个价格,0.0
我真的好喜欢，再多点优惠就更好了。5,1.0
味道非常重，我晒了一天感觉味道小了一点，不建议买,0.0
帮同事买的。很满意。谢谢卖家送的小包包,1.0
垃圾垃圾不好用，没用，完全没用,0.0
不错，儿子喜欢。下次还会来。,0.0
鞋子样子跟图片一样，就是走路不稳，鞋跟晃的，穿了一段时间大拇指下面都掉色了。走路时间长了很累，不满意！,0.0
屏幕不错，只找到一个坏点。用新萝卜家园的XP盘装的系统。用起来不错。屏幕还够大，键盘也行。配了一根2G的内存加上原来的有3G了。速度还行。没有卡的感觉。,1.0
做工包装不好。垃圾，买了也没有带直接丢了,0.0
鞋子很好看，很合脚。非常喜欢森马，真是又便宜又好。,1.0
东东收到了，质量非常好，是纯棉的，颜色也正，女儿非常喜欢这款的；卖家发货快，物流也快，好评。下次还会光顾的。\n,1.0
挺好看的，女儿好喜欢,1.0
没看！只是听名气很大，就买来看看,1.0
价格合适挺好看，年前买的用到现在保温很不错10多小时,1.0
没有海报啊。。。。我高估了。。,0.0
衣服比较大，换了码数，服务态度一般，说好是发顺丰快递的，最后是发申通快递的，衣服买来送人的,0.0
这款耳机不行，我的手机是魅蓝metal，插在手机上接触不良,0.0
"挺不错的一本书.当我读到“大篷车马戏团”的动物演员们向小狮子奥里奥诉说它们在马戏团所受到的待遇时,女儿说：“我听得都要哭了。”我趁机告诉她，动物同人类一样，都是地球大家庭的一员，动物是我们的朋友，人类与动物要和平相处，保护动物可以保持地球上的生物多样性,保持地球上的生物多样性可以维持地球的生态平衡,这样人类才能生存得好.。",1.0
这次春节去金华玩在国贸住了一天，总体感觉是很不错的，宾馆的硬件和服务都很好。就是住宿停车要收费的，虽然收费不高，但是感觉别扭，这个好象是金华宾馆的通病。还有，早餐是88元的，好象是偏高了，并不值。,1.0
性价比很高~~~显卡是3430 不错~~~~~装一个萝卜花园的ghost版就全部驱动都有了~~~很方便~~~比HP的方便多了~~~,1.0
双层包装，衣服型和色彩都不错，穿上效果也不错，外衣再柔软一些就更有飘逸感了！总体感觉还是不错，好评！,1.0
房间不错，环境好，早餐不错，就是比较吵！,1.0
已经评过了，可是还要求我来评价，这是什么玩意啊？当当的一些功能特别的差劲！难道我买基本就得评价几次么？希望有人处理下这个功能，一点都不人性和智能！！！,1.0
入住的是260元的迷你标准间。感觉比想象的要好很多，房间如果住一个人很合适的，洗手间很大，很干净。房间里床上用品质量很不错，整洁如新。房间窗户为玻璃幕墙，无法打开换气。 这是距离大连火车站最近的酒店。前台服务态度很好，很热情，业务熟练。就是退房的时候，查房比较慢，人多的时候，要多等几分钟。 总体感觉还是可以的，交通极为便利。,1.0
大小挺合适，质量还可以。&hellip;&hellip;&hellip;。,1.0
不好不好不好不好不好,0.0
挺好的一双人字拖！喜欢,1.0
\n质量很好，颜色好看，做工精细，时尚，漂亮，，价格也不贵，老板更热情，赞，会介绍朋友还来买的。 ,1.0
这货太坑了发过来的东西都不是图上显示的那样，质量也要差好多，问了店主说是给我补发半个月过去了现在联都联系不上了,0.0
客服态度好，下次需要还会再来的,1.0
对商家太失望了 ，收到的衣服袖子居然脱了一大截线，这样的衣服也往外发,0.0
睡觉时候听，很不错！,1.0
价钱实惠，包装正规，商品也还可以，就是薄了一点，如果外面的水多了，也还是会渗一点水。总体来说还是不错的。,1.0
背包连个袋子都没有，很简陋，送的军v刀跟二手似的，质量很差~尤其是配送人员，我都怀疑是不是京东的，竟然让我下楼去拿货，京东不都是送货上门吗？经过交流最后还是给我送楼上了，很一般很一般 京东买东西从来没给过这么低的评分，第一次~！,0.0
很一般，不是很吻合,0.0
第一次玩，后面的卡带就碎了，还好客服发来两个,0.0
交通还酸方便。挺干净的。前台的服务态度也不错。,1.0
不怎么样，赠的睫毛膏干的,0.0
质量不行，还能还没穿，刚洗了一下就烂了，到处开线！,0.0
地理位置还可以，在西湖边上，附近有一些大排挡，饮食也比较方便。酒店服务很好，服务生和前台人员都很热情，房间大而整洁，价格性价比高，如果下次去西湖还会入住。,1.0
不知道是不是我身边的朋友对酒店都太挑还是真的是酒店环境只是那么好。本来预订几个晚上的，可是他们只住了一个晚上就换了地方。,0.0
"刚去的时候有点难找,不过服务真是很不错哦~~ 而且金碧辉煌的~~! 房间虽然不大不过我一个人住肯定够,很舒适 而且窗外是海景和轮船呢~~嘿嘿.. 酒店就在海鲜街上,走不远还有皇后大道~ 交通呢..其实在香港交通都会很方便拉~ 酒店门口就有有轨电车~可以到地铁站也可以直接到中环旺角什么的.. 出门不远有个锅贴大王东西又好吃又便宜~~推荐！ 下次有机会还会考虑住这儿.! 补充点评 2008年7月24日 ： 有空调!可以自己调温度！",1.0
3.5米的鞭子感觉像3米的鞭子接了一小段，接的不结实，甩几鞭就断开了。这是想多赚*元的节奏么？受欺骗的感觉。另外味道很重，拿出来看看地板就脏了，发货时上色未干？很失望。不过是锻炼身体的工具，凑活使用吧。,0.0
配置不低，还是独显，巧克力键盘，还送鼠标，才5000块，性价比非常高,1.0
轻小可人，容量大，速度快，外壳色泽光感都不错…… 对于准备求婚的哥哥是个不错的选择哦！,1.0
很少女的一款，装装嫩、很好看,1.0
就是网络速度超慢，而且经常掉线，前台服务不太专业。,1.0
第二次购买，是不是正品没发验证，但的确很好用。,1.0
"房间还是比较舒适的,酒店服务良好,大厅明亮整洁",1.0
总体来说还不错，交通服务都还行，酒店有点年纪了，看上去档次不像四星的，大堂很旧，呵呵，性价比还凑合吧。,1.0
好大，质量也一般。。。。,1.0
小说通过汉娜和米夏关系及命运的描写，来影射经历过战争的德国人和在战争后出生德国人的生活经历。书中的一句话“我爱汉娜的痛苦在一定程度上是我们这代人的命运，是德国人的命运”。更好的诠释了战后德国社会的矛盾心态、爱恨纠葛、人性道德与正义的缺失与回归及其中的无奈。,1.0
样式可以，水洗过后就变形了，不好，根本不值这个价。,0.0
不是太满意，一般般,0.0
穿着会一直往下滑。。。。,1.0
刚收到货就看到这样，一颗星都不想给，还好评返现，果断差评差评差差评,0.0
解答很详细，也指定了误区,1.0
"房间是新装修的,用的是浅色调,感觉很温馨,布局较合理,显的比较宽敞.酒店选用的布草很讲究,放在手里感觉到厚实,柔软.服务周到,特别是本人出差带的衣服较多,服务员可以考虑客人的实际需要,随时增加衣架.酒店的饭菜做的有特色,去过不同的楼层,都是满意而归.虽然酒店在细节上有过人之处,但如果在某些地方再改进一下,完全可以和当地的四,五星酒店媲美,如卫生间放置小挂钩可以挂",1.0
比一般丝袜舒服。不打滑,1.0
打开有股刺鼻的味道 不敢使用,0.0
给老婆的情人节礼物，反馈说效果挺好，是正品。,1.0
图文并茂，跟着书学,1.0
小孩戴上挺好看，还不错！,1.0
用两次，还可以，有效果,1.0
很实惠的酒店~~这次住的是经济房，没有独立的卫生间，但是房间很干净，没有提供一次性的洗濑用品，需要自带，很适合背包一族。位置也很好，离火车站很近，在二环内，在北京算是很便宜的酒店了~~~服务一般，不过主要是旅游，所以只要住的干净也没关系~~~总体还是不错的！,1.0
茶叶有点碎，不算是毛尖，味道很淡。。。,0.0
商品质量很差，有的掉漆，有的里面有黑点，根本不是什么高档骨瓷。态度恶劣，商品有虚假介绍。套餐里本来介绍是有锈钢筷子，发过来是质量很差的木筷子 ，叫商家换，商家 说套餐里应该是木筷子，介绍的图片忘改了，到今天介绍图片还没改过来嘛。摆明着是欺骗消费者，这样的商家做人都没法做，还做生意？？？？,0.0
发票没有，保温效果不理想。8小时大约只有2O度,0.0
天啦，你这个能去皮啊？,0.0
刚拿到就这样，质量也太差了,0.0
在临安还算是个不错的酒店，但是现在越来越差了。房间地毯非常脏；窗户隔音非常差，外面就是马路，只要有车就很吵；卫生间挂毛巾的地方都没有，除非台板下面；没有免费的饮用水；总台的服务很差，好像是你欠她的。不过也有好的方面：最近一次入住长话免费打，虽然我几乎不打；早餐不贵，而且很多健康食品。,0.0
声音太小了，，，，，,1.0
与描述不符 拿到手 标签破损 做工粗糙  劣质 所发商品非网页所描述商品 建议大家不要购买 买后很后悔！这次购物心情很差！  ,0.0
一直用紧这牌子。,1.0
不知道怎么回事，我的触摸板很不灵敏，与我以前用的笔记本比起来，感觉灵敏度差好远。而且键盘中间是翘起来的，有棚空的感觉。还有触摸板的左右键实在太硬了。每次用力总担心把笔记本压坏。,0.0
差评&hellip;最失望的一次购物，发货慢，快递员服务态度也不好&hellip;不能用问客服，客服还不给解决,0.0
正面刷子毛有点稀物不值价其它东西可想而知,0.0
酒店的服务员口音比较重，听不太懂总机（好象是总台）说的是什么，多问一句她还不耐烦，这是酒店吗？晕！！！,0.0
不错，以后煮卤牛肉就不用纱布包香料,1.0
好像不适合初学者....以后会有用的,1.0
裤子太大了，不知道能不能换,0.0
挺好看的，很喜欢，带着也舒服,1.0
"出差用了一次,不错,挺方便的",1.0
袋子很好，用得放心，有了他电脑就不用有手拿了,1.0
其他都好！除了帽头的魔术贴两个竟然都是同一面的不起作用，还有刚买回来就降价让人心情难以接受！,1.0
滑滑的料子，一摸就不是纯棉的，失望！,0.0
太小了  这个价格能买10个    是袖珍的,0.0
预定中午12点入住，中午11点半左右到，告知房间正在清理。心想，清理房间能用多少时间呀，于是耐心等待。哪知，12：30再次询问房间仍然没有清理好，急了催问到底几时可以入住，告知40分钟以后，差点晕倒。,0.0
太差了！！！建议大家千万不要去那里住，服务态度极差，房间极脏，全是虫子！,0.0
包装真的是不敢恭维，就用塑料袋装的，外面一看就知道是姨妈巾,0.0
瞬间觉得，不值。，，，，,0.0
中银大厦的前台服务态度非常好。及时帮我解决了预定问题。我很满意保定市区最好的饭店就是中银了，四星标准。到保定，就住中银大厦把，也没有其他选择了,1.0
很干 太硬 像过期的,0.0
5699返600还送很多东西，比神舟类似配置的还要便宜。用过很多笔记本电脑，这个是第一次自己买着用的，非常满意，外观也不错，还配有正版的vista。,1.0
不错不错不错不错不错不错不错不错不错不错不错不错不错不错不错不错不错不错不错不错不错不错不错不错不错不错不错不错不错不错不错不错不错不错,0.0
一本IT爱好者的经典杂志，有最新最前沿的报道和产品分析，超赞！！！,1.0
对不起六元这个价，随便在超市买个两块钱的开瓶器也好用,0.0
一点儿都不好吃，直接颠覆了我对牛肉的爱。?,0.0
。。分钱分货，一次性穿,0.0
这个不是曼妮芬的，骗人的。打开看到里头的内标示写的不对。京东也卖假货吗。,0.0
摄像头?清晰度不是很好~第一次买,0.0
外观不错，和网上的图片不同，但是很满意。屏幕很舒服。改XP也很容易。,1.0
还       行      吧,1.0
"<<色戒>>小说不咋的,以后不会再看~~这本书也就靠色戒作卖点,别的小说和文章都是张其他书里的~~没心意~~旧瓶装新酒~~",0.0
垃圾垃圾超级垃圾垃圾中的战斗机,0.0
摸着手感不错 物有所值,1.0
本来以为这是京东上的第二天就能够到，结果等了好几天，而且里面只有一个接水的杯子，真心有点水。,0.0
还行吧，试穿感觉还行就是有些贵,0.0
感觉还行，  价格挺便宜的， 就是不知道赖用不？,1.0
还行吧！衣服不值这个价钱（380）,0.0
垃圾物流，没见过这么慢的，给圆通打电话都没人接，货到北京四天才拿到，真心是垃圾，,0.0
发货速度太慢，客服也联系不到，我以为上当了，还好货发出去了，需要改进才行,0.0
颜色都给我发错了不是我要的颜色,0.0
不怎么样，还不如大集上卖的,0.0
面料还可以，还没下过水,1.0
很不错的东西很有个性我喜欢,1.0
动物生态学原理，考研必备，，不错，，,1.0
"入住宾馆很失望,环境比较差,房间像招待所,正个房间充满着一股下水道的味道.早晨起来,赶紧逃走.",0.0
"酒店的位置很好.住的L600豪华房,房间非常好,浴室很大,洗漱用品很有档次.服务也是一流的.性价比很高.礼宾部的boy服务很到位.",1.0
海尔（Haier） XQB60-M918 关爱 6公斤全自动洗衣机 瓷白,1.0
一般般，和想象中的一样，有点失望。,0.0
有线断了就发过来   还好不影响使用,0.0
上边的3M胶是假的，粘不牢，最后又买了装潢店的一卷3M胶，粘的效果立马不一样！而且内护板有点挂门锁，昨天发现后备箱门锁上的漆划掉了。倒时补张照片让大家看看！,0.0
面料一般，感觉不太满意的一次购物,1.0
太差了！还棉的那，碧池！,0.0
"1.春节入住,涨价30元,2进房时竟然还没打扫完,既然已经是预订的房间.总台就应该安排好,不要让客人看着服务员打扫.心里不舒服.3每到杭州总入住此酒店.有个建议,四楼的金玲珑餐厅要换换菜肴了.前年的菜谱用到了今年.希望有点变化.",1.0
媳妇儿很喜欢颜色很好看,1.0
很满意，质量很好，卖家服务也很到位,1.0
巨大的头   以前*买过才又买的  就是为了小方便  一样样的型号图片  发回来的全都不一样  这么大的头  也真是被欺骗的够够的,0.0
味道不好，果胶太多！,0.0
不值这个价，衣服质量差,0.0
我以前在此酒店住过，但现在大变样了，早点是自助的其中有西点、有中试，味道还可以，特别是那天我的手提电脑忘带了，200多元的房间还配有电脑确实很便宜，前台服务很好，热情、乐于助人！我下次到太仓还要住这家酒店。,1.0
包装不好，书背面发回来就破了，翻开书正面前几页就散了，不是很好，在京东上最失败的一次购物，以后再不来京东了，越做越差，附图如下：,0.0
这个价位这个配置已经很不容易了，做工不错，其实还是磨具不错。发热量控制的还好,1.0
很早就听说安意如，但是直到近段时间才开始看她的文字。说到书名，还是那句“陌上花开缓缓归”比较喜欢。我一直很难读得懂诗词、历史，读这本书，让我对这些倒了解了些许。对于诗词的理解，因不懂，所以无法说好坏，但是我喜欢部分安意如对于诗词的解读，喜欢她对人物、历史的理解。至于文笔方面，我想除了那些诗词，很一般，比我好点罢了，显不出一个饱读诗书的模样。,1.0
今天刚收到，刚拆开包装盒的手柄就掉了！我还怎么送人啊？太不负责任了。还有说好的三样赠品就只有两样，纯敷衍。。。,0.0
实货没有图片那么好看，车工太过粗糙，有点失望,0.0
携程工作人员按照我的要求，给我介绍了这家酒店，我抱着试试看的心情，去住了一次，总体感觉还是非常不错的。我是一个非常注重干净整洁的一个人，也很在意细节，所以，住酒店我一直都有点担心，迫于工作性质，必须经常在外出差。很多我之前住过的酒店都不太理想，但是这家酒店还真是对胃口了。房间非常明亮大气，非常干净，我从服务员口中得知，这家酒店已经开了2年多了，但是床单、被套、毛巾都是崭新的，床非常大，柔软，有家的感觉。晚上开好夜床，床头柜上还放有糖果，很细致的服务。房间给人的感觉非常放松，空气也非常清新。房间里上网免费，很方便。入住时还送了一张免费的咖啡券，虽然没去喝，但是还是很高兴，能享受到如此周到的服务。房间里面的电视频道非常多，好多国家的台都有。早上退房前，我给前台打了电话，说需要退房，两分钟后，礼宾部的男孩子就到我的房间了，我非常吃惊。跟这位员工聊了几句，他是接到前台通知来帮我拿行李的。他说，只要他们不忙，会在第一时间赶到需要帮助的房间，帮助客人，听得我很感动。原来他们以为我打电话到前台是要寻求帮助的，想得太周到了。在办离店手续的时候，他们已经自动帮我叫好了出租车，可能在之前的谈话中，礼宾部的员工已经知道我要去机场了，太人性化了！我到机场也只花了18元钱，离机场真的很近，很方便的。不会耽误航班。这个酒店很符合我的要求，服务很人性化，我以后每次来上海，都要住这个酒店。,1.0
打开后有些味，希望这味快些散去。宝宝挺喜欢的,1.0
11寸比8.9寸的屏幕看着好多了。 体积不是很大，重量稍重，还算方便携带。 改装系统不是特别麻烦，就是硬盘格式化和重新分区浪费了不少时间。 续航能力很强，连续用7个小时都没有问题。 属于上网本主流配置的中高档水平了。 价格比较实惠。,1.0
到货速度非常快  正版 包装很完美,1.0
没有想象中的那么好用，有点,0.0
比较重，和我原来的S6130差不多重吧，屏幕很厚，液晶屏外面加了一块玻璃，手写用的，左手手托这里发热明显,0.0
一般吧 懒得换了,0.0
"天鹅湖是柴可夫斯基的三大舞剧中的第一剧。该作品展现了一个新的层面，深度和复杂程度的音乐世界，以表现纯粹艺术形式。今天的天鹅湖如此知名，而且非常受欢迎,人们却无法理解作曲家在经历了年初的艰辛的表演。观众感受到天鹅湖持续不断的震撼力。今天，这个优雅的，令人兴奋的演出，揭示了天鹅湖所有的荣耀。\n这张双CD唱片收录小泽征尔指挥波士顿交响乐团演奏的柴科夫斯基四幕芭蕾舞剧「天鹅湖」全曲。\n柴科夫斯基三大芭蕾音乐之首「天鹅湖」，原本就洋溢着凄美的浪漫，尤其是脍炙人口的主旋律，更是令人动容。这份由小泽征尔指挥波士顿交响乐团的演出在Amazon评价五星，在录音上更优秀，音乐的处理上也更为华丽。还曾被企鹅评鉴特别提到，说它「有着惊人洗练的乐团演出，且充满深浸其中的细腻，有许多地方让人印象深刻，乐团中的木管和小提琴独奏尤其让人喜爱」。",1.0
很好的东西，比去修理便宜多了,1.0
质量很好。美观大方，戴着很舒适，很喜欢,1.0
第一次发货颜色还发错了，收到了仔细看了一下原来是仿货。,0.0
不好，掉色严重，千万不要买,0.0
发货用申通快递但是京东页面没有提供申通快递单号，只显示京东订单编号，没有快递单号也无法查询商品的地址，但是买到手的商品和京东页面上的商品完全不一样，?????,0.0
还好，就是不能试穿，不知道大小,0.0
款式很漂亮 尺码很正 做工非常好 性价比很高  穿着很舒服 比外面便宜很多,1.0
实物与图相同，就是鞋面上有胶水！,0.0
颜色试样还不错，说是加厚不谨不厚比一般还薄，只能当秋外套穿。贵。,1.0
一般，有点贵，不咋好,0.0
不错，包包很漂亮，质量很好。,1.0
好吃，价格便宜，赞赞。,1.0
下单10天才到货，衣服肥大，穿一次衣服起毛球，严重上当了，不值这个价钱！只值200元,0.0
亲爱的安德烈，母子之间的对话，话题是广泛的也是开放的，让正处于和安德烈差不多年龄的我，在母亲龙应台的信件中收获了许多，也知晓了我成长中的一些难题。我想父母的人生经历总要比我们丰富，可我们之间的交流越来越少了，我们自己作父母的时候也许就能体会到其中的苦了。我也喜欢安德烈这个小伙子。龙女士说，父母和我们的缘分就是看着我们一次次的离开，我们在长大的同时，也开始习惯于父母的老去......,1.0
"这样的硬件,这样的价钱,在香港是绝对超值的.保持了喜达屋的一贯高水准.如果去中环的班车免费就更完美了.",1.0
公司用的，效果还好，价格稍贵，,1.0
平时没事看看，了解历史上的故事,1.0
果实过干，口感不好,0.0
过年期间送给亲戚家的，都说东西很好，煮粥很香的，超值！ ,1.0
"房间的墙壁与房顶因曾经严重漏水而发霉,起泡,脱落.位置不太好,门口就是消防队和南北高架路,非常吵.进住时,与其它的连锁酒店一样,全力向客人推荐成为酒店的会员,其会员价与公司协议价都明显低于携程价.结账时,速度慢,比我晚到前台的都一个个的走了,平均只需3分钟,我交了房卡后,等了足足10分钟才算结束.酒店不主动出具发票,要问服务员要,他才会开,而且开到一半,居然停下来和别的服务员对前面的几个客户的账单进行对账,又被拖了些时间.结合在全国其它城市入住的莫泰酒店的情况,对这一连锁酒店比较失望.",0.0
宝贝小巧可爱，完全没有之前上买家的那些问题，无划痕、无掉漆！,1.0
在南山区办事的话住这里还算方便，门口往哪个方向的车都有，就是稍微有点吵啊,1.0
产品质量一般般，客服态度很差，在京东是保护动物是吧！严重鄙视，动不动就叫我退货！一颗星是给快递员的，辛苦了！,0.0
正品，好东西，屏幕正合适，给五星好评。,1.0
皮带变裤子 真心郁闷了,0.0
镜片上都是灰，镜架左右不平，凑合用吧,0.0
9月10号下的单，今天才收到，以后再也不买了，物流超慢,0.0
宝贝很合适，穿上感觉非常飘逸，还不显胖。非常喜欢，,1.0
"质量是可以的,非常的小巧.",1.0
小状元达标卷，女儿数学有所提高。,1.0
天冷学生用好用,1.0
设备散热处理的不太好 5月的天气 开机放一段时间CPU 58度 GPU60度 夏天最好借助散热底座来工作,0.0
不怎么样不光滑、还有点掉漆了、,0.0
很好很好很好很好很好很好几句话很好很好很好,1.0
，玩两次都不玩了,0.0
送货五天。。放进耳朵里不能用劲塞 塞进去就不响了 只能轻轻放在耳朵上才响， 不想多说什么了,0.0
东西不错，使者很方便，头有点儿卡涩，需要用手搬,1.0
住了一个晚上的大床房，总体感觉不好不坏。房间是超级大，还有吧台，不过对我来说没什么用处，装修感觉不够轻松。刚进房间放下包就有小姐打电话来问需不需要按摩服务，让人怀疑是不是酒店有什么猫腻。卫生间洗澡水超大，但是洗浴用品比较少，不过有一大堆乱七八糟的东西像什么安全套，一次性内裤，子等等要收费。地理位置倒还不错，交通还算方面。还有一点，早餐比较一般，而且位置太少了，等个位置吃早饭等了好久。补充点评2008年7月13日：忘记说了，房间内打长途竟然还要钱，而且宽带上网巨慢。,1.0
很一般&hellip;&hellip;&hellip;续航不行！格式单一&hellip;&hellip;&hellip;想退货了都,0.0
可能是周总理住过 房间比较朴素 陈设与服务简单 不过早餐丰盛,0.0
很透气，非常不错。就是有点小贵,1.0
第一次下别的，结果等了一个礼拜还是没货，换了这个，又等了一个礼拜，给别人买，等得急啊,1.0
图片看起来很大 收到就没有那么大了 主要不好盖上 感觉总是没有盖紧 我觉得厂家是拿次品给我 由于更换麻烦 所以算了 下次不买这家就是了,0.0
走廊里的地毯很污浊，房间内的设施很一般，而且早晨七点钟以后才有热水。大床房应该包括两个人的早餐，可是服务员却告诉我们只能有一个人的，害得我早饭只吃了一半，还要和他们理论，虽然最后改成了两份早餐，但这样的遭遇真的让人很郁闷。象是政府的招待所。。。,0.0
一星都不想给  在京东买的最差的一次 什么玩意，全挤坏了  直接扔掉,0.0
旧书，已经申请换货旧书，已经申请换货旧书，已经申请换货旧书，已经申请换货,0.0
总的来说很失望，东西没包邮到家，只到县城，自己出了10元邮费，枕头不满意，质量一般,0.0
酒店位置不错，房间也比较干净。酒店服务员的办理速度还比较快，而且态度不错，主动告诉我们到各旅游点的公交线路。早餐一般，但是老公说还可以。在这里吃了一顿晚饭，也是一般。不过这里到洛阳的各个大景点的公交非常方便，就在酒店门口，出门就是。不错,1.0
太薄了，不够暖和,0.0
不怎么好看，有点贵了不值这个钱,0.0
收到了，没有发票，而且还卡，也就呐破样，不咋的，而且是个裸机什么都没送，最失败的一次网购,0.0
一点小遗憾，笔记本bios设置里面硬盘出场设置不能直接安装xp，需要改一下，我想许多入门玩家会着急一下下。。。,0.0
右手掌托附近确实比较热。还有显示的颜色觉得有些怪，调了一下也没调好。特别鲜艳，但是不太自然。,0.0
地方撒啊啊啊啊啊啊啊啊啊啊啊啊啊啊啊啊啊啊啊啊啊啊啊啊啊啊啊啊啊啊啊啊啊啊啊啊啊啊啊啊啊啊啊啊啊啊啊啊啊啊啊啊啊啊啊啊啊啊啊啊,0.0
快递的速度好慢啊！说什么3-4天，第五天才到！不仅速度慢，连个包装都那么差，一个袋子还破了个洞！原本还想一个小礼物应该可以安慰下，一看，我去，那是什么鬼？抹布么？除了被子的样子稍微好点之外，暂时还真说不出哪里好了！,0.0
还不错，公司用的,1.0
不知道怎么样，没有买这样的,0.0
衣服料子很有质感，很喜欢，,1.0
"我和朋友入住的是三居标准家庭套房,黄金周入住740元,我认为很值得,现在平时只要400多,我推荐大家如果人多可入住这家酒店的三居家庭房!!.",1.0
是赠品，受不了那个味道，直接扔了,0.0
孩子比较喜欢，适使他看。,1.0
"\n    喜欢,会一直在京东购书 我在网上买的几本书送到了。取书的时候，忽然想起一家小书店，就在我们大院对面的街上，以前我常去，书店的名字毫无记忆，但店里的女老板我很熟，每次需要什么书都先给她打电话说好，晚上散步再去取。我们像朋友一样聊天，她还时常替读者找我签名。可是，自从学会从网上购书后，我再也没去过她那里了，今天忽然想起她，晚上散步到她那里，她要我教她在网上买书，这就是帮她在京东上买了这本书。好了，废话不说。好了，我现在来说说这本书的观感吧，坐得冷板凳，耐得清寂夜，是为学之根本；独处不寂寞，游走自在乐，是为人之良质。潜心学问，风姿初显。喜爱独处，以窥视内心，反观自我；砥砺思想，磨砺意志。学与诗，文与思；青春之神思飞扬与学问之静寂孤独本是一种应该的、美好的平衡。在中国传统文人那里，诗人性情，学者本分，一脉相承久矣。现在讲究&ldquo;术业有专攻&rdquo;，分界逐渐明确，诗与学渐离渐远。此脉悬若一线，惜乎。我青年游历治学，晚年回首成书，记忆清新如初，景物历历如昨。挥发诗人情怀，摹写学者本分，意足矣，足已矣。宝贝非常不错，和图片上描述的完全吻合，丝毫不差，无论色泽还是哪些方面，都十分让我觉得应该称赞较好，完美！ 书是正品，很不错！速度也快，绝对的好评，下次还来京东，因为看到一句话 女人可以不买漂亮衣服不买奢侈的化妆品但不能不看书，买了几本书都很好 值得看。据悉，京东已经建立华北、华东、华南、西南、华中、东北六大物流中心，同时在全国超过360座城市建立核心城市配送站。是中国最大的综合网络零售商，是中国电子商务领域最受消费者欢迎和最具有影响力的电子商务网站之一，在线销售家电、数码通讯、电脑、家居百货、服装服饰、母婴、图书、食品、在线旅游等12大类数万个品牌百万种优质商品。选择京东。好了，现在给大家介绍两本好书：《电影学院037?电影语言的语法:电影剪辑的奥秘》编辑推荐：全球畅销三十余年并被翻译成数十种语言，被公认为讨论导演、摄影、剪辑等电影影像画面组织技巧方面最详密、实用的经典之作。|从实践出发阐明摄影机位、场面调度、剪辑等电影语言，为&ldquo;用画面讲故事&rdquo;奠定基础；百科全书式的工作手册，囊括拍摄中的所有基本设计方案，如对话场面、人物运动，使初学者能够迅速掌握专业方法；近500幅机位图、故事板贯穿全书，帮助读者一目了然地理解电影语言；对大量经典影片的典型段落进行多角度分析，如《西北偏北》、《放大》、《广岛之恋》、《桂河大桥》，深入揭示其中激动人心的奥秘；《致青年电影人的信:电影圈新人的入行锦囊》是中国老一辈电影教育工作者精心挑选的教材，在翻译、审订中投入了巨大的心力，译笔简明、准确、流畅，惠及无数电影人。二、你是否也有错过的挚爱？有些人，没有在一起，也好。如何遇见不要紧，要紧的是，如何告别。《莫失莫忘》并不简单是一本爱情小说，作者将众多社会事件作为故事的时代背景，俨然一部加长版的《倾城之恋》。&ldquo;莫失莫忘&rdquo;是贾宝玉那块通灵宝玉上刻的字，代表着一段看似完美实则无终的金玉良缘。叹人间美中不足今方信，纵然是举案齐眉，到底意难平。&ldquo;相爱时不离不弃，分开后莫失莫忘&rdquo;，这句话是秋微对感情的信仰，也是她对善缘的执念。才女作家秋微近几年最费心力写的一本小说，写作过程中由于太过投入，以至揪心痛楚到无法继续，直至完成最后一个字，大哭一场，才得以抽离出这份情感，也算是对自己前一段写作生涯的完美告别。",1.0
客服态度差，物流那就更差了，货只送到大们口，且不让开箱验货，验货还要收费。你想退货那就难了，还不知道售后怎么样了？这是在京东商城购物最失败的一次。大家以后千万不要再买这垃圾产品了,0.0
不到2周时间，穿了2次就开胶~  什么垃圾产品网购就是这种质量~退货中。。。。,0.0
为什么不预装xp？硬盘初始分区只有一个，此产品的工程师自己不用电脑？,0.0
酒店有些老，设施一般，早餐一般。位置位于火车站附近，但是周边环境有些乱。,1.0
好好老婆喜欢就是最好的 　\n,1.0
专心的用一辈子的时间，只爱一个人。这就是爱情中的极致了吧，于是《痴相公》把这样的唯美爱情，一一铺就，浓墨重彩。珍儿与之心，从最初的爱上，到经历了坎坷，抵制了诱惑，始终如一，只深爱对方。爱情中的把持与坚韧，真的太让人感动。哪怕，之心是痴的，那又怎样，他知道如何爱一个人，并且深信不疑，自己的爱可以一心人，共白首。前世的姻缘，现世的婵娟。,1.0
还可以，离汽车站也很近。离轮渡也很近，也比较干净。起先我预定了厦门元利酒店，结果上网还有时间限制就取消了，预定银河商务酒店，靠，服务垃圾极点，房间象招待所，比起恰年两家，着家才算是个酒店，不错，强烈推荐,1.0
一本小小册子，里面的内容随便在网上都搜到，出版有点坑人。,0.0
衣服穿上还行，尺码偏小，赠品没有。,0.0
位置还比较好找，交通、娱乐、购物都比较方便，服务一般化，进门都没人理，房间太小了，隔音很差，早餐品种太少又不好吃，弄脏了一块小毛巾又不是洗不掉就让我陪10块钱，房费已经预付了，结帐时只需要退我押金就好了，结果等了将近半个小时，前台就一个人，对这个酒店很失望！,0.0
大小合适，也是我想要的款式，就是颜色有点深了,0.0
"我在网站上预定的是一间大床房,到CHECKIN的时候变成了双人房,虽然后来给我调换了.酒店地理位置不错,门口时高速和轻轨.但酒店的房间整理装修时非常的差,非常的陈旧,完全对不住这个房价!!!!!以后也不会住这个酒店了!",0.0
还不错！ 还不错！ 还不错！ 还不错！ 还不错！ 还不错！ 还不错！ 还不错！ 还不错！ 还不错！ 还不错！ 还不错！ 还不错！,1.0
书不错的，物流也很快。,1.0
做工不错，价格划算，鞋垫有瑕疵，毕竟很便宜，可以入手,1.0
外观漂亮，性能优秀，观看可流畅运行高清视频和当前主流游戏。在同尺寸机型中重量和发热都控制的比较好。,1.0
包包质量不错，很喜欢，手感很好。,1.0
"收到好几天了,侄子很喜欢!太忙了没时间来评价!",1.0
不怎么好，装进去有点松动,0.0
很好的一本书，对小孩学习不足之处有很大的帮助,1.0
面不错，很好吃 ，辣，服务态度好,1.0
颜色挺自然的 用着也挺滋润的 下回还会光顾的,1.0
质量还不错，款式也美观,0.0
发货快，配送有点慢，查询注意到在家门口近30小时才收到。认证和标识全，钢架结实。但伞把和坐套味道大，希望散两天无味。螺实精美但容易磕碰宝宝。网络背座结实否有点担心。希望能有备品更换。,1.0
不错，一直在用，还是一如既往。,1.0
产品为假货，奉劝给位千万不要上当。一、看图片做工，近300块的东西，做工如此低略。二、只有三个按键，没有按摩等功能，激光红外看不出有什么效果。三、梳子和充电器重量非常轻。四、没有说明书。请各位谨慎下单。在此向京东发表一下个人意见，对这样的产品和商家不经过审核，实在有欺骗消费者的嫌疑，严重降低了用户对京东的忠诚度。,0.0
价位不低！不过质量不错！,1.0
不好！质量差的要命！快递慢的要死！,0.0
没想到一个按键的设计还很好用，手机很不错，系统也可以，跟miui比各有千秋，总体没有小米系统好用，目前用起来还没碰到传说中的那么多bug，升级5.0以后感觉系统更像小米了。。。。,1.0
看到了第六章，感觉内容确实如书中所说，其实很多的人际日常交往技巧真的是没有什么神秘之处，都是在日常生活中需要注意的一些小的细节而已。但就是这些小的细节，却能够起到很大的作用。内容值得一看！但是我感觉只需要看内容和每章开头英文的章节名称就可以，而不要去看中文的章节名称。中文的章节名称不仅翻译有很大问题（哪怕我们从意译而不是直译的角度去考量）而且和章节内容本身基本毫不相关。,1.0
连包装都没有，是不是返修货不知道，擦去，连个说明书都没有，打售后电话，接起来就挂，听都不听，这就是你们所谓精品，去你大爷的！,0.0
忘了在什么网页上看到其中的一段，着了魔似的拼命搜索，终于下载了电子版的书，在电脑上一下午就看了一半，不解渴啊，我想应该在我床头放上一本呢，于是来当当网，收到书的一刻，心中涌上一阵阵喜悦，舍不得看完，每天一点点，还是很快就看完了，然后又继续订，送朋友，与她们分享这种感动。对待女儿的态度也有明显的变化，耐心好象又回到我身上。。。诚挚向您推荐这本经典。,1.0
宝贝不错的，速度也很快,1.0
头回见到下单之后九天才看见东西的，而且拍了两包就发了一包，联系客服才给补发了一包，说到这客服我也是醉了，联系十次能有一次搭理我就不错了，这是网购最闹心的一次了,0.0
不好不好千万别买！！！！？,0.0
刚从东莞回来，我觉得那里虽然有点偏，旁边不是很繁华，但是总体来说酒店还是可以的，房间很大，床也很大，酒店的海鲜虽然有点贵但是味道很不错。,1.0
没用一个月坏了换了一个，也没用两个月又坏，一直自动开关机,0.0
太小了。。。小孩不好拿,0.0
就是顺便瞅瞅，赚点豆子，商品一般吧,1.0
好看不怎么好吃，，，,0.0
不好，做工粗糙，不值，真的不值,0.0
大方得体才是正道，身材好，穿什么都好看,0.0
"交通方便,环境优美,很幽静,空气也很清新补充点评2008年5月4日：价格合算",1.0
快递不怎么负责。。。连个电话都没打的,0.0
就这垃圾快递就不满意，找客服都没人理，质量也差，退货更是直接帮我取消,0.0
客服都是死人，半天不说话，快递严重超时，给爷退损失费！,0.0
手感还不错，亮度还可以吧,1.0
鞋子和描述一致，大小合适，穿起有些硬，总体感觉不错,1.0
包装不好，书都被折的开胶了。,0.0
垃圾的产品，跟客服说，她居然装呆，她眼睛瞎了，看不出来？这么明显的问题，她居然说没问题！无良商家,0.0
东西太过粗糙，做的越来越假了，上面的陶瓷过滤器不知道能否起作用，没有紧固套接能有效的过滤水吗？物件的套接出紧密度让人担！......为什么中国产品总是比不过外国的东西，国人为什么总是去抢购外国的东西。我想这不是中国人不比外国人聪明！是中国商人的利欲心太强，职业道德还跟不上，东西只是做的出来，能赚得到钱，至于如何把这东西做好，做精，还不够！,0.0
东西买完卖家就死掉了 怎么问都不回话,0.0
套装书，非常喜欢。。。,1.0
发货速度慢，贴膜边缘白边，膜尺寸和手机不符，看上去很怪异！,0.0
真的很丑啊，很丑啊很丑啊,0.0
物流不给力，非常失望,0.0
适合幼儿看，画面大，字少。而且画风很适合小朋友。,1.0
"我4月23日晚入住的该酒店,前台小姐先给了我一个两幢楼之间的一个房间,很是不满意,去前台给换了一个,还可以.觉得酒店是不应该先把不好的房间先给客人的!! 我是从前山坐索道上山开始游览的,带孩子和母亲,走到该酒店的位置也确实该休息了.排云亭的位置很近,风景我觉得也是最美的!也去西海大峡谷走了一段,确实美.觉得从前山上\后山下的话,住该酒店的位置刚好是一半的位置.早晨去丹霞峰看日出,要爬一个锁着的铁门,有些扫兴.看日出到现在也总觉得太阳是从西边出来的!哈哈!黄山确实不错!! 补充点评 2008年5月12日 ： 我喜欢旅游.我的QQ:410073425",1.0
漏水 用不成 害的人登山包全湿了,0.0
报着试买一罐的想法，收到货后发现跟以前买的并没异常。应该是正品。,1.0
烂东西，质量差到了极点，用不到几天就坏了，还找人修了几次都没修好，声音又大，又耗电，不值得购买。第一次给差评，实在太气人了建议大家不要购买，很不负责任的商家，还有那些所谓的客服态度差极了,0.0
发货速度非常快，花也很好看,1.0
质量非常好，与卖家描述完全一致。非常满意卖家的服务，太棒了，考虑非常周到，完全超出期望值。卖家发货速度非常快，包装非常仔细严实。物流公司服务态度很好，运送速度很快。 ,1.0
质量一般，五金件太差拉链半天拉不开还差点把手弄伤，,0.0
也就那样，和网上感觉不一样,0.0
条件一般，就是地理位置不错，离市中心比较近，出行还比较方便。,0.0
做工太差，拉链都不能拉到底，皮质像是雨布一样，差劲,0.0
买的是百草园的，寄来的却是柳叶的，难道是冒充的吗？之前一直都很信任京东，现在却让人很心寒&hellip;&hellip;,0.0
超级差恨死了再也不买了,0.0
炒菜时放在锅边，拿起来一看，彩色部分化了，还沾在了锅边上，黑色部分遇到高温就软，炒菜特别不好用，一点也不耐高温的，还那么贵，真不知道那么多好评是怎么来的,0.0
不怎么样，效果不怎么好??,0.0
不错不错不错，比实体店便宜，主要是方便。,1.0
给儿子买的圣诞礼物，超级喜欢珀利。,1.0
感觉不适合A9，贴上之后看到：左、下、右各缺少2mm，上面更是欠了3mm！ 一点不防指纹！,0.0
价格比室友的贵*，还要邮费，最主要的是，拆开包装一层灰，室友的都带挂钩的，我买的连挂钩都没有！本来想退货的，觉得太烦了。总之，东西贵还很一般，不满意！2星,0.0
"房间有些旧了.而且我住的房间进去后居然没有打扫出来.前台和服务员协同不好. 补充点评 2007年12月9日 ： 这家酒店的服务大不如从前,设施也旧了,以后不住了.",1.0
不像正品，码跟中国码不一样，大一个号，嗨不给换,0.0
刚买回来，拿到手上还可以,0.0
 裤子 质量不错很喜欢 ,1.0
孩子非常喜欢，晚上必读,1.0
我也是醉了，穿了一天，就从宿舍到办公室一点距离，把脚磨破了，晚上鞋头的装饰就掉了，京东不管，品牌店也不管,0.0
该赠品好像没有啊。,0.0
太透了，没发穿,0.0
质量很好，安装简单，功能齐全，水量大，恒温不错，使用方便，加热快，静音工作,1.0
简直闪瞎了我的眼，妈妈很喜欢，戴起来也好有气质好好看，不错。,1.0
位置有点篇，有一些民族风情！如果有机会可以去尝试一下,1.0
这个酒店唯一的优点就是位置好，离徐家汇地铁站很近，逛街也方便。房间隔音相当差，床垫也很硬，早餐基本没啥可吃的，服务员态度也很一般。上网另外收费，44一天，0.44一分钟，网速还可以，但是老掉线。前台服务员的态度一般，餐厅服务员更差，基本就是站在那一起聊大天。以后宁愿住远点，可能也不会选择这家酒店了。,0.0
很适合小孩看的书，很好。,1.0
质量特别好，软软的抱起来特别舒服，也不会掉毛，做工很好，长的也很可爱，非满意\n,1.0
大师希区柯克很有影响力的作品,1.0
这机器有问题吧？只吸不放，放压的坏的，有谁有客服电话？麻烦告诉下，,0.0
质量太差不到半个月就毁了,0.0
宝贝收到，物流快，包装很好，支架质量很好，价格合适，很不错，满意,1.0
内容还行 印刷质量不好 好多页面褶皱,1.0
质量很好，穿着舒服，下次继续关注,1.0
"价格不错,位置不是特别容易找,不过宾馆前台提供的信息很准确,开车很快就找到了.单人间确实只能住一个人,不过条件还不错,建议一个人出差可以去住.",1.0
服务很不好，第一天到前台登记入住时，因为对预授权的签字有质疑，前台接待竟然对我说，如果你不愿意签字，请让其他人帮你付钱（这个回答简直让人无语）！ 第二天结帐时，用了另外一张信用卡结帐，之前用于押金的卡的预授权不能解冻，告知需要10到15天才可以，和前台理论，要见值班经理，通知要15天到1个月才可以解冻，着急办事，先走了。后来打电话询问被告知要45天。心中觉得诧异打电话至银行，得知酒店方如果不做任何处理，自然解冻至少45天。如果要提前解冻，要酒店发传真给银行。 对他们的解释及其处理的行为是在感到很气愤，这样的酒店还能上4星，服务太差了，不管是软件的还是硬件的，硬件的提高可以花钱，人员素质的提高是花钱也买不来。,0.0
裤子还可以，这一颗星是给快递工作人员的，服务态度太差！,0.0
这是电解棒电解出来的，黑色那杯是用金利源净水器净化过的水，其他两杯是用别的净水器净化的，不怕死的就买就是,0.0
香，美，好吃。给力      ,1.0
这个酒店很奇怪。要说呢也是很用心，细节都做得很不错，包括毛巾叠成各种小动物的形状，马桶里洒了玫瑰的花瓣。但服务就真的是很糟糕。酒店的环境也不好。看房间里的酒店介绍呢，说是凭房卡可以打八折玩海洋世界的各种项目，居然从订房到退房都没有一个工作人员告诉我们这件事。最离谱的是，居然在大厅看到一只老鼠！这个酒店很糟糕补充点评2008年1月25日：忘了说一点，前台的服务态度糟糕之外居然还很不专业。退房后回到酒店租酒店的车子到机场（车费100，倒是方便）时竟然问我要房卡，我很明确的告诉他们房卡已经还给他们并确认交还后，一个负责退房男士的和一个办理入住的小姐开始相互抱怨。。。。坐一边的我除了惊诧还是惊诧。。。。汗！等到上车并开出一段以后，司机也有趣，问我钱是不是已经付了，（他们让我已经付钱给前台，并有人出来签收后安排车子）然后还打电话回酒店确认我是不是已经付钱了。。。。瀑布汗！,0.0
还行，价格小贵。。。,1.0
不错啊不错啊，质量好啊！！！！,0.0
一直网购，用着不错。推荐。,1.0
扮演刘兰芝的演员不仅老而且臃肿，声音不妙，画面也不清楚。,0.0
衣服太大了，有色差，一般吧,1.0
什么玩意，明明要的是灰的，发个黑的！厌恶你们的虚伪！,0.0
多次住此酒店，唯一这次是大地震后，感觉确实受到了地震影响。首先是房间内墙壁留下了裂缝，其次是电梯也有一部损坏。酒店的裙楼更像危楼。交通较方便，离火车站和汽车站很近，但是周围没有什么地方吃饭和购物。服务尚可。,1.0
质量确实很一般，*多，不是很贵，也不便宜，希望把质量做好,0.0
一般了，不过也只值这个价！但是谢谢商家送我一双婴儿袜子,0.0
邮递速度太慢太慢太慢,0.0
酒店有点老了。不过位置很不错。去那里都比较方便。。。,1.0
"估计是中外文化的差异吧,反正没感觉有什么特别好的,而且动物造型也不可爱,离卡米拉系列差远了! 大家慎重考虑吧.",0.0
不实用，物流也慢，还没有京东快。,0.0
充电器一点不好，用了一段时间不能用了,0.0
一般般，无所谓,0.0
酒店位置在交通十字路口，服务员一问三不知！该酒店原名叫什么华夏酒店，估计为了吸引顾客，起了个洋名成了“雷梦得。。。。。”，不必住此店了！,0.0
太瘦身 尺码不是很准 质量一般,0.0
刚好放个充电器，看着不错。,1.0
"我怀孕生儿子时看的就是这本书,现在儿子已经14岁了特别健康,朋友的女儿结婚,我买了送给她做礼物,希望她也生个健健康康的宝贝.是日本专家写的孕期指导,特别体贴有实际操作价值.每个月妈妈的身体变化,注意事项,宝贝在肚里的变化和注意事项,大小都提醒.特别是:告诉所有的家人同事朋友,让他们照顾你,做个幸福的懒妈妈等等这样的话真的好体贴.",1.0
觉得不适合，绘本本身也不精致,0.0
很好使用的一款泳镜  ,1.0
衣服不行  比实际小了点    而且送来的衣服右边口袋是坏的    不值这个价格,0.0
"我是第三次入住了,但是给这家宾馆留言还是第一次,,这次入住我的一位朋友喝醉了,走到大厅我朋友就""现场直播""了~~~~~呵呵,他们有几位服务员都主动来帮我,有一位服务员还帮我把我朋友背到了房间,过后他们值班经理还打电话到我房间询问我朋友的情况,这里的服务真的挺让我感动的,我下次还会入住这家宾馆.",1.0
质量没什么问题，发射功率似乎小些，照相机反应较差,1.0
1.交通方便，靠近地铁站；2.安静、干净、舒适；3.价格偏贵（房价、餐饮、上网）。,1.0
地点很方便，房间很舒服，服务也很好，就是价格不便宜啊！,1.0
差评 插的无线器用着用着自己冒烟了！！！并没插很长的时间！还好家里有人看见了！！不合格的东西 ！而且液体别的机器也能用，插雷达上也能用,0.0
鼠标很差，差。。。。。,0.0
图片看着还行，实物太小，质感一般！还算对得起这个价格吧！懒得退了，用着吧！,0.0
车子本身质量不错，就是快递送货太慢了,1.0
服务很好。24小时供餐。我们晚上10点到酒店，专门为我们提供晚餐，很是感动，且价格也比较实惠。唯一感到不足的是，1号楼与2号楼的入住手续是分别办的，我们先开车找到酒店大堂，被告知这是2号楼，要到1号楼办手续。但携程订房时并未告知是几号楼。,1.0
外观漂亮 好好，用。。。,1.0
买了两个，都是6倍放大，但收到是俩4倍的，老人用倍数不够。联系商家，商家说没货，有别款6倍的但是价格要贵，收到的货品可以退货，运费买家先垫付，之后返回。没货应早说明，没时间和商家折腾，任性不退给小孩玩了,0.0
声音跟手机似的，连蓝牙太小声了！音质不好,0.0
跟在店里买的一样味道 超喜欢这个味道,1.0
刮得干净，但是响,0.0
1、脚垫处有明显凹陷   2、金属板放上去不能固定住   3、邮政快递太烂了,0.0
质量还算可以，字没给我刻上，不满意,0.0
眼镜挺好的！5分      ,1.0
外表很靓，体积小巧，用来工作上网足够了。 性价比很高 我女朋友看了也很喜欢，他想买樱红色带小花的1000H，希望京东可以提供该机型。,1.0
感觉夏天可以用用！北京这天气20公里这样的路程还可以！不过要是路程远的话还是很冷！冷得手麻,0.0
质量不错，穿着很休闲～森宿的包装也很好,1.0
初学者 看看非常好 快速入门,1.0
东西还没拆。不知道咋样。,1.0
放房车上正好。。。。,1.0
骗子谁买谁上当一点不香小的很,0.0
衣服大小刚好，卖家发货很快，穿在身上很暖和,1.0
没有收到货&hellip;&hellip;也没有短信告诉我。唉，不找了，费劲。其实连一星我都不想给！,0.0
垃圾东西，质量问题退货！说是等检测员检测结果，才退运费。催了半个月，还一直拖着还在等检测结果，说结果出来了会电话联系，一直没打电话过来，京东怎么会有这么大的骗子。为了一个运费，就这么恶心！！！  骗子！骗子！骗子！,0.0
没有图上的那么好看，有些地方看起来很粗糙。,1.0
镜面很差，一不小心有划伤。也不知道联想天天看着，为什么不改。 另外，开机光驱响声大，好像这个系列都有类似问题，凑合了。 保修期只有1年，有点担心。,0.0
机器配置不均衡，CPU很高，硬盘小了点，没有摄像头，没有蓝牙，这两个应该是属于商务该有的配置，什么附件都没有送，竟然连安装和驱动一类的光盘都没有，我倒，太小气了！硬盘小就小点吧，但也应配个7200转的,0.0
真算不上四星级酒店！不过在什邡没有什么象样的酒店了，没得选择！郁闷！,0.0
非京东自营，速度慢的可以，买完发现比超市还贵，失败的一次购物，什么满减都是噱头，也不合算,0.0
打车到客运站需要12元（加1元燃油费），要的是经济间，所以勉强一些算满意吧，主要是价位摆在那里的，如果有机会还会取得。主要是靠近山东省内最大的游乐园富华游乐园比较好，玩得方便。,1.0
刹车片首选品牌，原车的还很厚,1.0
感觉还行吧，有我需要的,1.0
高保真音响杂志附带的CD比较友好,1.0
不好，样式和布料都不好,0.0
"关于这次入住情况,不想在这花太多篇幅评论,只是简单说一下情况,希望以后携程遇到这样的情况,要启动快速反应机制处理,以免耽误行程. 因为是夜班机的关系,我是凌晨两点到酒店的,在疲惫不堪的情况下,按照预定的时间来到宾馆,在前台上叫了十分钟才有人从后面出来,还是睡不醒的样子.我报了名字后,她说查不到我是携程定的房,但后来又说有,于是我就快快办好手续就入住了,住了两天,退房时竟然比我预定的198房价多了80元,前台的解释是当时没有198的,就给了我这种房型,我住的房型叫商务大床房,竟然只有大概5个平方!我问难道还有比这更小的吗?回答是有的,马上晕倒!~~~~~~~~最后的协调结果是我等了两个半小时,打了携程六七个电话后才解决,问题是解决了,但相当不愉快.",0.0
什么玩意啊，一下买了两件，一个太大大人戴上去都好松一个又太小，什么玩意额,0.0
一班吧。一班吧。！,0.0
自己家配电脑，看中的就是这款，应该很好,1.0
试着用了，非常不错，以后还会继续光顾。,1.0
挺好，方便实用，感觉还挺结实的,1.0
评价晚了，很好的项链，很喜欢,1.0
还没有看。不过京东送货速度快！,1.0
只是一个装饰品，质量很差，不能实用的，上当了,0.0
枕头很棉，睡着很舒服，赞\(≧▽≦)/,1.0
不怎么耐用，摇摆功能玩了没几天就坏了 还有遥控器有时灵有时不灵的,0.0
早餐太差，全是素菜。另外礼宾部还弄丢了我一件行李，最后发现是被别人领走了，半天才找回来。其他都还可以。,1.0
"本来对这家酒店的印象不错的,但临走时却有些生气;门口的15:20的机场大巴等到15:40都没有来,酒店也没有提前预告,只好打车去机场;提醒各位,坐酒店门口的机场大巴要谨慎,经常会无故取消的;",0.0
裤子还行，但是衬衫尺寸严重不符，垃圾,0.0
额的默默默默模具兔兔图,0.0
京东配送韩广州最好好好好,1.0
东西不错同事都说好吃下次还会再买,1.0
上课的指定教材，还能说什么呢,1.0
跟实物差很多，衣服上的蓝条纹基本看不到。而且寄过来，皱不拉吉，，全是毛,0.0
真心一般，金属部分都有点变形，还卖那么贵,0.0
一张驱动盘都没有。。。。就算装了VISTA，也能备份也不至于不给盘吧。,0.0
结实，用这个锁就没那么担心了！,1.0
女朋友很喜欢，颜色漂亮。,1.0
    质量还不错，价格也合适,1.0
"也就只能选设计合理了.钢板那个薄啊,特别是底部和电源地方,那个脆啊.一分钱一分货吧.用着还行.",1.0
不咋样&hellip;&hellip;鞋子底下都看得到胶&hellip;&hellip;穿的也有点紧，算了，将近着,0.0
与此订单一起购买的另一件红色款至今没有收到，店家电话承认漏发说补发，但一直没有收到。反映多次，未再回应！！！,0.0
"1.)订了330的超豪华标房,房内有电脑,但每天上网收费50元.房内没有免费瓶装水.2.)第一次给了一个没有风景的房间,推开窗看到底楼餐厅的玻璃屋顶,强烈要求换房.然后换到一间,结果窗外两个大水箱,不知道是否CTRIP上订的房间都是这样的.3.)房间的空调有时会突然不制冷.4.)阳朔很美,还会再去,但肯定会换酒店.",0.0
包包很好看，我女朋友很喜欢，物流超给力,1.0
读这本书，有种想要去旅行的冲动为了仔细去体会那些风格各异的建筑所传递的意义周围的一切都变得生动起来，一面墙、一扇窗、一个衣柜、一张书桌，都有着她的个性和信仰作者广博的知识、独特的视角、流畅的文字，很喜欢“成为我们所处环境的一个更为有心的读者和作者”“美即对幸福的许诺。有多少种幸福观，就有多少种美。-司汤达”,1.0
网卡太垃圾 除了windows 7 vista 意外甭想用它了驱动根本就是不存在的。xp的驱动官方不提供,0.0
材质不错  &hellip;,0.0
不值这个价钱！太小了！大家慎买！京东买的最不值的一次购物！,0.0
皮肤变得挺水润保湿不错哦感觉挺细腻皮肤无负担,1.0
还可以，过年有优惠~没有发票,1.0
好像被人穿过的,0.0
"一个字,差啊,冷啊,暖气没有.空调太差!",0.0
杯盖严重掉色，杯子过滤有点都生绣了。什么品质，太差了,0.0
不错不错，跟图上面的一样,1.0
"楼很老,房间很大,服务不错. 二楼的早茶不错.",0.0
"实在对不起四星的称呼!12月份在2--14度的气温下,只在晚上8点后才开空调!下半夜又关闭!投诉后还有理说是响应政府号召:节约能耗.这样的HOTEL朋友们您还敢入住吗?",0.0
说好是礼品，但根本没有，还让我评价，简直太可笑了。,0.0
不错 包装很好 原价168&hellip;&hellip;,1.0
质量很差，一用就坏,0.0
这套书很全，描写什么的都有，孩子很喜欢,1.0
"宝贝收到，质量很好，做工精细，没有色差，面料很好, 颜色很好看，很喜欢。",1.0
1、款式漂亮，键盘感觉很酷，商务气息十足。 2、性能价比强，双核＋2G内存＋320G硬盘＋512M独显只买5399。 3、整体散热控制还算满意。,1.0
其实一点都不好用问客服还不理我 好伤心&hellip;&hellip;,0.0
很次，不值&epsilon;=(??д??)??滚粗~,0.0
样子跟图片一样，穿着不舒服，一股刺鼻的味道。不值,0.0
操控不熟练，没有一键返航，结果飞走了,1.0
地理位置对出差的人士来说还是很方便的，好找啊.,1.0
货到了不通知货主。主动打电话给她。快递人员说非常忙。这样送快递的我觉得快忙到头了？。希望厂家能选一个好一点的快递公司,0.0
衣服不错，应该是正品，很柔软，不错?,1.0
线头坏了，跟原装没法比,0.0
最有价值的就是支撑，压力背后的东西。以及趋势的定义。至于后面的波浪理论以及江恩理论。这些东西都不是大师的实战技术，而是股市失败者的作品。不但没有意义，反而有害！不过总体上书还是不错的。经过完整牛熊市后，感觉学习炒股最重要就是阅读长时间股市成功者自己写的书，其他人总结的书都是垃圾，不但没有好处，反而有害！,1.0
速度京东，京东速度，资料不错！赞！,1.0
外观漂亮，键盘很可爱，16：9的屏看电影很爽，新机还是比较静音的，这个价钱买这么个机器还是很不错的。电池续航能力不错。,1.0
实物与宝贝描述一样，颜色很正，面料手感可以，质量性价比高\n,1.0
房间还不错，够大也够舒适（住的是豪华间），服务需要进一步改进，离店居然没人给叫出租车，就没见者门童,1.0
竟然发的是邮政小包，10月20日下的单子，10月30日才收到货，是准备出差学习在外地穿的，再不到就退货了，商家如付不起邮费，下次不要包邮好吗？,0.0
不错哦哦，很软很舒服,1.0
完全没有作用 烟味道很淡 还漏油 不要买,0.0
觉得物美价廉，感觉不错,1.0
很一般的书。。说是书 不如是卖CD。。现在英语书都这样了么？,0.0
挺精致的锻炼物件，质量不错,1.0
挺实用的，而且物流一样的快,1.0
这个纸我就没收到，店家让我联系京东客服，我也是醉了，谁天天有那些时间处理这些，确实是没有给送这个纸。,0.0
"入住时酒店的服务很好，大堂和房间一般，入住后发现房间的硬件较差，比如空调，马桶，尤其是电视遥控器非常差，几乎不能用。房间空调不管用，走廊也有味道。早餐很差，刚到九点服务员就疯狂地收东西，也不问一问客人是否还需要，很差，曾经看到的评价不太确切，第二天立刻搬到龙城，山西真的是没有什么好的宾馆,不知道为什么，很奇怪！",0.0
水龙头质量有问题，水流量太小太小，小到经常启动不了燃气热水器,0.0
颜色和图片的有区别,1.0
京东买的东西，一直很满意,1.0
比较老的酒店，服务比较好，早餐品种不多。但是去海边很方便。,1.0
"房间干净整齐,服务员态度很好,不过餐厅一般.给我的早餐券上的套餐与餐厅的套餐不符",1.0
别人买的 好像是北舞老师推荐的,1.0
太薄了，穿不起来,0.0
这个酒店是我住过的国内四星级酒店里最差的一间，服务态度和质量都很差，房间很小，早餐连点肉都没有，9：00结束，8：00到的，基本就没有吃的了，而且服务员也不给加！也许是因为旅游景点的问题，但是我们住过附近其他的三星级酒店，各方面都比这家好，价格还能便宜100多，建议千万别住！酒店里有一家公安局在办公，所以大部分都是公安局的客户什么的，所以对普通百姓的服务很差，墙壁隔音设计很差，因此很早就显得很嘈杂，根本没法休息！,0.0
先邮过来的是个破洞的，换货时让我先垫付运费，结果都好久了运费也没打给我&hellip;&hellip;&hellip;&hellip;,0.0
发过来的货品与图片不符，是高帮的，鞋码也很大，不是自己想要的。不知商家是怎么搞的。借钱也变成98了，而不是88？？？？？？,0.0
颜色很正，很好看，喜欢,1.0
前台服务态度很好很细心，但是硬件设施由于跟不上，老化。,1.0
看完了值得一看,1.0
材               质差,0.0
还不错，做工可以。小孩用,1.0
洁面刷很棒，小巧美观，软软的舒服,1.0
不值，衣服料特差，因为帮4别人买，收到货第一时间没看到，否则直接退货了。,0.0
不错，质量看起来还行，之前没买过，所以不知道是不是正品，看起来应该是，很精致！,1.0
好极了，自动控制断电、不用担心出门忘关电热毯,1.0
酒店房间小，设施陈旧，酒店靠马路，窗户很不隔音，影响休息,0.0
在京东上买主要是图个方便，其实这水比我在超市整箱的买贵多了，就是图京东送货快，能送到家，没想到这么慢，快递到了当地了第三天才给我配送，无语了,0.0
这鞋挺好的，穿着也挺舒服的,0.0
有病。買回來那麼久沒上高速。這次回老家一看有測速不說話。沒測速拼命bbbbb叫煩死了。流動測速能有用嗎。就個垃圾裝飾臥槽。垃圾太垃圾了。我導航都報得比你準。一路開來亂,0.0
偏小，装不了多了东西,0.0
东西是假货，不要在买了,0.0
还可以，不 是很亮，节能环保,1.0
"此书质量不好,买回来一看书中出现断页146-179页,本来想马上送人的,结果因一本书还要全部退货,耽误我们的时间",0.0
当当网的服务非常差，连同它们的客服也是敷衍了事，简直就是一种无人管理的地步，在他家买东西，出了事就别想解决，这种公司，离关门不远啦！虽然是个黄金VIP买家，以后也再也不会来了！,0.0
收到物价。这是一次很愉快的购物。运输也很快。谢谢卖家这么给力。我也不多说什么，给你五星。好评。,1.0
位置还好，不算太难找，屋内比较干净，卫生间装修不错，木制的氛围比较喜欢。没窗户，但是夏天住空调房也不是很需要窗户，所以能接受。,1.0
印花确实是很精准，绣布很好，很不错，物有所值,1.0
质量一般，物流慢，寄错颜色。,0.0
有股很浓的香味，像是爆炒的香味,1.0
挺好的，白色和我手机很搭,1.0
我很想知道这耳钉是什么材质的？上面渡的一层竟然摸下就掉了？就这还***钱？真是失望透顶,0.0
本来定了3天，不过实在冷死了，，，没空调，也没有给暖气之类的打电话问前台，说没办法。那只能退房。根本不是4星级。延吉这个地方，找个小一点，干净一点的酒店住住更好换的是国贸附近的，有民俗房有地暖，还有空调舒服死了才160元。,0.0
我是自己开车去的酒店，这个酒店如果是晚上入住根本看不到酒店入口处，我费尽周折边打电话咨询酒店边让车上的人仔细辨认，结果还是绕错很多地方好不容易才开到酒店大门口，那天正好下小雨，门口保安只有一人跑来，我在酒店门口依然看不到车库入口，要求保安带路，于是他安排一个管理车库的工人引路，那工人带我们到车库后一听说我们是入住客人不能向他交停车费，他立刻一溜烟不见人影，害得我们找电梯口回酒店找了半天！！！这种情况也许以前很难体现出来也许平时也不觉得怎样过分，但这几件事集中起来就反映了该酒店的管理薄弱的一方面，最重要的是我觉得作为一个好评如潮的酒店更不应该了！当然事后当晚值班经理的及时道歉和升级房间等等补偿行为也体现了该酒店管理层对客人的重视，体现了酒店有错及时改进的诚恳态度！而且第二天还通过携程要向我电话道歉！我也确实感到该酒店能有如此态度很难能可贵了！本来我不想点评此次事情，但后来觉得也不妨通过我的客观褒贬让大家看到该酒店的真实品质！也许我下次还会考虑入住该酒店，只是仍然希望酒店今后多积极发现不足，免得以后入住该酒店的客人那么麻烦同时也影响自己的声誉！,1.0
真心不行。 便宜确实没好货。不好用。,0.0
硬软件都相当好，房间环境优雅，服务温馨体贴，早餐也很丰盛。只可惜门口的道路成了单行线，有点不便。但性价比绝对高，下次去沈阳，我仍会坚定不移地选择这家酒店入住！！,1.0
宝贝收到了  质量的确很好  款式很喜欢   做工也很精细   商家服务很好  值得信赖的品牌   很满意    物流也很快  服务好    以后还会继续支持的    满分,1.0
看起来很结实。。,1.0
和图片一样店家很好说话，值得点赞,1.0
还行不错就是声音大了一点,1.0
线短，其他都还可以。,1.0
发的时候点错了，不好意思。本评论是针对游蜀杂俎的。关于独行中国，感觉和上面几位一样。,1.0
发过来的货品不检查吗？还是觉得顾客收到次品*块懒得退？吃定了顾客没办法和你面对面的理论吗？,0.0
收到，使用中。,0.0
时间不准，礼拜几调不动， 手链糙  我去我买了个什么鸟玩意,0.0
物流很好，东西一般。,0.0
全新的  没使用   用过再追加,1.0
应该可以吧，没听到老婆有意见,1.0
预订的是钱塘江景标房，一进门就闻到了浓烈的烟味，所谓的江景举目望去基本上只有2层高的野草；最不能忍受的是房间里有跳蚤，以致于我们一个晚上只能穿长衣长裤带好帽子睡觉，但是身上还是时不时的红肿瘙痒。软件服务不错。我想我不会再选择开元之江了，出门在外卫生安全问题是很重要的。,0.0
还不错，第一次来京东买书，以前都是去当当的。。物流特快24小时到货。。,1.0
\n个人觉得和日本原版的没啥区别，可能是我的CD机不行。,1.0
十月一日拍的，八日才到，说电话错了，也行。可是说24小时安装48小时也没信儿，问帅康客服说通知本溪了，本溪说没接到！最后我自己安装的！岂有此理！！！！,0.0
黑色的外观，很漂亮，呵呵，总体来看运行速度还可以，屏幕的色彩挺鲜艳的,1.0
啊啊啊啊啊啊啊啊啊啊啊啊啊啊啊啊啊啊啊啊,0.0
假的，果断差评。做工粗糙。穿着不舒服，特别臃肿，裤裆和后屁股特别肥，超级难看，还掉毛。强烈建议不要买,0.0
豪华大床房房间大小一般，墙壁看起来很不舒服，都有掉落的斑驳痕迹，其他一般，在所有住过的经济型酒店里算差，比火车站那家168要差。另外对酒店的服务水准非常有质疑，当天入住时，身份证给予登记后竟然没有还给我，而且当时前台就发现了，可以她一没有主动送还到我房间，二连电话通知我一下都没有，顺手夹在了他们的工作板里，想当然的认为第二天的前台在我退房时会将其交换，可是第二天退房时并没有退还，直到当天下午我在庐山的宾馆要登记时，才发现身份证遍寻不着，心里琢磨只有可能遗忘在了该酒店，电话过去前台找了半天，终于发现。由于这个工作失误，导致我的行程被打乱，最后不得不取消了庐山机场起飞的航班，再次回到南昌去取身份证，在要求报销到酒店的打车费15元时，还非常的不爽气，当时大堂经理询问总经理后给我的回复是：这种事情是酒店经常会发生的，我们酒店是从来没有规定为旅客报销车费的，如果要报销只有让前台自己赔偿你们15元。我认为说这种话是很不职业的，我作为住客面对的是你们酒店，是和你们酒店的交涉，而不是和你们的员工，赔偿也是酒店方对住客的赔偿，具体你们企业内部如何进行责任认定和教育那时你们内部的事，是不用和客人解释的。最后在送我们出门时，他们的大堂经理还说了一句，我们这种商务性酒店出这种那种问题是很正常的，让人听了十分的不解和不舒服。有这种心态管理的酒店我表示遗憾。这是我第一次入住该集团的酒店，我相信也是最后一次。,0.0
实在是太差！颜色差得太大了！货不对款！,0.0
对该酒店非常不满意，最后还逼得吵了一通。入住后预订了3天住宿，最后一天，我一大早5点起来赶飞机，得知6点多以后才有早饭，所以就主动把他们早给我的餐券还给他们了，但是账单打印出来后，发现最后一天的早餐钱居然还是算在里面，觉得非常奇怪。答复我非常简单，就是不能退！问原因，说电脑系统就是这样设计的，当天开始的时候，就把早餐费用和房费一起算进去了，因此即使没有消费也不能退，如果客人要投诉尽管投诉！出差10年，从来没有遇到这样服务差的酒店，野蛮对待顾客，乱收费，之前没有任何说明，餐券上也没有任何说明，憋了一肚子气！房间上网费用很贵，一个小时18元，这还不算，上不了网，怀疑是网线的问题，请总台重新给一根网线，说必须自己去总台拿。回到宾馆，把衣服、裤子、鞋子都已经换了，让客人这样去总台合适吗，是四星级宾馆的服务吗？和他们说了，来了几个服务员，看了很久，把我的电脑莫名其妙不经过我同意就重启，最后说还是要我自己下去拿网线，我晕倒！下面的几个商场，说是可以结到房费里面去，但是实际呢，买地图、买饼干的地方，都告诉我小费用，必须用现金交易，一气之下，啥也没有买。卖东西的自己只顾玩游戏，非让我自己找商品。。。以后我坚决不住这个大官员酒店。出来后，出租车司机说，这个酒店的服务、管理北京有名的差。,0.0
开机20分钟触摸板能烫伤手指，仔细检查风扇不转，用力一吹嘿又转了，重启又不行了。通过几天观察风扇转与不转真是冰火两重天,1.0
不咋滴，自己买了就知道直接,0.0
衣服很好，冬天穿厚度刚刚好,1.0
还不错的书，质量好，送货快。,1.0
和儿子一起看，找到小时候的感觉了，儿子也喜欢看,1.0
不错，小朋友们喜欢玩～,1.0
南a腔北a调\na(96%好评)\n41条\n12条\n0条\n风入松\n吉本芭娜娜的b文学世b界\n小说\n回力牌球鞋c\n散文\n飞沙\n南腔北调\n不拘小节的人\n沙漠中的一天\n镜子与自d传\n理d发店\n　d　&hellip;&hellip;\n(100%好评)\n(98%好评)\n(100e%好评e)\n(100%好评)\n(99%好评)\n(100%好评)\n41条\n12条\n0g条\n5条g\n1条\n5h条\n26条\n小说\n回力牌球鞋\n一个礼拜天的早晨\n徽i州女人\ni散文的航行\n沉默i的人\n时光隧道\n直面人脸\n沙漠中的一天\n镜子与自传\n　　第j二天颂莲k在花园里遇到飞浦。飞浦无精打采地走着，一路走一路玩着一只打火m机。飞浦装作没l有看见颂l莲，但颂莲故意高声地喊住了他。颂莲一如既往地跟他站着说话。nn她问，昨天来的什么客人，害得我箫也没学成。飞浦苦笑了一声，别装糊涂了，今天满o园子都在o传我跟太p太吵架的事。颂莲又问，你们吵什么呢？飞浦摇了摇头，一下一下地把打火机打出火来，又吹熄了，他朝四周潦草地看了看，说，待在家里时间一长r就令人生s厌，我s想出去跑了，还是在外面好，又自由，又快活。颂莲说，我懂了，闹t了半天，你还是怕她。飞浦u说，不是怕她，是怕烦，怕女人，女人真是让人可怕。颂莲说，v你怕v女人？那你怎么不v怕我？飞浦说，对你也有点怕，不过好多了，你跟她们不w一样，所以我喜x欢去你那儿。\n(100%好评)\n(100%好评)\n(96%好评)\n(95%好评y)\n(1y00%好评)\n(100%好评)\n1条\n5条\n26条z\nB刺青AA时代\n被玷污的草\n暖昧的关系\n散文的航行\n女儿红\n时光隧道\n直面人脸\n虚构的B热情\n肉C铺\n　　C阅读是一件美好的事情。在阅读中你的兴奋点往往会被触发，D那就给你带来了F愉悦。那种进入作品的感觉是令人心旷神怡的。往往出现这样的情形E：对F于一部你喜欢的书，F你会记得某些极琐碎的细节、拗口的人名、地名、一个小小的场景G、几句人G物的对话H，甚至书中写到的花与植物的名称，女孩裙子的颜色，房间里的II摆设和气味。\n￥26.10(7.3折)\n￥20.70(6.9折)\n￥22.20(J8折)\nK￥15.30(7.7折)\n(95%好评)\n(92%好评)\n(100%L好评)N\n(80%好评)\n(80%好评)\n红粉\n刺青时代\n飞鱼\n暖昧的关系N\n城北的桥\n纸上的\n鬼故事\n你为什么对我感到失望\n肉铺\n　　后来颂莲老想起飞浦漫O不经心说的那句话，你跟她们不一样。颂莲觉得飞浦给了她一种起码的安慰，Q就像若有若无的冬Q日阳光，带着些许暖意。\n河岸（修订版）\n￥20.70(6.9折)\n￥22.20(8折)\n￥21.80(7.3折)\n￥23.70(7.9折)\n(88T%好评)\n舒农\n城北的桥\n父爱\n　　以后飞浦就极少到颂莲房里来了，他在生意上好像也做得不顺当，总是闷闷不乐的样子。,1.0
衣服买了三天，洗的时候一拧就破了一个大洞。联系售后，态度不好。爱理不理。有图有真相。快递我就不说了，看图,0.0
朋友推荐的品牌 第一次买 看起来不错,1.0
上当受骗了！一拿到手才知道不是胡兰成的原著！还那么贵！可恶！为了不破坏我的感觉！我决定不看了！准备哪天找个家伙卖了它！害的我又重新买了两本胡的书 怎么说不要破坏感觉 果然 文采斐然 不忍放手不过为什么总是木有山河岁月这本书 缺货缺货 无可奈何！,0.0
很可笑的一个理论是，自己需要的东西不用买，因为会有别人送的。,0.0
穿着效果还行，就不知道质量咋样\n,0.0
一直都是很喜欢漫漫的书，在她的书里，总是能感觉到真实的世界，也许是自己的心里也是一个带着淡淡忧愁的女子吧！很多的时候，什么都没有了，可是还有友情的存在，那也是一种感动，一种依靠！有个性的韩童我非常的喜欢，她那种不在乎世俗的态度有那种淡然的态度都是我所喜欢的，希望自己有一天也 能像她一个。淡然而过自己的生活。,1.0
质量太差了，这产品同服务怎么在京东上销售呢？盖子把柄存处存在严重的问题，本来想给客服反映一下情况，发了信息给她可是从来就没回复，逼迫我来评价一下。真是无语?,0.0
总体来说我对这个酒店十分失望。靠近立交，车子来往非常吵。我入住的810房间的阳台门锁是坏的，完全不能锁门，漏风很严重。3楼有一个ktv，我住在8楼还能听见咚咚的节奏声。不知道有多少时间没有清理过这个房间了，在被子里居然有巧克力的碎屑，把我的衣服都弄脏了！！空调只有在12点以后才能开，而且只供应非常有限的几个小时。千万不要去开卫生间门口的声音旋钮，他们一大早就会放音乐。早餐少的可怜，完全没有东西可吃。完全看不出来是07年刚建造的，地毯又旧又脏,0.0
质量还不错，送货快！,1.0
老顾客啦，东西收到，很满意!!真的是超级好的卖家,1.0
东西收到了.包装很好.是正品.，客服的服务很好\n,1.0
此酒店位置太偏，附近没有商业网点，很不方便。房间的墙壁，厕所有点不干净。虽有早餐，但早上7点前不提供。我因要赶早班车，需7点前离店，只能去吃他们付费餐厅的早餐。很奇怪，同样的厨房，付费的就有，附送的早餐就没有。,0.0
机器的电池不好，拿来的时候一点虚电都没有，第一次冲满电，用了1个半小时左右。还有就是安装xp需要把硬盘改成ide,0.0
打开一看，CD的卡扣脚完全碎了！失望！！！！！,0.0
5月1日入住，其他地方没房间，定了锦地星座的特惠标准间，check in 的时候被告知升级到高级标准间，心里一阵暗喜，没想到经过一段乱糟糟的路（好像是厨房的外面）后，到了1号楼，进了房间更加失望，床小不说，还什么都没有，设施陈旧，马路上汽车的噪音更是让人难以忍受，洗个澡水流一地，哎，下次还不如去住个连锁商务酒店，同等的条件价钱最多只有2/3。,0.0
连个包装都没有，用个塑料袋装着，没法送人，打算送人的慎买,0.0
太硬了，快递超蛮，感觉很不爽,0.0
说明是四个灯全长亮的话，移动电源满，结果一直第四个灯就闪，一直不长亮。给手机充电，说明书是充满自动断，灯灭，结果100%一直在充，不会灭，不知道是不是个别现象？,0.0
干净，房间也够大，缺点是厕所太小，特别是大床间，几乎不能转身。不过对于这个价格的宾馆而言还是很超值的。,1.0
发错颜色啦  老板,0.0
安亭路是条很小的马路。离衡山路地铁站很近。环境好，是个闹中取静的地方。欧洲的老外会比较喜欢这种风格。,1.0
不灵。豪无内容，一个国家就一面。差评，千万别买！,0.0
质量还可以就是只能穿一次洗下那个字的颜色掉了把衣服全部染上黑色了,0.0
产品有问题不让退货，煮粥大量流粥水，这样的锅用了真怕哪天会爆炸。发信息不回，明明上线了还隐身，最不愉快的购物，发票没发，想买其他东西一起发，结果发的东西是次品货，价格还贵。还少配件,0.0
衣服不错，正穿着，合身，官方店质量就是不一样，会再买,1.0
同事买的，很不错的一款产品,1.0
小孩马上上小学了，想买一本适合他阅读的书，要求是：字简单、故事能吸引人、最好让小孩在阅读时有一些启发，或者说是收获。网上评论不错，看看目录上有几个故事以前看过，挺好。抱着试试看的心情买了一套。回到家和小孩一起朗读，我们很喜欢。看得出来所有的文章都是编辑精心选择的。除了对小孩来讲生字有点多外（生字多一点也没关系，再大点就可以自己读了），各项指标均达到了要求。,1.0
厚实的毛毯，暖和柔软，质量很好，卖家服务挺好的，很满意,1.0
《汉字五千年》用讲故事的方式，借助32个富有代表性的汉字，将隐藏在文字背后的人以及历史充分展示出来，生动描绘了一幅中华文明五千年的历史长卷，具有很强的史料性、权威性和鉴赏性。,1.0
在两岁左右在当当上先后看推荐买过噼里啪啦系列、不一样的朵梅拉系列，感觉噼里啪啦宝宝不太感兴趣，可能过了那个年龄，朵梅拉又要再大一点再看。现在汤姆系列第一集很适合两岁多的宝宝，画面温馨，对白、故事情节很贴近生活实际。我宝宝喜欢玩沙子，去看海那一集讲到最后大海把沙子做的城堡冲走了，宝宝也很难过。他好像能跟书中汤姆的情绪共鸣。我感觉宝宝喜欢就是最好的。推荐2岁左右的宝宝赶快买。,1.0
今天收到了 挺好的 质量一如既往 快递也挺快的 ,1.0
买的迷你的。还这么大。  戴不上不说。蓝牙根本就连接不上。,0.0
键盘还好，可能是黑轴用惯了，用茶轴还不是很习惯,1.0
很少给满分，这个必须给。质量真的超好，有点中毒了。,1.0
上一次在德州住的是富丽华，实在是不咋样，只能用一个字来形容：土。但这次住在贵都的感觉非常好，价格不贵，房间也比较舒适、干净。对早餐非常满意。,1.0
手感不错，气味好刺鼻！放几天才能用！！,0.0
还可以，就是记得当时的封套不是这个吧估计就是翻版的\n,0.0
替别人买的说是77元，现在标55元打折也不到，不好,0.0
三个竟然码号不一样失望,0.0
位置非常好，去烟台山、东炮台、张裕葡萄酒博物馆非常近，海边步行街很漂亮，音乐喷泉也不错。缺点：商务标间（6601）中央空调的风机盘管保温做的不好，导致结露发霉；另外免费提供的拖鞋沾水后极滑!,1.0
在这里住过很多次了，每次来肇庆必住这家酒店。设施有点老了，但是面对星湖，交通方便，可以随时感受星湖的碧波和肇庆的人文气息，感觉还是挺不错的。,1.0
但今天提货时，总部自提点的服务不是很好，可能人员不多，我问的问题给我回复的不是很满意。,0.0
意外，入住时给了早餐券和一张50元餐券。用完自助早餐后，中午在旋转餐厅用了个行政套餐，还余3块钱，可惜不退给我。不错，酒店包两餐，社会主义啊。,1.0
发货快！东西好！店主人不错 　,1.0
电源居然是两相的，看着没有安全感，键盘设计很老式，不好看，装XP系统不能用ghost的，还要自己下驱动。,0.0
玩了一点点，没有意思，删除了~~~~仙剑的情怀也卖不走了，再也不是当初的那个仙剑了,1.0
还不错\n洗面奶不求多好的效果，洗的干净清爽就很好,1.0
刚拆封就一很大的异味出来，联系店家无反馈。填充物异味重！,0.0
衣服很好，我穿着很合适。。。。。。。,1.0
床铃收到了，很漂亮，送给我亲爱的小侄女的。大爱。,1.0
风扇噪音太大，质量太次//太垃圾了,0.0
还没有喝，是不是不应该评价,1.0
还是比较不错的的一顶帽子,1.0
《汤姆去海滩》《汤姆走丢了》这二本，成为女儿最爱的了。天天晚上讲。还管妈妈叫，两边有兜的裤子。出门时，见着人就告诉人家，她的裤子两边都有兜。哈哈。好书。,1.0
"成都完全不象是有过地震的样子，满街火锅飘香，北边一点是一个公园，到六七点都是散步、溜狗的，很是热闹。酒店只是楼层低了点，所以临街的房间早上会被车吵醒。酒店的餐厅很好，偏贵，过马路有一个川菜馆，很好，还有n多个火锅店，可惜一个人没法吃。跑题了：房间很好，checkin/out都很快，早餐不错。打车困难一点，不知道是为什么。宾馆反馈2008年7月17日：感谢您在震后与我们一起感受成都的震后生活,同时感谢您对我们提出宝贵的意见,在上下班高峰期我们会遇见打车难的问题,建议您在以后出门前先致电我们礼宾处,我们礼宾将提前安排好用车。",1.0
嗯嗯。送朋友的。不知道怎么样。会追加的咯,1.0
压了模的，不怕水不怕撕，就是太简单了点，带着去旅游的话还得参考更详细的资料。,1.0
真不好，墨盒回来全都不能用，上档了，再也不买了,0.0
LP中国美食指南 随时可踏上寻味之旅,1.0
还没洗但是很划算,1.0
用了一周了，塑料的味道还是很大,0.0
有间隙，被面太粗糙，有一个有裂缝，不贵也不想退了。,0.0
"挺喜欢这款绿色的, 下单有货发货说没货物仓库搞错了, 沟通不足够直接给我换个全黑的, 我真心好不爽....今时今日就凭这样的服务, 你这个店是开不久的....",0.0
说送跳绳怎么没有！物流也慢！不满意1分,0.0
没想到这么快收到货，质量很好，,1.0
"要不是飞机到达时间22点才不会选择此酒店,外面飞机的声音很大,隔音效果很差,房间也一般.晚上有骚扰电话,下次不会选择.",0.0
于图片不符合，都掉色了，太失望了,1.0
与原图有差别，质量一般，线头都开了。,0.0
的师傅一天GV他一冬天风格,1.0
已退货，裤腰太低，不适合男人穿。,0.0
呵呵了&hellip;&hellip;&hellip;&hellip;&hellip;,0.0
不满意，颜色差别大还尺码偏大,0.0
\n朗康(LangKang) LK-8026全新升级多功能智能（黑色）美腿机 美腿仪 足疗机 还行,1.0
购买很方便，活动价划算。,1.0
东西还不错，很实用的,1.0
收到的货物大小与说明差很多,0.0
黄色的，还不错，就是上面弄脏不好洗,1.0
还行吧 比较详细,0.0
根本没用！刷子还是坏的！！！,0.0
来晒晒图，忽略其他，只看实物。,1.0
很行吧，就是纽扣掉了,1.0
不行水不是很热。 最关建是不好！还那么贵。还不如买台式的。*,0.0
在宜昌算是还不错的酒店，大堂也很漂亮，房间都还ok．如果将来来看三峡，应该是不错的选择．不过携程的价格没什么优势，朋友通过当地的公司代定的房间，跟携程的价格相比差了差不多一百块．,1.0
差啊，衣服质量就不说了，根本不值这个价钱，色差还那么大，气死了,0.0
不好质量特别差买来就来料了\n\n,0.0
味道还可以，不过买了两次都存在包装袋开裂的问题！,0.0
质量很好，做工也非常细致，颜色正，好喜欢,1.0
相当不错的东西  很满意,1.0
质量还不错，也不会起球，戴起来好看，也很百搭。非常满意,1.0
价格还行、用起来也行、就是快递太jb慢了、2.25买的3.1号才给我打电话、浙江沪你还能这么慢,0.0
怎么说呢，和教材不配套，教材都第四版了，,1.0
不是我买的，我不知道这个好不好。,1.0
已经长得很大很了，谢谢商家哈,1.0
不好，用了两个礼拜就坏掉了,0.0
买过好几次了，真是不错的储物柜，好评好评。,1.0
"在CBD温特莱还是性价比比较高的,位置也不错.房间在三星级里是好的.",1.0
酒店环境还可，价位也不错，我想以后还是会居住这里。,1.0
希望当当在发货前能够仔细检查每本书的质量。虽然拿到手此书是塑封的，也很新，可没有翻阅几页就发现书里有好几页居然是空白的，具体的有第12-13页，第16-17页，第20-21页，第24-25页，迅速检查了下书的后几页，总算没有缺损的现象。哎，蛮好的一本书，被糟蹋了。,0.0
"烂酒店一个.结帐时多收了90元,回来后看帐单才发现,先讲携程帮忙查询,说是我朋友房间的消费,从来没听说过未经本人签字可以把他人房间的帐挂来的.自己打电话到总台,又说是我的早餐消费,但实际我的早餐是现金结帐,又找不到借口了.就说是在一楼咖啡厅有张我签的单子,请总台传真过来核对,又说要确认,实际上我根本没有另外的消费.还有高级房竟然是两张床,如果要大床,就在升经.周边环境更是不用讲,连个超市都没有.",0.0
"酒店老化,房间装修差,服务过于生硬,中午退房时间过不到两小时收取半日房费，而其它酒店基本从人性化考虑，不收此项费用．",0.0
拉链开缝。质量一般。,1.0
效果是有，但是不能根治，用完了还会复发,0.0
好评，非常满意，下次还买。,1.0
做活动买的 实惠！,1.0
大小有偏差，而且还很薄,0.0
备注好要打发票的  都没发票，就是假货  垃圾货,0.0
箱子整体还可以，不过里衬的面料太差，是质量很不好的面料，很容易拔缝，我不太想要这样的，想问有没有这样的箱子里衬面料好点的品牌？？谢谢！等京东回复！,0.0
一般般，发货太慢111,0.0
送人的，对那个人很失望，东西很好,1.0
到货非常快，先读读书,1.0
挺好 就是货物包装太差劲挺好 就是货物包装太差劲挺好 就是货物包装太差劲挺好 就是货物包装太差劲挺好 就是货物包装太差劲挺好 就是货物包装太差劲挺好 就是货物包装太差劲挺好 就是货物包装太差劲挺好 就是货物包装太差劲挺好 就是货物包装太差劲挺好 就是货物包装太差劲挺好 就是货物包装太差劲挺好 就是货物包装太差劲挺好 就是货物包装太差劲挺好 就是货物包装太差劲挺好 就是货物包装太差劲挺好 就是货物包装太差劲挺好 就是货物包装太差劲挺好 就是货物包装太差劲挺好 就是货物包装太差劲挺好 就是货物包装太差劲挺好 就是货物包装太差劲挺好 就是货物包装太差劲挺好 就是货物包装太差劲挺好 就是货物包装太差劲挺好 就是货物包装太差劲挺好 就是货物包装太差劲挺好 就是货物包装太差劲挺好 就是货物包装太差劲挺好 就是货物包装太差劲挺好 就是货物包装太差劲挺好 就是货物包装太差劲挺好 就是货物包装太差劲挺好 就是货物包装太差劲挺好 就是货物包装太差劲挺好 就是货物包装太差劲挺好 就是货物包装太差劲挺好 就是货物包装太差劲挺好 就是货物包装太差劲挺好 就是货物包装太差劲挺好 就是货物包装太差劲挺好 就是货物包装太差劲挺好 就是货物包装太差劲挺好 就是货物包装太差劲挺好 就是货物包装太差劲挺好 就是货物包装太差劲挺好 就是货物包装太差劲挺好 就是货物包装太差劲挺好 就是货物包装太差劲挺好 就是货物包装太差劲挺好 就是货物包装太差劲挺好 就是货物包装太差劲挺好 就是货物包装太差劲挺好 就是货物包装太差劲挺好 就是货物包装太差劲挺好 就是货物包装太差劲挺好 就是货物包装太差劲挺好 就是货物包装太差劲挺好 就是货物包装太差劲挺好 就是货物包装太差劲挺好 就是货物包装太差劲挺好 就是货物包装太差劲挺好 就是货物包装太差劲挺好 就是货物包装太差劲挺好 就是货物包装太差劲挺好 就是货物包装太差劲挺好 就是货物包装太差劲挺好 就是货物包装太差劲挺好 就是货物包装太差劲挺好 就是货物包装太差劲挺好 就是货物包装太差劲挺好 就是货物包装太差劲挺好 就是货物包装太差劲挺好 就是货物包装太差劲挺好 就是货物包装太差劲挺好 就是货物包装太差劲挺好 就是货物包装太差劲挺好 就是货物包装太差劲挺好 就是货物包装太差劲挺好 就是货物包装太差劲挺好 就是货物包装太差劲挺好 就是货物包装太差劲挺好 就是货物包装太差劲挺好 就是货物包装太差劲挺好 就是货物包装太差劲挺好 就是货物包装太差劲挺好 就是货物包装太差劲挺好 就是货物包装太差劲挺好 就是货物包装太差劲挺好 就是货物包装太差劲挺好 就是货物包装太差劲挺好 就是货物包装太差劲挺好 就是货物包装太差劲挺好 就是货物包装太差劲挺好 就是货物包装太差劲挺好 就是货物包装太差劲挺好 就是货物包装太差劲挺好 就是货物包装太差劲挺好 就是货物包装太差劲挺好 就是货物包装太差劲挺好 就是货物包装太差劲挺好 就是货物包装太差劲挺好 就是货物包装太差劲挺好 就是货物包装太差劲挺好 就是货物包装太差劲挺好 就是货物包装太差劲挺好 就是货物包装太差劲挺好 就是货物包装太差劲挺好 就是货物包装太差劲挺好 就是货物包装太差劲挺好 就是货物包装太差劲挺好 就是货物包装太差劲挺好 就是货物包装太差劲挺好 就是货物包装太差劲挺好 就是货物包装太差劲挺好 就是货物包装太差劲挺好 就是货物包装太差劲挺好 就是货物包装太差劲挺好 就是货物包装太差劲挺好 就是货物包装太差劲挺好 就是货物包装太差劲挺好 就是货物包装太差劲挺好 就是货物包装太差劲挺好 就是货物包装太差劲挺好 就是货物包装太差劲挺好 就是货物包装太差劲挺好 就是货物包装太差劲挺好 就是货物包装太差劲挺好 就是货物包装太差劲挺好 就是货物包装太差劲挺好 就是货物包装太差劲挺好 就是货物包装太差劲挺好 就是货物包装太差劲挺好 就是货物包装太差劲挺好 就是货物包装太差劲挺好 就是货物包装太差劲挺好 就是货物包装太差劲挺好 就是货物包装太差劲挺好 就是货物包装太差劲挺好 就是货物包装太差劲挺好 就是货物包装太差劲挺好 就是货物包装太差劲挺好 就是货物包装太差劲挺好 就是货物包装太差劲挺好 就是货物包装太差劲挺好 就是货物包装太差劲挺好 就是货物包装太差劲挺好 就是货物包装太差劲挺好 就是货物包装太差劲挺好 就是货物包装太差劲挺好 就是货物包装太差劲挺好 就是货物包装太差劲挺好 就是货物包装太差劲挺好 就是货物包装太差劲挺好 就是货物包装太差劲挺好 就是货物包装太差劲挺好 就是货物包装太差劲挺好 就是货物包装太差劲挺好 就是货物包装太差劲挺好 就是货物包装太差劲挺好 就是货物包装太差劲挺好 就是货物包装太差劲挺好 就是货物包装太差劲挺好 就是货物包装太差劲挺好 就是货物包装太差劲挺好 ,0.0
买了好几次了，同事也觉得好，价格合理，又营养。,1.0
货品质量一般，塑料支架有裂纹，支架与主杆不能对上,0.0
销售之寓于性格是用心来做销售。对个性的把握岂止是销售之成败得失？,1.0
奶瓶很好看也很漂亮我买了很满意，,1.0
造型时尚美观。但是质量存在问题，戴上后眼睛会很不舒服  。我骑行了半个小时，看路面等会产生差异感，取下眼镜感觉眼睛有肿胀感，看物体不真实。所以大家慎重。,0.0
定的时候刚好特价不到200一晚感觉还不错。但还不是特别方便。,1.0
"去芜湖吃外甥的喜酒,10人,订了24~26日5间标房.住前看了点评,心有余悸.不过去住了之后觉得比想象要好.在这样的城市,这个价钱住得应该还算不错的.缺点,住4楼,窗前有一大平台,窗外景色不好.我爱好摄影,有点遗憾.",1.0
付款后20天投诉到jd商家才发货,0.0
酒店环境不错，不过饭店什么的很贵，稍稍消费就要1000元左右。江景房的视野开阔，很漂亮。他们有的是室外泳池，有2-3个池，很大，很干净，后悔没有带泳裤。,1.0
两米不到就卡了，没有说得十米的效果，有点失望,0.0
内存太小，偶配了2根“金条”，目前兼容。但不知道是内存不兼容还是什么，有时会听到硬盘“咔咔”运行的声音。预置系统下Office是2007试用版，偶自装2003，则每次启动弹出正版增值计划窗口，很麻烦！,0.0
家里人都比较喜欢，越嚼越香&hellip;&hellip;,1.0
东西不错，质量很好，物流很快，下次还来,1.0
"酒店服的服度不太有貌,入住的房比陋,房.",0.0
说保质期三个月，其实就一个月,0.0
质量蛮不错的，质感很强，很喜欢,1.0
一套买的，总体上算可以了的,1.0
昨晚下单，今天衣服就到了，好快。衣服貌似还可以，160身高，50公斤，穿着刚刚好。只是刚刚洗了，发现里外不一样长，不知道干了以后会不会好，希望不要有问题。,1.0
确实挺清楚，连接费了点事。好像一个月后百度录像就要收费，有后续费用。,1.0
这个实在是神器啊材质好功能强大多用美观一边看电视一边锻炼，给懒得去健身房的一家人一个舒适的锻炼方式，比健身房还要好老公称赞连连价格也非常公道强烈推荐,1.0
香味怪怪的，有点像洗发水味,0.0
真不错，收到好久了，这几天出差，没顾上收货评价，质量真的是很呢。,1.0
非常不错，服务很好，位于市中心区，交通方便，不过价格也高！,1.0
发货速速超慢，要四天发货。商品没有送到我手上，到我手上商品以被打开。建议不要在购买。差评强烈差评,0.0
送的三星1G金条，真品。下单时没送我瑞星杀毒软件，郁闷。装系统花了点时间，联想的软件还真多。VISTA不好 影响运行速度 没有独立显卡，分区很不合理：C盘210G 。,0.0
房间小，地点差，交通不便，最可恶的是变相恶意宰客。建议到连云港千万不要入住该处。否则后果很严重。,0.0
购买的这次经理超级不好，买来之后电源充不上点，寄回去店家说产品每问题，无从查证，郁闷，,0.0
衣服款式不错，颜色也相差不多，挺喜欢的，就是少了件马甲比较不高兴，总体不错，很好。,1.0
周边环境不好，虽然在五环边上，但交通也不十分便捷，初次去，恐怕不太好找。不过酒店本身还不错，挺新的，停车也很方便。由于只住了一晚，就匆匆离开了，对服务什么的，没太深切的感受。总体感觉还不错。,1.0
款式可以质量没想象的那么好 性价比不高,0.0
车子质量款式不错，价格超值，服务超好，订货后，便有客服通知货已发出，3天到货，半小时安装好，骑行10KM，变速、刹车非常灵敏，同事们都说好，昨日，客服又来电话询问车子是否装好，有何问题，客服服务非常好。愉快称心的一次购物。点个赞！,1.0
定得是豪华套间，但一点都不豪华。酒店周围打车不方便，特别在上下班时很困难，也没有地铁或者公交等，周围也没什么饭店。酒店得早餐比较差，餐厅小，吃饭得人多，吃的东西也很少。离铁轨太近，火车开过山摇地动。我住了5天，而且从没提过中途退房，最后携程告诉我酒店说我只住了2天就退房了，虽然最后是解决了，但很不爽唯一好得，酒店工作人员还比较热情,0.0
太无用了，上当受骗的感觉,0.0
没有经过任何处理的视频！\n真的是原版，听听还好，看，就很纠结了&hellip;&hellip;,1.0
挺失望的，只看封面不能看到里面内容 遗憾,0.0
货到现在还没收到，电话都没有一个！,0.0
钢化膜破璃膜好贴方便清楚,0.0
还可以吧，不过还没用，觉得有点重，有些间隔不太实用，还是用回旧的,1.0
一个字，差！俩字，真差！仨字，真的差！,0.0
很好的东西，真心的不错。一次买了3个，儿子一个，小妹一个还有自己一个。买三免一，很合算,1.0
完好无损 快递很快,1.0
选了三次才选上，前面2次都说号码被占用，客服一会儿说取消订单，一会说随机选号，快递小哥还是很给力的,0.0
奶粉有虫子，假货，黑心商家千万别买,0.0
我是第一次来这家酒店入住，由于是晚上的航班，也因天气的温差问题，有些感冒，拉肚子，我本来心脏也有些不好，正担心着，这事让客房部经理发现了，前来慰问并赠送了水果。凌晨12点半，值班经理还通知了西餐厅经理为我准备了稀饭和小菜，并询问了身体状况。当时我对酒店员工的关心真的十分感动，没想到出差在外仿佛还有“家人一般的照顾”。由于是来出差，顺便自己当作旅游一下，这酒店又位于市中心，交通很便利，我自己买了份地图，服务员帮我把要出游的景点一个个都标志出来，还相应介绍了些有名的景点，给我节省了时间，也增添了我自出游玩的美好心情。过来出差来得匆忙，忘记带充电器，客房部经理得知后，还帮我找来了我手机相应的充电器。总之这次的出差，我倍受感动，也玩得很愉快。如果下次再来厦门，我一定毫不犹豫的选择宏都大饭店。,1.0
就是有点小，其他还算ok,1.0
满160减80的时候买的  可能是减价的缘故吧  快递特别慢  五天才到,1.0
质量很好字数字数字数字数,1.0
不好，掉色厉害，不敢穿,0.0
快递速度太慢，明明已经到达本地快递地点，14号到的货，17号才送过来,0.0
质量上看不是真耐克，以后都不在网上买衣服了。,1.0
帮朋友买的，既然没说不好那自然就应该认为是好吧。,1.0
味道更好，跑出来的茶很想,1.0
鞋子到了，还不错，不过买给我邮鞋带\n,0.0
效果将就吧，用了一段时间了。,1.0
"位置非常接近浦展;然是二面路,但相,不有太多。服素一般,只是早餐相差,只有:吃或不吃",1.0
60送20，不想送就别写什么~~~还要客户拍什么照片，总共就1个东西，你们出库自已没有称重啊！！！！！！！！！！！,0.0
好评，很好的宝贝，下次有机会还会关注,1.0
一点都不保温，价格这贵，东西就是个垃圾物品，大家不要买！,0.0
差的要?差差差差差评,0.0
禅盟分销 报价2 0 1 5  年1 1  月1 7日  new,1.0
服务非常好，环境也比较舒适，只是酒店的餐饮方面一般般。,1.0
不错的说说说说说说说说说说说说说,1.0
就是一般睡觉的地方，和如家差不多吧，还算干净，但住惯了大宾馆的人，住在这里还是有点别扭。,0.0
Yyyyuyyyyyyy,1.0
一，说好得赠品呢？二，发货慢，三........链子小小小得，四，快递不通知来了都不知道，还不打电话就签收！！,0.0
东西一般，就是商家太粗心，本个月才到货,0.0
醇经典醇经典醇经典醇经典醇经典醇经典醇经典醇经典醇经典醇经典醇经典醇经典醇经典醇经典醇经典醇经典醇经典醇经典醇经典醇经典醇经典醇经典醇经典醇经典醇经典醇经典醇经典醇经典醇经典醇经典醇经典醇经典醇经典醇经典醇经典醇经典醇经典醇经典醇经典醇经典醇经典醇经典醇经典醇经典醇经典醇经典醇经典醇经典醇经典醇经典醇经典醇经典醇经典醇经典醇经典醇经典醇经典醇经典醇经典醇经典醇经典醇经典醇经典醇经典醇经典醇经典醇经醇经典醇经典醇经典醇经典醇经典醇经典醇经典醇经典醇经典醇经典醇经典醇经典醇经典醇经典醇经典醇经典醇经典醇经典醇经典醇经典醇经典醇经典醇经典醇经典醇经典醇经典醇经典醇经典醇经典醇经典醇经典醇经典醇经典醇经典醇经典醇经典醇经典醇经典醇经典醇经典醇经典醇经典醇经典醇经典醇经典醇经典醇经典醇经典醇经典醇经典醇经典醇经典醇经典醇经典醇经典醇经典醇经典醇经典醇经典醇经典醇经典醇经典醇经典醇经典醇经典醇经典醇经 典醇经典醇经典醇经典醇经典醇经典醇经典醇经典醇经典醇经典醇经典醇经典醇经典醇经典醇经典醇经典醇经典醇经典醇经典醇经典醇经典醇经典醇经典醇经典醇经典醇经典醇经典醇经典醇经典醇经典醇经典醇经典醇经典醇经典醇经典醇经典醇经典醇经典醇经典醇经典醇经 醇经典醇经典醇经典醇经典醇经典醇经典醇经典醇经典醇经典醇经典醇经典醇经典醇经典醇经典醇经典醇经典醇经典醇经典醇经典醇经典醇经典醇经典醇经典醇经典醇经典醇经典醇经典醇经典醇经典醇经典醇经典醇经典醇经典醇经典醇经典醇经典醇经典醇经典醇经典醇经典醇经典醇经典醇经典醇经典醇经典醇经典醇经典醇经典醇经典醇经典醇经典醇经典醇经典醇经典醇经典醇经典醇经典醇经典醇经典醇经典醇经典醇经典醇经典醇经典醇经典醇经典醇经 典醇经典醇经典醇经典醇经典醇经典醇经典醇经典醇经典醇经典醇经典醇经典醇经典醇经典醇经典醇经典醇经典醇经典醇经典醇经典醇经典醇经典醇经典醇经典醇经典醇经典醇经典醇经典醇经典醇经典醇经典醇经典醇经典醇经典醇经典醇经典醇经典醇经典醇经典醇经典醇经典醇经典醇经典醇经典醇经典醇经典醇经典醇经典醇经典醇经典醇经典醇经典醇经典醇经典醇经典醇经典醇经典醇经典醇经典醇经典醇经典醇经典醇经典醇经典醇经典醇经典醇经典醇经典醇经典醇经典醇经典醇经典醇经典醇经典醇经典醇经典醇经典醇经典醇经典醇经典醇经典醇经典醇经典醇经典醇经典醇经典醇经醇经典醇经典醇经典醇经典醇经典醇经典醇经典醇经典醇经典醇经典醇经典醇经典醇经典醇经典醇经典醇经典醇经典醇经典醇经典醇经典醇经典醇经典醇经典醇经典醇经典醇经典醇经典醇经典醇经典醇经典醇经典醇经典醇经典醇经典醇经典醇经典醇经典醇经典醇经典醇经典醇经典醇经典醇经典醇经典醇经典醇经典醇经典醇经典醇经典醇经典醇经典醇经典醇经典醇经典醇经典醇经典醇经典醇经典醇经典醇经典醇经典醇经典醇经典醇经典醇经典醇经典醇经醇经典醇经典醇经典醇经典醇经典醇经典醇经典醇经典醇经典醇经典醇经典醇经典醇经典醇经典醇经典醇经典醇经典醇经典醇经典醇经典醇经典醇经典醇经典醇经典醇经典醇经典醇经典醇经典醇经典醇经典醇经典醇经典醇经典醇经典醇经典醇经典醇经典醇经典醇经典醇经典醇经典醇经典醇经典醇经典醇经典醇经典醇经典醇经典醇经典醇经典醇经典醇经典醇经典醇经典醇经典醇经典醇经典醇经典醇经典醇经典醇经典醇经典醇经典醇经典醇经典醇经典醇经醇经典醇经典醇经典醇经典醇经典醇经典醇经典醇经典醇经典醇经典醇经典醇经典醇经典醇经典醇经典醇经典醇经典醇经典醇经典醇经典醇经典醇经典醇经典醇经典醇经典醇经典醇经典醇经典醇经典醇经典醇经典醇经典醇经典醇经典醇经典醇经典醇经典醇经典醇经典醇经典醇经典醇经典醇经典醇经典醇经典醇经典醇经典醇经典醇经典醇经典醇经典醇经典醇经典醇经典醇经典醇经典醇经典醇经典醇经典醇经典醇经典醇经典醇经典醇经典醇经典醇经典醇经醇经典醇经典醇经典醇经典醇经典醇经典醇经典醇经典醇经典醇经典醇经典醇经典醇经典醇经典醇经典醇经典醇经典醇经典醇经典醇经典醇经典醇经典醇经典醇经典醇经典醇经典醇经典醇经典醇经典醇经典醇经典醇经典醇经典醇经典醇经典醇经典醇经典醇经典醇经典醇经典醇经典醇经典醇经典醇经典醇经典醇经典醇经典醇经典醇经典醇经典醇经典醇经典醇经典醇经典醇经典醇经典醇经典醇经典醇经典醇经典醇经典醇经典醇经典醇经典醇经典醇经典醇经醇经典醇经典醇经典醇经典醇经典醇经典醇经典醇经典醇经典醇经典醇经典醇经典醇经典醇经典醇经典醇经典醇经典醇经典醇经典醇经典醇经典醇经典醇经典醇经典醇经典醇经典醇经典醇经典醇经典醇经典醇经典醇经典醇经典醇经典醇经典醇经典醇经典醇经典醇经典醇经典醇经典醇经典醇经典醇经典醇经典醇经典醇经典醇经典醇经典醇经典醇经典醇经典醇经典醇经典醇经典醇经典醇经典醇经典醇经典醇经典醇经典醇经典醇经典醇经典醇经典醇经典醇经,1.0
与买的货物不一致，忽悠人京东，以次充好来欺骗客户,1.0
东西真心不错，买了一双朋友又看上了，第二次买一样好评哦,1.0
送货速度很快，书下角有破损,0.0
合上时的确有缝隙，新的时候还没什么太大影响，就不知道以后怎样。,0.0
不好-安装了用不了，还要自己更新很麻烦,0.0
暂时用着，有点贵吧,1.0
太轻了吧，就一层薄的，还是缝制的,0.0
满意 、衣服刚好、可以、下次在买,1.0
图片跟实际差别太大,0.0
一起买了三盒，另外两种用了一片又痒又干，不敢用了,0.0
我用了两套了感觉挺好的  也都是在她家买的  态度挺好物流也快,1.0
运动很实用，可以( ^_^ )不错嘛，,1.0
什么都没讲，讲得都没用，一点用都没有,0.0
从不接触股票，买来看看了解下。\n这本书还不错，还没看，很喜欢，很实用，以后还会买。这本书还不错，还没看，很喜欢，很实用，以后还会买。这本书还不错，还没看，很喜欢，很实用，以后还会买。这本书还不错，还没看，很喜欢，很实用，以后还会买。这本书还不错，还没看，很喜欢，很实用，以后还会买。这本书还不错，还没看，很喜欢，很实用，以后还会买。这本书还不错，还没看，很喜欢，很实用，以后还会买。这本书还不错，还没看，很喜欢，很实用，以后还会买。这本书还不错，还没看，很喜欢，很实用，以后还会买。这本书还不错，还没看，很喜欢，很实用，以后还会买。这本书还不错，还没看，很喜欢，很实用，以后还会买。这本书还不错，还没看，很喜欢，很实用，以后还会买。这本书还不错，还没看，很喜欢，很实用，以后还会买。这本书还不错，还没看，很喜欢，很实用，以后还会买。这本书还不错，还没看，很喜欢，很实用，以后还会买。这本书还不错，还没看，很喜欢，很实用，以后还会买。这本书还不错，还没看，很喜欢，很实用，以后还会买。这本书还不错，还没看，很喜欢，很实用，以后还会买。这本书还不错，还没看，很喜欢，很实用，以后还会买。这本书还不错，还没看，很喜欢，很实用，以后还会买。这本书还不错，还没看，很喜欢，很实用，以后还会买。,1.0
太小了，穿起还有点过敏,0.0
送到断了失望 又小,0.0
一般般 不是很舒服 还好是赠品,1.0
真的挺好的，便宜一直用这个，介绍给我，还挺好的,1.0
京东的物流让人抓狂，4号一起下的单，这个已经收货了，另一单还在北京没有发货，效率不是一般的底下。,0.0
衣服收到了大了一点，希望洗了不会变形。。。,1.0
京东的第三方卖家就是垃圾。上海发的货，没发石家庄，先发到甘肃兰州了。这是中通快递做的事。我就和商家、京东商城客服、中通客服联系。看怎么处理一下，但就是各种联系不上，京东客服一会是人工，一会是机器人。我感觉不想回答你了就机器人了。总之售后太差。这也是京东和***不让说)的差距所在。有问题找不到人，找到了人不能解答，一会儿是人，一会儿是机器。什么玩意儿。等到一个礼拜后货终于到了发现鞋的包装盒外就一塑料袋，经过半个中国的辗转运输，鞋盒子已经压坏了。估计经过快递小哥n多次的抛扔的结果。因孩子着急穿，也就收了。但孩子穿了后，这鞋夹脚。我勒个去。总结一下这次购物感受就是：京东的第三方卖家361服务、货品包装还有产品都不怎么样。中通是我所见过的快递中的公司中的奇葩。京东客服也是不知所云，推脱责任。这是一次完全失败的购物过程。再买东西，就到*、***去吧。供大家参考。,0.0
物流太慢，太慢了，差不多一个月了,0.0
不错，很舒服下次再来,1.0
酒店因为装修时间不长，设施还是不错，但4星酒店居然没有吹风机！头天晚上问过前台说24小时结帐都可以，但早上5点钟走，结帐时竟然只给我100元整单位的发票，说太早了，没有小额的票！,1.0
不如去买条外面一二十的，我一般不喜欢差评，但这个真的不行，特变形，浪费，还这么贵，估计商家笑欢了,0.0
再补充一些评论，这本书是报业系统内部所有人都推荐的书籍，因此，看到我在当当上购买到了此书，同事也纷纷托买。对于业内新手来说，是一本很专业的指导书籍。而许多从业多年的老媒体人，也时常要翻翻这本书，规范自己的新闻思路。如果你是业内人士，自然不需要我来多说。如果你是正在学习新闻专业的学生，或者是即将入行的新人，就请沉下心来细细读。,1.0
味道还可以就是保持的时间不长 连一天都保持不了 ,1.0
裤子来了就有残次，太坑人了,0.0
快递很不错啊！,1.0
"房间可以,特别的套房,非常不错, 就是餐厅太脏了,早餐搞得没胃口,",1.0
不错，我觉得很好。,1.0
屏幕设计的有点小了，很宽的留边，有点浪费； 机子刚才出现了蓝屏，请问是怎么回事？ 刚买完就来新的优惠了，以后对京东要小心些了。都不说提醒一下。,0.0
这个也太紧了，认了。。。。,1.0
书里的内容没有什么用， 哄小孩还可以。 提升不了数学水平,0.0
京东旗舰店买的，居然没有防伪标签！！！,1.0
换了三次，非常失望，非常脏！全是霉！换的一次不如一次！但是京东售后做的非常到位，客服也很负责，只不过希望京东仓库能提高保存质量！,0.0
补水效果非常好，等双11多买几盒,1.0
保温效果没有之前买的好\n,0.0
质量很好，穿着舒适，客服给参谋的尺码，网页上没有胸围等的信息有点麻烦。,1.0
还没看，有空慢慢读~~~~~~~~~~,1.0
2007年9月11日256元住普通标间，临街（其它房型已无）。我是喜欢开着窗睡觉的，总体感觉不太吵。因为下面的玉皇阁北街不算是银川的主要交通要道。早上有一些车流声。对面有个农贸市场，购买应季瓜果很方便。离鼓楼不远，可以品尝一下“老毛抓肉”。,1.0
图片有些小 校对不好 错误有几处  ,0.0
"携程这次不错，订的行政房给我免费升级到了8号楼的山景房。对于酒店，总结一下：超5星的环境4星的房间3星的设施和服务酒店分栋依山而建，酒店里有专门的散步路线图，要把整个酒店的山景从容走完至少1小时，期间山水桥路，鸟叫虫鸣，空气清新，心旷神怡！8号楼是酒店最好的一栋楼了（价格最贵），进入房间，房间宽大，落地窗外就是山景翠色。但其大床一看就知不会很舒服，床很低，床垫质量不好，床上用品虽然干净但明显成色已经旧了灰扑扑的颜色，摸上去硬邦邦的，家具电器以及卫生间用品都很一般。68一位早餐品种还是比较丰富，吃饱没问题，精致美味就谈不上了。各处的服务员态度还是很好但服务意识和服务质量应提高，酒店有宽阔的停车场，不过无论住店客人均收费。宾馆反馈2008年7月10日：您好!感谢您对红珠山宾馆提出的宝贵意见,我宾馆现已经将布草全部更换,您的意见我们已经交给相关部门进行处理,我们诚恳地期待您的下次光临!",1.0
这个价格，对的起这个东西，给一星的原因就是送快递的，态度极差，是非常的差,0.0
谁买谁上当，根本看不清，质量还不行,0.0
挺好，穿着也很舒服。下次还会再来！,1.0
客服很差， 当时推荐的160码，裤子特别肥， 商量退货，说了好多遍，客服都没反应，以后千万别买他家的货！ 给别人买的衣服，太肥穿不了难过！,0.0
收到的货是这样的，包装盒被水泡了一样，外面的包装袋是好的，一打开，纸盒子烂的，奶瓶洗液还有一半，奶瓶，奶嘴，碗勺都黏黏的，看上去脏兮兮的！奶瓶盖子还盖不严，冲了奶粉，盖着盖子一摇，奶会漏出来！也懒得退货或者换了！,0.0
十五，十五啊，音乐风格一样好，可惜CD音质一般啊,1.0
不错！我和老婆都喜欢！简单！,1.0
刚刚进去不知道大堂在那里，上了电梯才发觉在楼上，特别小。觉得房间还可以，设施还是比较新，也比较干净。就是房间小了点，可能是我住的单间的原因。早餐一般。就是地理位置比较优越，离购物商场比较近。,1.0
京东的订单处理速度有所提高。这次的服务还不错 不过这次意外惊喜是商品说明中为250G内存，实际到手320G. 另外还附赠VISTA光盘,1.0
房间很小，装修太差，电线全部裸露在外面，脏，不是一般的脏,0.0
衣裳有差了，袖子太断了，不好,0.0
质量很差。放着都起霉了。,0.0
质量一般，包装一般，给人的感觉是不负责任！,1.0
不错！！值得！！！！！！！,1.0
第一辑是从朋友处借来看的，不仅小孩很喜欢，我也爱不释手。倒不是崇洋，该书的角度的确和国内的儿童图书不一样，没有一味地说教，而是生动的故事。让小孩能够感受到看书的乐趣，我想这是读书最主要的。所以当“我要找到朗朗”出来后，我毫不犹豫就买了，出了第二辑我也毫不犹豫买下，同时也介绍了许多朋友买。遗憾的是第二辑包含了“我要找到朗朗”这本书。,1.0
只是插图没想像当中的立体，如何能设计成一场休体中的旅行的话，相信孩子会更感兴趣,1.0
口味不错。东西不错。,1.0
差评，快递太烂，十二号凌晨到的东西，十四号都还不一定送到。,0.0
十次到常州九次会选择这里，朋友和同事到酒店看了后都说值，本来不想多说什么的，但这次发现了一个小问题，提出来希望酒店看到后可以改进。酒店早餐时间是7：30--9：30，我是9：05左右进入餐厅的，吃了一会儿发现服务人员开始把一些菜牌给撤了，结果我吃完饭喝咖啡的时候，由于没有提示把酸奶当作牛奶加入咖啡了，可想而知又酸又苦。这时候时间肯定没过9：30.希望服务员以后可以等全部结束再收拾。宾馆反馈2008年5月29日：尊敬的宾客：首先非常感谢您一直以来对酒店的支持以及提出的宝贵意见，由于我们的疏忽给您带来的不便，我们深表歉意。于此同时，我们也会积极整改。欢迎您再次入住！小提示：酒店的早餐时间是7：00--9：30,1.0
太硬了并不好用,0.0
茶壶很好看，包装很精美，非常喜欢。,1.0
不怎么的  质量差 但价格就这样,0.0
没学过其他软件的朋友最好是不要买 ，  没必要 买了你也弄不懂，图片太小，很多都讲得不仔细。,0.0
感觉不错，离奥运和旺角地铁都不远，服务也不错，房间虽然小（确实很小），布置的很合理，很温馨，也很干净。周围是香港的老居民住宅，出去吃饭往东、往南都有。,1.0
好大一包，可惜不会换盆，我估计我这样换盆肯定死了，，如果以后这个里边有换盆说明书就好了,1.0
面料是化纤的，质感很差，值不了这个价格。,0.0
扩音功能很差，声音很低。功能简介纯属虚构。,0.0
维修电工（中级）鉴定培训教材 看不懂,0.0
感觉镜架和镜片质量还行，就是湖北的装配技术粗糙，且镜架和镜片之间还有缝隙（透光看更明显）。早知如此，还是在上海本地配配得了（上海的两副装配质量明显好过湖北）。将就吧。,0.0
我爱大连\n　　大连出版社将要编辑出版&ldquo;品读大连&rdquo;系列丛书，我非常赞成。作为一个土生土长的大连人和曾经参与过这个城市建设与发展的领导人之一，我对大连总是有一种偏爱，总是觉得这个城市所蕴涵的文化值得我们去认真挖掘。这套丛书动员十几位作者，分十几个专题对大连的文化现象进行挖掘和梳理，我认为这项工作十分有价值。\n　　大连是一座充满活力、现代感非常强、文化不断创新的城市，也是一座有着特殊历史和个性的城市。因此，如何在新的时期找出大连的文化定位，挖掘大连的文化内涵，突出大连的城市性格，使城市的根和魂能不断通过文化来体现，并最终提炼出大连的城市精神，既是城市的管理者、建设者所要关注的，也是所有文化工作者义不容辞的责任。另一方面，随着经济的飞速发展，中国的城市化进程不断加快，在这个过程中，我们也面临着&ldquo;千城一面&rdquo;的特色危机，很多城市面貌趋同，城市个性模糊。实际上，城市发展不仅仅是GDP的单纯增长，文化内涵的建设与发展也是一个重要方面，文化竞争力将决定城市未来的竞争力。\n　　因此，我觉得此次大连市委宣传部和大连出版社共同策划出版&ldquo;品读大连&rdquo;系列丛书，可谓正当其时。从多层面多角度挖掘、整理、总结、诠释大连的风物人情、文化脉络、人文价值，并以图书的形式把这些宝贵的非物质财富积累、沉淀下来，无论是对于大连这座年轻却饱经沧桑的城市来说，还是对于600万大连市民乃至我们的子孙后代来说，都是一件功在当代、利在千秋的好事情。当然，在宣传城市、促进交流、满足各界人士阅读需求、提升市民文化素养、锻造城市品牌力等方面，也都具有重要意义。作为一个大连人，我对这套丛书充满期待。\n　　与中国其他城市相比，大连建市时间较短，很多人以此认为她没有文化，甚至使用了&ldquo;文化沙漠&rdquo;这样的词汇来定义她，很多大连人往往也是一提到&ldquo;文化底蕴&rdquo;就没了自信。实际上，大连有自己独特的历史文化积淀，她缺的不是文化，而是发现的眼睛、挖掘的意识、提炼的行动。这正是我们应该做并且正在做的。\n　　最后，我想借用一句大连的流行语来表达我的心情：\n　　我爱大连，从未离开。\n　　这句话揭示了每一个热爱故乡的大连人内心深藏的情感。作为其中的一员，我愿怀着赤诚之心为她作出自己绵薄的贡献。我爱大连\n　　大连出版社将要编辑出版&ldquo;品读大连&rdquo;系列丛书，我非常赞成。作为一个土生土长的大连人和曾经参与过这个城市建设与发展的领导人之一，我对大连总是有一种偏爱，总是觉得这个城市所蕴涵的文化值得我们去认真挖掘。这套丛书动员十几位作者，分十几个专题对大连的文化现象进行挖掘和梳理，我认为这项工作十分有价值。\n　　大连是一座充满活力、现代感非常强、文化不断创新的城市，也是一座有着特殊历史和个性的城市。因此，如何在新的时期找出大连的文化定位，挖掘大连的文化内涵，突出大连的城市性格，使城市的根和魂能不断通过文化来体现，并最终提炼出大连的城市精神，既是城市的管理者、建设者所要关注的，也是所有文化工作者义不容辞的责任。另一方面，随着经济的飞速发展，中国的城市化进程不断加快，在这个过程中，我们也面临着&ldquo;千城一面&rdquo;的特色危机，很多城市面貌趋同，城市个性模糊。实际上，城市发展不仅仅是GDP的单纯增长，文化内涵的建设与发展也是一个重要方面，文化竞争力将决定城市未来的竞争力。\n　　因此，我觉得此次大连市委宣传部和大连出版社共同策划出版&ldquo;品读大连&rdquo;系列丛书，可谓正当其时。从多层面多角度挖掘、整理、总结、诠释大连的风物人情、文化脉络、人文价值，并以图书的形式把这些宝贵的非物质财富积累、沉淀下来，无论是对于大连这座年轻却饱经沧桑的城市来说，还是对于600万大连市民乃至我们的子孙后代来说，都是一件功在当代、利在千秋的好事情。当然，在宣传城市、促进交流、满足各界人士阅读需求、提升市民文化素养、锻造城市品牌力等方面，也都具有重要意义。作为一个大连人，我对这套丛书充满期待。\n　　与中国其他城市相比，大连建市时间较短，很多人以此认为她没有文化，甚至使用了&ldquo;文化沙漠&rdquo;这样的词汇来定义她，很多大连人往往也是一提到&ldquo;文化底蕴&rdquo;就没了自信。实际上，大连有自己独特的历史文化积淀，她缺的不是文化，而是发现的眼睛、挖掘的意识、提炼的行动。这正是我们应该做并且正在做的。\n　　最后，我想借用一句大连的流行语来表达我的心情：\n　　我爱大连，从未离开。\n　　这句话揭示了每一个热爱故乡的大连人内心深藏的情感。作为其中的一员，我愿怀着赤诚之心为她作出自己绵薄的贡献。,0.0
很喜欢西门子公司的产品，质量好经久耐用。 质量不错，手感也好。信赖西门子。 ,1.0
非常糟糕！ 1。我们通过其商务中心包了一辆车游西湖，该车拉我们去不正规景点买茶叶（我们买了），然后在中途突然说家中有事，最后中断了包车服务。你能想象一下在人生地不熟的地方，被扔下的感受吗？ -- 过后商务中心致歉说该司机惦记着回家打麻将！ 2。客房消费说明单有手工涂改，极易误导 - 酒店之后也承认这一点，说今后改正，但是，误导的消费仍然强迫顾客承担！-- 标准的小农意识管理型‘酒店’！建议你去订正规/国际型/连锁型酒店，通常有误会/不清楚之处， 顾客利益在上！ 宾馆反馈 2008年7月10日 ： 您所提出的问题酒店非常重视，酒店商务中心为酒店外包单位，此事给酒店造成了不利影响，为杜绝此类事情的再次发生，酒店对商务中心承包人进行了批评和处罚，商务中心对该司机进行了开除处理。另外酒店消费单已更换，感谢您的意见！,0.0
打开的时候已经有点磨损，很小很小，贵！！！！,0.0
房间里有电脑，虽然房间的条件略显简陋，但环境、服务还有饭菜都还是很不错的。如果下次去无锡，我还是会选择这里的。,1.0
书买了，儿子没怎么看,1.0
送货太慢了  算心得么  如果我有下次机会我可以不订这个了么,0.0
质量不行，刚买来不到一天就断了,0.0
"呵呵,毕竟是当地最好的酒店,所以,除了设施有",1.0
很喜欢的小礼物，很开心的一次购物,1.0
没什么可说的商品描述的大小与实际不同,0.0
酒店环境不好，气氛也不好，我和老婆刚刚住进去就有小姐打电话来问要不要特殊服务，真是恐怖，老婆说啥也不住在那边了，最后，我勉强说服老婆住了一晚上，但是到了后来，更是恐怖，居然没有开水供应，然后，还要自己烧水，但是烧水壶居然已经长了毛，后来有个服务员勉强给换了一个，但是还是这样，我当时不知道该说什么好，最后我们买的矿泉水，勉强对付了,0.0
抱着很大兴趣买的，买来粗粗一翻排版很不错，姐姐还说快看吧，如果好我也买一本。可是真的看了，实在不怎么样。就是中文里夹英文单词说话，才翻了2页实在不想勉强自己了。我想说的是，练习英文单词，靠这本书肯定没有效果，其它好的方法比这强多了。,0.0
好看女友喜欢！不错不错,1.0
很棒的书 送人了 包装很用心 一个大箱子,1.0
布料不喜欢 穿着不舒服,0.0
毛巾等东西太旧了，而且连小方巾也没有，瓶装水也没有，这些小处没看出是个四星，唯一的好处就是离江近。,0.0
这么贵的抱枕 这个质量 这么多线头 哦改？,0.0
收到后就打开试了，很好，力度适中，有加热功能，夏天就不用了，满意,1.0
说实话有点掉毛，这个有点过分了，砸牌子,0.0
就是快递很给力，送到楼下！,1.0
买来装进手机就没有电，充电好了，就打了一局飞机，耗去25%的电。。。唉。无语,0.0
1.关于词的常识\n　　词，又称长短句，最初称为&ldquo;曲词&rdquo;或&ldquo;曲子词&rdquo;，是配音乐的。后与音乐分离，成为诗的一种，也称为&ldquo;诗余&rdquo;。词有词牌，它是词的格式的名称（如&ldquo;沁园春&rdquo;&ldquo;采桑子&rdquo;&ldquo;水调歌头&rdquo;等）。词牌不同，其句数、字数、声律等都有不同规定，根据字数的多少可以分为：小令（五十八字以内）、中调（五十九字至九十字）、长调（九十一字以上）。2.题目解说&ldquo;沁园春&rdquo;，词牌名。词牌就是词的格式的名称，又叫词调。一种词牌有一定的格律。不同的词牌，其段数、句数、韵律、每句的字数、句式、声律，均有各自不同的模式。沁园，相传是东汉明帝的女儿沁水公主的园林，曾被外戚窦（D&ograve;u）宪夺取，后人作诗以咏其事。作为词牌名，始见于北宋，其格调开阔沉郁，故豪放派词人及后人常用此调抒发慷慨激越的情感。&ldquo;雪&rdquo;是这首词的题目，点明了此词的写作对象，内容与&ldquo;沁园春&rdquo;无关。\n　　3.作者简介\n　　毛泽东，中华人民共和国的缔造者，伟大的无产阶级革命家、军事家、思想家。他的诗歌博大精深，融合了中国古代诗歌的精华，且不断创新，既现实又浪漫，达到了现实与浪漫的高度统一。他的诗词，既婉约又豪放，往往在不知不觉中，把人们带入情感的高潮和时代的巅峰。　体悟：&ldquo;无怪他们疑惑&rdquo;中的&ldquo;他们&rdquo;指那些受军国主义影响的日本&ldquo;爱国青年&rdquo;，他们把弱国的人看做低能儿。\n　　&ldquo;&lsquo;万岁！&rsquo;他们&hellip;&hellip;&rdquo;中的&ldquo;他们&rdquo;指受军国主义思想毒害的日本青年学生，妄自尊大，盲目忠君。\n　　&ldquo;他们也何尝&hellip;&hellip;&rdquo;中的&ldquo;他们&rdquo;指闲看枪毙犯人的麻木的中国人，无聊的看客。\n　　（28）品读：&ldquo;呜呼，无法可想！但在那时那地，我的意见却变化了。&rdquo;这句话应怎样理解？\n　　体悟：&ldquo;无法可想&rdquo;的思想，大抵从1909年鲁迅归国一直到他成为马克思主义者之前，都存在于鲁迅先生头脑&ldquo;之中。\n　　鲁迅用&rdquo;呜呼，无法可想&ldquo;这一感慨，来说明中国群众、的愚昧和落后，说明长期残酷的阶级压迫所造成的后果是多么严重。也说明，经过20年的观察和实践，仅仅用文艺来启发人民的觉悟，究竟能有多大效果，鲁迅已持怀疑和否定态度。但是他在仙台学医时却不同，年轻单纯，爱国心切，听到日本同学对中国人做侦探被枪毙而欢呼&rdquo;万岁&ldquo;，&rdquo;特别听得刺耳&ldquo;，而且因此觉得学医不是首要任务，正像后来在《呐喊·自序》中说的：&ldquo;从那一回以后，我便觉得医学并非一件紧要事，凡是愚弱的国民，即使体格如何健全，如何茁壮，也只能做毫无意义的示众的材料和看客，病死多少是不必以为不幸的。所以我们的第一要著，是在改变他们的精神，而善于改变精神的是，我那时以为当然要首推文艺，于是想提倡文艺运动了。&rdquo;鲁迅这一段话，和本文提到的，&ldquo;但在那时那地，我的意见却变化了&rdquo;，可以互相印证。&ldquo;那时那地&rdquo;，是指鲁迅在仙台医学专门学校看时事电影之时，&ldquo;意见却变化&rdquo;则是指决定弃医从文。\n　　第二部分第三层（24~31）：写&ldquo;匿名信事件&rdquo;和&ldquo;看电影事件&rdquo;激发了作者的爱国热情。,1.0
穿起来完全不是那模特样,0.0
价格合理物流快， 带上舒服，遮阳效果好,1.0
少发了吊杆，这个旗舰店的售后真是无敌了，其中有个客服林小航，我前后咨询了4次，每次都说之前登记的截图，真的很累，客服可能完全不会互换心情了解，你们给我少发吊杆，耽误我工人工期，我多付工资，我每次都委婉的说请发货后一定给我发单号。但是客服却说过两天再来索要订单。索要？？本来就是你们的问题，倒成了我的错。还好到最后厂家跟我联系，说明情况之后，几分钟后就回了个电话，告诉发货单号。买不买大家自己断定，只求你们不要少东西。,0.0
质量不错，打孔的           ,1.0
21天后终于收到................,0.0
...........................................0.0,0.0
很失败的一次网购一分钱一分货,0.0
时尚大方，穿着舒适，质量很好，无色差！会再来,1.0
彩版的很不错，内容也丰富,1.0
1.7号下的订单，3.9号左右才到，这个浴液是周游世界去了么？2个多月才拿到货。到了北京又来回折腾，发错地区，还让我自己去联系快递公司。服务态度不好，爱搭不理的，发信息还总不回。每次问都是海关清关中，无解，这海关一清清俩月？这么长时间，我还真怕这东西是假的，实在不敢给孩子用了。太令人失望了。,0.0
得力(deli)0231 高效便捷起钉器12＃ 颜色随机,1.0
房间设施太差，怎么会评上星级的？早餐去晚了就没什么吃的了。,0.0
拍下来直接送到朋友家的没看实物,1.0
效果不好..............................,0.0
用了没多久就坏了，扣不住了,0.0
"在长春这样的房间还好,环境也还好,就是现在气温已经在零下啦,房间的空调还没有暖风,晚上都冻醒了几次,感冒啦.",1.0
适用于管理类的人员阅读，,1.0
非常漂亮的炉具,1.0
"书是6月14日订的,但是到今天也没有给送过来!!送货人员在上周五中午打电话说马上送到,在这周二又说周三一定送来;但除了以上2个电话外,一个人都没有见到.我在深圳,正常应该一周内收货,到现在半个月了,什么都没有.这个服务也太成问题了.",0.0
很不怎么样的酒店，根本不象三星级。 1、大堂：受理很慢，且服务员连你好都不会说； 2、房间：我订的是大床房间，电视机很旧，卫生间里洗澡的地方是用玻璃隔起来的，空间很狭小，而且热水放出来的里面全是棕红色的铁锈，洗澡时水温忽冷忽热；比较变态的是，房间里没有预备网线，你得打电话要，而且电源插座很不合理，如果要插笔记本电源，需要把电视柜往前搬至少50厘米，否则你是找不到插孔的； 3、订餐：按照《服务指南》，我打了8003，提示无此号码，于是拨打8006查询，告知我打8033，打过去以后又让我打8031，订个餐有这么麻烦吗？好不容易打通了，要了红烧草鱼、清炒土豆丝和紫菜汤，结果巨难吃，还不如外边随便一个小餐馆做的好吃，反而花了70多元，根本不是三星级酒店厨师做的，让人愤慨！紫菜汤的颜色就像是刷锅水！紫菜也是大片大片的！ 3、服务：打电话要了网线，过了很久，难道绿洲饭店很大吗？要走那么久？！ 绿洲饭店我已经住过好几次了，这次是最差劲的！！！ 给各位推荐立达宾馆，性价比很好，服务也特别好，而且做的菜很有家常口味，吃起来很可口！虽然远了一点，但是打车到市中心，也不过7元钱而已。唯一不足的就是没有宽带连接。 补充点评 2007年8月16日 ： 还有一点最让人无法忍受：隔音太差了！我的房间隔壁住了个醉汉，那个呻吟声和鼾声，简直就像在同一个房间一样，而且看电视的声音和说话的声音都很清晰！,0.0
没有赠送腰带和包 衣服质量也就那样吧 懒得说了,0.0
速度太慢，已经八天了还没收到衣服！,0.0
样式很好，但是不值这个价,1.0
完全不能用，四边有空，不贴合，建议裸机不要买，而且贴上发现有裂纹,0.0
2008年7月16日晚上11点多，我入住了这家酒店，因为这家酒店离张家界荷花机场非常近，步行不到10分钟。酒店前台有一个瘦高的小伙子接待，虽然已经很晚，但是小伙子的态度很好。房间给我最大的感受就是床非常干净，特别舒适，卫生间配有吹风机，柜子里配有两个防毒面罩，门背后张贴有详细的紧急疏散示意图。次日早晨起来，拉开窗帘，就看到了酒店背后的小山小道，绿油油的，风景很美，空气也不错。另外，酒店还送早餐，味道还不错，吃得比较舒服。,1.0
福建山水大酒店1、看来升4★还是有道理的，服务不错（专人接待和洗衣能比较及时地送达）；2、早餐的皮蛋瘦肉粥不错（尽管第三天早上的有点糊味）；3、二楼的餐饮值得推荐（招待客户时）；4、设备比较齐备，有棋牌室，尽管没去打麻将，看了看环境还可以；5、地理位置不错，窗户对面居然就是－洲际酒店，但打车比洲际方便很多；6、房间上网速度不错，有600KB/s的样子；7、不足嘛：A、福州酒店好像都是一样的问题－－房间购大，但厕所比较小，尤其是马桶的Size……；B、二楼的餐饮无商务套餐，结果比较浪费（按单人50元餐饮计算），已提过此建议，不知是否会改进；C、房间窗户隔音效果比较差。我住在16楼，第一天刮小台风，窗户震了一夜。第二天白天和第三天白天，楼下某车警报器发癫似的直冲云霄……好在房间有个小音响，开到3/4格音量放着摇滚，感觉居然还不错……D、明显存在的问题：8号中午一点多结账时，结果结账的地方才1个人（而且还在忙着统计“对账单”），同一个柜台的接待处却有3个人，而此时并无Checkin的客人，但接待的3人“无动于衷”……（为赶回来看奥运会开幕式，只好要求她们加快或来一个人来帮忙）结果又遇到刷卡有问题。我还没急，结账的那位却风风火火只会把卡左刷右刷的刷了n次（完全无视系统的“报错提醒”）我再三提醒看“请看看是什么错误信息”，才知道是余额不足。只好分别回房间和到商务中心，共转帐二次，结果还是刷卡错误－－回来后问银行柜台咨询才知道是：因为短时间内刷卡太频繁，银行保护把卡锁了……其实：中午时间本来就是CheckOut人比较多的时候（从我开始结账到结账完毕，共有四位客人在Checkout，却无人Checkin），前台人员配备明显不合理；如果结账的那位女同志仔细一点，发现刷卡有问题时多看下提示，就不会耽误客人如此多的时间，而且不会导致锁卡（好彩为看开幕式归心似箭，提前了1个小时CheckOut，否则……）；出现问题时，请冷静点处理，居然比我还急（尤其是她那说话的声音又高又尖又快），如果我也象她那么样急一下，不吵架才怪……当然，酒店的服务从始至终，包括最后处理卡问题时知道换另外一位接待来处理，服务态度还是可以接受的，总体上此酒店还是值得推荐的，希望能百尺竿头更进一步。最后，携程的价格比我在前台听的某价格贵了少许，虽然我接受了此价差入住了，但携程还请加油！,1.0
不像广告上说的加厚，颜色差不多，快递公司服务太差。,0.0
同一时间同一发货的买，它比别的忙了两天就算了，第一天穿发现有两处裂缝布料了夹杂着白色的杂质，产品等级只是合格品，这品牌这质量这价格很坑！,0.0
这个酒店真不错，房间超大，卫浴设施很干净，窗子很大阳光充足。美中不足，餐厅不敢恭维。但服务人员态度超好，本人在住店期间身体不适得到了家人一般的照顾，感激得很！强力推荐！,1.0
这件衣服你还没有记给我，怎么办呢？我可是付了钱的哦！,0.0
第一次在京东买的东西有质量问题，凑合着用吧,1.0
原来买了感觉不错，这次买了三种颜色的，包装是两张的，而且肉色的少一条，最懒得退了，感觉很差！,0.0
垃圾！掉毛厉害！看到的朋友别在上当&hellip;,0.0
我儿子一岁八个月。孩子一直以来都爱听我给他讲儿童歌谣。可平时都是我说他听，最多是配合拍拍手的动作。而这本书，是每个歌谣都有手指动作配合。我给他讲第一个歌谣时，边讲边和他一起做手指比划，哈哈，他笑的好开心啊！！不过有些歌谣的手指动作并没有引起我儿子的开怀大笑。总的来说，只要有部分能让孩子这么开心，我觉得就足够了，哪能所有的部分都能让孩子共鸣呢？！,1.0
质量一般，与价格不能相等。,0.0
因为看销售量很好然后就给我侄女买了也不知道是我智商的问题反正外国的小说我怎么地都没看明白何况我侄女的了……,0.0
垃圾快递中通，不送货上门，要自取,0.0
看上去很廉价，使用上还可以，不推荐,0.0
其实整本书就想说一点什么时候开始为孩子阅读都不晚。（这在买此书前就知道）有关给孩子朗读的问题，在里面找不到真正的答案。很多问题说了和不说一样。实在没必要浪费时间看。,0.0
不错。吃面条刚好合适,1.0
"非常感谢携程工号84392的客服人员,帮助妥善解决了由客人自己信用卡担保的失误,没有及时告知的事件.下次有机会会再次光临本宾馆,支持携程",1.0
掉毛，虽然不太严重，但也有影响,0.0
美西战争发生后，美国必须立即跟古巴的起义军首领加西亚将军取得联系。加西亚将军在古巴丛林里&mdash;&mdash;没有人知道确切的地点，所以无法写信或打电话给他。但美国总统必须尽快地获得他的合作。怎么办呢？有人对总统说：&ldquo;有一个名叫罗文的人，有办法找到加西亚，也只有他才能找到。&rdquo;\n他们把罗文找来，交给他一封写给加西亚的信。关于那个名叫罗文的人，拿了信，把它装在一个油布制的口袋里，封好，吊在胸口，划着一艘小船，四天之后的一个夜里在古巴上岸，消逝于丛林中，接着在三个星期之后，从古巴岛那一边出来，已徒步走过危机四伏的国家，把那封信交给了加西亚。\n他送的不仅仅是一封信，而是美利坚的命运，整个民族的希望。\n这个送信的传奇故事之所以在全世界广为流传，主要在于它倡导了一种伟大的精神：忠诚、敬业、勤奋，正是人性中光辉的一面。\n有关如何把信送给加西亚的故事，有关送信人，有关《致加西亚的信》这本书，在全世界已广为流传。&ldquo;送信&rdquo;变成了一种具有象征意义的东西，变成了一种忠于职守，一种承诺，一种敬业、服从和荣誉的象征。\n\n在有史以来在世界最畅销书排行榜中列第6名的《致加西亚的信》，显然比《谁动了我的奶酪？》更有畅销的悠久历史。现在，它被引入了中国。这是一本关于敬业、忠诚、勤奋的管理书。加西亚的故事最早发表于1899年。这篇文章，几乎世界上所有的语言都把它翻译出来。\n《致加西亚的信》这篇文章被印成亿万份，广为传颂，表明人类敬仰能把信带给加西亚的人，崇尚他那恪守信义，不辱使命的精神品格。现在这本2000年被美国《哈德森年鉴》和《出版商周刊》，评为有史以来世界最畅销书第6名的奇书。\n《致加西亚的信》这本薄薄的小册子，也许这是一本不合时宜的书。但是，一百多年来此文所推崇的关于敬业、忠诚、勤奋的思想观念，却已经在全球的许多地方产生了深远影响。希望读者对这个送信的故事及其意义能作更进一步的思考。\n目前，不少公司的总裁、CXO们，他们对实干家情有独钟，坚持不懈地寻找能够把信带给加西亚的人（指那种不问缘由只知道忠实执行任务的能人），这种人不论要求任何事物都会获得。他在每个城市、村庄、乡镇-每个办公室、公司、商店、工厂，都会受到欢迎。世界上急需这种人才，这种能把信带给加西亚的人。\n《致加西亚的信》这篇文章被印成亿万份，广为传颂，表明人类敬仰能把信带给加西亚的人，崇尚他那恪守信义，不辱使命的精神品格。现在这本2000年被美国《哈德森年鉴》和《出版商周刊》，评为有史以来世界最畅销书第6名的奇书。[2]\n把信带给加西亚的人--安德鲁&bull;萨默斯.罗文介绍：在美国陆军史上，安德鲁&bull;萨默斯.罗文上校创造了一个可歌可泣的奇迹--送给加西亚。\n安德鲁&bull;萨默斯.罗文，弗吉尼亚人，1881年毕业于西点军校。作为一个军人，他与陆军情报局一道完成了一项重要的军事任务-将信送给加西亚，被授予杰出军人勋章。\n立功之后，他曾服役于菲律宾，因作战勇敢而受到嘉奖，从军队退役后，他在旧金山度过了他的余生，于1943年1月10日逝世，终年85岁\n罗文的事迹通过《致加西亚的信》一本小册子传遍了全世界，并成为敬业、服从、勤奋的象征。致加西亚的信》百年出版传奇史：100多年前的一个傍晚，出版家艾尔伯特&bull;哈伯德与家人喝茶时，讨论起了美西战争。大家都为古巴起义军首领加西亚喝彩，而哈伯德的儿子伯特却提出了不同的观点：战役中真正的英雄不是加西亚将军，而是罗文中尉，那个把信带给加西亚的人。\n受此启发，一篇名为《致加西亚的信》的文章诞生了，它刊登在一本《菲士利人》的杂志上。因为这篇文章杂志开始畅销。\n纽约中心铁路局的乔治&bull;丹尼尔一次要求订购10万册以书籍方式印刷的《致加西亚的信》在车站发放。本书也引起了俄罗斯铁道部长西拉克夫亲王浓厚的兴趣，回国后，他让人把此书译成了俄文，发给俄罗斯铁路工人和士兵人手一册。\n日俄战争期间，日本人在每个俄罗斯士兵的尸体上都发现了这本小册子，他们断定这肯定是一件十分有价值的东西，于是，就有了日文版。\n日本天皇下了一道命令：每一位日本政府官员、士兵乃至平民都要人手一册《致加西亚的信》。\n到1915年作者逝世为止，《致加西亚的信》的印数高达四千万册。创造了一个作家的有生之年一本图书销售量的历史记录。\n其后的80余年，该书被翻译成所有的文字，关于把信送给加西亚的故事，在全世界范围上广为流传。送信变成了一种具有象征意义的东西，变成了一种忠于职守，一种承诺，一种敬业和荣誉的象征。许多政府、军队和企业都将此书赠送给士兵和职员，作为培养士兵、职员敬业守则的必读书。美国西点军校长期以来将此书作为讲授自立和主动性课程的教材；美国总统布什在任州长时，曾在这本小硬皮书里签名，把它赠送给所有的部属；而许多跨国大公司要求所有员工人手一册的情况更是不胜枚举。\n\n,1.0
这书切割的凹凹凸凸，太难看了，实在让人忍受不了书籍如此被糟蹋,0.0
功能很多。\n设计者一定是位男性，手大能握住。\n右侧的上下翻页键与音量键换一下位置就更方便了。毕竟翻页笔的基础性功能就是上下翻页，翻页键用的频率比音量键高。,1.0
房间、地点都不错，服务也可以，就是房间里的空调不好，温度上不去有点冷，洗手间的温度反而很高。,1.0
"交通挺方便,酒店里面装修还比较新,适合出差住",1.0
有干货！！有干货！！有干货！！,1.0
没发票，不是很满意，不合适,0.0
很好看，小朋友一直穿,1.0
多次购买了，质量不错。晚上不漏。,1.0
周末和老婆过去住的，感觉还不错，环境比较好。酒店的服务还可以，但是服务员见到了客人连招呼都不打一个，这点感觉服务员的素质还需要改变，总体感觉不错,1.0
东西质量很差，卖家不诚信说送电池的也没送。快递慢，连**都不如。,0.0
不粘锅，实用，物美价廉。,1.0
这本教材感觉还可以，结构体系较完善,1.0
网速快，且方便VPN连到公司内部网，IT负责人把网络设置得不错，表扬一下。但前台服务员态度达不到满意的标准。酒店没有熨斗，因要见客户，只得拜托熨一件衬衫，说了5块，结帐时却要价8块，说是服务费和加急费要3块。打开玻璃淋浴间的门，才发觉右手至少要有2米长才可够得着浴巾，只好滴着水出来拿。琢磨了一下，浴巾也不能带进小小的淋浴间呀，不知谁设计的。没找到比其他宾馆更多的优点，560块大洋花得有点冤，不再来了。,0.0
好小的书啊~内容不值这个价钱,1.0
垃圾，这次买坑了，物流慢的不敢相信，衣服质量就不说了，还是套牌的&hellip;我去年买了个表&hellip;,0.0
总体不错，唯一不好的就是和图片不同，上面的画是桔红色的，不好看，大件东西懒得换,1.0
这本书很不错，讲得时日常生活中的我们非理性的行为，我们每个人并不是经典经济学中得理性之人，我们有非理性的一面，而且对生活影响的挺大的，这本书值得一读。,1.0
清明一家人去了，酒店在湿地公园的入口处附近，环境非常好，门前有一个池塘，散落一些桌椅，房子是乡村民居格式的，环境很好，没事在那里喝茶，发呆都可以。酒店的饭菜也不错，环境也可以，就是价格贵了一些。以后去杭州还会去那里的。比市区的喧嚣好多了。,1.0
收到手表很惊喜，时尚的外观，强大的功能都很让我满意，试用了下，声音很大很清晰。,1.0
上当，没有实质性的东西，都是作者的一些生活习惯，理念在这儿卖弄，书名有绰头之嫌疑。本人更喜欢《内因决定外貌》这本书,0.0
不值得购买，本来只是凑59的,0.0
并不是想象中的那么好，因为我的电容麦支撑不住，老掉,0.0
皮质软，容易皱，总体还好,1.0
不提质量。二月一号下单，二月十八才送到，春节提前放假也没告知，还有，我在外地，送女朋友生日礼物，订单备注要求要加个生日快乐的字条，卖家连这个都没有做到，不知道是没看见备注？忘了？总之，我很生气，很愤怒。差评,0.0
看着长袖才买的，收到的却是中袖的，能不能好好玩耍了？,0.0
"7月10日入住的,因为酒店搞活动,所以原700多的房间只要498元.还是蛮合算的.地理位置不错.房间也不错.不过,如果按原价700多,有点贵了.总体还是满意的.",1.0
还不错，来北京的首选．就是餐厅太贵．．．．．．,1.0
房间比较旧，骚扰电话太多，一个接一个，受不了补充点评2008年6月27日：忘了说，大床房是用两张小床拼的，不平，千万别住,1.0
这款鞋歪质量骗人的 穿几天鞋底内面完全塌陷 用手摸起小方块形 摁手摁脚 简直无法穿,0.0
  不怎么样、、、、、、、、、、、、、、、、、、、、,0.0
好旧的书，，像是被人看过n年,0.0
色差偏差有点大,0.0
酒店位置可能有点偏，不过还好。酒店内部设施及服务态度值得一试,1.0
刚到手还没看，不知道印刷的内容如何,1.0
于丹的书就看过这一本，也是最后一本。内容浅显，导致废话连篇。本人不推荐大家。,0.0
不错质量比较好，性价比高,1.0
不太满意！！有些贵，不值这个价！！,0.0
有点不好用设计不人性化,0.0
看着很小巧，很适合淑女的，简洁大方。,1.0
不错，儿子超爱，鞋子舒服，好穿 ,1.0
垃圾，简直不能直视，什么东西,0.0
是正版，包装破损了。,1.0
好好好好哈偶哈哈哈哈哈好好好好哈偶哈哈哈哈哈,1.0
卫生条件比较差，真的很差！毛巾白里透着黑，马桶和地面已经分家，一碰就要倒。没有停车场，车放在马路边不是太安全,0.0
买来没几天就发现作为卖点的音箱杂音特别的啊，用耳机的时候就正常，如果用外放，不管是播放什么声音里面都有杂音，而且不是一点，是好像什么东西破了的金属杂音。去华硕售后检测说必须进行音响的更换才可以解决问题,0.0
很不错的裤子。料子也很舒服。穿着合身，码数正,1.0
"刚收到货,包装特别好,满意,今天下午收到的,当时打电话我没接到,看到时手机上已经有十几个电话了还给我发了信息,让我看到电话时联系,我回过去,已经在别的地方了,又回来给我送的,耽误了快递师傅的好多时间, 卖家和送货师傅辛苦了,非常满意,以后还会再来.",1.0
还ok，继续加油啊。。。,1.0
中餐厅的服务员有忽悠客人嫌疑，我们晚上9点到宾馆，上下跑了二回才找到中餐厅，我们一壶茶也没喝，也收了我们的茶费，更让人气愤的是，我们点的鳝鱼筒有异味，我们向服务员提出，她们态度很好，口头答应餐费减去，但到退房结账时，还是没有减去，因为我们要赶时间就没有和她们理论，但给我们留下的是她们的诚信不够。,1.0
泰和楼的高级标准间（就是288的那种）住在16楼了，还是吵，车辆来往噪音大。不过地理位置真的很好，去哪都很方便。房间也很好。,1.0
东西很不错哦，非常喜欢。,1.0
------------------------------,1.0
我只想说，下次买运动内衣再不要买前面有拉链的了，拉链会摩擦到肉的，穿了两次就养伤两次，已经当垃圾丢掉了,0.0
好小，以为很大呢？快递好远，最好能换个默认快递,1.0
设计非常人性化话，用着挺舒服的；送货特别快，一星期就到日喀则了！,1.0
差不多&hellip;&hellip;,1.0
隔音太差，走廊有人说话就像在自己房间说话一样。 房间门关闭不顺畅，要用力推。 服务员爱理不理的，前台服务员连英语也不会说。卫生一般。,0.0
不锈钢不是很好！！！！！！！！,1.0
买了很多，觉得不错吧。,1.0
从前，希腊人相信世界在被创造以前就包含着后来生长繁衍的万物的 萌芽。它们混乱地分布在巨大而又荒凉的空间里。人们把这空间称为卡俄 斯，卡俄斯是&ldquo;混沌&rdquo;的意思。后来卡俄斯从体内分解出大地女神该亚、 爱情神厄洛斯、地府神埃里伯斯和黑夜神尼素斯。该亚生下星空神乌拉诺 斯，俗称天神。大地女神该亚又跟乌拉诺斯奇妙地结合，作为第一批果实 的便是十二位提坦神，六男六女，清一色都是巨人。接着该亚又分娩出三 位库克罗普斯巨人，他们在额头上多长了一只圆溜溜的眼睛。最后，该亚 生下克洛诺斯，也是最早和最古老的神之一。 乌拉诺斯与提坦神和库克罗普斯巨人不睦，他仇视他们，最后又把他 们重新塞进大地的怀抱。该亚十分愤怒，她唆使儿子克洛诺斯用镰刀把父 亲乌拉诺斯割伤。乌拉诺斯伤口里的血首先变成厄里倪厄斯，三位复仇女 神，在罗马神话中被称为芙厉恩，她们还是法律女神。可是乌拉诺斯的伤 口血流不止，还没有凝结生痂，于是在复仇女神之后又生出了可怕的巨人 吉冈特。 后来，乌拉诺斯死了，他的儿子克洛诺斯娶生育女神瑞亚为妻，这场 姻缘产生了宙斯。克洛诺斯主宰大地，统治了很长时间。可是，宙斯起来 反对他，跟他争夺天空王位。克洛诺斯接受挑战，他呼唤兄弟提坦神前来 助阵，九名提坦神应召而来；另外三名站在宙斯一边，反对克洛诺斯。众 神声威赫赫地站在奥林匹斯和奥特律山上，双方展开了一场可怕的恶战。 战争持续了十年时间，弄得天崩地裂。后来，宙斯听从母亲该亚的劝告， 从大地的怀抱里放出了库克罗普斯巨人。库克罗普斯巨人奋力支援，他们 终于取得了胜利，战胜了克洛诺斯。这就是古代希腊神话所叙述的故事。 根据罗马人的传说，巨人们后来放逐了克洛诺斯，让他在台伯河边一 座小小的村庄里落脚谋生。那里居住着野蛮的土著人，世世代代生活在这 里。这一带地方就是拉丁姆王国，传说是古罗马国家的发源地。克洛诺斯 在这里被称做萨图恩，他的妻子俄普斯继续留在天空上。俄普斯是播种和 丰产女神。 在繁杂纷纭的罗马神系学说里，克洛诺斯的儿子宙斯经过那段神奇朦 胧的原始时期以后，又过了无数的世纪，继承了掌管天神和统治凡人的大 权。他成了万能之父，名叫朱庇特。朱庇特飘浮在意大利的上空，从蔚蓝 的天空中降下雨水、风暴、雷霆。凡是他的光线所能照耀到的地方，一切 都属于他的财产。这里砌着井一般的围墙，人们祭献牺牲和供品借以庆祝 和纪念。人们对朱庇特十分敬畏，尊奉他为万能圣主，因为他能决定人类 的荣辱胜负。当他化身为朱庇特·斯答图尔时会竭力阻止敌人逃跑，而当 他变做朱庇特·维克图尔时又会给战士们送去胜利和最高荣誉。 卡皮托尔山峰顶端坐落着一座圣庙。这是专门祭祀最仁慈最伟大之神 朱庇特的，他是拉丁联盟的佑护神。后来，他成了罗马国的主神。据说， 罗马的最后一个国王在建造这座圣庙时遇到了许多罕见的奇迹。从前，这 里建造了分别属于萨比纳神泰尔米奴斯和朱文塔斯的两座神庙。当朱庇特 想要迁入时，两位神不肯恭让。相传人们在起出奠基石时发现下面有一个 完整的脑袋，脸上轮廓清晰可辨，一点儿也没有损坏。人们大惑不解，前 去请教祭司,1.0
这本书看后使人很失望。没有机芯的整体电路图。好些零散的电路图，不标原件型号，规格。书的作者是在糊弄人。,0.0
这条真心可以，尺码和专柜一样。就是发货太慢，客服也没应答。,1.0
很时尚的鞋子，做工挺好的。物超所值啊，卖家服务还挺好。,1.0
对各种养生术泛泛而谈，收获不多。,1.0
一看就不是正版，拿到时，书的封面都是黄的东西，不知道是什么，刚翻开，就已经开胶了。,0.0
差距太大了，不好用,0.0
上午下的单，结果发现灯管类型买错了，下午再退货就没人管了，出库中，直接发过来了，懒得退了，送人了，,0.0
用的不错现在还在用,1.0
十天也报销了，这也太差了吗,0.0
颜色较深，质量还不错，算满意吧,1.0
房间很干净，打开窗口就能看见三塔，嘿嘿，连门票都省了。出门开车五分钟就能到沧海高尔夫，实在方便。 美中不足，出门的时候朋友把手机丢在了床上（非常确定一定以及肯定），离开大理半小时想起来，连忙打电话过去，没想到手机被人挂掉了，再打就关机了。打电话到酒店，总台和服务员分别肯定地告诉我没看见，哎，只好自认倒霉喽。,1.0
刚开始用，目前穿得还可以,1.0
垃圾东西 千万别买！ 有刮痕不说！ 不到一个礼拜就散架了！ 然后找买家 ， 说这说着就给我禁言了！ 还说脏话！ 千万别买！,0.0
不好，晕死。不如不买,0.0
客服服务态度不是很好，,1.0
衣服不值这个钱！帮人代买的，说太差想退 结果商家装聋做哑，她只能让倒霉了算了。,0.0
"和其它如家一样,感觉不错.只是打车要说北纬饭店旁司机才知道.",1.0
打算上班的时候穿，面料和样式都喜欢！,1.0
质量不错，比帮宝适的好,1.0
"很旧的设施,服务也不好,感觉一般.不能和大城市比.",0.0
音量很大，收音效果也好，已经用了快半年了，一直都很好,1.0
很一般，不怎么香，不经泡，口感一般没回甘。对不起这个价格。,0.0
烂，洗一次里面坏了！,0.0
鞋子大小很合适很不错,1.0
那么坑   我都没收到货  就不给我发了  也不联系我  坑,0.0
很棒的分级读物，等价格合适时收齐全套~,1.0
垃圾产品，第一台优盘内存不管用换了居然不补运费，说他们的机子没为题。换回来的机子手机插上声音低跟插优盘音量上有质的差别。最后说让我退货。还得搭运费 就这插优盘凑乎用吧 没心情搭理他了 ,0.0
描述比较一般，没什么技术含量，作者是自娱自乐出书的吧,0.0
碰巧我的专业和健康保健非常接近，也就对于这本热销图书投入了更多的关注，购买了包括这本在内的数本同类热点图书。认真看过之后，觉得大家身体出现状况还是该去医院进行临床诊疗，虽然过程艰难、花费不菲，但可靠啊，至少比这本书可靠多了。评分应该低于50分。,0.0
漂亮 网上的和收到的一模一样 挺好,1.0
1.令我最大的遗憾是，热水竟然不热。还好是夏天没感冒。2.电视上面一个机顶盒子是坏的我也懒得修了3.四星级酒店竟然没有西式早餐。完全都是猪油的菜，我只能吃伴黄瓜和油条。而且中餐实在是太难吃了。4.服务还是可以的。5.酒店内部设施实在是不配4星级称号，太旧太烂了。6.网速并不象其他人说的那么快，可能截流了，也就一般的速度,0.0
衣服超级掉毛毛，晕了 这个价格相当于买了一件废物！,0.0
一般吧.说是1080P结果是720P.说是960*540的4.7寸LCD.结果是最多640*360的LCD.说是140度广角.结果实际测量大约110度.所带电池容量很小.只用10分钟就要接电源.按键有时会不灵.不过看在价格的份上.也是要求这样了.不过还是希望商家能如实写参数.让买者心里有数.,0.0
不行，非常不行。和图片完全不一样，简直太细了拿来根本用不了，白浪费了钱了,0.0
"入住的经济客房,一开门进去浓厚的霉味,且无窗户255的房价是不值的,如果住别的酒店的话,可能会更好",0.0
收到好久了，用了好滋润下次会再来,1.0
预装的系统不好，回来还得费劲重装，内存小了点，如果能配套有2G的选择就好了,0.0
内存小，才1G，不是独立显卡，无摄像头，硬盘不是320G。接口布局不是很方便，不过要像普普那么布置的话，估计散热不好。要追求独立显卡、摄像头的，又不是这个价格了。VISTA系统用着很不爽。,0.0
垃圾，卵用都没有！,0.0
使用方便，赠送的擦鞋布配合使用不错，保养效果好～,1.0
孩子一年级，内容过于简单，起不到相应效果。而且没有折扣，实在不值！\n投诉内容：\n下单时说预计周日可送达，这都周一了，还没有发货。孩子等口算题用呢 \n提交时间：\n2014-03-24 09:10:00\n客服回复：\n您好，亲爱的用户，很抱歉，此订单有个商品是缺货的，还请您耐心等待一下，感谢您的支持，谢谢\n提交时间：\n2014-03-24 15:07:08 \n\n投诉内容：\n上周五下单时说周日可送达。特意改了地址让送家里，因为孩子等口算题卡用。结果今天（周四）现在了还没收到（说今天会送货上门）。本周一的时候投诉了，反馈说我的订单中有商品是缺货的，通常是有货的先送，缺货的再次送达。订单金额不满额要额外支付邮费，京东不会为了少送一次货，节约成本才这么干的吧 \n提交时间：	\n2014-03-27 09:11:23\n客服回复：\n您好，亲爱的用户，很抱歉给您添加麻烦了，此订单这边已经显示完成，请问是否签收到了，感谢您的支持，谢谢\n提交时间：\n2014-03-27 17:39:29 ,0.0
这鞋我也是服了。今天下雨。就像穿一双旱冰鞋一样？走那滑那。,0.0
太差了，黄色的都脱掉了,0.0
房间的卫生间较差，不尽人意。总的感觉不是很好。但是个人用品的卫生还是很规范的，整洁而且包装的很完整。,0.0
产品实际使用与描述不符，根本无法使用。,0.0
心得就是郁闷，卖家第一次发后因快递原因当天就返回发货点了，联系客服一直没人理，申请退也没有通过，没管，卖家十多天也没理，十多天后联系了下客服有人回答了，虽是小东西，服务能不能用心点！,0.0
七号拍，八号提供快递单号，快递公司说十号才收到公司商品，出货慢，客服不鸟人,0.0
卖家的客服不错，还教我调表了，赞,1.0
明明都没有收到，却显示已签收，真的是醉了，还想着能在啥时候到，正好能用，这物流，我也是不敢恭维，还是自己累点，去街上买吧,0.0
质量问题，退货半个月了钱还没有退啊？怎么回事？,1.0
太厚了，右手的袖子有点问题，明天准备退回换一件,0.0
刚开始挺好看的，结婚戴了没几天表就掉漆了,0.0
酒店位置佳，出入西街比较方便；观景房是观西街的景，晚上虽然较吵但基本不会影响到睡眠；酒店对面就是在携程上预订自行车的九九车行，取车方便。通过携程订房已付费的情况下还需要收款200元的钥匙押金；没有电梯，行李员可以提供提行李到房间的服务；房间比较老，地毯非常脏，斑斑点点很多，有股霉味，洗手间会有下水道气味，刚进门时在床边发现一颗超大的荔枝核，可见清洁时过于匆忙，不是很用心，大床太硬舒适性低；房间内经常会有蚊子游荡，更为恐怖的是第二天结束游玩回到房间，竟然在台灯下看见一张蜘蛛网，可见卫生质量真的是.......不高。总体来说，地理环境还可以，硬件设施太差。早餐品种非常少，没有现烧的东西，加料不太及时，如果要求不高的话，吃饱还是可以的。,0.0
没有想像中的那么大，失望,0.0
宝贝不错！还没穿！看起来不错\n,1.0
质量非常好，款式简约大方，安装简单方便，全家人都满意，卖家的服务很好,1.0
显卡真是不行，看rmvb电影时如果有其他操作 画面也会卡一下，不过毕竟是上网本，可以容忍,0.0
洗发水洗了头皮很舒服，头发很柔顺，妈妈喜欢飘柔，黑亮柔顺的很滋润，大品牌值得信赖,1.0
房间陈旧，设施简单，尤其是早餐品种极少，但能吃饱。服务人员主动服务意识差，但你主动的话她们倒是比较热情。可能是黄山游客多，酒店生意好，你下次来不来住无所谓。酒店的院落大，停车方便，环境较佳。因他们不是专业酒店，所以要原谅包涵他们。,0.0
关于孕妇如何养胎的书可谓五花八门，层出不穷，但这本书最吸引人的地方是分阶段介绍孕产知识，可以让准备升级的准爸爸和准妈妈做充分的准备。书中不仅介绍了孕妇的饮食需求，而且还详细阐述了准爸爸和准妈妈的生活注意事项。保胎护胎是培养宝宝的第一步，买这样一本详细介绍宝宝成长和孕产知识的书是值得的，当当网的服务快捷而且高质量，书的价格也比较实惠，谢谢当当网!,1.0
不错，配送速度也快。。。。。。,1.0
只有蟹券？几时，在哪可有鲜活蟹吃？？？？,1.0
为了达到那些令人羡慕的拥有， 而在区别彼此的不同，忘了做真正的自己，也许正是因为太多的惯性和常识才让自己更孤单，这套书很好，可惜一直都无法买全，它的另外几本至今也买不到：爱你本来的样子，你所需要的，你很特别……你是特别的，并不需要具有所谓的成就、才能、性格，而是，你本来就是特别的，在这个宇宙 我是独一不二，没人能取代，梦在手里，我可以。,1.0
为什么我吃了3条了还是没有任何反应？也不排便，是不是假的,0.0
鞋子味道非常不好闻，一股浓浓的胶味,0.0
垃圾，根本安装不了，昂克拉的，已经扔了,0.0
是以前的工人宿舍改造的，旁边施工很吵。酒店的设施也不是很好。,0.0
服务态度极差，现货的质量非常差,0.0
内容详细，但是如果多一点中文翻译就好,1.0
号称平遥最高级的四星酒店，实际只是二星半的硬件，二十年前国营招待所的服务，差极了。可能因为住客少，房间长期空关，酒店西翼的房间一股霉味，厕所还泛出阵阵臭气。建议坚持要求酒店东翼房间。-酒店不收信用卡，只收现金。住客在餐厅消费不能签单，必须付现金。-酒店提供的洗发波/浴液质量低劣。卫生纸污迹霉斑。强烈推荐自带洗发水、卫生纸，以免飞来横祸。-酒店床上用品“一客一换”，住客不离店不换床单。-早餐极差，基本吃素。-行李生推荐包车服务疯狂宰客。去王家大院包车半天（夏利）来回竟要价400元。我出门上街拦车，才200元（高速通行费来回30元另计），还是桑塔纳2000。不过据说平遥其他的酒店更可怕。打算住在平遥，丽泽苑是无可奈何的选择。,0.0
老师推荐的书 重视听说 图片插页很美,1.0
房间很小，与行政间的名字不符。另外这家酒店的按摩可千万不能叫，超级黑！结帐时居然会有打手上来，请大家注意！决不会再入住此酒店。,0.0
送的！还好！！！！！！！,1.0
差评给客服的。,0.0
知道了很多税务知识！,1.0
一般   不太好和在网上的看得颜色不太一样   跟久的是的,1.0
还不错，轻便，挡雨，保暖~,1.0
"寄到辽宁去的,给我寄去了上海,一问就是很忙,呵呵~\n也不差这**,就当捐给灾区了~",0.0
配置合理，功能齐全，酒红色很好看，键盘很有弹性，手感好。现在的价格也不错，没有发现亮点和暗点。京东送货够快。,1.0
很一般，颜色相差甚远,0.0
"AMD平台,性能还是不错的,但是风扇确实很响,假如玩游戏的话,风扇一定会一直响着,可能是风扇的品质也一般,比我的东芝M301的风扇要响不少,发热量还好吧,出风口在后面,不过感觉热风会吹到屏幕的下方部位",0.0
"酒店外观相对气派,但房间确实很简陋,设施陈旧,卫生一般,最多就是个90年代未的水平。不过大庆宾馆较少，找了一遍发现也的确再没有什么宾馆了。",0.0
我本是京东商城金牌会员，对所购买的任何宝贝都给予共平合理的好评，但这回例外了，包装外边看是原来的样，里面是塑料袋包装很少然后用废报纸包外面再装筐里，味道很咸这都不说了，只能告诉想买的网友，有点心里准备，一句话*咸菜不值**钱，千万别买！！！！！,0.0
我们是在5月2日入住的此酒店，首先外观有点旧，酒店门口的名字是金山大酒店不是叫做新金山，令我们有点混扰。酒店大堂算大，但是设施比较旧。我们订的是行政客房，走进浴室内，首先发现地板有很多毛发，而且很黑，好像完全没有清洁过的一样。房间地毯也像好久没有清洗过，好多污渍。房间的空调不制冷，向服务员讲过，但是没有人来处理，搞到晚上没能睡个好觉。不过，酒店的床还是可以赞一赞的，算是软硬适中。 下次去杭州的话，不会考虑住这了。,0.0
是自己喜欢的颜色，就是腰部有些大了，松紧不是很紧，弹力不够，面料很好厚实,1.0
总体感觉不错，美中不足的是房与房之间隔音效果不太好，还有房价感觉稍高。,1.0
不是磨毛的，很薄，还不如*的，摸上去不舒服,0.0
很不满意，太小了。。。。,0.0
我只能说，质量和价钱不成比例&hellip;&hellip;样子还好&hellip;&hellip;就是价钱掏贵了&hellip;&hellip;,0.0
颜色还可以，就是胸部不是很合适，有些压胸,0.0
产品质地通透，容量正好！,1.0
一口气看完，感觉sales的生活是如此的跌宕起伏，一张order可以让你平步青云，升到一个很高的位置，也可以让你一下子跌入谷底，以前所作的努力都付诸东流。这其中除了销售技巧和人脉外，还包含着很多运气的成分。好好把握机会。不仅适合做sales的人阅读，对其他的工作职位的人也受益匪浅，尤其对于刚刚步入职场的学生，或许可以对职场有个感性的认识。,1.0
真心难吃，毫无出彩之处,0.0
~千盼万盼终于盼到快递哥哥的电话了，物流速度真的是超级无敌快，拿到包裹我就迫不及待拆开了，果然不失我所望，垫子不错，舒服，而且很凉快哈哈，超出期望值，爸爸妈妈都说很不错，颜色也耐看！,1.0
说真的不是一般的差啊,0.0
质量一般般，竟然没有开关，很郁闷,0.0
该酒店环境和服务还有待提高，总体性价比还算挺高！,1.0
太失望了，跟自己想象的不一样，特别小，又贵，不知道价值在哪儿,0.0
货到的有些慢，把人等的急的,1.0
二岁半的儿子一直喜欢贴贴书，买过很多，个人认为这是买过的最好一套。动手能力，认知能力，观察能力，对数学的启蒙都包含在了每一页的精彩画面中。更让我惊喜的是还有培养孩子好习惯和道德品质的内容，这下不用再单独买了，孩子喜欢，接受得也快。另外纸张质量很好，后面的几套也一定会买下来。特意将感受写在这里，希望对所有爱孩子的父母有点帮助，毕竟，找到一套好书送给孩子不太容易。,1.0
什么六件套，没见着，就见着一个小盘，一把钳子,0.0
服务态度-没有态度，也就无所谓好坏总台看人-用眼白门童-门童长什么样子，我没见过房内-锁是坏的酒店说明-连中文也有错（潮州在浙江），更不要说英文介绍了，哦，酒店说明本身的英文翻译就拼写错误早餐，吃完后，又在外面找了点东西吃房间价格：390/晚，押金800？？！！,0.0
东西可以，就是快递准时点就好了,1.0
太慢了，简直比蜗牛还慢,0.0
学校要求买的，书的质量还不错,1.0
我是看了点评才入住海景嘉福的，感觉还不如怡东。服务并不好。房间内通风不好有异味。也没看到有送水果和巧克力。总体感觉跟四星差不多。,1.0
质量不错，物流很快，总体不错。,1.0
餐厅可以签单。我觉得内部环境不错，很有点情调。就是价格较贵。谭家菜名头很大，吃起来并不怎么样。有个马术俱乐部，觉得新鲜，去了之后发现很小，很萧条。,1.0
不对称 不是很好,0.0
看来此书积压很久了，书和其他商品不同，没人买未必就是不好。,1.0
"装了基本系统,运行还算顺畅. XP 驱动能在光盘里找到,但不全.希望厂家能够更多为顾客考虑.",1.0
贵，而且质量次。京东的衣物一点儿也不好，现在电器也很糟了，尤其售后服务很糟糕。。。,0.0
还蛮不错的 用起来凉凉的 能暂时舒缓痒,1.0
很好很好，喜欢喜欢得很,1.0
质量一般，座位总是下滑，不管你拧多么紧!!送到附近修好几次，一分钱一分货，买的同学考虑好了在买吧，很多问题！,0.0
不错！刚刚买回来，但是发现小了！送给朋友了,1.0
USB接口太少 而且位置不人性化！XP下的高清音频驱动，官网上没有，到NVIDIA网上去下载到的。,0.0
书的品质还可以，就是有些地方翻译得不算好。,1.0
配置很高，对得起价格，Vista太烂了，启动占用系统内存太多，只能换XP，换XP要接换回IDE模式，要不就要用集成驱动的盘，HP官方驱动提供了大部分，但是好像有点小问题，机器的QuickLook功能其实有点鸡肋，总体做工还可以。,1.0
包装精美，物美价廉，发货给力，5分,1.0
箱子很好的，， 尺寸选大了，，还想买个小的,1.0
小屁孩喜欢，做出来比较好看，就是有点贵啊,1.0
宝贝挺好的，邮政送件好凶呀！,0.0
一直以来买书就不喜欢听书店大力宣传什么的，这本书我一直都没打算买，但来当当网的饿次数多了，每次买书都见推荐这本书，就想也买回来看看。看了不到50页就看不下去了，完全废话来废话去的。。。。。这可以说是我从买书到现在买的最衰的一本。,0.0
不错的，已经不是第一次住了。房间大，环境不错。背后是大学的女生宿舍，呵呵。,1.0
当时是同事极力推荐这本书。我看到网上的介绍和那么多的“名人”位置鼓噪就觉得忽悠大于内容。同事不甘心硬是买了来看。。果然，看后大呼上当！,0.0
链子是玫瑰金色就好了，花有点大，容易转成反面,1.0
这家店产品有问题，客服还骂人，大家千万不要买。\n1.产品有问题，指针晃动的厉害，时间不准轻微晃动钟表会造成时针偏差。\n2.客服问题及其大，反馈问题不仅不接受，还各种推脱，这款钟表有评价说是刷好评，我质疑了一句，人家就不乐意了，变相的骂人打出***以为是不是就不知道你想说啥？我理论两句人家那气势就是让你服，还想刺激我也骂回来。\n3.即使你是第三发卖家你做电子商务也太嚣张了，我花钱买你东西没奢求你们多友好，起码你端正态度，有点起码的职业素养，我要在你家实体店买，你是不是还得打我？\n4.你这客服要是店主觉得你很牛，可以这么卖东西我祝福你继续保持，如果是你亲戚那你真倒霉，要是你花钱雇的赶紧让滚蛋。\n店大，就是牛，京东第二个差评送给你们，一星都不能给。,0.0
覺得很失望.這本書這麼火.可是並非我想要的內容.作者是博客出身.怎麼寫都是他的自由.但是出版成書就應該章節嚴謹.出處博引.不然怎對得起讀者?看在我眼裡.只能想到這個評語--有寫小說的欲望.沒有寫歷史的本事1.朱元璋的人生中.劉基跟胡惟庸是多麼重要的角色.但在本書中.所謂足智多謀的劉基.作者只寫到所謂安丰之戰.而且還只是劉基規勸朱元璋不要攻打的兩句話.這樣就可以定位劉基的神機妙算了嗎?其他的戰役呢.其他的權謀呢.劉基的角色何在?胡惟庸寫的比較多.但是他的惡形惡狀呢.他的權謀運用呢?都是一筆帶過.比起他對戰爭場面的描述.那真是小巫見大巫了2.作者的強項顯然是戰爭場面與部份小故事.雖然還引用古文.還幫我們翻譯.但我覺得大方向沒定好.重要主角群配置份量沒抓好.很多事件只是輕輕一筆.可見參考文獻的不足3.寫作的語氣當然可以是作者自身的風格.作者用現代流行語重新演譯了亂哄哄的明史.但是作者屢屢試圖以第一人稱做心情描述.卻煽情且花費了大篇章..只能說..他下一部書應該是小說吧,0.0
味道还行，公的比较香，母的个头比较小。,1.0
发货超级的慢        卖家太度很不好        包包太小了       和图片根本就不一样        不值这个钱          黑心,0.0
商家没有信用，少发东西不先找问题根本，一个劲的在那推责任，发现推不了了就在那拖，年前拖到年后！也是醉了！没事，*钱就当给你们买棺材用！真黑心！,0.0
又一次上当书，内容堆砌啊，没啥,1.0
价格便宜，功能强大。去中关村拿还要3600带票呢，这次才3299带票。够便宜,1.0
"感觉每个人物都刻画的非常好,任性暴力的大河其实一直害怕着一个人,元气满满的小实一直在寻找着能看见的幽灵.最让人觉得哀伤的可能就是亚美了.这个一出场以为是女王型的腹黑女,成熟着自信着却也脆弱着迷茫着。在她想看到小实说真话而故意激怒她时,哀伤的堆着雪,我才发觉:亚美呀,自己都不对别人说真心话别人又怎么会说出来呢.这个成熟任性的女人其实比谁都会关心别人但是却不会照顾自己呀。2-C班对着镜头的笑颜和彼时天空中微弱的星光。这就是所谓的青春吧，虽然不曾像你们那样淋漓精致地活过，但至少闻到了花开时的若隐若现的芳香。UFO的探秘、自动贩卖机的缝隙、米券肉券游泳券。夕阳斜照时的含泪的告白、走廊尽头飞奔而来的那个身影、顶着雪花不知所措的泰泰还有白衣少女漂亮的纵身一跃。你听得小实的冷笑话，也听得亚美的那句低语；你懂的三双筷子的感动，也懂的那句无言的约定&hellip;&hellip; 这个不现实的故事用她极其现实的口吻，将一切不现实变成了现实。北村的爱情原本是多么天造地设，而面对现实却不得不分开。亚亚美的做作一开始令人讨厌， 可是谁又不在做作呢，在别人面前表演，隐藏内心的感受。一诺里是如阳光一般的女孩，如阳光一般有干劲地运动打工，如阳光一般透明而温暖地帮助虎。龙是个洁癖男，却又非常温柔而有承担地照顾着他的母亲、照顾着虎。自己的幸福需要自己的努力去抓住。也许这就是虎离开的时候的想法，必须自己去面对，不责怪是不是别人别的原因毁了你的梦，而是自己好好为未来的梦努力。大河和龙儿都渐渐发现自己喜欢那样同居的生活;都觉得离不愿、不可以离开这样的生活了；两人喜欢这样在一起的感情、继续下去的愿望超过了 大河对北村的好感、龙儿对小实的好感；先前的&ldquo;好感&rdquo;虽然存在但是显得已经没有那么紧要，就像常说的&ldquo;青春期的好感&rdquo;，为此一生无法释怀的就不只是&ldquo;青春内朦胧的好感&rdquo;了，无论是经由什么形式固定这份&ldquo;感情的认同&rdquo;还是真的 遇到了无比合适的人了;大河一直缺乏家庭的温暖，这份需求也由龙儿&mdash;泰子满足了，这是难以替换的；两人年纪相当;只有&ldquo;婚姻&rdquo;这条路径可以维持两人的这种生活，于是逐渐在他们心中发生了&ldquo;恋人&rdquo;的相互认同，可是因为先前建立的关系、对对方的心意实在不明了，帮助龙儿实现愿望&mdash;让龙儿能够与小实交往，一部分是出于&ldquo;报恩&rdquo;的心理，也许一部分是出于为了喜欢的人好，可是因此又要离开他，内心一定非常矛盾&mdash;痛苦。龙儿是全心意地关心大河，这也是因诸多因素形成的。&ldquo;恋人&rdquo;的认同无论表面还是实际都应该是在动画剧情的后期才彻底形成的。虽然之前就做过&ldquo;狗宝宝&rdquo;的梦，但是&hellip;&hellip;很大程度也许是因为前夜的&ldquo;日本实录&rdquo;而发生的联想，不过心里也是有种子的吧，总有那么多种子，环境到达各自的一定程度就会萌发。亚美一直试图引导这份感情，使两人之间的&ldquo;爱情-亲情&rdquo;明了，做了选择之后，亚美知道他们的选择后也不会那么纠结，与其中的其他各位也不会那么纠结;身体接触的话，应该是因为&ldquo;恋人&rdquo;的认同建立了，才逐渐展开的，虽然之前龙儿就觉得大河很漂亮，但是恋人的身体接触应该是不会多想的，女孩子的大河就更不会想到，因为是恋人，为了进一步确定，或是更多地享受乐趣，所以去做恋人的事情。 ",1.0
本子是不错，就是里面有白纸和画不好,0.0
一分钱一分货，活动价,1.0
1咨询的时候客服态度就不怎么样，问问题一直答非所问，我是成功付款的，但因为京东系统出了些问题，我很担心我的钱是白给扣掉了就问下他订单的情况并截图给他向他说明我是有给钱的，他并没有明确答我的问题本身，即使截了个图过来没多解释几句只是说看到这个订单而已，也没明确告诉我订单有无付款，因为很多电商系统就算订单没给钱他也会存在在商家的系统上，我当然要问清楚他订单的情况。没有明确理解我的意图。2一连接上手机就立刻试了下能不能打字，不能打字，后来我以为是因为我当初的输入法是手写板所以才不能打字就换了其他的拼音输入法来试试，还是不能打字。后来我以为可能不够平，我就放在了地上试一下，唉~~~终于有打字的声音出来了（之前在桌子上打都没声音的），但是却还是打不出字出来。就算蓝牙版本高级也不会这样啊，蓝牙版本都是向下兼容的，我手机连蓝牙耳机3.0都能连上了。然后我又在电脑上试了一下，连接成功后，在地址栏里和文本里面试一下，只有声音出没有自出来。烦死了，本来想退货的，但是本就忙的要死根本没空，还要搞那么多烦东西，等个快递就等了很久，又送了个这样的东西来，不过我一定会记住这个voia了，以后不会再买他的东西！！！！,0.0
酒店的装修比较陈旧，房间的隔音，主要是卫生间的隔音非常差，只能算是一般的,0.0
牌很一般，当时是急用才买的，买来后每张刷，有黑点儿，麻将牌大忌,0.0
1点用处都没有，要放在鼻子上才吻得到味道，扔掉了，幸亏当初没贪便宜只买一瓶试试,0.0
京东买东西越来越有意思了，送货快。服务好，东西正品啊。,1.0
内容很充实，值得学习。,1.0
1、没有驱动，自己还要去下驱动。 2、屏幕不是主流的，这个是14寸，16：9的，看起来显得小了一些 3、键盘的感觉不是很好，是很容易进灰的那种,0.0
看她的文章，是看得见人每一刻的思绪发酵的，里面的人或婉约、或自私、或高藐、或卑怯，个个不同，但走到短文的最后，总有给人觉得叹息又惊异的结局，这是人事无常，也是人生自造化么？看那古代女子的愚昧和计较，我叹息加悲哀；看那感情犹如落花春去，我感慨加欣慰；看那命运弄人的伤聚离合，我无奈加思忖，多样的感情，让我不能一时间看完这本书，一小篇一小篇地来看，总有心得。,1.0
好的，和图片差不多,0.0
是我的味道 不特别 很自然。,1.0
等生完宝宝，带上后，效果好了就再评价，但是我要开发票都没有开发票，不是单独你们一家不开,1.0
有味道。别的还行。,1.0
货是不错，就是发货真的慢，用了两周。,1.0
这个价格住五星，当然值得，而且酒店也非常好啊！没有挑剔的！,1.0
虽至于另外的那些更是不值一提，选来选去三星的这款不错。然以前用的三星不好，但这次不错,0.0
不会装 只好放一边了,0.0
挺好的，买贵了，掌柜还给补了货,1.0
还可以，比照片上看起来大,1.0
收到货啦，感觉还可以，,1.0
羊绒衫很不错，质量很好，尺码大小正合适，老板服务态度热情周到，值得购买。,1.0
不咋滴，翻版，价格就这样，失败的购物。,0.0
还没穿，胶味很重,0.0
很实用，很实用，很实用，很实用，很实用！,1.0
质量差到简直无语，质量比地摊货都不如，慎重！\n,0.0
锅比想象中要小，锅比较浅用来煎牛排还不错。炒菜的话感觉小了点，客服不太负责听说我反应锅小的就不说回复了，总体还行吧给个中评,1.0
不错挺好的  还可以赠品不要太挑剔 已经很好了,1.0
这个比较满意，洗过也不掉色。,1.0
这回可下来了，京东站点回复说车坏半道了，货太多，说不定压哪了！只好等等，明明27能到，足足等了三天！！而客服一再的敷衍，不管事，只会说货物过多，超出送货时间！只会说这一句话啊！京东怎么这么差了，是不是太拿自己当回事了，之所以来京东购物，相信的就是京东的品质和诚信，而现在呢，真是太差劲了！我的东西还损坏了！不想再折腾了，退货换货还不知道什么时候呢！差劲??????,0.0
晚上11点左右入住，发现卫生间水龙头有问题，通知前台以后半小时都没有人来修理，服务效率不高,1.0
内容不错     孩子喜欢,1.0
非常薄，这个价钱有点贵,1.0
优点：1.地理位置不错，临近外滩、南京路、豫园；缺点：1.设置陈旧、装修和环境糟糕，价格比较贵，完全没有竞争力；2.提供的免费上网，比拨号上网慢n倍，实在无法忍受；总结：1.这样的环境和设施，把价格降一半还可以考虑；如果不是地理位置还有点优势，其它的完全对不起这样的房价；以后绝对不会再住这里。2.携程对该酒店的描述不清楚，实在是糟糕透顶！,0.0
地图再好有什么用呢，奶茶那样的妹妹还不是被猪拱了。,0.0
东西一般般吧！没有想像中的好。,1.0
非常差，用的第二天usb连接已经坏了，蓝牙连接跳帧严重，联系客服处理不了，现在已经是联系不上客服MM了，每次都是忙，第一次在京东给差评,0.0
质量真的很好哦 下次还来你家买 态度很好,1.0
居然村里不提供组装服务！,0.0
显卡，内存都不错~散热好，除了风口外都不热，玩游戏效果不错~ vista有很多xp比不了的优点，完全没必要死抱着xp不放~ 实际情况是很多人不会用vista，不会设置，所以觉得不好用~ 另外这款笔记本运行vista很流畅。 第一次在京东买笔记本，有点担心，不过看来是多虑了，完美屏全新机,1.0
用了不到两周发现漏气，没补好，申请了售后，很快就给换了新的，目前使用一周左右，仔细也能听到一处漏气，不过不严重，还可以使用,1.0
挺好看的，但是有一点假。,0.0
太次 ................太失望了........................,0.0
买的圆珠给的桶珠，卖家不看单的吗？,0.0
这次是元旦期间入住的，酒店装修不是很新，但是比较干净。房间比想象当中的大，正好面对门口的河，风景还算不错。房间不能开窗，感觉空调不是太好。入住和退房比较快。离地铁有点远，但是门口有公交或者可以打的（起步价即可）到沙田火车站转轨道交通。酒店的早餐很难吃，但是酒店附近有很多餐馆，蛮实惠的。附近还有屈臣氏和711便利店，买点日用品或者零食饮料也很方便。考虑到性价比，今后仍有可能还住这里。,1.0
驱动程序安装比较麻烦，XP安装声卡驱动的时候老不成功，后来发现是没有打HD声卡的补丁，郁闷了半天！呵呵,0.0
买了才2个星期就*,0.0
薄度可以，就是容易抽丝，一条穿一两次,0.0
不是棉吧？老公穿在身上皮肤痒,0.0
怎么看都是个要倒闭的招待所，虽然只有300多的价格，但还是不值。但这是个离殷墟很近的住所。所以没有选择。提醒去殷墟的朋友，千万不要去王陵遗址！！！真的是个废墟。,0.0
画很精美，下次再来光顾,1.0
有几个珠子的线都可以擦掉的 如果不是嫌麻烦 真想退货,0.0
衣服质量真的太差了,0.0
"兰州...一个我来了就不想再来的城市,第一天入住金轮宾馆,一肚子不满意,再一次要求携程整一个好点的,一样是四星级宾馆,西兰国际大酒店堪称兰州以及中国之最,最差的四星级非他莫属...晚上10点入住,手续办完上楼...天啊...没灯...摸了半天开了灯,由于太晚了,有些疲倦,想到进屋休息,没想到的是居然门卡打不开门,前前后后折腾了很久,终于用服务员的门卡开了门,停车场露天,还收费,还是那句话,请携程老总亲自入住一下你们推荐的宾馆,还是两个字:丢人",0.0
垃圾东西，模糊，买回来没看。网上就有的视频，买了亏，实在要买的找我，,0.0
一般球皮子有点起来了比较失望,0.0
物流快，话筒品质保障，十米开外信号也是棒棒哒,1.0
承诺购两件以上赠送的墨汁没有收到。,0.0
外观还可以。就系贴条差，厚的宽的就好拉,1.0
一般般，跟之前买的那个79的一样的质量和数量，不明白为什么同样的牌子价格差别这么大。,0.0
啊路我弟去同学找我分体告诉他我哦哦YY,1.0
房间还不错，挺大的，早餐一般。酒店周围环境还可以，吃饭比较方便，正如之前的客人所介绍的，酒店也不知道是该叫前面还是后面的，有几个饭店可以吃饭。也是赞同关于之前的点评中的意见，为什么不送饮用水啊，现在国内很少有酒店不送饮用水的,1.0
质量很好，很满意，快递也很快，不错,1.0
原先看了别人的评价，做好了不怎么样的准备，到了之后真的有惊喜的感觉，在富豪酒店住了3天，（我们也是住在三楼，）房间虽然不是很大，但也够住了，房间是新装修的，很不错，也蛮有情调的，四面都是镜子，感觉不错，服务人员的态度也还是不错的，第一天到酒店时，忘了行李，酒店还专门打电话询问呢，一个老先生还帮我们收好了行李，CHECK-IN 的速度也很快的，也没有什么说普通话被歧视的感觉，交通离地铁远了些，但周围公交和小巴很方便，我们一共去了五个人，所以打车去地铁站比做小巴和公交合算，周围的又一城和新城都是购物的好去处，附近的小吃，茶餐厅，甜品店很多的，一家叫口香舌滑的甜品店里的榴莲飘飘很不错的，总的来说，这家酒店的性价比还是很不错的，以后还会去的，另外在酒店还可以定去迪士尼的直达车，也很方便的。周围环境不是很现代，但也没什么影响。,1.0
快递给力，产品质量没话说，好评,1.0
产品还不错，60分,0.0
刚戴几天，就开线，成脖套了，不愉快的一次购物！,0.0
酒店位置不错，交通方便。硬件环境虽然显得比较旧了，但依旧不失档次。服务态度基本令人满意。宽带网络速度不错，就是还需要单独联系前台开通帐号且没有什么提示说明，不大方便。房间里准备了灭蚊器，但是没有药片，需要自己联系服务员索取。离店那天的早餐不大理想，还没到结束时间（差一小时），我们一边吃，服务员一边在旁边就把各种餐具、菜品收走了，令人感觉比较尴尬。另外，在卫生间看到,1.0
摔一下就坏了，一星都不想给，垃圾,0.0
酒店环境很好交通很方便附近有比较多吃东西的地方我是晚上到的12点多在附近还是可以很方便吃到东西,1.0
不是不喜欢，而是故事内容的展开太乱，给人一种纷杂的感觉。由于我的个人文学修养还没达到一定程度，所以我的个人评价是：一般！,0.0
\n很喜欢，大小合适，质量也不错 ,1.0
玻璃的有手感，结实的感觉,1.0
地理位置不错，闹中取静。房间比较干净，布局合理。但是隔音效果太差了，有住简易客栈的感觉。临水的房间风景不错，很舒适。楼道的地毯比较脏，跟其他装修不和谐。补充点评2008年7月27日：本人是7月18日入住该酒店大床房，价格为338元。,1.0
"在室内试了下亮度还不错,做帐篷灯挺好,物流太慢了，9号下单，16号才收到。。",1.0
不错，东西很好，态度也很好，只是防水效果不是很好,0.0
整个酒店比较老款，不过酒店的客房设计非常摩登洁净，除了面积比较小（不管是行政楼层还是一般楼层，似乎都是一样的大小），其他均满意。,1.0
很一般，穿了两次不再穿了！,0.0
价格定得太高了，非常离谱，没看明白广告，上了一回当，汲取教训吧。,0.0
东西好速度快快递小哥辛苦了赞,0.0
太恶心了  直接味道特别大 ，然后包装都是拆开的 ，怀疑被人动过，一个贴身的衣服穿起来太不放心，希望大家谨慎购买,0.0
"挺好的,跟实体店一样好软,全棉的。",1.0
快递到了，看起来还不错哦，送闺蜜的，还有服务态度好好，棒棒哒,1.0
书不错，正是用的时候,1.0
滤网 滤网 滤网 滤网,1.0
订单是蓝色的，发过来是红色的，而且袖子和领口有污渍，严重怀疑发货员是色盲，以后再也不买这便宜货了,0.0
为什么我到目前还没收到快递发货，电话都没一个？,0.0
货给发错了，唉，还要换，双十一穿不了了,0.0
不错不错不错不错啊，真的很不错啊,1.0
非常的好！卸妆很干净，很好用。会一直用下去,1.0
质量一般，勺子边缘很锋利，打磨不光滑,0.0
这简直是坑die，还号称是进口的，一点都不流畅，只能达到了一支笔的基本要求，能划出来黑道道而已,0.0
什么意思，订的时候怎么不说呀,0.0
还行吧，啃着还不错！！！！！,1.0
白天还算清晰，晚上完全不行，好像也没有夜间自动记录，总之不值得这么贵的价格。,0.0
还没有说完，因为这次是一个人住，也不想去外面吃，就来到她的中餐厅叫怡和轩还是什么的我忘记了，主攻粤菜。也是给我感动的一塌糊涂！一个人能吃到什么？一个女孩子更加难点菜。她们的服务员把我给照顾的无微不至！细节就不说了，最后吃完还送我下楼到门口，其实我是房客，认得路的呀！呵呵！美眉漂亮不说，很温柔体贴，这都是上层的管理和制度的导向，我认为海悦确实是以人为本，全心全意的为客户着想，比起那些所谓的5星级不知道好多少倍！前两天在锦江住店我还生了一回气呢！物超所值！我下次还来海悦啊！谢谢！补充点评2007年9月13日：地方偏不是问题，她的门童会很负责的帮你叫车。反正我每次出去他都帮我准备好了。我喜欢这里的幽静！,1.0
会起球，一点都不好穿，一次性的,0.0
还行吧！送货也挺快的！,0.0
质量不错，不过，里面少一个包包，所以现在对京东的东西，有时候都要考虑很久才好购买了,0.0
超好用！不错的产品,1.0
明明买的是黑色，发过来的却是棕色，真是无语。,0.0
第一次给的房间在底层，窗户对着酒吧。跟前台要求换了一间，前台态度不错，在三层，一般窗户被前面的应该是走廊的建筑挡住了，另一半朝着酒吧上的屋顶。房间偏小，软件应该能达到三星级的水准，硬件稍差。空调温控不好，暴热，呵呵。地毯有点脏。出门左转50米就是地铁站，东四十条上打个车也方便，地段不错。总体来说在北京这个性价比还过得去。餐厅的口味也不错，价格还算合理。,1.0
书不错很实用,1.0
酒店员工态度超级恶劣。特别是前台。餐厅没有接待客人就坐。最气愤的是话还没说完就把电话挂了。劝大家最好是不要去，不然会被气死，交通又不方便，周围环境复杂。,0.0
有了 几天 胶全都 不沾了 丢了 垃圾东西,0.0
质量差一下就碎了,0.0
妈的，又椭圆形的，又烂，要不是我扔了包装，早退了,0.0
挂的是四星，但房间的家具及家居用品都很差，象招待所的设备；而且电视还是放在像衣柜的柜子里，要看电视还要先打开柜门才能看，并且无免费矿泉水饮用。,0.0
太薄了！字印的太靠上！都要出来了！差评！,0.0
这个赠品感觉很次，自己没有使用，朋友拿去用了,0.0
酒店适合度假，在尖沙咀汉口道逢整点有免费班车往返，房间大小适中，可以躺在床上看海，儿子在游泳池里玩得不想上来，缺少浴袍。早餐还可以。,1.0
买了半个月了，还没发现什么大问题，小问题多少有些，用了一天电脑还是微热，也没有其他本本那么响,1.0
很好的东东，物流超级棒,1.0
房间设施还是很先进的，自动化程度相当高。但是我最喜欢的还是演艺馆的演出。竟然看了6场。水平真得不错，号称那些歌舞演员也是太子的正式员工，也要打卡上班的呢。杂技就更加精彩了，还有几个得过世界大奖的节目。建议去东莞出差的朋友一定不要放过这个机会，演艺馆才是最具特色的。对了，别忘了提前预订座位，中间的，前排的，最低消费也不高，每人才60多块钱，从晚上9点15看到12点，很值~~,1.0
详细记录抢救一个古画乡文化遗存的经过，有原生态的意味，其情也急，其声也哀，令人深思。,1.0
给侄女买的衣服，同时买了两件其中一件已经到货三天，另一件还不知道在哪个小角落，再说到这个质量看布料也就一般般，真心不值这个价位。但是良心的说款式还是可以的。,0.0
"房间格局还可以,但是从4星级的酒店角度看，没有浴缸也不失为一美中不足",1.0
货物收到后实际测量基本没有到8mm的珠子，珠子基本上都是点几毫米，还有部分为6毫米左右的，由于直接送人了，没法更换导致很郁闷，这次购物很不愉快,0.0
挺好的书，物流也很快。赞！,1.0
衣服尺码不标准，m码的特别大，没几天过年了也懒的换,0.0
想知道什么叫心痛的感觉吗?请入住就知道了,0.0
带着做装饰品还行,1.0
质量很好 颜色也正  挺好的 ,1.0
再不买他家东西了，明明是少发东西，还拒绝补货或补款。后来在京东投诉，经过多日反复申请，京东替他家赔付了。赞京东，希望京东取消与他家合作!!!&hellip;,0.0
不满意，太慢，等7天才到,0.0
很酷炫，非常不错，东西也很实用&hellip;&hellip;物美价廉!\n,1.0
正品，还会光顾！,1.0
选择浩海的理由：无不选择浩海的理由：房间隔音效果差；住了４天，停了２次电，反复打电话，才要来了一根蜡烛；浴缸是坏,0.0
宝贝和图片一样，试穿一下，很合身，快递也很快，下次还要来。,1.0
一般般，能穿就好，修身点更好,0.0
188元不锈钢换成了107元的镀铬塑料为什么？？,0.0
64K的小册子，共六十个问题。总字数也就1000多字，按照价值也就1块钱一本那种，不值得买。,0.0
客服态度不好！跟联系说产品问题，就挂掉！手工粗糙不像品牌*元东西！不值这个钱，是我第一次在京东差评,0.0
整体不错，物流慢一点，客服是非常的差，半天没有回应。,0.0
款式好，裤短小，还可以，就是太贵了。,1.0
*的很差，用不了，直接扔了，*多的还是很不错的,0.0
应该是物有所值 就是有一点点大,1.0
发货速度相当快！领带很好看，不错！还会来的,1.0
总体来说不错。交通比较方便，早餐也可以。步行去沃尔玛购物约十分钟。去旅游的话还是开车方便，景点可以去多去几处。补充点评2008年4月13日：小心电梯夹人，合上的速度太快了，很少见。,1.0
"老板性格好,宝贝也好,服务很热情。,麻烦老板了,非常感谢!你店的都很好质量,买了很多东西 都非常满意 很好的卖家 我会常来的",1.0
哨子不错，很方便携带,1.0
锦江贵宾楼房间装修还可以，环境一般，我认为本次入住餐饮服务比较差，比如我点菜时他告诉我68元，但结帐时时98元。而且价格比较高。,0.0
一个星我都不想给，什么玩意就跟下水道里面灌的一样。给商家沟通叼的一笔。大过年的我不想说些什么，谁用谁知道。谁用谁上当。 居然连包装都没有我也是醉了。瓶子有很多打开过的痕迹。貌似还有手指印。我就吃点亏。钱就当给你火葬场了。。。。,0.0
"地点优越，房间和服务都不错。晚上送的绿豆汤，还有纸鹤和问候卡，感觉出家的感觉。下次还会住这里的。宾馆反馈2008年6月25日：感谢您对国宾大酒店的认可.我们非常愿意成为您的朋友.欢迎经常入住!祝工作顺利,心情愉快.",1.0
刚装上，看着还不错过段时间追加,1.0
颜色很难看&hellip;&hellip;比想象的大,0.0
不错，离大连港很近，步行几分钟就到了。坐船的游客很适合这个宾馆。挂的四星，感觉比三星多点，比四星少点。不过宾馆的价格还是对得起客人的。大连的如家快捷都得两百多呢。非常感动的是我们的船是早上四点多到大连湾的，码头的车送到火车站，然后我们自己打车到宾馆，时间大概是六点左右。非常担心这么早宾馆会不会让我们入住。忐忑不安的走进宾馆，前台只有一个服务员，态度非常亲切，一直都很温和，笑容很温暖。在确定了我们的预订并且有空房间后给我们办理了入住。这样我们得以休息了一个小时再外出赶往发现王国。这一个小时的休息非常重要和有效。,1.0
发热量也太大了吧，刚开机没多久，仅上网，机器就很热了，gpu就没有下过50度，cp一直44度以上，不知道是正常的还是我的这台有问题，希望有人指教一下~,0.0
很多设计可以借鉴下。。纸质不错,1.0
东西寄到了，放在门卫打开看玻璃烈了,1.0
外观漂亮，可质量不怎么好，很薄，硬度不够。,0.0
质量很好，价格美丽,1.0
都变型了瓷也掉了，无语,1.0
风格就是快捷酒店，不过服务和得到的优秀酒店称号相差好远，我住的是商务大床房，是最靠走廊尽头的单人间，房间异味很浓，灰色的沙发很脏，有好几个破洞，房内的网线是铁通的，但“铁定不通”周围没有商店，以后不会再住了。,0.0
和另一件差不多.不过很好,1.0
书是人类进步的阶梯 。。,1.0
关于内容的评论就不多说咯，我还没读呢，不过不好看当然也不会买啦~想说说的是书的质量，因为每次在当当买书我都很想得到有关书本身的消息，而是貌似很少人写~我在广州，前天买的书，今天中午送货上门的。书的质量很好，绝对是正版。封面简洁很美丽，可惜的是有个角有点折了，很痛心……有书签，两张豆瓣的书签，和四张小小的草纸书签，是我喜欢的质地。就这样吧，读完了再写完整的书评,1.0
货品质感不错。快递也很好。,1.0
手机可以就是发货乱发，颜色竟然搞错～～～,0.0
在同档次的笔记本电脑中性价比高，配置也够用，品牌效应好，外观不错，已在使用中待发现更多优点,0.0
还好。可以拿来折折玩玩。,0.0
速度很快啊。。。实物也没有问题。。。与图片一致，拿手上特别过瘾的样子。。。\n,1.0
挂不牢，老是掉，盒子扔了也没法退了,0.0
一般。。。号可以，但是料很差。。,0.0
这书大名鼎鼎如雷贯耳了，于是买来一阅，其实这方面的书七七八八地买了不少，这次是冲着DK的牌子来的，总的来说很不错。,1.0
酒店还可以，就是冬天没有暖风，冻的不行。,1.0
还在使用，目前稳定正常,1.0
鞋子看了还挺喜欢的\n,1.0
衣服还行就是偏大，不是修身版，,1.0
过得更好更久别重逢环境保护局女孩,1.0
纽孔都打错了，次货,0.0
将那欧根沙剪了，还好看些,0.0
盖子太紧了，宝宝自己开不了，大人也要用很大的力气才能打开！估计是这个被子本身的问题，之前买的那个就没这问题，希望多开几次会松一点吧,1.0
960买的，没有滤蓝光和不闪屏，不过价格摆在这，还是可以了&hellip;&hellip;,1.0
牟先生的书都需要慢慢读，所以还是自己买来比较好。这套书就不用多介绍了，整体质量都很好。,1.0
我不算胖，但是穿着这裤子实在太危险了，好怕里面的线会崩开,0.0
质量不错，满意。店家服务态度很好，物流挺快的。,1.0
大小有点不大准备，不知道是怎么回事。,1.0
适合做较大的玉石挂件的挂绳，绳子挺粗壮。,1.0
东西不错，包装也很好哦,1.0
整体不错，银唯一的缺点就是很软，稍微用力下就弯了，还是不错，价格优惠，赞！,1.0
质量很好，材质非常好，做工精致，非常合适，很满意。,1.0
京东客服真垃圾，东西26天没发货居然客服说不会发货，不取消订单就不会还钱，赖钱，赖东西，不解决问题！,0.0
保证很简陋，真的很简陋。。。看效果再说吧,0.0
如果上帝没有给你美貌，那何不努力做到优雅，来超越美貌呢？如果你已经幸运地拥有美貌，那何不用优雅来超越时光，让这美貌历久弥新呢？,1.0
本本是全新的。9小时通电时间，主体感觉还是可以的，我还没玩游戏，散热还是可以接受哟！,1.0
服务很差   本想在阿里买的  以为京东服务好  结果相反  -_-||特意留言急件  还是等了5天 物流信息只现实一半  拍产品开口处上传不了-_-||,0.0
"看完《藏地密码2》,让我不由地感觉到作者想象力和知识的丰富。从《藏地密码1》到《藏地密码2》，宛如转了三百六十度的大弯，把我们从美丽、充满神秘的雪域高原转向那惊险、同样充满秘密的美洲大陆。看到卓木强巴等一行人的经历，真的为他们的胆量和勇气所折服。这是一场惊心、刺激的旅行。对于卓木强巴等人的遭遇和命运，真的为他们捏一把汗，希望《藏地密码3》能让我看到我心中所想的人物命运。期待中……",1.0
不错的故事。老人家比我先看完了，哈哈！,1.0
北京机场到酒店打表205元.挂牌4星的酒店，携程说是3星--非常正确！老实说是2星还差不多。1）不是所有房间都有宽带，即使有也请先试一下，我为此在晚上换了3间房间。2）标房内没有免费的瓶装水供应。3）要打电话的请注意了：：：不管对方接听与否，20秒后开始收费！！非常奇特的规定！所以，千万要小心了。4）800免费携程电话在这家酒店是要收费的，小心！5）10800AT&T对方付费电话是要收费的，不是服务费，是按本地电话收费的，反复解释还是没有用的！！！不只是他家的电话是不是中国电信的，中国电信10000#都说是免费的啦，还是解释不通！6）房间及其陈旧，拖鞋比纸还薄，空调不热，还没有暖气设施，害得我半夜起来加被子--难以想象，这是家在伟大首都北京的挂牌4星酒店。,0.0
平时我女儿穿35码鞋，但这买34的也长了，哎！,0.0
售后真是垃圾，什么也不想多说，,0.0
看看还行。                           .,1.0
"单人间有一点点小，但基本够用。已经有宽带上网了，但网速偏慢。南面靠里的房间比较安静，西头北面的晚上会有车辆经过的声音传过来。早上6点多有""按摩""电话过来，^_^；不想被打扰的话拔掉电话插头吧补充点评2007年7月31日：信用卡都可以用了",1.0
一看到书，很开心，印刷质量都不错，但是才看了一天，就脱页了，看一页掉一页，郁闷！不知当当怎么解释？,0.0
还可以吧，鞋子有味道。,1.0
鞋子鞋底朋友说挺不错,1.0
很不满意的一次购物，卖家没有配车身电池和充电器，找客服也没有回答,0.0
据说对提高记忆力有用。。。有空看看。。。,1.0
书很详细，里面图片也很清晰，赞一个,1.0
颜色和图片相差太大，处于麻烦不想退货了，在家做家务的时候穿吧,0.0
替朋友订的房间，据说还不错啦，一下回，自己去试试。,1.0
收到鞋子后试穿了觉得特别舒服，然后质量很好，摸起来质感很棒，值得购买的宝贝，亲们快来。,1.0
实物不如图片上的好看,1.0
由于天气预报的不确定性，预定过程中更改了几次时间，都顺利完成。前台服务态度非常好。度假村很气派，环境极佳，可惜我们入住的时候正是下雨天，没能好好享受一下跟美景的亲密接触。,1.0
8月2号本来8点首都机场港龙航班，因奥运空中管制9点半才起飞，哈根达斯很好吃，早餐没有的，A/C/H/K才是靠窗座位，12点半抵达香港机场，乘酒店巴士从机场到丽都，70元/人，90分钟，CHECKIN很快很好，押金300元/晚，人民币也可以，住1815，虽是有烟层，根本闻不到烟味，大床很宽敞，我180CM，老婆171CM，躺上去一点不挤，卫生间也很满意，打扫房间的老太太很尽职，每天放矿泉水，小费只放过1次，电视只有凤凰卫视普通话，其他都粤语或英语，房间是看不到墓园的一面，很干净，酒店的巴士非常好，侍者很尽职，出酒店回酒店都乘酒店巴士，如果去时代广场/会展中心/金钟/，根本不用步行，尝试过一次铜锣湾的A出口确实名副其实，下次还会选择丽都！别忘了从酒店领班车时刻表和香港街道地图！！吃：吃水果捞去许留山不用特意找，很多地方都有！池记在铜锣湾SOGO旁，27元一碗净云吞很好吃，不远处骆克道506号义顺双皮奶20元/碗，太好吃了！时代广场后面霎东街2号何洪记云吞面27元也不错，干炒牛和52元很好吃！时代广场罗素街和波斯富街交叉处的咖喱鱼蛋也很好吃，但是只能马路上吃！中环地铁D2出不远威灵顿街翠花餐厅奶茶鱼蛋很很吃，往前走是沾仔记云吞面也很好吃，香港的食店一般11点以后开门，不用去早喽，除非是早点！矿泉水飞雪很便宜在霎西街口优之良品旁10元/4瓶，700毫升装！庙街小吃很便宜一定晚上去味道也不错！恒香老婆饼就在铜锣湾SOGO地下超市！玩：海洋公园--金钟站出乘629路10.6元15分钟到海洋公园正门，若到后门大树湾原地别下车，车行5分钟即到，9：30售票，前门景点在施工有点狼藉，建议后门入，前门出，不错地方有小鸟天堂/海豚表演/海洋馆/云母万花筒/乘缆车下山到前门还有七彩气球升空！门票在公园入口买208元，机场买179元。太平山顶--如果住丽都出门左行1分钟就是15路车站，9.8元30分钟到山顶，蜡像馆票价140元，观景台20元。购物：建议东荟城，很便宜，新秀丽的包北京长安商场1500元，东荟城900元，NIKE200-400元/双。波鞋街NIKE普遍400-600元。行：有八达通就OK!特别提醒：摄像机也要带；带够电池充电器和SD卡香港的美景太多了；临行前尽可能熟悉地图，至少港岛和九龙一带；根据需要买万众卡，打国内拨0018610-!其他：语言上英语比粤语好使，多说EXCUSEME!补充点评2008年8月6日：临去香港前，从网上特别是携程网上，得到过很多人的帮助，所以也想写下自己的经历，帮助更多的人,1.0
打开包装味道好重、裤子一点弹性都没有、和图片相差太大、差,0.0
刚收到，效果还不知道，以后再评,1.0
垃圾，发个坏的,0.0
不错\n   下次还回在这个地放买的,1.0
茶已收到，值得推荐,1.0
腰大，褪色，快递好,0.0
实物和图片描述一样很漂亮，创意非常好。喜欢，值得推荐。。。,1.0
房间总体还可以，就是没有壁橱（实在没办法说那个活动门后10公分不到的空间是壁橱）有点奇怪。还有就是我住的06号房间有闩锁死的门，不知道通到哪里。。。宾馆的环境还是不错的，服务也算中上水平了。宾馆反馈2008年6月13日：您好！感谢您的评论，房间中间锁死的门是酒店原做连通房用的，现因用处不是很大，正在将门拆掉封死，部分房间已整改完毕，余下房间在本月末完成；壁橱的问题业已反映给领导，酒店会在一个月内整改完毕，谢谢您的关注，诚挚的欢迎您的下次光临！,1.0
大家别买了！！本人第一次穿这么差质量的袜子。穿一次就起毛了！[怒],0.0
用这款水一年了 ，效果很好，没有过敏现象,1.0
以前经常参与好多有奖竞赛，就经常遇到有关数独的题。前一段看到一部香港的新片，其中的主教在坐公交车的时候，就在那里答数独题，觉得也是一种境界。工作之余闲来无事，突发灵感在当当定了四本数独的书，家里床头一本、车里一本、办公室一本，手里余下这本也已经有主了——归我儿子了。开发智力，锻炼逻辑、推理能力！随手带一本，在路上、在家里、在工作之余、在任何闲暇时段尽情娱乐吧！,1.0
很喜欢，做工比较精致,1.0
质量太差，穿了一次就起毛了。,0.0
包装标注净含量170g，实测带包装98g。亲，除了坑，还能说神马。,0.0
商品质量极差，快递速度极慢,0.0
价格比较高质量还不错价格比较高质量还不错,1.0
"竟然有如此差的酒店,楼下的居然说满意,还有哪有什么接机,送机免费,我真怀疑你是媒子.四星级酒店内竟然没有纸巾,卫生间小就算了,浴室四个角有三个角是补的,其中一个角长期没打扫干净,有恶心的黄迹.手巾粗糙,尤其浴衣可以说惨不忍睹.酒店是分时用空调,好不容易挨到了,风极小,叫维修人员,竟然连面也不照就说修不了,要不换房间好了.最奇怪的数电视机了,我朋友光脚从其前面走过去就有信号,等走回来信号就没了.还有惨的呢,就住这一晚害得我们俩人身上起了很我疹子,不知是被咬的,还是用具不干净过敏.原本住两晚的,只好拖着箱子赶紧逃离去了中心大酒店,真是英明的决定,总算最后没对烟台倒胃口.",0.0
对初学真的太有帮助了，多花点时间完全学的会。,1.0
不咋的没网上看着好,0.0
复旦大学出的版本，书本质量很好,1.0
太差劲，码不对，换一次这个季节就不能穿了,0.0
1 酒店基本需要用品没有，比如要求转换插头、水壶，也一律欠缺！欠缺理由为“由于全家酒店客房已满，所以没有任何多一个后备用品作替换”（这是酒店服务员原话） 2 酒店水壶内有残余物，约一元硬币那么厚。酒店服务员竟然说“知道这个情况，但是没有办法”！ 3 酒店早餐很差，不像3星酒店应有水平， 4 冬天的暖气空调是按需提供，不问基本不给； 5 暖气跟呼噜一样，整个晚上吵到天明（因为本人天明就马上退房）； 6 热水器名不符实，应该叫“水器”，因为基本不热,0.0
小朋友很喜欢，质量很好，赞一个,1.0
环境非常好，服务非常好，交通不方便，价格有点贵,1.0
非常满意，东西收到，正品！,1.0
千万不要买，买了就上当了，我第一次骑出去玩，就坏了。后面还是打车回家的，JD客服骗人的，让我点收货，我天真的点收货了，现在不鸟我了。,0.0
客人说总体感觉还不错下次来上海应该还会选择这里,1.0
太慢了，这物流好久才更新，订单后好几天才给发货,0.0
很实用，内容丰富，值得购买。,1.0
内容不好，不推荐。没什么用，还不如直接看刘洪波的作文总纲= =，,0.0
很柔软 不错 正是老婆想要的,1.0
"五一的时候和单位领导一家子去河南玩了几天,挑几个主要的景点算是走马观花般一走一过,之后便自己回了山西老家.而之前自己已经粗略的安排了几天的行程,探亲顺道观光,不过如此,更多的也没有去计划,这应该归咎于时间之短和走之前功课的做之不足.看过此书,陡增了遗憾,这也好,要不然哪里会有还想回去的念头......所以说,去一个地方之前,最好是做足功课的好",1.0
买来招待客户用，还不错。,1.0
一直支持京东，但是价格越来越不给力了啊。东东很好，只是快递比较慢。希望京东越办越好吧。,1.0
这个宾馆总体感觉还不错，无论从价格、出行、购物，还是订机票（国航就在它的右边）都很方便。 只是房间没有什么电脑，也不知道它说的免费上网在什么地方可以。 补充点评 2007年10月12日 ： 对了，去机场也很方便，机场大巴就在它下面，每半个小时一趟,1.0
说开光的，不知道真假的,0.0
照片看着比较厚质量比较好，收到货后质量差好远。,0.0
一直不相信中国英语专家的翻译水平，让我失望了很多次了。因此这次买英文版的，最近英语水平提高了不少，看懂是没问题的。。manifesto of the community party 是马克思和恩格斯的作品，更是他们友谊的见证，更是中国探明道路的指明灯，虽然我们国家还存在很多问题，但是毕竟很不错了，因此，不得不去看看指导社会主义国家往前走的到底是什么样的精神与政策觉悟，当然就买下了。。正在看。。版本很好。。,1.0
型号好象买错了相对应的眼不合适,1.0
基本没用，测试过使用前和使用后的甲醛情况，没半点变化,0.0
很不错的东西，效果很清晰，功能也很齐全，客服也不错，值得推荐,1.0
太薄太小了，别买了，买了也不能穿。买了肯定后悔,0.0
值得购买的高中课外练习册，现在还有折扣了。,1.0
做工细致，很好，家人都很满意！,1.0
帮同事买的，背心口袋很多质量也很好，同事很喜欢。商家还送了小礼品???,1.0
很舒服的一个度假酒店。虽然黄金周的时候入住人多了点，但是服务和设施的都没有落后。我是先通过旅行社订了一天的房，结果就喜欢上了这个酒店，想延住，却被告知没有房间了（因为是黄金周期间），最后是通过携程预订了房间。看来携程还是不错的，这么紧张的时候还能订到酒店。,1.0
房间很大，干净；拉开窗帘就可以看到无敌海景，令人觉得非常的惬意。我觉得这间酒店在闸坡来说算是一间不错的酒店。,1.0
裙子不是想像的那样，而且一洗掉毛太吓人了，有点肚腩的人穿上身很难看，物流慢不过快递员服务给大大的?,0.0
房间干净舒适，是出差、旅游度假的理想之选。服务业很不错。,1.0
我觉得很烂&hellip;不知道你怎么看,0.0
据说还凑合，就那样吧,1.0
剪刀太紧了。。。。。。,0.0
衣服还行吧，就布料有点硬、刺手,1.0
汽车覆盖件的书本来就少，有的都买来看看,1.0
质量差差差，旅行用一次就破了,0.0
为什么没有赠品？买的时候明明有说赠品。单子夜有！差评！雨刷器还是短的！,0.0
味道大太大了，亮两天了还呛,0.0
宝贝颜色不错 做工精致 美观大方 很满意！,1.0
简单易装，刷得也干净。暂时未发现问题，应该不错。快递小哥也给巾。?,1.0
硬件顶多3星半，大堂黑咕隆咚的，房间很小也没特点。管家部的服务倒是挺好，有求必应的。,0.0
电池容量大1000毫安，相应留空时间多一些，质量很好。,1.0
分开打包，让我取件的时候跑了二趟,0.0
内容写的不错 很适合初学者         ,1.0
裤子一般偏小，有异味。质量不是很好。,0.0
宝贝质量很好，手感也不错，做工很满意的哦，样式也漂亮,1.0
一般般 没有想象的大气 太小气了感觉买贵了,0.0
酒店设备陈旧，服务差劲，还不如二星级水准，更令人郁闷的是我早晨七点半下火车赶到酒店，却被告知要到九点方能入住，否则就要加半天房租。结果为了避免挨冻，多付了250元。结果携程还不算我的结分。真是冤透了。,0.0
记得上初中的时候，从市图书馆借来了一本草原小屋，读后爱不释手，当时还有银湖岸边和森林小屋。由于每次只能借一本，每次去借书都特别紧张，生怕下一本被别人借走了。非常喜欢罗兰（当时翻译的是劳拉）一家积极努力、乐观向上的生活态度，值得我们每个人学习。这次终于买全了一套，好高兴啊，虽然书有些小，像是儿童读物，印刷和字体倒是都很好很合适。希望大朋友们都来读读，而不是当成一套儿童读物。,1.0
味道很大，也不是真皮，表面还有瑕疵，没法用！,0.0
保温效果还可以，价格有点小贵,0.0
华硕品质，价格合理，质优价廉，外观美丽，配置较强，是大众消费者可以承受的，只是在此价位再装有操作系统就更超值了。赞一个,1.0
线头收的有点不好其他还行,1.0
不骗你，很一般,0.0
据说还不错，就是腕带有点不软（还不让说硬），用用再说,1.0
这次怎么这么慢了，还是给个好评,1.0
产品质量很好，价格实惠，很满意。,1.0
在石家庄是很好的酒店了，我住了个贵宾楼的豪华房，在最高楼，设备都很好。但是到了早上8点半听到很大的噪音，原来是楼顶的风机开始工作了，这个是唯一遗憾，以后还会选择这里但尽量避免最高层。工作人员态度也很好，这个是值得肯定的。,1.0
东芝第一次启动vista的过程真的是太冗长了。 要是能配有东芝的包就更好了。,0.0
给4岁的儿子买的。故事的内容很实用，上幼儿园啦，海边堆沙子城堡啦，幼儿园挨罚啦，商场走丢啦，都很切合孩子平场的行为，基本都碰到过。就是现在孩子有弟弟妹妹的情况不多。故事语言很孩子化，图片也非常生动，儿子很喜欢的。不过一本书的内容并不算多，感觉刚上幼儿园的孩子会比较适合。对4岁以上的孩子来说，稍微有些偏简单。,1.0
乘京东618，把心仪已久的新知系列收入囊中，感谢京东的给力回馈。,1.0
插过拔出来后，小金属片中的一个就断了半截，我就很无语了，卡槽再紧也不至于夹断吧，咨询说不能售后，维修让我联系厂家，我就很窝气了，这东西我总要插上去才能看好不好，但是拔下来发现有问题就怪我自己了，滑稽的是商铺展示图片也是有一个小金属片断了半截，我,0.0
要是孩子爱吃，下次还买。,1.0
此款商品第一个给人印象是便宜，包括我也是被迷惑了，这个茶叶颠覆了我对金骏眉这个茶叶品种的看法。\n不满意的地方有两点：\n1.茶叶硕大无比，里面混杂一些茶叶梗和像树叶的东西在里面，和之前喝过金骏眉毛茸茸的样子大相径庭。\n2.泡两遍基本上就没有多少颜色和味道了，茶水味道发涩，基本上不经常喝茶的人把它当做红茶来喝还凑合，叫做金骏眉真是枉费了大家对它的期望。\n\n如果用一分钱一分货来评价这个茶叶，那么感觉上卖这个价格也不算便宜。,0.0
线够长，也挺粗的，用着安全，不错哦,1.0
外观好看，键盘舒适，触摸板很好用。屏幕好，富士通系列最顶级的屏幕(比较欣赏)。有摄像头，蓝牙，无线，读卡器，dvd刻录，指纹。反正设备很齐全。,1.0
商品质量极差，平时用得就少，还不如普通商店*元钱的线，真是差，如果保修，还得寄回，运费*元，建议大家考虑别的线。不能不当。,0.0
跟图片中的不一样，穿着有点肥。,0.0
不好 都裂了 不值这价,0.0
杜比认证的音箱不错，一直以为本本的音箱很弱，收货后下载了一段变形金刚的高清预告片，效果就本本而言，相当不错了 led的屏幕效果还是不错的，亮度好像均匀一点,1.0
有点点小，能陪个盖子就更好了,1.0
不怎么样，有块板是碎的,0.0
垃圾中的垃圾，连順纹都不是,1.0
和垃圾差不多\n,0.0
除了交通稍微有不便出入都要靠taxi或自有汽外其他方面都ok也很合理,1.0
用着还可以，就是手写的区域在大些就好了。,1.0
"地点离外摊及南京路很近,前台,行李服务人员都很好客热情.房间小巧玲珑,看得出在极有限的空间设计师花了很大的功夫.我住的是一间没有窗户的标准间.这也是一个不可多得的经历.如果一个人住,一两天OK.有所得必有所失.",1.0
"餐厅很差,菜的种类水准都不行. 酒店基本没有旅游配套服务,其实河南有很多有吸引力的旅游景点,但是实在缺少相应的服务.",0.0
值得购买，收到的很快    ,1.0
没有想象的好，不是很满意。,1.0
说说我买此物的心得吧，自我感觉卖家还是挺好的，因为送了小礼物，算是个小惊喜～～另外，包装也挺精美的，除此之外，没什么感觉良好的了，首先是快递，这件物品我是一号下的单，另外，三号我在其他店铺也下了单，结果三号的快递都到了，我一号下的单，快递还在后面收到。。京东快递也是让我有点意外了，其次，戒指有划痕，看到有几位中评买家说过，没想到我也中招了！！！买来玩玩，也就不那么认真对待这个问题了，下次买个好点的戒指，银的貌似没有想象中那么好。。,0.0
再也不要管我叫狗类菜鸟了~,1.0
东西到不错 就是没剑鞘   好伤心剑柄好松还要自己上紧,1.0
"新年和太太了二天泉,最後是住了一天就走了,原因房感比不,洗手陋,前台管理十分混,Checkin入住人很多我可以理解,所以Checkout原因前台唯一的刷卡有,使我用信用卡下的金做不了取消,害我苦等了一小.本人很重服素,酒店唯一可取之是房服不,房服很貌,只可惜我再也不考再入住了....",0.0
只能一般般，质量达不到这个价,0.0
大家一谈到管理，可能就会想到企业管理，其实人的生命和生活同样需要管理。吴老师在书中以子贡的身份—一位成功的儒商，通过阐述孔子在日常传道、授业、解惑过程中的点滴，将儒家思想与管理完美的结合在一起，让我们的思想受到一次洗礼，对我们如何去构建和谐的生命体系有着很大的指导意义。同时，吴老师通过此书纠正了一些对孔子思想的一些误解与曲解，还原了孔子的真实形象，激活当今的有效智慧。,1.0
房间整体感觉十分干净，环境也比较清静，虽然临街一边的客房要相对吵一些，但是隔音做的不错,1.0
买到后，装完系统后测试时发现，所谓的显卡切换独立钮是坏的，根本切换不了。经华硕检验，说该钮断了，不在国家三包退换之内，让我找京东协商。呵呵，京东也一直遮遮掩掩，推三挡四，后来想想算了，直接送修了换底壳,0.0
我有一个，这个是送人的。shiy,1.0
不想说了，收到手里是刮花的！特别的不爽,0.0
质量捉急，才几天就坏了，太水了,0.0
和随车原厂件相比噪音大，效果一般,0.0
车子还行东西一般般不值这个价,1.0
货物丢失，建议在他家购物时要做好收获时物品不全的心里准备,0.0
挺甜的，味道也浓！,1.0
都是新的，又便宜又很好，很喜欢,1.0
东西不错，用完会继续购买,1.0
打开发现漏得哪里都是。味道般般。。嫌弃&rarr;_&rarr;,0.0
小和尚的白粥馆适合休闲时间看看！,1.0
商品很好，还行,1.0
这不是坑我吗，鞋子竟然是歪的,0.0
质量太不给力啦，拿到手一拆开，结果都烂了一面！,0.0
"以前的书名为《从中学生到女演员》，是留下青春回忆的一部书，即有作者的也有读者的。有的章节以前读的时候是很快乐的，再次读时竟然感动流下了眼泪。作者美丽爽直的文风在二十年后依然温暖，清新人的心灵。细细一看，人在年少时要如何对待困难,诱惑,批评,否定?自由有个性成长而又能融入世俗，一切皆有答案，但是不是只能在中年才能领悟作者在一群平淡，轻松的文句中所述的道理？",1.0
如同大家所说的，整个宾馆有一股霉味，估计是地毯和不密闭不能开窗的问题，如果对房间气味有要求的网友绝对不要入住此酒店。不过该酒店位于海口市中心，购物较方便。,1.0
兰蔻精华眼膜霜5ml 不知道真假，效果感觉还行,1.0
品质还可以 包装大气 送货快,1.0
嗯  还有小赠品送，不错哦。枣子很好吃哦,1.0
感觉上当了不是想像的修脚器也就一电动磨石建议大家别买./,0.0
宝贝不错，下次还会来买的,1.0
就是文胸的问题，不得不差评，我买每一件东西都会留言发货前请仔细检查，,0.0
效果不错，快递有些慢！,1.0
发货送货慢，质量也一般。膜揭下来也一般,0.0
自行车外观很漂亮啊，自己装后还是不太好，轮子配少珠，导致前轮老是摇晃，去自行车铺装上珠才行，一分钱一分货，变速反应很慢,1.0
太长了。有点贵,0.0
球不错，很好打，价格也还过得去,1.0
很轻。可以。      方便,1.0
旅行箱颜色亮丽，看着很结实，暂时还没用,1.0
说送小礼物都没送，,0.0
给孩子玩还是不错的 不过我上次买的价格好像是39,1.0
包装换了，还没打开食用,1.0
故事一上来就认识了一个发丘族的行家，我不知道是不是作者的特意安排。本人老是不自觉地将这本书与鬼吹系列进行比较。而发丘正好就是霸唱没有提到的一个种族。不过一上来就弄个王胖子出来。后来才发现这还是其中一个主角的时候。我不得不想到“三叔”不会是同人吧。倒是麒麟血，这个让我耳目一新。那种青铜制品也贯穿了整个故事路线。期待吴邪这个初哥能将我们带到另外一个未知的领域好好来一场精神SPA。,1.0
"这是我住过的一家全国最差的四星级酒店.进房给你第一的感慨是灯光灰暗,我想看报只能去卫生间看,因卫生间照明亮度才能达到.我是晚上9点多进酒店,11点多想洗澡,却开不出热水,打电话给总台才知是市里供热管道出了问题,要我耐心等待.直到半夜1点多还是没供上,我又找了酒店值班柳经理,本人一天长途从上海开车12个小时到威海,就是能洗个澡好好休息",0.0
GL40主板为GM45的减低配置版本~搭配T4200和DDR3 1066，这样完全发挥不出应有的性能~ 而且网卡和无线网卡均没用兼容性不好的Atheros，至今改装XP后无线网卡依然无法正常工作,0.0
女儿很喜欢，家人都满意！,0.0
衣服打开包装印花气味太刺鼻了！,0.0
电池太不给力！希望商家可以在这方面努力，或是提供用户DIY电池备用的方法！另外，质量有待提高，小朋友第一天就有其中一台，一边车轮不转！不过，总归还是个好玩具，特别是对战，构思巧妙，娱乐性强，而且在亲子族活动方面，增色不少，值得推荐！,0.0
交通方便，室内干净，基本生活电器都配备。出嫁那天需要红色床单，前晚给前台打了电话，他们回复说要去仓库找下，没想到第二天真给送来并布置好了，态度还不错！,1.0
裤已收到，卖家发货快，质量不错，码数准，款式新颖，性价比高，很满意,1.0
小巧，很是可爱，LED的屏亮度还不错，启动很快。电池差不多五个小时吧,1.0
早上刚才收到，很是喜欢。下次还介绍朋友来,1.0
好。很不错，下次还来买，态度好，速度快,1.0
杂音较多，也没有见到开发票？,0.0
衣服味道很臭，洗了三遍又泡了一晚，还是有味道，都不敢穿！,0.0
收到了，很不错的，画面很清晰，安装很方便，很满意的一次购物 ,1.0
很好，宝宝喜欢。已经试过2种奶瓶了，这是第三种，终于肯吃奶嘴瓶了。,1.0
少发货，买的人注意当面验货。售后不好,0.0
"以前曾多次入住瀛洲酒店,这次的早餐质量和选择的品种比原来有所提高.",1.0
话说回来，当当这次邮来的书，我遇到了跟那位朋友一样的遭遇，我的书是第十二章不全，第十三章整章没有，而第十四章重复，让我感到，怎么说呢，损失不小呀。,1.0
事物与店家描述的相差太远，，手柄支架太松散，质量一般 ，稍微一阵风就吹得坏    刚到货就联系卖家   说可退货      过年期间嫌麻烦   就没退了   购买需考虑清楚啊,0.0
虽说作者并非专业医务人员，但也算是位医者！本书内容充斥着对自我的吹捧和膨胀，我想这首先不应当是该书的主题和读者所需！本书的浅显易懂是一重大特色，但它本身就存在一个重大的隐患--没有顾及到所涉及到的读者本身体质、地区气候、习惯等方面的不同，用单一的模式来解决所有的问题，显然是不可取的！本书因为当当的推荐排行，我进行了购买，但翻阅没多久，至少是我本人对其的表述无法苟同，希望作者作为医者，在浅显易懂，易于读者理解掌握的前提下，少点对自我的褒扬的同时也不忘对其差异性及基础性知识的传扬，以便读者能正确、方便来掌握其中对自己有益的知识。不会因失之毫厘，谬以千里，我想这应该也是作者的初衷才对！,0.0
"这次在连云港出差，住了两天，不建议大家再去，理由如下：一，酒店的空调不是24小时的，每天上午9点到13点没空调。二，热水很差，水量接近小孩尿尿，而且要放很长时间才有，投诉到前台，前台也是说让你多放会儿。三，房间地毯比较脏。四，卫生间没有浴缸（我也从不用酒店的浴缸），但浴帘下面的缝隙太大，一洗澡就是一卫生间的水。五，酒店下面又是KTV又是洗浴，晚上还有骚扰电话打进来问要不要按摩。免费注册网站导航宾馆索引服务说明关于携程诚聘英才代理合作广告业务联系我们Copyright1999-2008,ctrip.com.allrightsreserved.",0.0
这是买的第二台了，给老人用，真心不错。一句话总结：蒸馍是蒸馍味儿，面包是面包味儿。,1.0
这鞋细长，适合脚瘦得。冬天穿冻脚,1.0
一直买这个，给宝宝背奶,1.0
磁铁吸力太好，导致夹子夹不紧，一拿手机，整个夹子都被拔下来了,0.0
挺好看的，一气读完 不错,1.0
太差了，根本就不是正品,0.0
"老爹不喜欢, 颜色深, 裤子前面没有口.",0.0
长城酒店的外形很壮观。是嘉峪关里两家四星酒店之一。不过太陈旧了。优点1.离雄关广场走路10分钟。那吃饭、购物都很方便。2.毕竟是四星级酒店，房间设施还是比较齐全的。3.每天服务员都送两瓶热水到房间，另外还有一瓶凉的开水。挺温馨的。缺点1.卫生间手纸太糙了:(2.服务中心电话经常无人接听。不过，接听后响应速度还是很快的,1.0
收到后，包装完好。笔记本封条完好。性价比很高，DVD驱动盘包含VISTA所有必备的驱动，方便。,1.0
因为离客户很近所以觉得非常方便，说实话房间没怎么注意过，因为一天中只有早上是比较清醒的，其他时候都醉着。早餐还不错，房间也挺干净。很可惜住了两天半很匆忙没去看看那个全市最大的冲浪游泳馆。,1.0
房间破旧，电视无法正常观看，卫生间连厕纸都不给准备，还要自备。空调没有遥控器，就是个摆设，晚上要穿衣服睡觉。服务质量很差！,0.0
物流速度尚可接受，音质稍差点，盖子和包装可适当提高档次。爱人收到很高兴，谢谢商家！,1.0
入住过几次，房间还是不错的。但是早餐质量是江河日下，一次不如一次。,1.0
中午收到书了，速度很快，昨天下去才定的，值得表扬~可是收到之后很失望，这本书没有任何包装（可能原版就是这样），这也就算了，可是书角都破了，封皮的上边沿也有开口的地方，再看书的侧面，切的时候就不整齐，真怀疑是盗版的，以后不在当当上买了:(伤心~在当当买了这么多书，第一次遇到这样的事情，失望~,0.0
买了两件衣服，一件不合适，尺寸差距很大，退了一件，当时卖家说给承担运费，让我先垫付运费，当卖家收到货后，找了一大堆的理由不给运费，后面我就不想再说了，亲们可以自己想一下这样的卖家这样的售后服务，怎么让你安心在这里下单，我联系了京东客服，还好京东给我承担了这次的补偿,0.0
物流超慢  东西还行   不过订的好像是圆筒   发过来是椭圆,0.0
好，老顾客了，希望保持，茶好就有回头客,1.0
不满意，莲花底座破损，我的本名佛刚刚经过战斗吗&hellip;,0.0
还行刚收到货，还没 有穿不知道质量怎么样,0.0
你店的鞋质量都很好。麻烦老板了，非常感谢！,1.0
"9月9日入住,从小事即可见一斑：浴帘比浴盆高200毫米，弄得卫生间一地水，功能丧失，不如说是遮羞布；餐厅桌布油迹斑斑，服务员总是理直气壮地回答，昨晚忘记换了。 让人不可思议的是房间不能打国际长途！11日晚23时，我要打国际长途，前台首先声明不好使，建议买IC卡打（想赚卡钱吧？）。在我的坚持下开通了国际长途，但拨号后传来了中文提示：这个号码是空号......。显然没有“出国”。与前台理论，找值班经理都不解决问题，无奈，找出一张IP卡，试拨17900，无法拨通，又试拨10060（该宾馆号称用网通的电话），也不能拨通。最后用手机拨打了国际长途。 电话打过，确久久不能入睡，倒不是心痛电话费过高。而是心中恐怖，万一夜里着火、被盗，我能拨打119、110吗？可爱的正宗三星级酒店！抬眼看日历，啊！9月11日--恐怖的911！！！ 次日提前退房离去。留下携程与你长期合作。",0.0
看着还好看的，应该好用,1.0
只有少量减噪效果，粘上去再拿下来就麻烦了,0.0
质量非常差，偷工减料，鞋底是空心的，鞋带就像一根绳子！,0.0
质量棒棒的，比较沉一些，但是用起来非常棒，很好用，谢谢卖家的耐心解答,1.0
买回来还没有看，不过质量很好,1.0
挺好的一本书，实用，比较适合医学生或刚就职的医生,1.0
还行吧，凑合。      ,1.0
用着还可以看看电池能用多久吧,1.0
太差了。没用几天竟然露水了。质量不好,1.0
散热很好，风扇声音很小，价格还可以，喜欢小黑的外观。没想到抢购送货还这么快。,1.0
椅子寄了将近一个月这都不算事！关键三个腿长一个腿短，孩子怎么坐？？？？？谁能告诉我！！！！真心哭了！！！！！,0.0
没有色差就是有点薄,1.0
于丹的书已经看过了，想在当当网上买正版的，为什么没有藏书票。原书中的送的书签怎么也没有呀，失望！,0.0
书已经拆封就不说了，书本页面发黄，很旧的感觉。最近买书发觉比以前差很多。,0.0
不太喜欢伸缩很困难,1.0
我是6月7日入住宾馆的，宾馆里的环境不错，餐厅做的菜挺好吃的。服务也不错，我要的东西很快就送到。晚上睡觉很安静。同等价位，我推荐这间宾馆。,1.0
"该酒店338元/标间价格绝对不值,不知道航空酒店定价标准是什么.马桶根本没有消毒,前天晚上入住,用了马桶之后,屁股立马骚痒,到现在还没有消退.另外,早餐餐厅也小得可怜,食物品种和数量也少,要是晚去吃早餐,保准吃不到.",0.0
质量太差了。轮子安上就掉，只好放弃。箱体太薄，时刻担心破裂。价格太贵，同样的价钱在家乐福可以买个更大更好的箱子。,0.0
"看了评论之么好才买的.看了一本之后怎么也感觉不到他的好,觉得不适合中国宝宝.而且我儿子才8个月大,等他大一点吧.暂时束之高阁",0.0
认识这本书，是在当当的首页看到的，不怎么逛论坛，所以之前并不知道有这本书。花了两个晚上的时间，把这本书看完。总的感觉，一气呵成，书里面的角色，有着深刻的八十年代的烙印，是我们这代以及之后的人所无法切身体会的，只能看后感慨，只能当作小说来看，只能是一种休闲。或许，对一部分人有教育意义……很佩服本书的策划，除了正文（已经很好了），基本上能用来做广告的地方均没有浪费，真是太有才了！,1.0
我的杯子居然没收到。还显示签收了。,0.0
品质不错。活动购入，价格实惠。减一星是邮政配送，速度慢得发指，配送人员态度差。,1.0
酒店位于福州最热闹的东街口，出来吃饭购物逛街都十分方便。商务单人大床间房间够宽敞，还配有液晶电脑，很方便。尤其值得一提的是酒店的服务，非常棒！每天晚上都有楼层服务生专门送来的小点心和温馨的明日天气提示及当日报纸，感觉很贴心。下次来福州还会选择这家。就冲这么贴心的服务也觉得很值得。,1.0
这是我刚从京东买的商品，打开包装就看到有个地方断了，我觉得在网上买东西也不咋的，下次都不敢在网上买东西了,0.0
摸着很舒服，穿着也好看。以后会常来,1.0
有漏的，就乎用吧，也不知道有没有用，没什么感觉,0.0
超级恶心的京东，以后别在京东买货了，骗人的，京东服务差的要命，退货服务不理不踩，不失败了。、、、、,0.0
不好，根本就不能用！,0.0
因为客户就在旁边一栋楼，所以就近住了，不过这个地方好象也就只要这么一个大点的宾馆吧，同事说好象是日本人开的,0.0
宝贝收到了，色泽好，很好喝,1.0
水果瓶没发\n清洗太麻烦了,0.0
三亚我去过几次了，前几次是公司组织的，这次和老婆、老妈一起去大东海，一来度假，二来拍婚纱照。我们选择是三亚明珠海景酒店，大东海的分光不如亚龙湾，明珠海景酒店的设施服务更加让人失望，甚至令人气愤。我们入住的是3218、3219两个房间，房间很小，很旧。白天逛了逛海滩，吃了海鲜，晚上回来睡觉，关上门窗听到一些似乎是海浪的声音，就没太注意，到了晚上12点多，声音越来越大，就像飞机的轰鸣声，让人无法入眠。第二天老妈说声音吵的她脑袋疼，我发现是酒店的大锅炉在作怪，这时候我做了一个错误的决定——忍耐！结果连续三晚都是如此，半夜吵得人抓狂，第四天晚上实在睡不着，凌晨5点多的时候，让他们值班经理来看，他们临时关了锅炉，可是早上8点多又开了，实在让人气愤，我就找他们大堂副理，一个姓李的女士交涉，她反复推托，一直拖到12点多，最后我愤怒了，她让他们经历一个姓周的女士跟我谈，结果一点补偿措施都没有，态度相当蛮恨，我只好投诉12315，结果12315的人沆瀣一气，让我去投诉环保部门，并且说好40分钟到现场，也一拖再拖，由于时间限制，我只好非常失望的离开了这家酒店。这次痛苦的旅行，让我记住了这家垃圾酒店——三亚明珠酒店！特别是那个林女士、周女士的店大欺客的嘴脸！ 补充点评 2008年1月3日 ： 广大驴友如果一定要入住该酒店，最好实地考察一下房间的噪音，应该不会低于60分贝。,0.0
没有黑色还不说清楚！又买了个没用的东西！真是无语了&hellip;&hellip;,0.0
送货很快，弹性不错，包装完好，质量很好，物流的速度也快。,1.0
使用起来相当不错。渣也十分干，就是有小部分果肉果汁会跑到渣这边，希望改善下。,1.0
很上档次！ 卖家服务态度也很好,1.0
衣服刚收到，是纯棉的，很柔软，摸起来很舒服，挺满意的,1.0
"改了招牌以后第一次光顾,感觉没啥变化.自助早餐涨价了不少 宾馆反馈 2008年8月8日 ： 感谢您对本酒店的支持！我们将一如既往地保持5星级的服务标准， 欢迎您再次下榻， 衷心祝您身体健康， 工作顺利!",1.0
最多直*块，不值,0.0
不好，和图片上的商标不一样,0.0
宝贝与卖家描述的完全一致，性价比超高，是正品桑蚕丝被,1.0
很不错的衣服，大小合适，以后出去玩就靠它了，顶半个羽绒服呢，很满意.......,1.0
实际产品的可视角度与页面介绍的有较大差距，我要求打发票，但发来货收据也没有，有些失望,0.0
不值那个钱啊  也就凑合吧,0.0
可以，吸力挺大的！！！,1.0
老爸很喜欢，但是客服总是换来换去，总是重复描述换货问题也是醉了。,1.0
商品很符合介绍的手机使用,1.0
没有杯套，杯具了。,0.0
还可以就是没有给螺丝怎么装啊\n店家不细心的啊！！！！,0.0
发货速度还可以，用着也还行。\n,1.0
极度不推荐，内容非常不考究的东西，基本都是乱掰，并不是严谨科学读物，排版也非常无聊，一本无趣的伪科学地摊文学,0.0
1。卫生间小得不得了，没办法洗澡；2。首次入住居然给我一个没有窗户的房间，后经交涉换了一个，为什么不可以第一次就给客人一个好点的印象呢？傻！,0.0
就算作假，请把包装搞得像样子！就一个透明塑料袋，一看就不是正品！,0.0
很后悔，质量太差。,0.0
性价比高，稍痩，颜色深点。,1.0
此书总体一般般，实际内容不多，后面罗列了一大堆一般性的文献，很后悔购买。作者：彭林，1949年生于江苏无锡，历史学博士，清华大学人文学院历史系教授、博士生导师。长年从事中国古代史与学术文化的教学与研究，尤其是《周礼》、《仪礼》、《礼记》的研究，著有《（周礼）主体思想与成书年代研究》、《文物精品与文化中国》、《中国古代礼仪文明》等等。此书总体一般般，实际内容不多，后面罗列了一大堆一般性的文献，很后悔购买。作者：彭林，1949年生于江苏无锡，历史学博士，清华大学人文学院历史系教授、博士生导师。长年从事中国古代史与学术文化的教学与研究，尤其是《周礼》此书总体一般般，实际内容不多，后面罗列了一大堆一般性的文献，很后悔购买。作者：彭林，1949年生于江苏无锡，历史学博士，清华大学人文学院历史系教授、博士生导师。长年从事中国古代史与学术文化的教学与研究，尤其是《周礼》、《仪礼》、《礼记》的研究、《仪礼》、《礼记》的研究总之，此书不是正宗的学术性书籍，不建议购买。此书总体一般般，实际内容不多，后面罗列了一大堆一般性的文献，很后悔购买。作者：彭林，1949年生于江苏无锡，历史学博士，清华大学人文学院历史系教授、博士生导师。长年从事中国古代史与学术文化的教学与研究，尤其是《此书总体一般般，实际内容不多，后面罗列了一大堆一般性的文献，很后悔购买。作者：彭林，1949年生于江苏无锡，历史学博士，清华大学人文学院历史系教授、博士生导师。长年从事中国古代史与学术文化的教学与研究，尤其是《周礼》、《仪礼》、《礼记》的研究周礼》、《仪礼》、《礼记》的研究。此书总体一般般，实际内容不多，后面罗列了一大堆一般性的文献，很后悔购买。作者：彭林，1949年生于江苏无锡，历史学博士，清华大学人文学院历史系教授、博士生导师。长年从事中国古代史与学术文化的教学与研究，尤其是《周礼》、《仪礼》、《礼记》的研究。此书总体一般般，实际内容不多，后面罗列了一大堆一般性的文献，很后悔购买。作者：彭林，1949年生于江苏无锡，历史学博士，清华大学人文学院历史系教授、博士生导师。长年从事中国古代史与学术文化的教学与研究，尤其是《周礼》、《仪礼》、《礼记》的研究。此书总体一般般，实际内容不多，后面罗列了一大堆一般性的文献，很后悔购买。作者：彭林，1949年生于江苏无锡，历史学博士，清华大学人文学院历史系教授、博士生导师。长年从事中国古代史与学术文化的教学与研究，尤其是《周礼》、《仪礼》、《礼记》的研究。一般人不一定要购买。,0.0
实物颜色跟照片有差距，布料还可以,1.0
做工很一般，有点厚，和店里买的*一个没区别,0.0
很薄很薄，不适合北方,0.0
炒鸡美，送给妹妹的，也想给自己买一只！闪闪的，公举范儿??,1.0
明明两个水嘴得一个,0.0
书是人类进步的阶梯 值得购买 不错,1.0
包还行就 是发货好慢慢,0.0
盗版书，书中有错误内容还有漏掉的信息，复习用的书竟然有这么多错误，京东真是太屎了,1.0
还好，颜色没有图片好看。,1.0
不知道什么原因使曾送的钢化玻璃膜收到时已经损坏了，想到退货很漫长。。。还是算了。,0.0
车子还没收到不知道如何，但是这汇通快递真是慢到极致，派送两天没送到，中途打电话问过几次，第二天晚上说是被偷了，后来就协商赔款，无语~~,0.0
作这样一种结论在先的&ldquo;倒金字塔&rdquo;的叙述虽然是唐突的，我想还是开宗明义摆出来为好。不过在对这个代码作分析之前，不妨暂时搁置一下对这个概念的论证，先做些回顾性的工作。这样虽嫌拖泥带水，然而这种自我交代也许有便于读者进入论域。\n与一些先行者稍有不同，笔者不是由文学而是由对思想史的爬梳，顺序地走进鲁迅的。当我走进这一驿站的时候，鲁迅研究已经蔚为大观。这是八十年代最后几年的事。\n中国近二十年的人文研究是与中国社会的变革紧紧地缠在一起的，尤其是与&ldquo;文革&rdquo;后的思潮相互激动而构成历史的。在&ldquo;文革&rdquo;长大，而后又有机会进入学术生活的一批知识者，其&ldquo;研究&rdquo;一开始就不是&ldquo;价值中立&rdquo;的。作者更不能免俗，在很长一段时间，我的有关鲁迅的文字多带有&ldquo;洗刷耻辱&rdquo;、&ldquo;呐喊&rdquo;、&ldquo;参与&rdquo;的特点。严格地说，这不能算研究。\n不过，过来人以缺乏学术性嘲讽那段历史，是自以为深却失之于浅，自以为雅却落于俗的。用自己生命的真情走过的足迹，无论多么幼稚，自有其独特的价值，因为那是一种本义上的生命创造，是那个时代中国青年学人用生命的真情和稚气书写的历史。精神史上可奚落的对象也许很多，但无论如何不应该包括幼稚。,1.0
喜来登饭店确实不错，是标准的五星级饭店。由于工作原因，我经常要晚上22点入住酒店。喜来登接受客户的信用卡担保，保留房间。非常好！喜来登的位置不错，就在天府广场的北侧，绝对的市中心。旁边有个体育场。周边的购物场所较少，必须去人民广场，或者春熙路购物街。住喜来登，可以在市区转转，看看成都的景色。如果想方便出城，那么还是住南二环的凯宾斯基好了，那里靠近机场高速。喜来登是Starwood成员，可以积累分数。早餐也非常好吃。房间的环境、设备都非常好。服务态度非常好。我以后还会选择喜来登。入住喜来登之前的一天，我住在锦江宾馆。锦江宾馆的官僚风气太严重了。我列举一下锦江饭店的问题：1、不接受信用卡担保。这完全不符合五星级标准，更不符合国际标准。如果客人22点入住，怎么办？2、早餐9点30分就结束了。一般的饭店都是10点结束。3、服务员的态度差劲，好像国营企业的服务员。4、网速太慢了。我实在想不明白：为什么锦江宾馆不接受信用卡担保。这严重影响了客人的利益。建议大家抵制锦江宾馆这种不负责人的饭店。,1.0
"低价RMB4599,表面烤漆工艺好，整体配置不错，独显256M带有HDMI高清接口，自带喇叭声音不错，另有附送鼠标及包包",1.0
真的是盗版 我有一本想买一本放学校 京东买的真的是盗版 书页发灰 正版纸硬而且白 真不知道新东方怎么允许京东卖的 讨厌 快退款,0.0
被骗了。介绍说是莫代尔的。,0.0
为什么子机打电话一直有杂音呢？,1.0
挺好用的，颜色也好看。,1.0
相当于五星的服务，好于四星的早餐，差不多三星的房价就是要借东西补充点评2008年5月12日：有个印度啊三，很有派头，服务热情,1.0
环境不错，室内色调很温馨，MM很满意！就是窗户收拾得太马虎了，拉开窗帘就觉得很凌乱的感觉。最不足的地方就是淋浴了，一是地方太小了，二是洗澡时水时大时小的，中间还停了几秒！！,1.0
内容好，作为备用词典,1.0
卖家发货速度很慢，服务质量很差，对店家很失望,0.0
酒店只能用几个字来形容，脏乱差，半夜三更有按摩小姐骚扰你，让你休息不好！如果你抗议，小姐会告诉你这是他们的协议！不知道什么协议？,0.0
艹了奶茶妹                           ,0.0
在市中心，逛街吃饭都挺方便。服务不错，标间设施略旧。,1.0
整体感觉挺好的，物流超给力，质量不错。,1.0
对于断裂力学和损伤力学，确实比较难懂。这本书从工程角度讲的，还算容易懂,1.0
很棒的YY，面料很舒服，收到在家就试了一下，老公说上身很有气质，今天中午就迫不及待去游泳了，下水没掉色的情况，给卖家描述的完全一致，特别满意的购物,1.0
挺厚实的不过质量般般,1.0
早知道台湾有这么一本书，但是大陆相关的书几乎没有。对房子的各种问题我们了解的太少了。买房子又不像买件衣服，不好了就不要了，这个应该慎之又慎。虽然书里面的东西也不是都能操作，因为有些需要专业的仪器什么的，但是也足以让我知道许多房子和健康相关的常识了。这种书在国内还不多见，对想维护健康的人很有意义，尤其家里有宝宝的，真的要注意。书也很漂亮，至少看着不累眼睛。满意啦！,1.0
买了两条，第一次发货只发了一条，后联系客服补发。一串106颗，一串107颗粒。伤痕累累,0.0
很好     很流畅。。。。。。。。。。,1.0
1.交通方便，靠近地铁站； 2.安静、干净、舒适； 3.价格偏贵（房价、餐饮、上网）。,1.0
这家商铺的客服很好。但是这个牌子的产品很一般，甚至是不咋的。这个正时皮带，与原厂的正时皮带相比，价格便宜了一些，但质量差了很多。原厂的正时皮带，很硬，很结实，也很耐磨。可以使用8万公里。这个牌子的正时皮带，品牌很大，但是质量远没有牌子那么响亮。很软，很松，弹性很大，一受力，便拉很长。就知道这个皮带，太多的橡胶，太不耐磨了。做多使用到4万公里就要更换了。结果反而不划算。,1.0
"哪里象个4星的样子哦! 至少是我住过的4星里面服务最差的. 根本就没有服务! 总台:没有问候, 没有笑容, 没有道谢. 象机器人. 到处空荡荡的.浴缸坏了, 我都懒的叫他们来修, 因为我已经脱了衣服了.真的很差, 那早餐的情形跟个大排档似的. 补充点评 2006年10月24日 ： 当然总的来说, 作为中等城市的酒店, 大概都差不多是这个样子的了. 至少安全, 还算舒适.",0.0
性价比高、总体费用还是节约不少的，尤其是只用一般用途（文档编辑、上网等)MM 比较适用。,1.0
东西很划算，值得购买,1.0
还没用，看着还行，不知道好不好用,0.0
文革后期作品。唱腔设计似乎不及其它剧目，但也还不错。正因为熟悉程度不及其它样板戏，才购买欣赏。小时候看多两次电影，也从广播中听过不少录音。,1.0
不是十条装么？怎么拿回来就变成九条了，也太能骗人了吧？第一次在京东发现这种情况，以后还真是不敢买什么了,0.0
还好吧，半天时间快了15秒左右，指针上有一点灰，擦不到!,1.0
外观不错，性能优良，散热还可以，掌托温度不高，使用的感觉比较舒适,1.0
很好，就是好慢啊,1.0
差评！！！订书近2个月，仍未收到订货，且对投诉无反馈。,0.0
喷雾小的可怜 还往出喷水 这次网购太失败了,0.0
书是破损的。书是破损的。,0.0
"酒店位于昆明中心区,地理位置不错,可惜酒店服务有些差,第一天晚上可能入住的客人不多,空调根本没开,打了电话问,说是中央空调要晚上统一开,结果晚上也没开,就热了一晚上,第二天有开会的入住,晚上就有了空调,不得不说酒店经济帐作的好.房间的床太硬,睡的不好.酒店的早餐就如其他人评价一样,想法的难吃.不过携程的预订价钱还不错.",1.0
只花了10元钱买了两本。呵呵划算,1.0
裤子己收到，看上去还好,0.0
"订的阳光的豪华行政房，居然比同事订的豪华房小很多，要不是正巧去同事那边去看看，就让酒过去了。2种房间的价格差了￥150，贵的房间除了面积小了许多-甚至还不如普通标房大，其他设施无任何变化！这种变相斩客的做法是对消费者的欺诈！酒店的行政楼层无人员值班，也无任何行政客人的专项服务：无行政酒廊，无Happyhour,无专人服务。",0.0
这款锅看着不错还没用呢希望好吧，用好下次还来,1.0
太失望了。为什么给我的书是即旧又脏？,0.0
包装很好，质量值得信赖，大家可以过来看看。,1.0
老公不是很喜欢，不值，,0.0
"房间环境尚可,卫生让人担忧,床单圬迹斑斑!有骚扰电话补充点评2008年4月6日：停车场没有灯,还污水满地留,建议取消该店",0.0
不错的裤子，质量也不错....,1.0
还是可以的。不错。就是颜色略花哨,1.0
\n非常好的一本书，京东配送也不错!读书是一种提升自我的艺术。玉不琢不成器，人不学不知道。读书是一种学习的过程。一本书有一个故事，一个故事叙述一段人生，一段人生折射一个世界。读万卷书，行万里路说的正是这个道理。读诗使人高雅，读史使人明智。读每一本书都会有不同的收获。悬梁刺股、萤窗映雪，自古以来，勤奋读书，提升自我是每一个人的毕生追求。读书是一种最优雅的素质，能塑造人的精神，升华人的思想。读书是一种充实人生的艺术。没有书的人生就像空心的竹子一样，空洞无物。书本是人生最大的财富。犹太人让孩子们亲吻涂有蜂蜜的书本，是为了让他们记住书本是甜的，要让甜蜜充满人生就要读书。读书是一本人生最难得的存折，一点一滴地积累，你会发现自己是世界上最富有的人。读书是一种感悟人生的艺术。读杜甫的诗使人感悟人生的辛酸，读李白的诗使人领悟官场的腐败，读鲁迅的文章使人认清社会的黑暗，读巴金的文章使人感到未来的希望。每一本书都是一个朋友，教会我们如何去看待人生。读书是人生的一门最不缺少的功课，阅读书籍，感悟人生，助我们走好人生的每一步。书是灯，读书照亮了前面的路书是桥，读书接通了彼此的岸书是帆，读书推动了人生的船。读书是一门人生的艺术，因为读书，人生才更,1.0
"非常不值得的一个酒店.179的价格绝对不值!其他连锁酒店99元100元都比这个强啊!!房间很小,位置不好,早餐很差!",0.0
真心是史上最恶心的一次买东西，第一次买的，是英雄的359仿凌美的那个。如图01，02不出水，我联系客服，说是可以退，好吧，我说换个正品的，我把钱补上，客服说他这边不能弄。后来说给我换个，出水好的。我就快递过去了，今天换回来了，原来他们的&quot;换&quot;只是在原来的笔上换个盗版的笔尖！比原来的还不如，如图第二次换。我又联系客服，说是我可以退。我算算，如果退，自己退的快递费花28元钱了，笔反而还没了。这怎么办？,0.0
不愧是德国工艺的，焊接的很好，看不出裂缝，非常完美，全五星好评。,1.0
还行，谢谢，下次在订购，,1.0
很好很好很好，洗澡后使用，很滋润,1.0
很好，很漂亮，有气质,1.0
这块卡还行，玩LOL特效全开无压力，这个价位还不错,1.0
面料不错，款式也很好，老婆喜欢。,1.0
还不错，价格便宜！！！！！！！！,1.0
非常的不满意。颜色不对，要的是粉色的。给我寄的是紫色的,0.0
很不错的小背心，舒服,1.0
垃圾，遥控有问题今天咨询居然没有人理，,0.0
"10月12日下单, 不可否认物流很快.\n但是商品本身很大问题.\n1.用了两天, 包拉链处的硬材质条(应该是为了保证口部平整的)掉了.\n2.两侧的锁扣脱落,外圆太大了(我自己拿锤子给砸扁修)修了下.\n3.一侧挂五金锁扣的耳朵断掉了(我平时只背本书,钱包,雨伞之类的小东西).\n我一般情况下不拘小节的,但是这个现在背不了了,只能手提,坐地铁好不方便.\n所以很不爽,来发发牢骚,直接上图,大家看吧.",0.0
本以为携程推荐的错不了，而且房价是800，以为是比照四星打造的由几幢别墅的联合体，但去一看，失望到极点，只是私人承包的别墅，而且我用信用卡担保的房间竟然被人住好了，本想和CRRIP理论，但那老板还上路，跟我们协商，只是周六的房间的确紧张，只能接受，最后住到238号，交通太不方便，从皇后饭店开始得爬100个石阶才到。房间的卫生间卫生状况不行，水龙头还可以，是摩恩的。第二天的早饭，只有粥和淡馒头，鸡蛋还是限量供应的，小朋友是没有的，强烈建议去山上住莫干山山庄，去看过真不错，只是双休日估计房源会紧张。千万别住私人承包的别墅，第一次对携程推荐的星级产生怀疑。,0.0
书没有什么的内容，标题已经全部概括。真的佩服作者能将一件事情写成一本书，而后我有将只有一件事情的书通读，真是同样佩服自己。,0.0
买两个锁，钥匙一个三把一个两把，是不是逗我玩呢,0.0
恩，有缺口，有黑点，不是和田玉，应该是俄料或是青海料不过这个价格还算可以吧～,1.0
衣服是挺厚的，就是有点粘毛,0.0
包装的很精美，质量不错，一看就知道是正品。,1.0
不错  大小合适  设计好,1.0
发货也太慢，琴手感和音都不好，琴架做工太粗糙，太失望了，凑合用吧，也懒得在退了，太麻烦,0.0
印刷精美，值得收藏。航拍较多，风景比较集中。,1.0
质量很差，颜色单一，不再购买。,0.0
这就是所谓的epp材料 你们自行判断  我是学材料的 不多说了 劣质产品,0.0
下次快递速度能快一点,1.0
质量尚可，内容简单。是小书，是MP3光盘，自己用不上,0.0
这套书不错啊！寂寞的老头因为捣乱猫而不再孤独无聊，里面的人情味很重，儿子很喜欢，每天睡觉时从书架抽一本让我在床头给他讲。有时候自己翻着看，因为画面很丰富，他在里面能看到文字以外的东西，比如有一集里面，在鸡蛋的框子里有一个彩色的，他很快就发现了，说“复活节彩蛋”！其实那篇跟复活节没有什么关系。还有一些细节，好想画出了大人看不到，孩子世界里特有的东西，小动物、奇怪的仿生家具……。,1.0
鞋子看了下，是真皮的，还没穿，看起来挺漂亮得,1.0
只有题没有考点讲解 没有杜征征的那本好,0.0
外观厚重，很有IBM早期的感觉，个人感觉外观男女通用的啦，很沉稳。 性能很好。配置实在。最主要的是价格实惠。一般上网用用没问题了。 发货很快，昨天12点发货，今早8点到了。快递人员和我的京东客户经理服务都不错。,1.0
"美国乐家 Almond Roca杏仁糖 扁桃仁糖果 ,好吃",1.0
什么鬼，又脏又破，本来就是用来收藏的，还坏了，烦人！,0.0
在南山区办事的话住这里还算方便，门口往哪个方向的车都有，就是稍微有点吵啊,1.0
6月8日遗忘在3226房间的iPod和挂绳耳机已经收到，谢谢白云山庄！ 此次白云山庄的中餐厅美食、酒店的管理服务给我们留下了很好的印象，赞一个！,1.0
鱼竿质量不错，手感很好，竿子材质挺好的，使用方便，性价比高,1.0
很好，比想象的要大一些，脚踏着有点费力。在小区骑了一圈。电动的速度还很好。,1.0
圆通送货太慢，垃圾公司。,0.0
挺高大上的，喜欢服务态度超好,1.0
好用，来了就坐了披萨！够大！,1.0
今天去给笔记本贴膜，突然发现网卡有问题，给京东售后打电话，提示音告诉我是第一个排队，结果等了15分钟也没等到，在网上提交返修申请，怎么也提交不了，老提示信息不全，郁闷，京东的售后令人非常失望！,0.0
样式好看，放客厅很大气，而且很亮，满意,1.0
"henzhexiao,xiacihaihuil",1.0
垃圾，测出的数据完全不准，纯属忽悠人,0.0
"包很宽敞, 也很新, 但布太薄,有点保护不了笔记本的样子,还需要配个笔记本内胆包.毕竟就这个价位,道希望再贵一些,包再厚实些..不知道是不是戴尔的原装生产,看起来不象是仿制的.\n",0.0
赠品 不好看 买时不知道还可以选不要这个,0.0
有毒的东西，抽完嘴巴发麻，谨慎购买。,0.0
质量好        手感也不错,1.0
直接差评，还说是全碳素的,0.0
价格有点小贵，孩子很喜欢~~,1.0
"以为曾经是排行榜第一的书一定不错,结果,拿到书后,非常失望,印刷一般,纸张也一般,内容......提起内容,只能是消遣一下的书,有些理论是十分错误的.这本书迎合了大众的心里.但是,作者这种不负责任的态度,让人太失望了!不建议大家买这本书!!非常失望!白花20来块钱!",0.0
很容易脏 很贵 下次不买,0.0
大小都不一样，颜色偏差太大，,0.0
假货，而且明显是偷换概念，什么雷朋嘛,0.0
物流扣分，商品还可以,0.0
这家里面卖的东西不能吃，我买的东西里面有头发，别说喝了看着就不难受，叫我们客户怎么喝啊,0.0
买这本书是因为它很热，在榜上呆了很久，也是因为个人对文史的喜爱。但是，真的到了看它的时候，我觉得失望。当然这更多的是和个人爱好又关系，不是很喜欢它的语言风格，缺乏一种真实感。不过，它流连榜单那么久，也许又它的吸引人之处，不过目前我还没发现》,0.0
质量非常不错，铺在瓷砖地上一点儿都不凉，够厚了 ,1.0
书好，权威！纸质也很好，就是折扣力度不大！,1.0
这次去新疆旅游在伊力特住了3天，酒店的位置不错，走路去五一路吃饭5分钟。房间挺大，地毯也挺干净，设备中归中矩，由于在长江路边，有些吵。前台的服务也挺热情，但是结账的时候比较慢。,1.0
衣服款式不错，质量不错，物流快，很满意,1.0
订的标准间，但免费升级为行政间，不错。 酒店环境不错，服务也很好。 但酒店门口的停车场竟然要收费，感觉很不好，第一次碰到这种状况，希望下次去，住店的客人能够免费，不是因为20元的原因，是因为你们是五星级酒店，自然应该有真正五星级的服务。,1.0
好长时间没有这么快读完一本书了。能够抓住读者心理写故事，语言浅显而又引人入胜。在现在快节奏的生活中不失为一种很好的消遣方式。正好教学刘基的《卖柑者言》，大多数学生对他不了解，学生不喜欢教科书上对刘基庄重而又冷冰冰的介绍哦。我趁此借用这本书上看来的，并把它换成了轻松的语言，又穿插了几个小故事，学生们很感兴趣且很快对刘基有了些了解。我还向学生推荐了这本书。谢谢《明朝那些事儿》。我还想再买几本读下去啊！,0.0
不满意气球厉害,0.0
 鞋子  刚到 很满意  很好看  和图片一样  试了一下 也很舒服  下次还来,1.0
此次购物非常的不愉快，京东的售后就是不断的推卸责任，把责任推卸到消费者身上。我于12月12日下单购买此奶粉，此后一直在关注物流状态，每次都是&ldquo;正在出库&rdquo;状态，直到12月19日，还是如此，我有点着急了，因为宝宝快断奶了，所以第一次联系客服，客服给我的答复是海外购需要20-30天的物流时间。这样的话，我只能退货了，因为状态还是&ldquo;正在出库&rdquo;，客服给我的回复是退货已提交，大概12个工作日内会把款汇到我的卡上，我感觉客服的效率真是不错。所以我马上换购另一款奶粉，物流最多3天就能到，事实也是如此。可是令我意想不到的事情发生了，12月24日快递给我打电话，让我取快递，因为我在上班，故快递放物业办公室了，我也不知道是啥东西，我以为是家人给宝宝买的玩具之类的，可是没想到的是箱子里装的是我退订的奶粉，我有点急了，马上登录京东看一下，京东的物流状态还是&ldquo;正在出库&rdquo;，愤怒啊，我立马联系客服，最终的结果是高级客服跟我联系，他们从后台把状态调整完之后，让我自己申请&ldquo;退换货&rdquo;流程，我还是照样做了，得到的答复是食品类的商品不退换货，？？？？这是什么话啊，这是我造成的吗？现在奶粉还放在家里，宝宝吃的是我后订的奶粉，不能混着吃啊，？？？？？,0.0
"一般,,,,,,,,,,,,,,,,,,,,,,,",1.0
又涨价了！价格极端不稳定，不在携程订了，直接去前台。,1.0
我每天在工地上穿，发现还是挺结实，就是鞋垫的味道大，建议下次鞋垫换一个品种。,1.0
差、很差、太长、太薄、不要买了,0.0
包被很好，厚实，而且颜色好看。,1.0
挺好的，很喜欢，最后一个让我买了，啊哈哈哈哈哈,1.0
装了电池管理的那个不开效果最佳会有些卡~~~而且我买了不到3天就降了200~~~哭了~~~,0.0
没有想像中的那么好，价格偏贵,0.0
东西怎么样且不说，京东、商家及委外物流的态度是：垃圾，垃圾，太垃圾！！！,0.0
酒店位置较差，交通极其不便。房间较小，顶多三星级标准，周边环境较差。我是住上后，感觉不太好，在下午6点前退房，结果要收全价，真令人失望。,0.0
竟然我的静音按钮的背光不亮了，才买了10多天，不知道能不能换（今天是第15天，要看京东怎么说啦，hoho）。。。 机子做工还是不够细致，和thinkpad差距，嘿嘿，很大。,0.0
车子不错，也很时尚，就是有点小,1.0
保暖效果还可以，适合中老年女人穿,1.0
"绝对是超值的一家酒店.如果不是要求豪华享受,这家酒店的每一部分都绝对可以令人满意.(AvlNtTy)",1.0
样式新，做工好，尺码准，穿着显年轻，非要喜欢 ,1.0
入住的是绿色套房，不知道绿色在哪里？地毯确是很脏，床很硬，会响，没有空调，不可以调节冷热！欢迎水果不知道放了多少天了，没敢吃。660一天不值得啊！,1.0
太大了质量不好,0.0
性价比不高。。。。。。。。,0.0
刚收到的时候看起来觉得不错，用了两次以后才知道，不管怎么背，它都是歪的，气恼啊,0.0
裙子好快递员差差差差差东西方门口就走了不负责任,0.0
该酒店住宿条件比想像中好，运气好的话房间里还会有除湿机，除湿机用途很广，可以在雨天的时候把鞋子烘干，洗的衣服也很快就干了。另外饭店还为住客提供电吹风，感动啊（到了那里就会明白为什么那么需要电吹风了）！不过黄山上吃的东西真的很贵，饭店80元一人的自助餐就吃了几根黄瓜和萝卜小排汤，当时又累又饿，一行十人也都不计较了，这些菜对刚刚爬完天都峰和光明顶的人来说简直就是美味了，呵呵。其实如果节约点也还是可以在餐厅吃的，两个人可以叫一份蛋炒饭（38元）和一碗番茄蛋汤，量很大，可以供3-4个人吃了。唯一不足的是饭店的位置不好，光明顶在该饭店和天都峰中间，因此此行爬了两次光明顶，彻底达到了锻炼的目的，所以大家要先安排好游程路线，不然也要象我们一样，从早上8点爬到晚上6点了，对此当地导游把我们一行人当成了疯子，哈哈。黄山值得一去啊！,1.0
"1.小巧合用,尤其适合女孩子; 2.散热也真的不错,连续4小时手感只是温温的,40度左右; 3.内置软件很强大.",1.0
我打不开，现在也没看到视频，一节也没学，自动播放也不行，好郁闷！,0.0
地理位置比较方便，环境还算不错，比较安静，房间也很干净！宾馆反馈2008年6月19日：尊敬的客人您好，,1.0
速度太慢了，音质也就那样。,0.0
不理想，但是东西不错，不过买下来比较贵,0.0
还没用几天呢，这还没一个月吧，键盘就不能用了，键位都没反应了，垃圾,0.0
买的时候比较好奇，希望孩子喜欢，但孩子使用后，发现几个问题：1、踏板容易打滑；2、转向设计不合理，转向头容易脱落，而且太生硬。玩了几次就失去兴趣了。,0.0
挺有分量，还可以,1.0
学习德语的一套不错教材，很基础，也有应用！建议全套购买学习！,1.0
还行吧，尺码偏小，颜色偏深,1.0
这是三岁的吗？孩子一晚上就贴完了,1.0
住宿环境还是不错的，比较干净。前台的服务态度很好，一个小伙子，我们说想k歌，就带我们过去看房间，还告诉我怎么吃饭比较方便。说起吃饭，我建议就在酒店的餐厅吃，比外面所谓的美食街贵不了多少，我是有切身感受的。还有就是自驾的，我最想不通的就是自己开车去住店，居然收我20元停车费，这个简直太没有道理了，有点想钱想疯的感觉！！！,1.0
宝贝不错，小巧方便，外观漂亮时尚，净化空气清新，效果不错，很满意！,1.0
一分都不想给的，申通快递太差了，三天搞定的事情，一快递足足在天津就拽了四天无人管送，太垃圾了,0.0
宝贝收到了，日期还可以，,1.0
款式到挺好的，但有好多破损，付款之后才给验货，本来想退货，可走售后不知道要等多久。就算了，背着玩吧。总之一次不满意的购物。,0.0
很快几分钟就充上了 不错,1.0
余华的活着是上世纪的作品可是对于今天的读者还是有很大意义的。主人公福贵的一生坎坷崎岖，但是他还是坚持了下来，他的亲人一个一个离他而去，他心里要承受多大的打击，可是他还是坚持他觉得他是替死去的人活着，为亲人而活，活着是一个很神圣的话题，对于今天的人们，来自各方面的压力非常大，但如何去处理呢，有人会活着，有人会自杀等等。相信看了这本书会有所启迪吧,1.0
雷士照明（NVC）节能灯 E27大口螺旋 12W 2700K 白炽灯色（黄光）,1.0
垃圾  垃圾 垃圾 垃圾,0.0
想要的是白色的 给我发个绿色好丑！,0.0
还行，防蚊效果不错，客服态度也挺满意的，缺点是没有1.7米高，还有支架不太牢固，有小孩的话就很容易就扳断了,1.0
很喜欢贝贝帕克的衣服，儿子穿起来帅帅的，很干净。以后继续光顾你家啊,1.0
第一次在网上买这个，还不错！！！！,1.0
哎！不搭调，算了！,0.0
这本书就比较理论性了，可能看起来不像发展心理学、社会心理学那么好看，但理论还是要学的，里面讲了不少生理方面的东西　　还没具体看,1.0
货不对板，收到的货颜色不是图片上的。,0.0
"本来不想评价了,但为了携程的携粉们,还是说一下,这称不上是酒店,细说就真没必要了,就一个字:差",0.0
有点贵.质量不好,0.0
酒店新装修，房间硬件设施还是不错的。但是，餐厅实在太差，上菜非常慢，价格奇贵，且质量差。86元2小片的香煎银鳕鱼居然是臭的，叫来餐厅经理，品尝了半天不吭声，最后竟然然颠倒黑白地说不臭，实在不能容忍。,1.0
饭很好吃，很像年轻时吃的东北大米,1.0
昨天刚收到，比之前买的尼龙布的轻多了。甚至比那很薄的包装纸箱都轻！原产地匈牙利。过几天出差试用。,1.0
不错，锅底挺厚，下次再来,1.0
孩子用着方便多了，不用父母还得抱着他坐座便。,1.0
今年第二次入住该酒店，这次和好友一起去HK购物，还是首选这间酒店，虽然，酒店离市区较远，但是，在尖沙嘴的半岛酒店那里有免费的班车（整点一趟）回酒店。酒店的房间很大，大约有二十几平方，我住了二次都是有无敌海景的房间，住入时选择靠游艇俱乐部这边的房间，都可以看到海，另外，六楼以下的房间还有一个露台，感觉非常好。酒店的早餐也非常丰富（值得一试），可以坐在露天的花园边上吃，吃完早餐去花园走走，感觉真的很好。出酒店不远的地方就是沙滩，酒店不远处也有7-11（24小时便利店），小超市（里面有新鲜的水果卖），还有一个吃东南亚菜的餐馆，名字不记得了。酒店唯一另人不太满意的地方就是房间内设施比较陈旧，不过洗手间是很不错的，有一个单独的沐浴间。如是你是一家去HK渡假，选这间酒店，一定错不了。,1.0
收到快递打开一看，心都凉了，被套和床单质量完全不一样，床单的质量差得没法形容，最不满意的一次购物，想退回去邮费还得*，算了吧，以后再也不会来了，这么缺德的商家，祝你早日关门,0.0
太过于笨重，十分不方便!!!,0.0
这个酒店给人感觉不错，位置也比较好，硬件也不错，总体性价比较高，只是卧室如果有电视会感觉更好。,1.0
东西孩子非常喜欢，,0.0
这个硬盘 买来是用在mac上面的 刚开始安装好后都挺快的 但是开始倒入图片后 就开始死机了 重新安装mac系统也是无用 换了硬盘就好了 在线询问客服 无人回答 实在是外包装不在了 要不然就肯定退货 希望大家不要购买这个硬盘 免得吃药,0.0
有点异味，而且还篇大了,0.0
邮过来的米桶总感觉用料有问题！,0.0
用兰蔻有很久了，但第一次网购睫毛膏，浓密防水正品很好用,0.0
性感的衣衣，夏季要可以穿了。,1.0
套口太小，套上后所有开关都无法操作,0.0
看起来还不错 就是估计和竹纤维短袜一样的 不结实,1.0
在京东上买了不少东西了，这个锅真的不咋样，底很薄，一烧就变色了，送货到这里还有两三个撞坏的地方，退换货麻烦，所以就将就用了。包装没有防撞。不给力。,0.0
根我想象的不一样，有点大,0.0
精致，值得慢慢品味。,1.0
\n宝贝收到了，感觉非常满意，是绝对的物超所值，很不错的一次购物，下次还会再来买的 　,1.0
对于有副乳，需要修型的人作用不太大，不过穿着还是舒适些，弹性大，聚拢效果也可以,1.0
朋友推荐，还没看。正品正品,1.0
不错不错不错不错不错不错,1.0
专业级耳机，真不是吹的！,1.0
发货的下次再买,0.0
这个不错，用一点就够用,1.0
电陶炉有问题，联系店家说自己寄过来换货，说退邮费（30元）但是没有退也没有解释，这诚信呀！,0.0
后安装之前在网站上面下载的hp541系列的驱动，安装完，一切OK，速度很快，下次再到京东买个，赞,0.0
产品刚到，拿来打开一看，产品是拆过的，里面像是用过的，不知道是怎么回事，难道都是这样的吗？,0.0
"相对来说比较大的平板拖头,\n很方便。",1.0
没有说的折磨好,0.0
看完后启发很大，要努力咯,1.0
颜色太深，上衣有些短了，是自己看错了，以为膝盖是羽绒的呢，,0.0
感觉杆子有点软，还没用，用后在评价。,1.0
好用，感觉应该很耐用,1.0
保温效果太差，晚上装开水，第二天早上就成冷水啦,0.0
工具书工具书,1.0
很厚实，冬秋春都可以用，很暖和，赠品又多，摸着也很舒服，主要方便拆洗，很不错的选择,1.0
不好看，完全被书名打动而买的书，内容很鸡肋，并无实际作用和帮助，不建议购买了~真实买家真实评价，谢谢！,0.0
以前接触的援朝作品都是一个战役或某一场战斗的，而这个是全景式的，展现出的是一幅宏伟的战争画卷。啥时候&ldquo;朝~鲜战争&rdquo;也成了敏感词了？,1.0
好喜欢看，我和七岁的孩子一起读，每天都读得很开心。,1.0
酒店环境、服务、房间都非常不错，酒店的地理位置非常好，是闹市，走几步路就是著名的1912酒吧区了。CTRIP的价格也比较有优势，下次去南京还会选这家的。,1.0
很实用的书......很实用的书......,1.0
没用中文说明，但用起来与国内专柜买的一样，划算,1.0
“奇书”算不上吧！只看结果，成功固然好，但是不一定每件事都要拿出来说。。。,0.0
为什么给差评？说好我的发票了，就一购物单就完事了，最讨厌这种明明写了要发票还不给发票的,0.0
配送一个月，我呵呵我呵呵我呵呵,0.0
偏重，散热一般，一满载就到70多度。 还有该死的华硕这款机器竟然没有对应的XP驱动，气死人了。只能用vista。装了XP兼容驱动系统很不稳定。,0.0
还好吧还再用用看呢   就是电池不知道用的时间怎么样了,0.0
应该不是我第一次评价这个酒店了，没办法再次补充如下：1、早餐真是超级垃圾，做得真的感觉和猪食差不多，不知道请的什么厨师？2、仍然是早餐的问题，在大堂旁的一个好象是叫‘玛格丽特的’西餐厅；1>光线特别不好，谁都希望早上起来有个明亮的环境用餐，但这里肯定不是；2>给食品加温的不是电热式，采用的是燃烧腊来加热/保温，弄得餐厅里面很浓的一股腊燃烧后的气味，让人感觉非常不好；3、真不知道这样的酒店怎么样就能够评上4星？哎。。。,0.0
椅垫马马虎虎，呵呵&hellip;&hellip;&hellip;&hellip;&hellip;&hellip;&hellip;,1.0
垃圾。很差。京...东速速倒闭吧。正心诚意祈祷，速速倒闭吧。,0.0
显示有货，却5天才到！果断差评！,0.0
不厚，不全，不精美。\n\n简单的词组都查不到呢~\n\n有很大的期望，可惜了了。,0.0
速度真的不敢恭维，不过还是给充上了,0.0
收到的货，带铁边的二扣生锈，灯也不亮，不值钱，也懒的换，建议大家别买,0.0
垃圾 什么东西 好差的质量\n\n,0.0
很保暖，样子也十分简单，送给爸妈很合适~,1.0
太慢了都好几天了还没出库,0.0
没怎么用  就烂掉了   送得东西就是差,0.0
酒店有异味，无空调，给人的整体感觉很破旧，根本不能称为四星,0.0
东西不错~压力有点小,1.0
面料太软，穿上不合身，不排汗,0.0
非常好的一套书。开卷有益。,1.0
这本书寄来后是烂的，而且还正面和反面封都很脏，几乎都在网上买的书，第一次给差评，大家注意啦，以后不敢在京东上买书了，也不会让建议同学朋友在京东上买了，这家卖家真是不负责任，一锤子买卖，我全部实话实说的，望广大研友吸取教训,0.0
使用方便快捷，在车上也可以使用效果不错。,1.0
很漂亮的杯子 比较实用,1.0
东西收到了，专门买了几个橙子回来切~ 果然很快。 除了那个刀架比较普通以外，其他都很不错。,1.0
是挺不错的，但是最下面的一个大碗碎成三片了，快递员应该送来的时候给本人打电话的，没给我打电话 反而让别人给签收的，我打开时碗是碎的！我也不会因为那20.30块钱而怎么样，太远了邮来邮去的太麻烦！反正不是很满意！觉得很生气！,0.0
本人是在春节后2月27号入住的，该酒店很差；说是四星级，可是服务完全没有到位。我共住了五天；三天服务员进房间就是叠被子和补一次性酒店用品；地上都没有清洁过；我第一天掉的小纸屑到第三天连躺的位置都没换过；真可笑！ 晚上很吵，开门声音很响；实在很差；建议大家都不要去住了。,0.0
非常喜欢，至今在用，功能很多,1.0
"机子刚入手装了一下系统硬盘就坏了,找店家换了,处理速度还是让人相当满意的,",0.0
宝宝吃这个，不知道怎么回事，都不怎么吃，饿得实在受不了了才吃，发货还是挺快的,1.0
装XP系统后无线网卡驱动很难找，装好后信号很不稳定，也不知道是什么问题，开机的时候光驱部分又卡拉卡拉的声响,0.0
纸张不错，不适合运维用，新手可以观看，运维人员可以当作命令手册简单的看下，内容很浅，新手很容易懂，推荐新手或者是客户使用。不适合学习使用。 ,0.0
基本和大家的评论一样，交通比较方便，去上下九地铁站都很方便，广州的地铁站标示太不明显了。坐地铁出行很方便，不过由于地铁站在沙面的一边而宾馆在另一边所以每次要在沙面里面走挺长一截。不过路上大树很多走起来也挺不错。房间的卫生间很大，老婆比较满意。有冰箱夏天去很方便。由于没带笔记本网络没有用。唯一的问题就是由于在沙面水果还有一些小的日用品购买起来不方便。要买水果必须到街对面去，而沙面只有两边有桥能过去，要走好远。建议出去逛街回来的路上就买好水果。另外在沙面照婚纱和模特取景的真的挺多的呵呵,1.0
没有说明书，瓶子上什么说明都没有，感觉像假货。,0.0
非常不错的一本书，值得购买。,1.0
还没戴俩月就坏了,0.0
我一般都不愿意写点评的，但这真的是我入住过的五星级酒店中，也是万丽品牌酒店中最糟糕的。房间当然牵强人意，同行的同事问我这个酒店是不是非常老了，卫浴设备也都是非常陈旧的。天津的配备跟我在苏州住过的万丽酒店简直是无法相提并论的。另外，我订的还是行政房，结果办手续的速度可以让我吃一顿早饭了，真的是非常痛苦，我们一行四人，最起码一个人办手续花了15分钟时间。还有早餐简直让我怀疑这是五星级酒店的早餐，也没有鲜榨橙汁，水果也很糟糕，时蔬更加难吃只有一个冬瓜，我一共就喝了一杯豆浆和一碗粥。,0.0
不错的羊绒裙，,1.0
冰丝凉席一点不凉快！而且尺寸比床垫小一圈。,0.0
现在书已经看完了，无处不在的友情，亲情让我时时感动。我为少年阿米尔的懦弱叹息；为少年哈桑的遭遇叹息；为有拉辛汗叔叔这样的人对待阿米尔感到幸运；为沦落到美国不受施舍，宁愿自己受苦受累而支持阿米尔的学业而感动；为长大的阿米尔鼓足勇气为哈桑的儿子所做的一切而感动。我为书中的一切感动，好像我同阿米尔在一起生活/成长，一起面对过去挣扎，最终成为一个像父亲一样有勇气的人。,1.0
京东东西值得信赖， 下次再来！,1.0
东西很好 已经收到！！,1.0
tru787689fgd gnbgjhukijhj,0.0
1、机器的cpu最好用zm82，配合独立显卡更爽 2、强烈谴责acer，机器都出了，驱动要好好更新。这个主板加显卡，因为驱动的问题不能组成交火就是浪费。ATI的笔记本驱动不通用，要笔记本厂商自行发布,0.0
送了好样各口味的体验装，但说真的玫瑰花茶颜色不是那么亮，但是还是不错的。,1.0
酒店非常的好，位子也还不错。楼上的餐厅可以看到很美的上海夜景非常喜欢，价格太高啦,1.0
1、配置不错，价格可以接受 2、散热好，用十多小时后机器升温不大，CPU55度，硬盘49度 3、小键盘比较方便 4、机器运转声音较轻，没有明显的风扇声 5、屏很好，笔记本中算较大的，玩游戏、看视频爽，声音也不错,1.0
不好用，太重，手感不好，做工也不够细,0.0
商品质量很好，虽然中间有点插曲，但是客服态度极好，妥善处理问题，放心的商品，良心的卖家，好评！！！,1.0
很好很好非常帅！实用！,1.0
还不错了，我觉得很适合我阅读,1.0
揉面时间只能选择23分钟 自己变更1小时或者更多就不动了 不知道是不是坏了 *换来换去都不值当的 凑合用吧,0.0
很实用，也很便于携带！,1.0
衣服太薄了，还起毛毛,0.0
线比较长，还好用,1.0
开始寄错了，还好及时发现退回去又寄了正确的，幸亏没有耽误送人,1.0
还好还好还可以，东西还行,1.0
很实用，质量很好非常满意,1.0
一般般     一般般       一般般,0.0
很不错，上身感觉很好，质地柔软，绒很厚实，做工棒棒的,1.0
还不错，赠品是什么啊？,1.0
送货快，质量信得过，下次还会购买,1.0
该酒店位置好，离解放碑3分钟路程，房间宽敞。早餐可以，甜点很好吃。但大堂太小，电梯少，客人多，且和写字楼混用，很不方便。从房间装修看的确是个商务酒店，但携程上却说是四星级标准，实际上很难达到四星级水平。该酒店最大问题是没有给客人准备免费袋装茶，茶杯旁边有一小桶茶叶，很容易误认为是免费的，谁知结账时要了我11块钱。服务员的解释是如果要免费袋装茶宾馆可以另行提供，牵强的很。,0.0
和我买的两块钱一双的差不多,0.0
差评，写了两只，刚开始写还可以，写了一会儿就不好写了！！,0.0
破了！我了个去！怎么搞的！价钱便宜就搞些破的？,0.0
难喝哦，，，，，，，，，，,0.0
质量很好，一直都是用这个品牌,1.0
服务极差，东西就是一个三无产品，没说明书，没安装手册，没售后服务。烂！,0.0
我绝对是假货，打点奶西，漏这么多,0.0
不错哦，谢谢客服推荐的红色，可以放好多票票,1.0
不怎么好看，直接弃书，文笔也不怎么好，看到乱七八糟。,0.0
快递速度超慢、还要我自己去站点拿！店家服务态度差！明明说好买磁铁版的有配双面胶都没配过来！还不相信、我难道会讹他双面胶不成！差评,0.0
严重色差，真心的旧啊，京东怎么能这样呢，刘XX就光顾着跟章泽天好了吗？怎么不好好管管家族企业呢？，这要是平常，我才不跟京东买行李箱呢。说实话，这箱子真的太太太垃圾了~ 骗子,0.0
讲的方面挺多的，笼统的讲的 还行吧。,1.0
该酒店环境很差，简直就是一个小旅馆，甚至连一般小旅馆都不如。该酒店自1996年开业至今未有旅游局颁发的四星级证书，却按此标准收取房费，每间480元，简直就是欺诈消费者。希望以后网内预定房要具有国家旅游局颁发的星级证书，不要将此类酒店欺害更多的消费者，影响你网站的声誉，本人对此次预定相当不满、愤怒。 宾馆反馈 2007年9月5日 ： 非常感谢您入住我酒店并提出宝贵意见，现就您所做点评回复如下：我酒店经过天津市旅游局及物价局认同我酒店按照四星级标准收取各种费用，因此我酒店并没有欺害消费者的行为。我酒店在装饰装潢上，属于欧美精品酒店人性化风格，房间内全套进口家具、设施，在装饰装潢上，尽量令客人有轻松温暖的感觉。除了能舒适休息，还为商务客人提供一个宁静有利思考的居住环境，有别于拥有几百间客房的大酒店人来人往、熙熙攘攘，甚而缺欠温馨的感觉。 再次感谢您的宝贵意见。,0.0
真没想到，在现代化的北京，还有如此低档而收费却不低的酒店！！！所谓经济标间，窄小、简陋得不可理喻，怎么对得起挂牌3星？？？？？？,0.0
房间有味道，服务实在不敢恭维，预订的房间给卖掉，好在给免费升级，还算不错。就是实在可气的是退房后我忘在酒店了衣服，在前台办理手续的时候不予提醒归还，行李存放了将近三个小时后依然没有归还，直到我离开哈尔滨后回到父母家里两天后整理行李的时候才发现，电话过去才说有看到衣服，这样的服务实在是太差，衣服给我寄回来还要我支付快递费用。,0.0
用起来不错，快递小哥很好，棒棒的,1.0
零距离上岗·高职高专工程造价专业系列规划教材：工程计量与计价,1.0
早就想买的，11.1满400减200终于拿下。,1.0
还好吧。         \n,1.0
价格适中，装修还可以。早餐尚可。物有所值,1.0
还可以，有时候需要自己转转表针,1.0
不错的，质量好，全棉的，很舒服,1.0
东西收到了快递速度慢的不能再慢了都想退货了真失败,0.0
一般，左脚合适右脚的鞋子应该是试鞋的人多已经撑大了懒得退了,1.0
差评，先给我过期的就算了，退到现在都没给我退,0.0
"有点重!虽说我很壮,但是背着也费力!尤其是单肩包,又买了个双肩包!还算可以!不过热天就是背着热!直接扔家里了!再也没带过!刚开始还好!用了三天后开始风扇开始有小噪音了!影响心情!",0.0
买给宝贝玩的，购物不是很开心。,0.0
不给力发了两条一样长的,0.0
杯子不错，茶壶不行,0.0
用了一段时间评价  还不错 正品,1.0
"质量很好看,款式是我喜欢的,很赞",1.0
人太瘦了，不能用，扣的地方太短了,0.0
没想到该送的都没有，贵了！,0.0
还没用呢000000.....1,1.0
客服太差，说话都没反应的！哎！,1.0
内容空洞，讲得道理都是平常人都知道的。不值得买，没事可以到书店翻翻，不必浪费这个钱。,0.0
发货很快，但是，是购物中最差的一次货物,0.0
还可以算是对付了，价格贵，没灯泡,1.0
比想象中好看，穿着也舒服,1.0
 做工精细 面料不错 穿上大小合适很舒服 喜欢 不错的一次购物！,1.0
"質量一般,質量一般,覺得貴了.",1.0
还行，书不大，挺厚实的。。。字体也不大，密密麻麻的。但原版差不多都这样,1.0
"酒店的环境非常好,但是房间装修一般,比较旧.服务也不错,有24小时送餐服务.虽然设施陈旧,下次还会选择这里,因为酒店的环境吸引我碰巧是桃花开花季节,非常大的桃园,开得很灿烂的桃花!值得!",1.0
"缺点就是电池不够强大,内存少了点,还有就是无线网络的开关有点麻烦.",0.0
还行吧，搽上去有点效果,1.0
房间感觉很上海化，结构紧凑，服务态度尚可，大厅也不错，是个标准的四星酒店。只是周边环境不是特别的优雅，如果只是对房间内部要求比较高的朋友，可以考虑。附近有一个新天地步行街的地方，可以在那边用餐，因为酒店内部中餐和西餐味道都不尽如人意，西餐分量少的可怜，感觉是用咖啡杯盘子盛菜，而中餐价格相对低一点，味道却都比较咸，很多菜都要放酱油，包括炒饭在内。酒店人员素质感觉亲和力有待改进，有时候给人一种冷冰冰的感觉。房间的网络是要收费的，1分钟1块钱，一天包是60块。对网络有要求的朋友应该要好好考虑一下是否愿意接受，不过毕竟在上海这种城市，几乎是找不到免费的服务的。酒店背后就是个中学，有时候会感觉有点吵闹，而且现在中学旁边有工地面对酒店在施工。,1.0
冬天坐有点凉！,1.0
第一，sis主板不支持双通道 只支持667的内存，800的降频使用，偶买了条2g 金士顿ddr2 800内存 经常出现蓝屏现象，明天去换条现代的试试,0.0
房间很大，交通方便。早餐还可以。下次去沈阳，还是住那。补充点评2007年12月25日：贵了一点，如果不是公司付账不会住那。,1.0
性价比很高的一款，配置不错，做开发变成都够用的，而且加上了送的内存，机器很快哟，钢琴漆的表面也是我的最爱,1.0
3899元 性价比高，整体使用感觉好 外观漂亮 亮度高。装系统一般，不是特别麻烦。,1.0
东西很不错，比想象中的要好！,1.0
呵呵！和想想的差距很大，太小了，图片拍的太大。。。。。。。。。。。,1.0
价格实惠，跟商家描述一样的，以后还会光顾， 　,1.0
微信竟然无法刷到称的二维码,0.0
快递可以，宝贝质量孬,0.0
携带方便，随时可以量尺寸了。,0.0
实话实说，不值这个价格，表盘是塑料的，很轻，而且表比想象中的小，我简单量了一下，表盘直径应该是41，不是参数上说的44\n质量还是不错的，自发光也很好,1.0
质量很差，&hellip;&hellip;&hellip;&hellip;&hellip;&hellip;&hellip;&hellip;&hellip;&hellip;&hellip;&hellip;&hellip;&hellip;&hellip;&hellip;&hellip;&hellip;&hellip;&hellip;&hellip;&hellip;&hellip;&hellip;&hellip;&hellip;&hellip;&hellip;&hellip;&hellip;,0.0
不像是真货，真心不值。,0.0
我的宝宝有十个月了，平常对各种彩色图书和图片很感兴趣，可是对这套书籍完全没兴趣，只看了第一页和最后的一个封底就丢在一边不看了，我猜可能他还没到喜欢卡通书的年纪，只能以后再让他试着看看啦。,0.0
入住感想如下、供参考。 1、离机场很近、无车接送、走路约八分钟。夜晚、雨天走路艰难。 2、谈不上服务、一切自助。 3、房间内的浴巾很旧、无清洁感觉。 4、室内游泳池可能从未开放过、大呼上当。 5、一楼餐厅的料理味道还可以。 6、如果可能、建议最好不住。,0.0
&hellip;&hellip;&hellip;&hellip;&hellip;不好，几乎没穿过。,0.0
有污渍，没有带孔给勾，十分不满意。,0.0
本人5月3日入住。设施太陈旧，一股霉味，住店还收停车费，强烈不推荐。另外，协程给出的地址有误，是浔阳路，不是浔阳东路。,0.0
质量还好，没有配打孔工具,0.0
我买过这些衣服么？我好像忘记了,1.0
卖家包装的很好，样式也挺喜欢的，价格实惠,1.0
"20070501日入住,3星酒店4星的价格!",1.0
加厚底，不错，价格也实惠,1.0
鞋子不错哈，做工精细，价格实惠，上脚效果不错，好评,1.0
第一次在京东上面买东西，第一次买还是大家电，什么都不懂，以前都是在苏宁上面买的，听别人都说京东电器好，我是买给农村里的家人，就试着问问可以送货上门不，没有想到真的可以，呵呵~~~~~~~~物美价廉哦，还是美的的，客服态度又特别好，唯一的缺点就是发票不能同时给，必须要确认收货后30日内给，我现在就等着发票了。,1.0
"性价比太差,一个小县城的房价比北京上海广州深圳同级酒店的房价还高,服务跟一般招待所差不多,不值得住!",0.0
塑料感太强了，跟华硕、联想、惠普一个档次。自己用的话还是考虑thinkpad、macbook之类吧。,0.0
地址错误环境糟糕服务不到位有点上当的感觉,0.0
非常好用哦，犹豫的妹妹可以下手了&hellip;&hellip;哈哈&hellip;&hellip;一盒当两盒用呢,1.0
这套书真的很好，除了印刷、纸质非常好之外，还设定小活页可以翻来翻去来表达故事中人物的动作、故事情节等，真的非常生动。里面的主角：河马、小猪、小老鼠和小鳄鱼深得囡囡的喜欢。记得书刚买回来的时候她就老吵着要读给她听，这套书买的大半年了，边边角角都被翻烂了，现在才上来写评论，我是想让更能负责任地写出用后的评论，让其他妈咪做参考。孩子一岁半时，建议可以买这套书给他（她）了。,1.0
为什么条码扫描，扫不出来呢？是正品吗？值得怀疑了,0.0
我发货发了八天才到，很不满意。,0.0
可以是可以！就是橡皮筋太垃圾了！,1.0
味道还行，but，碎成渣了，到今年11月过期。,0.0
蛮好的呀，很划算哎呦 你懂的呀,1.0
庆11周年14英寸本限金牌抢购2999元!这样的价格，这样可爱的本子，除了激动还有什么,1.0
地点较好，周围有餐馆、超市等设施，适合出长差住宿。房间和价格基本能接受。我的要求是能睡好，安全就好，它可以达到。后来比较了类似的酒店，价钱贵了点。,1.0
衣物漂亮无色差，遗憾的是，无内衬！？,1.0
垃圾的东西 以后都不敢相信 网上充值的游戏点卡了,0.0
“好聪明的‘小妮子’”老兄！怎么自己设了个陷阱，而又不放诱饵，别人不屑一顾、嗤之以鼻。最后反倒是自己踩进去了？？“我这一身灰……你们的鲜红和洁白”。恩恩恩，不错不错，孔子就是灰的，而你们就是鲜艳的。“在你们这些美女的心目中，孔子是什么样子的？”唉，真是美女心中之仁啊！难怪易老在书前一再提醒大家，此书“不能以人之心，而以妇之心！”而读之。,0.0
"外观配置都不错,性价比很高的一款本本.买来给LP用的,性能LP好中意,价格俺也好中意^_^",1.0
感觉也不错，食用也方便，,1.0
服务态度恶劣，工作不认真，衣服掉线，还要自己承担学费，换回来的衣服还漏发腰带，差评,0.0
女儿穿着很漂亮，衣服也很好看,1.0
东西很小！与图片不符！谨慎购买！,1.0
"荐书:朱元璋是一个将皇权发挥到极致的一个皇帝,但是我想这跟他的经历有关,虽然自小聪明\机灵,但却读书不多,而且经历坎坷,这就养成了他复杂的性格,沉稳,坚韧,暴戾,多疑,越是权利大,越是暴露无遗.",1.0
你会看到不好用水淀粉勾起我的心里都市全部的确,1.0
"指纹太郁闷了......,刷卡不给开增票,不知道怎么解释,刷卡之前没说明,刷完了才说,我订单上明明写着开增票的",0.0
位置好，服务员热情，早餐不错，电梯也快。,1.0
"这个酒店的房间有点旧啦,估计开了有好几年了,房门要两个人里外合力才能打开.周围环境不怎么样,建议以后还是住海边那片的房比较好.服务态度还行,餐点就实在不怎么样了.以后不为了省钱还是别住那儿了",1.0
超值哦！喜欢喜欢喜欢喜欢,1.0
买珀莱雅还不如买欧珀莱 打折力度不大 失望,0.0
不错的酒店，挺实惠的，符合合适的市场定位，石家庄里还挺方便,1.0
有划痕，还软，不满意,0.0
我明明点的雀巢品牌，最后买回来居然是伊威的，有种上当的感觉，跟雀巢比起来真的是量又少，味道又差太远，真心差劲，如果不是我拆了包装一定退货。原本想算了的，从不轻易给差评，这次我真忍不住。,0.0
差差差差差差差差差差差实物和图片差的太远了,0.0
要的150的，发的140，孩子穿不上，太小了。厂家不负责任，不讲诚信。,0.0
买了两个星期才送到，服务太差了。,0.0
衣服相当不错，大气上档次，穿着舒适得体，物美价廉,1.0
国境以南 太阳以西\n国境以南 太阳以西\n国境以南 太阳以西,1.0
东西丢了，真无语了。,0.0
太差劲了。和图完全不一样。kitty都是反着的。质量也不好。完全不值这个价钱,0.0
刚买的时候给寄来一颗干枝，20天以后给寄来一颗好的，可是本来买的朱砂桂变成四季桂了，开始只是咨询一下客服务态度不是很满意就给个差评，真是不希望大家继续信任。,0.0
感觉还不错就是比商场里卖的还贵~伤不起的京东第三方啊~,1.0
宝贝收到了，质量很好，是正品，非常喜欢，物超所值，卖家服务周到，超赞,1.0
房间没有想象中的大设计实用性并非很好不错档次还算可以了服务也不错,1.0
已经干了，真失望,0.0
刚买，自带不知道是些啥文件就已经占了1G左右内存，插手机还不太会用,1.0
还没看，有时间好好看看。,1.0
"房间小,风格老.特别是服务糟糕.我是3月初住的,当时房间空调吹冷风,跟服务员反映三次都没任何效果,管他们要被子也没有,差点把我冻感冒.本来是订的三天,结果第二天一起床就""落荒而逃"",去了五华.性价比太差.相比下五华好得多,同样的价格房子大了一半不止,而且风格很家庭化,特别是我住的是拐角处的房间,大弧度的落地玻璃将芙蓉路与河西景点应收眼底.",0.0
装好了，还没用，等通过之后再来追评吧！,1.0
《吸引力：把好生活吸引过来》\n\n书质：应该是属于环保纸。书里的标题是红色，其他都是黑色。\n\n这是一本2000年出版的书，书里的很多东西现在看起来还很有用。\n\n作者没有很大条道理地把一些生活的行动准则上升到一个很高的理论层次，而是细致地提了很多例子。\n虽然看了书后，很难将一些非主观观真理性的东西很简洁地描述出来，但书里的例子看起来很舒服，能让人很容易实践。\n\n比起其他的正能量的教条，这书里面讲的东西也差不多，但是它具体得多\n\n里面有一点说的，要找到真实的自己。我们生活中的很大部分烦恼是来源于钱。让钱变成自己消极的因素，是非常不智的。相似的理论有很多，李小龙经常对徒弟和大众说的那句&ldquo;真正发现你自己&rdquo;。在读书笔记里，他提到：&ldquo;许多人一生都致力于去实践一个他们&lsquo;应该&rsquo;怎么样的理念，而不是去认识、实现他们本身。自我实现和自我形象实现两者之间是有差异的，这一点非常重要。很多人都只是为他们的自我形象而活着。&rdquo;而这本书里面对找到真实的自我需求提供了很多方法，有些书里面的改善情绪的方法也是通过避免负面自我，找到真实需求的方法。\n\n里面的内容不把它当作理论来看，当作对生活的理解，这样看也舒服得多。\n\n有几个例子感触颇深：\n\n比如&ldquo;打破思维&rdquo;的限制。&ldquo;我们必须勇敢面对，同时接受好与不好，跌宕起伏是人生常事。我们必须小心谨慎，努力工作&hellip;&hellip;这就是生活本来的模样。&rdquo;这里讲的状况与《速度与激情3》里面Han对Sean说的人们按照规条生活，让恐惧去引导他们是一样的。&ldquo;&hellip;&hellip;社会带来的压力是毫无休止的，让我们总是屈从于自己&lsquo;应该做的&rsquo;，于是我们总与自己 的原理背道而驰。&rdquo;书里面讲了很多从恐惧里面走出来的例子，对于被困在框条里面的人来说，看了是能提高自己的行动性。\n\n还有书里面讲的注意力转移，有个例子很有趣，说的是有个女孩减肥。说她把自己的想法愿望真正放在&ldquo;我想减轻体重&rdquo;上面，她做事情就畅顺了很多。还有这里还谈到了否要需要，比如说&ldquo;我想要瘦，身材更有魅力&rdquo;比&ldquo;我不想肥&rdquo;的想法更容易成为积极的意图和令人激动的渴望。如果其他的难事做不到，有需要减肥的人就从减肥开始体验吧。\n\n最后提一下书里面讲的公式，希望对想买这本书的网友有帮助：\n\n1.弄清楚你不想要的。\n\n2.弄清楚你想要的。\n\n3.体会美梦成真的感觉。\n\n4.期待着，聆听着，等着美梦成真的。\n\n以下是自己的些许总结：在生活中总结那些让自己消极的，讨厌的东西。\n\n这一步是很有趣的，比如不想在天气差的时候开车，不想迟到，惹老板生气，买发臭的肉欲 ，不想排长队，不想挂科。想到这些，可能会有些自己能去做什么事避免这些东西的感觉。\n\n有了第一步的排除，想起那些让自己高兴、喜欢的东西，想像拥有它们时的感觉。这就是关注积极的地方，如果不做第二步，可能自己的关注还停留于负面的地方，这样避免了自己不想要的东西固然是好，但还没到吸引好情绪过来的方法。最后努力去做，慢慢地会发现自己做成这些事情的需求，因为它是自己需要的，完成其他的就让&ldquo;上天去安排&rdquo;，书里面还有很多改变情绪的技巧，这样就留给大家慢慢看吧。\n\n其他：购书时是用优惠券买的，折回来的价钱能买到这样的书是非常划算了。\n,1.0
不想说   保护套和手机钢化膜就不配套,0.0
东西包得牢，还没有用，用好以后上来评价,1.0
质量很一般了，面料虽然好干，但不是很好。,0.0
直接差评。买来一看竟然不是note3的充电头。。还要100多。。一星给快递员的，如果没有原装的就不要写原装充电器，这不是忽悠人吗？,0.0
还不错酒店，就餐和出行都很方便。服务态度也比较好。,1.0
快递小哥人不错。。可惜商品差。抽久了发烫严重有一股塑料焦味。送的烟油除了两瓶烟油还行。其它呛的要死。不会给好评,0.0
金三塔 2014春夏新品真丝氨纶简约束腰提胸塑身衣 美体背心NZF4A502 肉色 L,1.0
非常感谢携程为我们安排的酒店我们对该酒店的服务表示满意，希望携程的服务越来越好，为携程的贵宾提供更优良、更全面的服务。,1.0
太一般了 价钱有点贵 我觉得,0.0
非常合适，以后好运动了,1.0
酒店一般，唯一就是距离机场近，有免费班车，没有特别印象。,0.0
从小事看不像四星级酒店：车到门口，门童似看不见，自顾自聊天说话，连啦一下门也没有，早餐品种很少，房间的设施不如三星。但这酒店在黟县算是最好的了，想住的话只能将就了,0.0
书明显是盗版，而且明显被人用过，求解释,0.0
本来以为是搞笑漫画呢，看网上人气那么旺还一连买了三本！没想到只是像作者的生活小日记似的，写了一些生活中的事情，语言也很一般（可能是翻译的缘故吧），总之个人觉得有点无聊的，呵呵～应该适合小女生看吧～呵呵～（PS：本人18，男性）,0.0
衣服太短，根本没有XL,0.0
哎，我以为比我之前的好，结果什么玩意这事，车牌都看不见,0.0
颜色挺正的，和图片显示的一样，送给好朋友穿了，很喜欢！价格合适，东西很不错。 　,1.0
感觉电池耐用 同原装电池差不多！,1.0
不错的品牌！款式做工都很好！本人1.7米/71公斤，穿M号还是比较合身。,1.0
上衣穿着还行下衣太长了，不过宝贝还是很喜欢。,0.0
一般般  不满意,0.0
很棒哦，物有所值。大品牌就是不一样,1.0
地理环境不错，购物吃饭都方便，就是房间隔音效果不好,1.0
为什么连个包装都没有？好像二手货,0.0
使用时间不长，就是联想自身的软件太多，多但不专，暂未发现其他什么缺点。,0.0
这书年轻人值得看看，对工作，交友都有帮助。,1.0
"下水不掉色,物超所值,很满意,物流也很给力",1.0
环境不错，出了后门就是洋人街，整个酒店风格独特，挺舒服的，但遗憾的是好像上不了网。,1.0
"酒店位置很不错,而且在市中心,对面是人民公园.而且有直通班车到罗浮山的绵州温泉酒店,如有时间,值得去温泉酒店泡泡.",1.0
还行，就是感觉帐篷比较薄,1.0
快递工作人员服务特别差.非常差距的服务态度.因此不愿再上京东买东西了。,0.0
暖水宝很好用，很喜欢，下次还来,1.0
包装严实，而且包装很精美，宝贝使用很方便,1.0
不值里个价格，觉得给*了,0.0
注释再详细点就更好了,1.0
比书店便宜，，，，好评孩子喜欢,1.0
在京东上买了有40多款同价位的手机，用来做测试用，就这款最差了，系统起不来了，也没法修复系统，几位安卓大神都木办法了。已经过了7天免费退货期，啥都不说了。。。看哪个桌子不平拿来垫垫吧！,0.0
现在穿的蛮舒服的     颜色也还可以       大赞一个！,1.0
在上海少见的带游泳池的酒店公寓，周围的环境很不错，超市、饭店、酒吧等很多，不去市中心还是不错的。房间超大，装潢、设施一般。有厨房，但餐具等居然要租赁，似乎不甚合理。游泳池很小，不知何故水呈绿色（可能是瓷砖缘故），不如蓝色的游泳池舒服。早餐一般，不够丰富，早餐厅可以晒到太阳，蛮好。员工服务需要提高，至少应让客人感觉到亲切和微笑。,1.0
一般！！一般！！一般！！一般！！一般！！一般！！一般！！一般！！一般！！一般！！一般！！一般！！一般！！一般！！一般！！一般！！,0.0
一点都不厚，特别薄,0.0
乖乖，像夏天穿的衣服，很薄很薄。不知道质量咋样,1.0
在仓库里几天都不动，说什么京东没来收货,0.0
就是有点重   其他还好,1.0
还不错，感觉要是快递快点更好,1.0
做工不精细，180贵了,1.0
我们家孩子喜欢看，觉得很搞笑,1.0
收到的实物严重与图片介绍不符，严重鄙视这种商家鱼目混珠。\n如此，怎一个&ldquo;差&rdquo;字了得。起码五星&rdquo;差&quot;评,0.0
完全不是和图片上的葡萄紫颜色做工也沒有图片上的好不知可以更换吧！,0.0
很小巧，还没试过，不知道实用情况怎样，待试过再追加。,1.0
酒店地点很好，海景房窗外的景色也很美。可以看到栈桥和小青岛，隔海就是沙滩。服务很体贴，很喜欢楼层的小零食吧。房间设置也很周到。虽然不大，但是个很好的度假酒店。美中不足，隔音设施不太好，遇到夜间大吵大闹的邻居，就比较惨了。,1.0
这是一个闹中取静的酒店，环境幽雅，交通方便，房间设施处处体现了环保、简约的理念。整体来说，应该是麻雀虽小，五脏俱全！很喜欢！携程的价格给的很公道，个人认为物超所值！比我以往住过的价格高的酒店，更适合游者！如果下次去，还要住那里！补充点评2008年7月25日：我知道很多人一般都不相信文字的点评。不过没关系，我在我的空间一篇关于“苏州住宿样板”的文章中，上传了一张实地的照片。看看就知道，值不值得住这样的酒店了！地址是：,1.0
送的袜子不咋的，穿一次我就扔了,0.0
"印刷清楚,不过平装本做成毛边,感觉不明显",1.0
虽然该酒店确实是当地（大角湾）最好的酒店，设施应该算刚刚达到四星标准了，但是服务就有点名不符实了，顶多达到三星（主要是指有些服务无法提供，能提供的服务倒是不错）。而最不满意的是靠沙滩为卖点的酒店，竟然无法直接进入沙滩，使我们对酒店的印象大打折扣。,1.0
门帘有严重的质量问题。挂上门帘后的2-3天，包裹吸铁石的塑料外壳开始陆续掉落，导致两片门帘无法闭合，达不到遮挡蚊蝇的效果。市场上门帘价格几元到小几十元不等，去年在别处十几元买的门帘今年继续用尚且完好无整，这次在巨铭以更高价格购买的门帘何以如此质量？何以体现巨铭宣传的&ldquo;自动吸合，经久耐用&rdquo;的产品&ldquo;特&rdquo;点？\n\n4.30下单，5.1到货使用，5.2才使用一天就发现有塑料外壳陆续掉落的质量问题，随即联系巨铭客服，客服回了一句&ldquo;你扣上就好&rdquo;，之后再未理会。试问巨铭：普通人一天进出卧室少则几次多则十几次，每次塑料掉了你让我扣上，这样的处理方案能解决问题吗？\n\n京东上申请退货，巨铭拒绝，理由是：塑料扣是可以拆卸的！请问：商品介绍中哪一个字有说明可拆卸？长的，短的吸铁石一根两根的掉出来，还强词夺理！\n\n卖家对产品这么有信心，想必不会删除用户评价吧！今天把这条评价发出来，且拭目以待了！,0.0
粘塑料眼镜的眼镜腿儿折了，抹上胶水，还用手压着，足足等半个小时，根本粘不上！！！售后客服首先说要我承担运费才给退，后来又说用过了影响二次销售不给退，拜托您，我不拆开用能知道您这胶水连塑料都粘不上吗！！！！再说您写着7天无理由退换货是逗消费者玩的吗！！！！！！跟京东买东西不是一次两次了 ，这次是最差的一次，必须退货！！！！！,0.0
非常漂亮，物超所值！很喜欢！100个赞！,1.0
"安装方便,大小合适,没有异味,价格也实惠性,价比高",1.0
无钨钢尖，实物与描述不符。不要买了，,0.0
商品比较满意，就是赠品少一个电子菜谱，不知道什么时候能给我补上。,0.0
价格实惠，配置还行了呵呵，装了VISTA SP2得分3.2！散热啊，比想象的好！一直45-49！没玩游戏,1.0
特价房间根本没有窗户，空气十分差，房间设施也十分差，是原来饭馆包房改造的，预定时，携程根本没有对此情况进行告知，十分气愤！！！！,0.0
有活动还是挺便宜的。,1.0
衣服还行，面料不太满意,0.0
很好，物流快，货真态度很好,1.0
今天一收到打开看了一下，有些惊讶，外观很花，真像二手或返修货～无言～今晚回去试过才知用不用得了。,0.0
太帅了，是自己喜欢的遮阳效果好，眼睛也舒服，质量更是没的说。很酷很满意,1.0
还行吧，有点异味，而且手机壳的后部有点脏。总体还行，快递挺快的。,0.0
有色差，颜色很旧，里面羽绒质量也不好，买羽绒服再也别贪图便宜了。,0.0
对光电检测技术方面做了讲解，具有一定的参考作用,1.0
挺好的，毕竟便宜，方便，省的去超市,1.0
面料不太好，没有我想象的好。,0.0
1.钢琴烤漆确实和ThinkPad给人一贯的稳重感觉不符。而且容易沾指纹。 2.此机好像不能使用网上流传的SL400的Vista Ultimate系统恢复光盘。 3.镜面屏反光比较严重，有点不爽.,0.0
纸太薄 不太满意,0.0
质量还不错，但是码子偏大,1.0
模形太小，质量不敢恭维，手感一般,0.0
书是很好的，但是当当网怎么搞的，一直很信任你们，这次把很旧的一本书给送过来，你们不会觉得不好意思吗？,0.0
我只喜欢黑色发给我的是粉色。问客服怎么退货。都是来一句自动回复客服在忙！,0.0
接机服务不错，就是携程不含早餐不好，488的房间感觉也还可以。总体4分,1.0
戴上不好看，样子老！,0.0
哎  不知道咋回事 就这样 而且连接上了玩不了游戏 说明书没有告诉,0.0
袖子有点小。。。。。。。。。。。。。。。。。,1.0
送的内胆包有点不好，还有外接电源中间连接处无法全部插入。续航时间也没有标称的那么长，希望京东能注意宣传的真实性。,0.0
挺好吃的，味道不错，女友很是喜欢,1.0
很不错的书，给朋友的，说不错。,1.0
"前台的人该好好上上培训课了,永远一张扑克脸,我是顾客又没借你钱,干吗要看你脸色.房间的设施越来越旧,洗手间的毛巾该换了,如果不是因为方便工作以这样的价格绝对不会考虑入住. 以前住了很多次,以后会考虑换酒店. 还有评论真的有用吗?入住别的酒店留评论以后都会看到酒店管理层的回复,比如大连的银帆酒店.新协通的回复怎么从没看到过,所以才会没改进.酒店管理层自己都不思上进何况下属.",0.0
收到货后胸罩实在垃圾没有聚拢效果而且穿上他家的胸罩还不如不穿胸罩好呢！大家擦亮眼睛!要求退货客服一直不给答复!最失败的一次网上购物!黑心商家!,0.0
总体感觉还可以，挺好的,1.0
没有数据线，怎么连接呢？还要在其他网站上买一根数据线吗？请给我个解释。,0.0
第二次买了。质量还是一样的好,1.0
"过年回家时在这里住了一晚,离北站非常近.屋子比较大,设施还可以.早餐种类比价多,但是做得更精致点就更好了.总体感觉还不错.",1.0
质量一般，价格真是太贵了,0.0
从没见过这样的卖家，第一次发货漏了唇彩，第二次错发成粉饼，第三次总算发对了。说好邮费卖家付，快两个月过去了，客服只给我说，不好意思，我先帮你登记一下，去一直不打还给我。,0.0
真心垃圾，这玩意是松的。,0.0
hush！在质量足够温度够低的2010年诞生，宛如新生慧星，带着一些歌曲四处弹唱，伴随银河旋转的轨迹不断向外传递感动与爱。包办词、曲与编曲创作，造就hush！独特的音乐氛围。极其孤独的旋律，耐人寻味的文字，造就出富有空间感的音乐型态。hush！总以第三人称看似客观却暧昧的角度，按耐心中起伏的情绪诠释人与人之间微妙的关系。\n　　银河里的众多星系，他却无法停驻，孤独的奔行。\n　　成团至今的时间里，hush！发行了一张EP及两张专辑，每次新作都教人期待。2014年7月，hush！在海边的卡夫卡带来连续两晚的不插电演出，分享hush！这几年来创作演出的成果。在我们共有的私密空间里，装满了难以同步转播的画面。\n　　这将是一张充满回忆的专辑。\n　　hush！从海边的卡夫卡踏出起点，唱出〈第三人称〉、〈异常现象〉、〈天文特征〉、〈X〉等熟悉的歌曲。这是hush！首张不插电专辑，其中收录了14首现场录音的歌曲，以最纯粹的表演，将四年来的精华浓缩集结在这张不插电专辑中，让温度有了证明，让易碎的心重新找到方向。hush！在质量足够温度够低的2010年诞生，宛如新生慧星，带着一些歌曲四处弹唱，伴随银河旋转的轨迹不断向外传递感动与爱。包办词、曲与编曲创作，造就hush！独特的音乐氛围。极其孤独的旋律，耐人寻味的文字，造就出富有空间感的音乐型态。hush！总以第三人称看似客观却暧昧的角度，按耐心中起伏的情绪诠释人与人之间微妙的关系。\n　　银河里的众多星系，他却无法停驻，孤独的奔行。\n　　成团至今的时间里，hush！发行了一张EP及两张专辑，每次新作都教人期待。2014年7月，hush！在海边的卡夫卡带来连续两晚的不插电演出，分享hush！这几年来创作演出的成果。在我们共有的私密空间里，装满了难以同步转播的画面。\n　　这将是一张充满回忆的专辑。\n　　hush！从海边的卡夫卡踏出起点，唱出〈第三人称〉、〈异常现象〉、〈天文特征〉、〈X〉等熟悉的歌曲。这是hush！首张不插电专辑，其中收录了14首现场录音的歌曲，以最纯粹的表演，将四年来的精华浓缩集结在这张不插电专辑中，让温度有了证明，让易碎的心重新找到方向。hush！在质量足够温度够低的2010年诞生，宛如新生慧星，带着一些歌曲四处弹唱，伴随银河旋转的轨迹不断向外传递感动与爱。包办词、曲与编曲创作，造就hush！独特的音乐氛围。极其孤独的旋律，耐人寻味的文字，造就出富有空间感的音乐型态。hush！总以第三人称看似客观却暧昧的角度，按耐心中起伏的情绪诠释人与人之间微妙的关系。\n　　银河里的众多星系，他却无法停驻，孤独的奔行。\n　　成团至今的时间里，hush！发行了一张EP及两张专辑，每次新作都教人期待。2014年7月，hush！在海边的卡夫卡带来连续两晚的不插电演出，分享hush！这几年来创作演出的成果。在我们共有的私密空间里，装满了难以同步转播的画面。\n　　这将是一张充满回忆的专辑。\n　　hush！从海边的卡夫卡踏出起点，唱出〈第三人称〉、〈异常现象〉、〈天文特征〉、〈X〉等熟悉的歌曲。这是hush！首张不插电专辑，其中收录了14首现场录音的歌曲，以最纯粹的表演，将四年来的精华浓缩集结在这张不插电专辑中，让温度有了证明，让易碎的心重新找到方向。,1.0
还没听  应该很好听,1.0
酒店还是非常的不错，我预定的是套间，服务非常好，随叫随到，结帐非常快。顺便提一句，这个酒店三楼是一个高级KTV，里面的服务小姐非常的漂亮，有机会去看看。,1.0
用起来有点硬，感觉不咋滴，而且还这么贵，物流也是慢到家&hellip;垃圾,0.0
不想多说&hellip;一个字&hellip;硬,0.0
这个品牌的衣服第一次买，质量还不错，就是号码偏小，比平常的号码再大一个码就好了，还送300京豆呢,1.0
差，卖家不守信用。,0.0
打开盒子的时候小小的惊喜了一下，比想象的还漂亮，送人自己戴都不错。喜欢,1.0
包装变成了这样，太恶心了！里面的麻花都碎了。差评！！,0.0
质量太差，穿在脚上特别松懈，太次了,0.0
實物與照片差很遠！怎么拍摄得這么差！,0.0
不保温!非常不保温！,0.0
吸盘牢固，安装方便。放到卫生间正好。,1.0
总体来说这鞋子不错，穿得舒服，满意,1.0
鞋子不错，挺舒服\n给平一下,1.0
在社会上有所作为，就必须读书，才能增长见识，不出门就知古今天下事，提高阅读能力和写作水平，使人成为有理想、有道德、有修养的人，在社会竞争中立于不败之地，这是好的一面。书还有不好的一面，就是迷恋游戏、黄毒一类的书，它能使人消沉，教唆人走向犯罪。鉴于书还有不好的一面，我们就要认真选择一些好的书来读。 一、读书使我进步。 古人云&ldquo;读书破万卷，下笔如有神&rdquo;。 我通过读书学习，提高了知识面，工作学习得心应手。,1.0
看上去还不错偶，感觉,1.0
买回来第二天就摔了后盖，电池不经用，耳机孔插别的耳机会有杂音，但是送的耳机质量又不好，所以只能这样了。哎。。。,0.0
11天才给我寄到  联系客服都不回信息的,0.0
说好了给我剪短的 腰围两尺 结果打的孔根本用不了 腰带太长了差评,0.0
酒店内部设施不错，但可惜是游泳池一定要戴泳帽才能去，没有的话是３５元一顶，我们一大帮人不想为了游一下泳就给宰，只好望池兴叹了，酒店的人说是规矩，难道戴泳帽就能保证卫生了吗，那也是，少人游了就能保持泳池卫生了呀．,1.0
这个质量很好，舒服,1.0
"房间设施远达不到四星水平,勉强也就是三星.",0.0
6199买的，相比其他网友，没有赶上5850的特价，买贵了，连个VISTA、驱动光盘都不送。机器比想像中的要厚重。我没有京东5000-200券。,0.0
惠普这款整机配置均衡，内存稍小，京东送个内存就太好了。本本外观简约，不愧为商用型。键盘设计很有特点。 LED屏显示效果很好，色彩较靓丽。,1.0
物流不给力！质量很一般，大小不是很合适，有一种想扔掉的感觉！,0.0
很不错很不错，给媳妇买回来练毛笔字,1.0
发货发少了一包，手机端向商家客服咨询，概不回复！差评！,0.0
质量还不错！感觉蛮不错的。衣服厚实 　,1.0
洗过后太硬了，婴儿使用不合适,1.0
差不多是亚龙湾的酒店里最便宜的，住的豪华单人间，房间比较干净，设施也还齐全，不好的地方是小冰箱在柜子里面散热不好，几乎没法制冷，如果敞开着柜子门又太吵。酒店没有专属的沙滩，最近的沙滩上都是旅游团的人，比较乱。,1.0
这款包包款式和颜色都是我喜欢的，趁活动入手了一个，平时背着它去图书馆，学习好伴侣，外出玩耍背着也很实用，各种夹层可以放小物件，中间也有足够空间放很多东西，是旅游好帮手。最重要的是，包包皮质很软，虽然辩不出真假皮，非专业人士不做评价^_^手感特别棒，以后用段时间再追评吧。,1.0
衣服拿到手蛮重的，手摸上去触感柔软，很好。,1.0
还行吧，不过感觉内容不是很充实。\n总体讲还是适合小朋友。\n另外，最近才发现在JD买这本杂志比某当贵不少,1.0
外表不错 很好看 电磁炉用起来也没有问题 但是 用起来 油烟真的特别大！而且锅底是不平的 放在电磁炉上 做饭的时候得手抬着锅把 才能持平 用了四五次 锅底已经掉漆了 哎 着实是失败的一次购物！,1.0
服务差，怎麼會有一間酒店沒熱水呢?我之前看到是一月的点评说没热方不到现去还是没有，投诉说要换另一家他们居然说叫我可考芦，我马上搬去别家。,0.0
不好，量少质量还不好,0.0
&hellip;&hellip;不适合新手，但是不错,1.0
还好，还想买一个！！！！,0.0
东西还是好看的，就是怎么不暖啊，我开3档全部开到最大的不暖的啊？请问这是为什么呢？,0.0
等了好久，此教材才出现,1.0
东西还不错，很好很喜欢，价格便宜希望有效果,1.0
款式挺好，面料好穿，继续关注你们店吧,1.0
"很安静,隔音设施不错.服务员态度很好,下次还会选这里",1.0
质量一般，孩子穿后才评价，穿了一次脱线了,1.0
妈的，这种东西！上面一层茶还不错，喝十天不到，下面都是苦的和涩的。卖这种东西赚这点钱希望你们全家发大财！多到可以带进棺材，从来上网买东西不给差评的。过分到了极限,0.0
一如既往的好评  66666666,1.0
大品牌质量优保证，京东买东西行货，带发票，售后有保证，机子配置不错，散热也好，完美屏幕这个很重要哦。,1.0
太差了 不好不好不好,0.0
非常不错的酒店，依山傍水，里面大片森林，散散步很不错，坐在湖边也休息也是不错的选择；房间很幽静，房间的设施很好，服务员态度也很好。,1.0
非常不喜欢这种文风，这种朴素直白的用词。可是同事看了觉得非常好，感动的流泪。唉---------,0.0
几十元的东西差不多就那样,0.0
打球很好  装逼效果强  耐穿  ,1.0
图片和实物差距较大,0.0
谢谢卖家的推荐，很不错的内衣，聚拢效果很好，很喜欢，还会再来。,1.0
鞋子不错，就是我好像买了大一号了。,1.0
我已经住过两次了。比较满意，特别是接机服务，一个人也接，及时周到。宽带速度也比较快。但是没有大家说的免费果盘。,1.0
鞋感觉不怎么样，还不如我在实体店买的来，感觉里面的布料有点像仿的，具体明天去实体店请人帮我看看是不是行货,0.0
跟图片一样也没色差！很漂亮啊,1.0
煮饭就是时间长些太慢,0.0
我还以为是两瓶，结果是一瓶。,0.0
棒棒哒！不错，物超所值,1.0
已经是多次入住了，04房间的窗外景色还是那么的美，对面超市购物也很方便。,1.0
我服了，因为没洗直接带，一碰皮肤立刻过敏，脸上多了几个大包，卖的是良心么？,0.0
最初看到这本书，随手拿起来翻了翻……就被其中一个个很精彩的小故事所吸引……然然每个故事后面，还会附上相关的道理在其中！读起来，感觉是一次心灵的洗涮，让我们学会以更好的心态看待生活中发生地种种人情世故……身处在繁忙都市中的人们，很多时候大多忽略了这些最平凡最简单的幸福和快乐……而这本书就是很好的把大家遗忘的幸福快乐罗列出来，释放心灵的枷锁，获取真正的快乐和幸福吧！,1.0
这是来自奥姆真理教内部的声音，与受害者的声音居然有太多相似。,1.0
使用第一天就发现电源按钮需按两次才能启动机器，原以为新电脑需要磨合。殊不知使用近四个月还是如此，拿到维修中心，维修人员所这是正常的，打开面板一看才知道内部零配件就像旧得一样，怀疑是旧机翻新。失去信心。,0.0
"常常觉得聪明和智慧相比,我更喜欢智慧.担是,看了拉拉之后,我觉得聪明的女子更让人心生怜惜.不可否认,这是一本好书.一年前一个很好的朋友发了我一本电子档的,没有看下去,这次在当当上买了之后,用了两天看完.很吸引人,对于那些向往外企的人来说,是一本不错的指南.对于那些聪明的女子来说,更是一个完美的人生向导适合珍藏及细读的一本书!推荐",1.0
yongzhebucuo .haikeyi ,1.0
很好，细致认真，发货及时，而且比商场卖的便宜，，一次很愉快的购物，下次有需要还来光顾,1.0
太慢了我等了8天还没有到,0.0
夏天坐着还可以吧，没感觉凉快多少 ,1.0
发货速度实在不敢恭维，十一天才收到货，东西看上去还可以，使用很简单，使用了2天感觉效果不是很好，不是很实用。,0.0
看着不错，也不掉色，可是洗过之后怎么炸毛了啊，乱绒绒的，和起球差不多，不怎么好。,0.0
太慢了了了了了了了了了,0.0
质量不好还不说，还给我发错，什么服务，垃圾。,0.0
试用中    担心不结实   毕竟是塑料的，不过如果是家里用的话就应该没事，我是准备远途帐篷里用的。,1.0
伏数还是质量的问题，不亮！,0.0
你们买的质量好吗？真是不可思议，我买了后，第一感觉就是包装太差了，光盘在纸盒里咣当咣当，很容易摩擦，我试了一下，共10个碟，竞有7张碟是读不出来的，真是便宜没好货呀，建议想买的要小心，质量连盗版也不如，应该就是很烂的盗版。,0.0
我是敏感肌，已经用了一周了，没有过敏，以前用过太多祛斑产品，一用刺激的油就会起红血丝，这个没有，用后皮肤变得光滑了,1.0
质量不错，用了一段时间，没有什么问题,1.0
多次购买了，用着还行，省心方便,1.0
宝贝很好。和实体店一模一样，价格比实体店便宜很多。值得放心购买。,1.0
除了磁带转MP3功能不好用，其他都挺好，,1.0
朵忒多了。泡了一点感觉一般。,1.0
只能用一个字来形容就是差，,0.0
根本就没这个东西，明显的坑,0.0
牙刷不错，稍短了一些，快递慢的简直让人无法容忍,0.0
112买的，618大促，性价比高,1.0
"非常喜欢; 快递员服务一流, 很给赞",1.0
我住了两次，酒店的地理位置好，卫生干净，服务态度好，交通方便，配备观景电梯可尽览泉州市区全景，唯一缺点是早餐品种单一，早餐价位偏高。,1.0
面料还不错，但是这个做工不敢恭维，底摆应该圆顺的，但是这缺一块算怎么回事？,0.0
还没用，囤货中，应该不错哦！,1.0
不是很好，里面有黑渣滓。\n口感也不好喝，需要添加牛奶才可以,0.0
买这本书的时候，还没有读完张爱玲以及关于张爱玲的书。只因为看了这里的评论似乎还不错。也因为急切的想了解关于张爱玲的一切。待读完张爱玲以及关于张爱玲的作品以后。真没有心情也没有兴趣看这个垃圾写的书了。淡定！淡定！既然买了，就看一下吧，从另一个侧面了解一下也好。可，才看了一节，就不想看下去了，于是丢在了某个角落，再也不想去碰。都说他是才子，我倒觉得其文笔实在拙劣。絮叨、杂乱，庸俗，不知所言！将其猪脑子里所有自认为华丽的词语堆砌到一起便成了所谓华丽的句子。总的评价：垃圾,0.0
这个价位的15.4寸屏幕性价比较高。送货也很快，我是江西九江的，前后两天就到了。,1.0
质量还可以，就是快递小哥不知道怎么搞的，等了两天才收到货，不爽,0.0
看到第一眼，就喜欢上了。但是收到货，里面还是破的，并且穿着还不是很舒服。,0.0
整体看着还不错  但是有一个致命的缺点  就是有温度变化的时候封面纸板容易变形  不怎么满意,0.0
买给初一孩子复习用的，他刚学完第一课，说全解内容与老师讲解一致。,1.0
买回来一看，漆都掉*！应该不是邮寄的时候磕的，应该是买家寄货前，漆都掉了， 吭死人！跟买家联系，半天没反应。,0.0
在红火车站出来去过海巴士站坐101或104路巴士到皇后大道西就可以到达酒店门口了，车费不到十元港币，在尼敦路也有站上车，去酒店的交通其实很方便。酒店每小时有一班到中环和湾仔的免费穿梭巴士可以乘搭，可以去到金钟地铁站，湾仔码头，机场快线中环站，港澳码头等地，还可以让司机在沿路地点停车，司机很好说话，还会帮忙拿行李，从酒店去其他地方其实也很方便。在码头坐中星小轮去尖沙咀也不过两块钱。酒店门面小，不过里面装修在香港来说也确实是有四星级了，虽然房间不算太大，不过放两张双人床倒还不显得太局促，把飘台改成座位设计也挺实用，洗手间也相当不错，基本用品除了牙刷牙膏之外还是比较齐全的。酒店的服务可以打满分，毕竟是国际连锁的酒店，虽然是经济型的酒店，软件还是相当有水平。酒店周边其实购物吃饭也很方便，并不是以前某些点评里说的那样偏僻的地方，还是蛮繁忙的商业街。虽然标间窗外没什么景色，却也算安静。我拿的价格是506，这么低的价格陪这样的酒店素质，相当令人满意。,1.0
为什么0京豆，现在对京东越来越不满意。京豆嚒一定要1000整数，才能用。东西么还有假的。,0.0
从高中就开始吃了，最喜欢吃的味道w！,1.0
好，做出来的饼干很好看,1.0
第一次在网上买东西   刚开始还提心吊胆的    怕买的东西不好  不过让我特别满意 快递速度挺快 而且货品比图片好 也比我想象的要好,1.0
物流真心的不快，让宝宝喝试一下吧,0.0
垃圾商家 差评，少发漏发就算 发坏的，最恶心的是还不承认,0.0
有很多图片，可以做开阔视野、拓展思路用,1.0
广交会期间没有免费饮料吧了，没有免费长途电话了，可还是想来住~~不过，广交会结束了以后还是没有恢复之前635送100元代金券，饮料吧免费，及免费长途电话的服务，有点想不通。有段日子没去了。,1.0
很失望！肩膀原本是亮点，却与图片差距很大！估计裁剪问题，只好退货吗！,0.0
商家经然发错货,0.0
没有发现有问题,1.0
太紧了，推拉门不好用,0.0
什么垃圾玩意，谁特么买谁上当，难用的要死，已经砸了。这东西一毛钱都不值得。各种不兼容，各种难设置。后面的人千万别买。?,0.0
不错哈，再用用看是不是更好,1.0
口感好，已经是第二次购买了，物有所值！,1.0
花色好看，质量也很好，不错的一次购物,1.0
不好包包都是坏的没有照片上好看本来想退的共才*钱还要出运费算了,0.0
重量是重了点，长时间运行热量还是有点的，带VISTA基本就是鸡肋，小本还是用XP，驱动盘中竟然没有XP驱动，需要网上去找，比较麻烦,0.0
好东西，值得购买好东西，值得购买,1.0
衣服  还行   裤子一点得不好\n,0.0
老爷子(眼镜)旗舰店太叫人失望了，说话出尔返尔，简直是忽悠人的店，网店说眼镜可以一年保修，简直是忽悠人，大家不要信，我是亲身感受者，说出去的话又不兑现，不是实体，没有厂家的，问他厂家、电话什么都不知道，,0.0
酒店总体不错，应该是张家港最好的酒店。但有二个问题。1。浴缸是椭圆的，设计上有问题，洗完淋浴，地上水漫金山。2。不能上VPN，给工作带来极大不便，最后只能用拨号上网来上VPN。,1.0
为何不是开口的,1.0
这家公司就是垃圾&hellip;&hellip;千万不要和他们做生意；恶心&hellip;&hellip;,0.0
差评中的差评，都说修改联系方式，都不修改害我一直找快递，要不是我自己去找，根本就收不到快递~产品还是折叠寄过来的，不是用卷的，全部都邹巴巴的，折痕一堆还不如拼图地垫呢&hellip;&hellip;,0.0
手感还可以。,1.0
总的来说还是不错的，除了床小点，改换大的，其他还是不错的，新装修，服务也不错！,1.0
真心难吃啊真心不好吃,1.0
在线等于零下的士师傅你！一,1.0
昨天你们介绍的师傅来我家，安装后通电，按开关，慢档或快档都无法启动面板打开，发现机子有问题，师傅也束手无策。我和师傅立即联系你们所有的电话无人接听，后来师傅只好先回去，他说第二天也会联系你们，看怎么回事。师傅人服务态度很好，但你们服务很让人汗颜。这是你们的产品质量问题吧，请今天尽快回复，此事怎么解决。本来我家原来的还凑合能用，师傅费了老大力把我们原来的拆下来，现在又换上了你们不能用的油烟机，本来想买个新的改善生活，你们产品质量问题让我们生活更烦恼。请立即处理并弥补给我家造成的损失。 .,0.0
货回来我看了一下，质量很一般，很失望,0.0
质量好，大小合适，很实用，物有所值，好评！,1.0
衣服不错，质量不错，快递给力。。。。,1.0
这个酒店实在太差，房间设施和二星级的差不多。淋浴间真是有些脏，地上全是一块一块的黑点点，也不知道是些啥东东。一次性的拖鞋包装已经被折掉，有一点点脏，好象已经被用过。还好那次刚好自带了一次性拖鞋，否则要穿着高帮鞋在房间里走来走去了，想起来就让人不舒服。前台小姐也是面无表情，像人家欠她钱一样。前台距离房间实在有些远，是极不方便的。空调的声音很大，还有即使开到了三十度都感觉不到暖气，幸好网线有些长，可以坐在床上用电脑，,0.0
怎么那么大的刺鼻味道？？？？？？？？？,0.0
应该是正品，五金件都很正，中间没拉链有点不习惯，速度相当快，三天就拿到货，不错，价格很优惠,1.0
商品实物外观与照片相差甚远，服务态度差，语气生硬,0.0
产品做工只能说一般，外圈内壁缝隙实在是大得离谱，整体活甩甩一个盘子。快递慢不说，订的10寸发了12寸。,1.0
东西不牢固。还没有用就掉下,0.0
很好的眼镜啊，老婆很喜欢,1.0
不知道是我早熟了还是怎么的，觉得内容很一般，而且有些写的太过现实，毕竟每个人的价值观和人生观不同，所以不是所有的观点都认同。看书还是要看视野宽一点的。说实话，看了这本书以后，我都不太在爱买韩国，日本这类作者的书来看，写的很窄，我推荐大家看看羽西的《中国淑女》和《中国绅士》，这才是使人真正心怀宽广的内容。,0.0
真不想给物流速度评星，太慢，快递态度挺好，东西漂亮，但用用看以后。。,0.0
质量可以，偏大，本人155，47，,1.0
信赖京东，水壶保温时间不长，没有异味，很漂亮,1.0
有送随机袜子吗？一点印象都木有了&hellip;&hellip;,1.0
不满意没有安装图纸，没有光源,0.0
本人2000年第一批招行网银用户，网购15年，这次是最差的网购体验。\n4/14周二下单，17号周五没有任何人联络过我，且没有收到东西，且小区门卫也没代收，东西也不在门卫室。居然有签收人了。签收人陈。本人不姓陈。\n于是联络京东，卖家及圆通。均无果。\n18日周六，早上，圆通物流人员电话给我&ldquo;东西送到小区物业桌上了，你看一下&rdquo;\n奇怪了，那周五东西在哪儿，签收人是哪来的。\n拆开有喜，居然发错货了，型号不对。\n再次联络京东及卖家。均声称&ldquo;先垫邮费寄回，再把对的发给你&rdquo;\n真是有够任性，有够霸道。\n提了二个建议，均一口回绝：\n建议1：不重新发出正货，收到时带回原件即可。\n建议2：先把邮费给打我\n京东及卖家利益要有保障，买家只有照做的份。\n还没完\n其间，21号14:04，13918777679电话我，声称京东客服（后一再追问下承认是圆通），大声斥责我&ldquo;为什么你收了货还到处电话，说没收到......叭拉叭拉&rdquo;（省五十多字），在我声明事实后，再次大声叫嚣&ldquo;你地址不详，电话没留......&rdquo;。神人，没有收货地址哪来收件人！！！最终又如何送到的。电话没留就更怪，你是跟谁通话？！，没等我来得及说话，自知无法自圆其说的冒充京东客服的圆通人员啪的掐断电话。\n,0.0
买的*两条的，店家发的*。联系客服，十二点二十分的时候跟我说午饭休息了，之后再也不理。就这样的做事方式。我还是给你赞吧。太聪明了，难怪发财啊,0.0
很棒，有一定效果，物有所值,1.0
期待已久的《小团圆》终于拿到手一睹为快了，看后觉得和《同学少年都不贱》风格很一致，堪称姊妹篇，还有《浮花浪蕊》。人生的悲欢起伏在张爱玲笔下别是一番滋味，也许貌似冷漠，实际确是最真最深的情感，不然不会伤得这样重，冷漠源自于无奈。对应《今生今世》来看，哑然失笑于自恋者的粉墨勾勒，更同情张爱玲身为女人的感情能让命都丢了的惨伤。看后只觉得生而为人的凄凉、孤独，每个字都回味无穷。,1.0
1、房间太小，小的有点过份。所谓的可供上网的台子小的快连笔记本电脑都放不下了。我在搞电脑时，差点摔破酒店的杯子。2、此期间通过携程预订，酒店赠送精美钥匙扣。钥匙扣在哪里？好像没送。3、早餐时间8时40分要求在餐厅煎蛋的服务生，煎个鸡蛋，回答说今天煎蛋结束，我说为何？服务生告之没蛋了，我说还有二十分钟早餐才结束，为何就没蛋了，仅仅是个鸡蛋。当时想找他们经理，算了吧，还是写在这里。4、失望。下次不去再去。,0.0
和图片一样没有色差，颜色很漂亮，款式设计迷人，穿着舒服透气性感,1.0
"就是纸张较厚又锋利,我小孩第一次看就被书弄破了手,晕死.........出版社没有一点安全意识!!!",0.0
在影碟上播放顺序是混乱的，前后颠倒,0.0
我就呵呵呵了，一个多星期才到，当然刚过年可以理解。\n关键用了两次，手柄 直接就给断了啊卧槽！！！！！不是说合金不锈钢么！！！！。\n到底是核桃太硬还是我的力气太大啊啊。\n说多了全是泪，直接上图吧。,0.0
黑色的表面指纹很明显，屏幕色温挺高，偏色挺大，而且好像不能调？似乎只能调屏幕整亮度，不接交流电的时候屏幕暗，选了高耗电好像屏幕也没亮起来。,0.0
看着图案不错 还是免洗的 送货超快,1.0
说实话真感觉划不来。连加减音量都看不见。线又细。还有六七十。感觉像15一个。,1.0
酒店的软件实在不敢恭唯，特别是前台小姐！！。CHECKIN的时候说房间不够，只给2间。过会儿又说没有大床房。总之，不想给我们房间，因为携程当初订了7间，现在只订了4间。从中午11点多等到下午1点多才给了我们大床房。CHECKOUT的时候，又是等了很长很长时间。房间不够大，但硬件还能达到4星。是那里最好的HOTEL了。总之，不要报太大的希望去可能就不会失望了。特别说一下，酒店旁边的月亮岛是夏天避暑的好去处。,1.0
完全差评，实物就是塑料的，根本不是玻璃的，已申请退回。\n在京东买过这么多次东西，这次最不开心。,0.0
用起来一般般，没有想象的给力,0.0
很：在大得陲有和北酒店格么相似得酒店，房馨大，舒而且很人性。生好大好敞，淋浴和澡盆是分得，直接可以充得插座很方便。大大得落地窗是距看木最著名得山，夜色很漂亮，熟悉得妃躺椅，能喝到正宗得北咖啡，真得不像是到。有很快也方便。房便宜不到肆佰人民，真得值。,1.0
买给外婆的礼物，外婆挺喜欢的,1.0
纸根本没法用，笔也是没法用，东西很多，质量好一点就好了！,0.0
是正版，一如既往喜欢京东,1.0
东西很不错，帮同事们买的都很喜欢！,1.0
帮同事买的，感觉穿着还是很不错的。,1.0
客服超垃圾，质量没有见过更差的，纯属坑人，没二天就掉色断线布还破了,0.0
用着挺不错的，价格合适,1.0
衣服根本没有图片的样子好看，不过是会拍照罢了，而且码也不准，大肥，穿着难看，最多在商场卖*，奉劝亲们不要再上图片的当了,0.0
质量太差，一拉就断了,0.0
实物与描述不符，说有枕头实际没有；,0.0
看了这本书觉得并不如想象中 那么好，只是宣传的好罢了！书还是要亲自看看才知道内容如果，不能单凭排行榜或者别人的评论。,0.0
！！！！！！！！！！！！！！！！！！！！！！！！！！！！！！,0.0
这个书还可以，比较适合小孩子，简单，不错。,1.0
质量不怎么样，申请退货不批！,0.0
客服服务态度非常差,0.0
给爷爷买的 试用是不错,1.0
卖家的态度非常好，物流很快,1.0
前天下的单1198，昨天就1088，果断退货，又重新下的单子，现在还没有退款，总的来说爱慕已久的耳机终于入手，够用了。锻炼时用。,1.0
位置尚可，但距离海边的位置比预期的要差的多，只能远远看大海，没有停车场,0.0
参加展会的首选！从机场坐磁悬浮到龙阳站下了再往前走500米就到了，记得06年参加展会时，在龙阳站下车后，打的没人愿意拉（现在才知道原因），后来有个人拉了，不知绕到什么地方后又绕回来，怎么各地的司机给人的感觉都一个样呢？,1.0
颜色太丑，没有上面的那样好！已经有两个不满意的了！,0.0
"这次入住该酒店316房间感觉还不错,床足够大,酒店设施还足够齐全,浴室内的温泉泡池也很吸引人,但是似乎下水口有些问题,总是会水漫金山,刚进房间就发现地毯上有滩水,估计是上一个客人洗澡后留下的,冰箱那个柜子也上了锁没有办法打开,作为5星级涉外宾馆,应该注意避免这样尴尬的事情发生.所幸,我和夫人对其服务都还满意,建议宾馆可以考虑将温泉公园的自助餐列入赠送范围,貌似现在是门票168元带自助餐,这样感觉我们被送的188元的票好像亏了的感觉.不过,这也仅仅只是建议而已.",1.0
来货就坏了，还臭的要死，后面换了一个给我还好，说陪我运费也没有，不知道陪那里去了，   搞得麻烦的要死，,0.0
酒店很超值，干净卫生，尤其值得一提的是在前台办理入住时服务员看到我们携带一个小孩，主动提出酒店有大床带单床的房间，而且价格不变，服务热情，周到，价格合理，真是不错的选择，下次去肯定还选他。,1.0
以的，质量不错的，可以的,1.0
1.服务意识太差，；通过携程订了一间大床房，进房间后，发现房间的地毯脏的实在不行，和值班经理交涉，要求换房。回答居然是：现在没有大床房，要么给你换豪华大床房，但要补差价，要么就是换标房。搞不懂怎么做服务行业的？由于自己的工作失误，给客人带来不便，好象是应该的，还很理直气壮。2.环境太吵 3.早餐只能用惨不忍睹来形容，不吃也罢。请大家还是远离的好！！！,0.0
质地太薄了，一穿就烂！只能多套几个，真是不能图便宜！,1.0
一般，穿了往外跑，不舒服。,0.0
　zC　读交大K之星，圆名校之梦。新S华T传o媒重点r推v荐。,1.0
跟描述的一样，包装也好，已经装上了，还不错。,1.0
边上贴不上，就中间能贴上,0.0
热了一些，一定要装power4 gear，一般待机情况下cpu达到56度以上，一个快捷按钮塌了半边，进BIOS设置时手靠近左边麦克风孔会发出很大的啸叫声，很奇怪的故障,0.0
不知为什么有点苦，宝宝都不喝的，下次不敢买了，真的好难喝，可以退货吗？？？？？真的差，,0.0
买这本书时正是工作超累之后，身体很不好的时候，消炎药和退烧药去火药是常服的，但是直接一时之痛。当时觉得不知道怎样才能把身体恢复过来。正好买了这本书，照书上说的按太冲穴，多睡觉，逐渐找到了恢复健康的信心。真的很赞同吴清忠关于身体健康的观点，也正是在这本书之后，才有了中里巴人的系列书出版，以及一批中医保健书的热卖，应该说吾清忠老师是真正的智者，开启了正确的身体保健潮流,1.0
这个酒店是我去过的连锁酒店服务最差的一个，其原因是变相拒绝携程客户，明明有房间可以预定，一听说是要通过携程预定，立马变脸，就告诉你没有特价房间了，如果不通过携程，可以给我打折20元，看见我坚持要通过携程预定，就不怎么搭理人了。携程的客服通过我手机向前台提出可以先办理手续让我入住，前台人员白眼一翻，然后告诉我，既然你要携程积分，那你慢慢等携程给我传真好了。我在大厅大概等了30分钟，然后才办理好房间。进了房间，立马就发现窗户上有一个蟑螂，当时觉得特别恶心（8901房间），打开电脑准备上网，发现网线的水晶头两侧都是坏的，只要稍微移动一下电脑就可能断网。由于该酒店离我客户的办公室非常近，我想就凑合2天吧，后来又发现该房间的打扫基本需要你通过电话通知，不通知不打扫，这也可以凑合，到了晚上睡觉的时候，这才发现房屋玻璃根本不隔音，由于靠近51大道（火车站出来的一条大街）晚上车辆非常频繁，根本不肯定达到安静程度，好不容易看完欧洲杯后，大清早就被楼下的车辆闹醒，这时候又发现窗帘原来是绝对不可能关严实，有一个较大的缝隙，针对早起的同志特别方便（5点天亮的时候可以自动提醒）！其实附近有一个如家快捷酒店的，但是但是我因为看见才装修完，估计味道还没有消除，就在这个酒店凑合了几个晚上，希望其他的朋友如果到了长沙，最好选择其他酒店。,0.0
评个鸟~~~~~订了三次投诉两次都没给我送过来，连书长什么样子都还不知道！每次投诉就只会说对不起，根本就没给我解决问题，没书又不说，就直接给寄其他的过来，前后都三个月了，一共订了几次，算了，不订了。,0.0
还可以，弹了感觉不错,1.0
一般化，只有一只触屏，不怎么样。不值这个钱。还不如路边货,0.0
物流快，很方便，。很喜欢物流快,1.0
穿着打球不错、赞一个,1.0
资料上介绍的是&ldquo;人民出版社&rdquo;\n怎么发了一套&ldquo;百花洲文艺出版社&rdquo;的啊,0.0
第一次从网上订房确实很迷茫，不知道住哪家比较好，通过看携程的介绍加其他住过的客人评价，最后还是选择了离火车站最近的城市青年酒店，事实证明我的选择时正确的。总体来说我对本次的旅程非常满意，酒店整体设施比较完备，环境较好，最主要是方便快捷，如果说下次旅行选择订酒店，我还会选择城市青年。,1.0
"即便是江阴星级最高的酒店,但还是摆脱不了土的感觉,装修一般,早餐更是一般,对服务没有什么深刻的体会,相信如果有跨国酒店可以选择,应该会有进步.",1.0
非常不错的非常不错的非常不错的非常不错的非常不错的非常不错的非常不错的非常不错的非常不错的非常不错的,0.0
最好吃的鸭舌，比五星级大酒店还好吃,1.0
为什么我没收到。。。却已被签收。。。。快一个月了。。。。。。。,0.0
一直没用，不知道，习惯好评,1.0
学了拳得学学器械，好好学,1.0
价格要是能再低点就更好了！京东应该多搞特价活动!快递的服务态度不是很好,0.0
贴上暖暖的.还不错,0.0
我先买了个小的，收到以后又买了个大的,1.0
已经买过，这是第二次买了！用了确实好！,1.0
全面了解唐太宗及其所处时代的文集，系统而又详实。,1.0
已收到货，细细品尝了一下，品质很好，价格不贵，下次再来,1.0
还不错哦。质量非常好。,1.0
"质量和速度是不错啦,就是圆通快递太差啦,单上注明是本人签收的,可快递员随便一个人就给签啦,一点责任感都没有!",0.0
上课要用上课要用上课要用上课要用,1.0
做工不好，线条很粗糙，好些线头都没剪，手柄处沾着好多胶水，手柄处还有好几处磨损，像旧的一样，一句话，不好，不值这个价钱,0.0
高大上啊，安装简单，回头率超高！,1.0
正品，对过敏性咳嗽有效果。,1.0
真心不是很好用，可不买。,0.0
非常差，下次肯定不会入住了，强烈建议各位不要住这个酒店！说是五星级的标准建的，连三星的标准都未到！假五星，未挂牌！问前台，说游泳池改造，所以还不能参与评星。估计是不敢！我入住的是1505房。1、房间设施非常旧，桌椅掉了不少漆；2、洗手间镜子周围锈迹斑斑；3、洗手间的花洒在冲凉时竟然掉下来了；4、空调调到低温时的噪音吵的睡不着；5、前台竟然只有一个男服务员，说下班了，只有他一人值班，服务很一般；5、前台结帐竟然收一块的保险费（携程网上并未注明，服务员也未提前说明）....唯一过的去的是，礼宾部的态度还可以。硬件差，软件再好也没用。第二天一早就转到隔挂四星的波斯特（POST）了。要不是飞机晚点半夜才到，我们当晚就转了。建议携程在这个酒店的前面不要打五星！,0.0
酒店生意清淡，大堂里都没几个客人。房间倒是不小，但觉得被褥窗帘都灰蒙蒙的有股味道，不知道多久没人用了。酒店里的娱乐设施，包括游泳池，台球等等，都要收费。白天房间里没有空调。晚上的热水，要先放10分钟才会来。优点么，就是位置不错，出门就是老街，吃饭逛街还算方便。,0.0
后片跟原厂的有出入！,0.0
买回来就是坏的 音乐还是坏的 ,0.0
早餐有还不如无！这傍边就是长途汽车站，可想而知这外面的环境是个什么样子！住在这里的人更多的是中转旅客的样子，我见过尼姑，和尚！房间设施也就比招待所好点的样子，比较旧的酒店，名字虽然很时尚，但是酒店真的没有可比性。有个米兰俱乐部，估计是happy的地方，还有个桑拿按摩的地方，这个不用我多说大家也晓得是干吗的，每天晚上10点准时房间电话响起，招不招就随你了。大家自己掂量着吧。,0.0
根本不是皮的，就这价格也就不退了,0.0
东西连盒子都坏了，这种礼品，盒子都换了，说明店家没检查，态度不好，差评,0.0
真是很好穿，很好很好很好很好,1.0
外观小巧很萌，利仁小电饭煲质量很好，使用方便，大小合适，（原来一直用3L的有些大了）这个1.6L的正好，可用于做2～3人的米饭。价格也优惠。如果锅盖的卡扣再好用一些就更好了。京东自营快递超速，一天之内送达。非常好。5星好评。,1.0
太薄了，感觉给骗了。,0.0
标签误导买家以为送枕套 枕席,0.0
两间房只给两条毛巾，加一条毛巾要收费5元，太过份了吧？？？,0.0
不错，和图片上的一样                   ,1.0
质量不错   做工很好  尺码合适  满意,1.0
奇葩啊！   掉件了都能被确认收货～～～～,0.0
做工很精细，大小很合适，非常不错喜欢好评。。。。,1.0
很喜欢 还没看完  包装精美， 送货快,1.0
连今天是第二天用就烧成这样什么304不锈钢骗人的吧！不值这个价还是品牌的质量好差169元买的，就是69我也不会在买,0.0
质量一般，不小心掉落就有裂缝了。,1.0
破相了又咋咯哦咯咯一影魔JOJO,1.0
京东竟然卖盗版的书；买的复变函数教材，书上缺了文字用笑脸代替,0.0
料子可以，款式颜色和图片描述的一样。大小合身,1.0
第二次入住该酒店。酒店离地铁四号线东安路站不远，如果打的的话，建议告诉司机说“去龙华医院”，宾馆并不有名，但是隔壁的上海中医药大学龙华医院是挺有名的。,1.0
我的国外客人十分满意，我本人对大堂和门童也是很满意。,1.0
这本书的革命性医学理念，在于变治疗医学为预防医学，让我认识了世界顶级的保健品USANA，并通过一段时间的服用，彻底改变了我原来过敏性哮喘和过敏性鼻炎的几十年顽症。USANA还有更多针对性的顶级保健品提供，我3岁的儿子也在服用USANA针对小儿的保健品。强烈向大家推荐USANA保健品（e-mail:tonytong7015@yahoo.com.cn可以了解更多）USANA可能是目前世界上最好的保健品，但绝对不是最贵的保健品。,1.0
上当了！什么羊毛的？只有帽子里面有一点！外层是晴纶的！不值！！,0.0
\n《译文名著典藏：名利场（套装上下册）》选题：世界各文学大国最负盛名的作品，不管是原著还是译文，都经过历史的考验，最受中国读者或专家学者的青睐；采用了在国际上享有盛誉的画家的插图，是名副其实的插图本，符合当今社会各阶层读者的阅读和收藏喜好；装帧走高端路线，设计师呕心沥血，历经数月，设计出令人耳目一新的封面和整套装帧，材料上也&ldquo;极尽奢华&rdquo;，为译文社历来之最。正文为70克纯质纸，封面为布面精装，三面涂金，并配有函套； \n\n\n\n内容简介\n\n\n　　穷画家的女儿蓓姬·夏普，自幼失去父母，但绝顶聪明。她以半工半读的方式从寄宿学校毕业后，由一名家庭小教师起步，牢牢抓住每一个机会，削尖了脑袋钻进维多利亚时代的上流社会，成为一颗光芒四射的交际明星。这一尤物的发迹历程，在滑铁卢战役波澜壮阔的历史大背景映衬下，展现了堪称世界文学中最成功的一个女冒险家艺术形象。萨克雷的词锋犀利，机智幽默，解剖人生精妙入微。《译文名著典藏：名利场（套装上下册）》问世将近一百六十年来，一直被誉为一面讽世明镜、一部警世宝典。\n\n\n\n精彩书摘\n\n\n\n　　&ldquo;爱米莉亚，我给你写信的时候，就叫你妈妈，&rdquo;孤儿小劳拉·马丁拉住好朋友的手，依依不合地抬头瞧着她说（她还刚学会写字母之间不相连的圆体正楷）。 \n\n　　倘若某一位先生在他加入的俱乐部里读到这本书，我毫不怀疑他定将把所有这些细节描写斥为愚不可及、无聊之至、废话连篇而且肉麻得要命。是的，此刻我可以想见这位先生在享用了一大块羊肉和半品脱葡萄酒之后，脸色红通通地取出铅笔，在&ldquo;无聊&rdquo;、&ldquo;废话&rdquo;等字样下面画了杠杠，再在页边添上他自己的评语&ldquo;完全正确&rdquo;。不消说，他是个才高志大的人，崇拜生活中和小说里的英雄伟业和豪迈壮举。在此奉劝这位先生还是走开为好。 \n\n　　现在言归正传。送给塞德立小姐的鲜花、礼物和她自己的箱子、帽盒已由桑波先生装上马车，同时装车的还有一只饱经风雨的老牛皮箱子，上面细心地钉着夏普小姐的名片，桑波把它递上去时扮了一个鬼脸，而车夫把它放好时也相应地嗤之以鼻。分手的时刻终于来到；不过，离别的哀愁让平克顿小姐向爱米莉亚宣讲的一通大道理冲淡了不少。倒不是这番临别赠言引起她深刻的思考，或者她听了富有说服力的论点情绪平静下来；不是这么回事。这篇讲话冠冕堂皇而又枯燥乏味，实在让人受不了，塞德立小姐见到校长向来怕得要命，哪敢当着她的面让心头的悲伤进发出来。 \n\n　　就像逢到家长来校那样隆重的场合一般，客厅里摆上了一个葛缕子蛋糕和一瓶葡萄酒，点心过后，塞德立小姐可以走了。 \n\n　　&ldquo;蓓姬，你进去跟平克顿小姐告别一下吧，&rdquo;杰麦玛小姐向一位没有人理会的姑娘说，那姑娘正带着她的手提包从楼上下来。 ,1.0
舅妈很喜欢，质量也杠杠的，会再光临的，,1.0
看了别人的评论才打算买齐了给儿子做生日礼物。但是4岁的儿子好像并不买账。从成人的角度看，整个故事从人物到情节都很乏味。我儿子的反应和我一样。,0.0
服务基本不错，环境好，房间也还不错，就是叫出租车略有不便,1.0
操作有些不习惯 其它的还好,1.0
非常不满意，东西** 快递都收*，还半个月才收到货，晕死。。。。。。。\n气愤 气愤 气愤,0.0
东西一般，赠品在哪⊙_⊙呢,0.0
做功太差，多处扒丝，顶帶不对称，窝边儿不平边缘褶皱多，不值这个价钱！！！,0.0
质量稳定，附着能力好，味道不会太臭。,1.0
没用，没用，很没用处的一个产品,0.0
收到的书右边破损，疑为运输中钝器挤压进去，造成长3厘米、厚半厘米书页向内翻卷,0.0
这家酒店离阳朔有15分钟的车程，是一家民居（民居在阳朔很普遍）。整撞建筑的风格很特别，古色古香。不出家门就能看到阳朔的山山水水。只要打电话给李阿姨，他回安排车到阳朔来接。李阿姨很热情，给人一种很真诚的感觉，很健谈，把我们当成一家人，民居提供的饭菜也很好吃。只是要是在她那里租自行车或导游的话，会比外面贵一点。补充点评2008年7月4日：房间设施一般，建议大家自己带洗漱用品和毛巾。毕竟是农家，不比大酒店。,1.0
前台服的貌有待改善，做事欠效率，因三名服竟同理一位客人的，其他客人站在服台前，竟不加理，而且的欠佳、冷淡，不，不能符合四星的酒店服。酒台房的施，尤其是生，我想比三星要差，整晚睡得不好。唯一可以美的是bellboy，他的服度良好，笑容可掬。如果要500元住一晚的，在不划算。,0.0
"没有桑拿设备,理由是正在维修,但真正的原因是不赚钱.",1.0
隔音很差，又难找，老厂房改造，门口接待小的差点找到隔壁的酒店，上海人的小气,0.0
手表很喜欢，就是物流超超慢！就是这点不满意，过几天再买一个希望物流能快点,1.0
再不说了，刚打开就开线了，质量太差,0.0
太小了 基本没什么用,0.0
太差了。不想说。不直钱,0.0
第N次买了，香醇可口,1.0
不好用，介绍的一点也不好用，一看就是假的,0.0
酒店地理位置比较比较偏僻，不过穿过两条马路就是石老人沙滩。 酒店前台对客人比较怠慢，特别是女服务员，脸上几乎没有表情，对客人的询问或者是要求，都不太理睬，或者就是说，你等会。感觉很不好。男服务员倒是比较热情的，这个后面我会提到。 酒店房间设施感觉一般，我定的是豪华房，感觉基本符合四星要求。大床比较舒服，房间内很多物品都是需要付费才能享用，好多介绍书都是用韩文标注的，感觉我到了韩国，中文标注的字体很不明显。 酒店地址偏远，附近没有什么好的饭店，酒店内的饭店也在装修，只有咖啡厅和韩国餐厅营业，想吃点中餐很难，询问前台服务员，整个就一热脸贴冷屁股，爱搭不理的样子，我们没吃就被气饱了。 晚上朋友带我们去吃海鲜，结果半夜两点两人都上吐下泻，请服务员送了点止泻的药和热水过来，还不错，很快送来了。早上五点还是挺难受，因为下午要赶回程的飞机，所以打算去医院看看病尽快止泻，想请前台派个人陪我们一起去，结果前台经理（男的）态度还不错，让我们等会，结果等到6点一刻，他告知我们6：30交接班，晚班的人要回去休息，早班的人送我们去，说实话，我们那时候都特别累，拉了一晚上，当时感觉肚子也没那么疼了，也别麻烦别人了，我们就自己上楼去休息。 10点钟，拉了一晚上，饿的前胸贴后背，餐厅只有自助餐，我们一点油腻的东西都没胃口碰，于是我们拖着虚弱的身子询问哪有喝粥的，结果我们是二楼跑一楼，一楼跑二楼，在询问了无数遍，上下三四次后终于得知咖啡厅有粥，我们要两份白粥，告知10元一小碗，没有配菜，切片面包，2元/片，外加15％的服务费，就这样，两碗白粥六片面包总共37元，我和妈妈开始热切怀念之前两天住的太平角如家酒店10元的自主早餐了。 点完餐，因为有送餐服务，我们就先回房间去休息了，结果左等右等都没有服务员过来送，我可怜的老妈又拉又吐，脸色蜡黄，饿的要命，因为吃止泻药之前得吃点早饭垫垫。后来老妈忍不住了，催我给餐厅打电话，我翻遍房间内得说明，恁是没找到餐厅电话，老妈只好自己亲自下楼去催，结果被告知粥还在熬呢。。。。。。在好漫长得等待后，终于端来了热腾腾得白粥和面包，我们那个激动啊，终于有吃得了。后来我们把情况和服务生说了下，他说我们身体情况应该去医院，他要和酒店领导说一下，我们很是感动，说实话，到了酒店以后就这个服务生最热情了，可后来直到我们退房，也没一个电话。。。。。 618元的房费，但是服务却达不到这个价格，之前我们入住的如家209元的房费我们却感觉享受了星级的服务，我想酒店的设施固然能吸引不少客人，但发自内心的微笑，真诚的服务，才是我们些客人最在乎的。,0.0
质量还不如超市119的，失败。质量无保障啊！！,0.0
柔声轻诉柔声轻诉。。。。,1.0
东西很好用！就是快递员素质太差,1.0
垃圾，很丑，别给坑了，买了也没穿。,0.0
"晕了,是我运气好还是什么的!买包送创意腰挂韩国钥匙链钥匙扣圈!都TM的包装破损!曰,这帮拣货和复核的家伙们也不知道看看,气死我了!",0.0
看到之后特别失望&hellip;我买的厚款，但我感觉比薄款还薄，好透啊！外包装也丑！重点是这么差的东西竟然还这么贵！还不能退货！！客服很不耐烦，让她多说两句就有点儿不耐烦了！！生气生气生气啊！！！,0.0
原来只能用水脱水，现在可以用脚了，挺方便,1.0
质量很好的 价位比较划算 好评,1.0
衣服问题： 拉链不好，已经更换。  并且洗后掉色严重。 直接把里面的内衬的白色染成黑色了。,0.0
搞活动时买的，为买相机做准备。,1.0
垃圾中垃圾，一文不值。,0.0
这个手套垃圾，还有洞。没有图片的那么好，有贵，真的不划算，。真是吃大亏了,0.0
包包收到了，质量很好的，皮质很软的，容量大，做工精细，不错的。,1.0
我帮我爸买的，我爸说还不错就是有点贵了,0.0
\n\n微创新：5种微小改变创造伟大产品                          ,1.0
"老婆生日购买的,还行.只不过卖家的服务态度不怎么样,霸王主义销售,自己犯了错误都不知道更正.",1.0
差评，超级差，一打开就起邹，直接是次品，商家还说不会邹，最差劲的一次购物，差评&hellip;&hellip;&hellip;退货&hellip;&hellip;,0.0
等了这么多天，一开包装就看到这样的。往上面一坐都感觉要塌。。。,0.0
东西一般一般般,0.0
就是有点磨脚趾，走路时间长的话，对于脚来说是一种负担,0.0
还不错，但是不柔软,1.0
凭质保证书及京东商城发票，可享受全国联保服务（奢侈品、钟表除外；奢侈品、钟表由京东联系保修，享受法定三包售后服务），与您亲临商场选购的商品享受相同的质量保证。京东商城还为您提供具有竞争力的商品价格和运费政策，请您放心购买！ 注：因厂家会在没有任何提前通知的情况下更改产品包装、产地或者一些附件，本司不能确保客户收到的货物与商城图片、产地、附件说明完全一致。只能确保为原厂正货！并且保证与当时市场上同样主流新品一致。若本商城没有及时更新，请大家谅解！,1.0
"TheWorsehotelinChengdurightnow,checkoutat12.30pmandtheywantyoutopayextrahalfdayroomcharges,theroomkeyareprogramtill11amandyoucannotopentheroomdoorafter11amthoughtheyputcheckout12pm.ThosestaffworkingatthefrontdeskaretheworseatittudeIencountered.Pleasethinkagainifyouwanttostayinthishotel.十二点半退房就要加半天房费,前台态度非常差,到十一点就不能打开房间了.如果你有另外的选择就不住这一家宾馆反馈2008年6月1日：尊敬的客人;您好!感谢您入住成都新良大酒店!对您提出的问题,酒店非常重视,已经加强了员工的专业培训.同时酒店也为您在入住期间带来的种种不便表示歉意,酒店诚恳的邀请您再次下榻酒店,感谢赐教!",0.0
比直接吞大药片确实是省事多了,1.0
以后给家人买就来这家了，很不错，喜欢的快入手啦,1.0
\n是个手机套，不是放大器，咋办呢。,0.0
发错了还不管，还找理由推辞，奶粉有拜油味,0.0
酒店地理位置不错，交通非常便利，房间整体感觉还可以，只是浴室有些小。酒店提供的早餐不够丰富。酒店员工整体的服务意识不错，尤其是大堂经理，在安排订车时还特地送给我们一份当地地图，很细心周到。,1.0
第一次住此类酒店，感觉就是原来的招待所做了一次整洁的装修。,0.0
什么都不说了质量问题，才到货两天就出了这样的问题。有图有真相。,0.0
垃圾中的垃圾，千万不要买这遮瑕膏，很垃圾，妈的。根本都没用，而且越涂越明显，谁买了谁后悔，,0.0
还不错，解释很详细，是真题！,1.0
整体感觉不错，房间不大，色调温和，床松软舒适，刚去过，室内温度挺高，洗澡水放几秒就有热水出来，比有些酒店强多了，早餐差点，不够40大元标准，尤其是做煎蛋的人老不再，住了三天没吃上煎蛋。结帐较慢，上午10点多结帐前台只有一个人，管理需要加强。,1.0
一次非常失败的购物，以后不在会再JD 的第三方店铺购物了。整个售后处理过程，京东的客户傲慢，店家的态度推诿，说回复，然后就再也没声音了，装死是一绝。各位还是选择自营或者实体店吧,0.0
如果不是几元的话那就买贵了。不值。,0.0
货真价实，好用又好使。,1.0
好好啊啊  值得信赖,1.0
书的质量不好：\n1：有的文字印刷很清晰，有的就很模糊，不知道该书是不是盗版的 担心中\n2：书送过来的时候，感觉像是受过潮了，有些卷曲\n3：以前在京东买到过盗版书，这次也很怀疑。,0.0
这个快递速度让我收快递当天的心情都不好了&hellip;&hellip;,0.0
办公室使用，已经多次购买&hellip;&hellip;&hellip;,1.0
挂快抹布都往下掉，根本吸不住，建议大家都别买了。已扔掉了,0.0
预定的时候注明了要二楼房间，入住时是一楼，网上说加一份早餐10元，实际收15元。住酒店还要交停车费10元。豪华单间房间的地毯湿呼呼的，我真是无语了。但酒店大环境是不错，可惜这环境了,0.0
商品真心不好，质量差。刚开始我下单下错了，下单下的天蓝色，我及时与老板沟通，要求老板给我发个黑色，我再三叮嘱我是送人的，我要黑色，老板也答应添加备注给我发货黑色，可到头来居然还给我发个天蓝色，我也是醉了，没见过这样的。请问诚信在哪？,0.0
8月末下单购买，10月初发现问题，共同商家调换，光售后的快递就发了两遍，同样的问题，等了将近一个月没有解决，最后发回来还是残次品，背带歪，不对称真心的不知道说什么好了，真心的怀疑卖的是真品么？？？？太差了，希望京东招商的时候对第三方的资质稍微用心审核一下，好么？,0.0
一般般吧，鞋子偏大的，建议买小点。,1.0
物流给力，书替孩子买的,1.0
一直没有收到！我已经提供了邮箱，不知道卖家怎么回事？,0.0
　　《《宝镜三味》讲记：曹洞宗禅修秘C籍》系统、全面的介绍了佛学研究成果和思F想，受到学术界、佛教界和K广泛欢迎。　　《《宝M镜三味》讲记：曹洞宗禅修秘籍》中Q是正确真宾，离颠倒戏论T而不落空有的二边V。观体是智慧，观用是观察、体悟。以智Z慧去观察一切诸法的真实，不观有,1.0
杯子外面的布料不太好。。。。,1.0
软的不要不要的 做工一般 不多说了,0.0
特价房环境非常不好，只有一扇非常小的气窗通向宾馆过道，有点象住在地下室的感觉。房间下水道还往上翻难闻的臭气。请慎重选择此宾馆。,0.0
珠子都是碎的，裂了，太次了！差评！！下次再也不来了,0.0
不好 各个都有瑕疵 不满意,0.0
酒店位置不错，交通方便。硬件环境虽然显得比较旧了，但依旧不失档次。服务态度基本令人满意。宽带网络速度不错，就是还需要单独联系前台开通帐号且没有什么提示说明，不大方便。房间里准备了灭蚊器，但是没有药片，需要自己联系服务员索取。离店那天的早餐不大理想，还没到结束时间（差一小时），我们一边吃，服务员一边在旁边就把各种餐具、菜品收走了，令人感觉比较尴尬。另外，在卫生间看到,1.0
质量很好 上网速度很快 画面清晰 音质很好,1.0
妈呦，买了两支，有一支还是坏了，太假了！,0.0
味道不怎么样，不值这个价！,0.0
还好，比预想的小，凑合用吧！,1.0
价格实惠，发货速度较慢，正品无疑，下次还来,1.0
没有光驱，装东西不方便，还是要配个外置光驱才好。内存1G根本带不起来VISTA，幸好送了个1G内存。,0.0
太迷你了够一人吃,0.0
挺好，快递小哥还单独跑了一趟,1.0
"商务标间房间比较大,但洗手间很小.隔音效果也不太好.总体说来还算干净,整洁.交通很方便,离静安寺很近.",1.0
包装不错，用起来方便，搞活动买的，挺实惠。。。。。。。。。。。。。。,1.0
物流速度7天到货慢了点，（都是双11采购的十几个单子中最晚到货一票。,1.0
不好，尺寸不标准，超大，像鱼网。,0.0
酒店还算干净，送早餐，就是酒店名字容易让人误解，周围没有湖，感觉还可以。,1.0
还可以吧。太鼓了盖的时候旁边容易透风,1.0
"房间很好,价格也不错,服务也不错,就是不好停车.",1.0
质量好差，四个角上的伸缩带轻轻一拉就断了。物流不是一般的慢,0.0
不是太好啊！卖了都后悔了啊！,0.0
cd壳裂了 杯具死了啊,0.0
货刚到，看着不错。，,1.0
单词难易程度差的很多，有很常用的也有压根不用知道的，看了也不能增强记忆，无趣。,0.0
物流慢就算了，送来盒子里面居然没有梅花起子，不能买的是单一的货品连起子都不配送吧,0.0
我的书缺少了十页，严重影响阅读！当当这么大的书店，怎么会出现这样的问题呢。我都怀疑我的书是盗版的。,0.0
垃圾东西！！建议大家不要买。还不给退货\n,0.0
方便带宝宝出去用，柔软，吸水量大！很好。,1.0
发现讲的很粗，字太小，什么都讲，没有重点。不适合初学者,0.0
相当不错的酒店，房间等各方面都让人满意。,1.0
啦咯啦咯啦咯啦咯啦就快啦吧call就咯啦咯,0.0
不匹配，显示屏的完全套不上。乱七八糟的。,0.0
多买的，没有提醒,0.0
很满意，很漂亮！一会出去兜兜风，后边还能搭个妹子?,1.0
早餐还可以，房间一般，不过隔音效果很好，虽然对则一条大马路，但是根本听不到什么嘲音,1.0
手机运行速度挺好！内存大！,1.0
"房间设施不错,前台服务也不错.交通方便,停车场很大.",1.0
多快好省名不虚传大赞,1.0
太能闹了吧也给我的钻都不够 还说什么加钻 少钻还差不多 找客服不说这事跟哄孩子事的一说这事和死了一样 售后服务真差劲 给你一颗心我都冤的慌 不给别人差评可是你们做的也太不地道了,0.0
千万大家不要购买，东西又贵，而且货不对板。,0.0
正品正品，不错不错不错。,1.0
一个字差，入住时给我开的房卡就刷不开门，这是管理差。从前台到房间居然要换乘电梯，难道他以为自己是地铁啊，这是硬件差。房间小，没中央空调还要4XX元，性价比差。均给一分吧。,0.0
我经常住在西藏大厦，主要出差的方便，周围的饭店也比较熟悉了，还有一个物美大卖场；去首场机场相对较方便。,1.0
这个鞋是太不好了,0.0
一般化，很稀薄，不好喝，最主要，物流慢的要死,0.0
买给爷爷的 穿上很年轻 不错,1.0
好吃，货真，价格贵些，,1.0
还是不错的，东西挺实惠，品牌。,1.0
客服太垃圾，刚下的订单要求改地址都改不了,0.0
厚实，感觉很可靠。小火很理想，导热快，但热容偏低适合小火慢煎，不适合爆炒,1.0
这是商家赠送的&hellip;&hellip;感觉还不错&hellip;&hellip;一切都很OK！,1.0
1、电池只是3芯而已 2、没有光驱，装系统比较麻烦，且不支持USB-ZIP，只能用USB-HDD模式启动，花了我不少时间。 3、价格还是蛮贵的,0.0
物流速度有点慢，耳朵,0.0
对不起价格啊 。。。。。。。。,0.0
宝贝非常好，非常非常满意。客服态度也很好,1.0
我家停电一次主板就坏了，差评&hellip;&hellip;,0.0
买来后，宝宝不喜欢，我也不喜欢。说这书如南橘北枳，是因为小朋友的书教的是日常生活中常见事物，可是这套书比如很多车，是在国外有的，在中国根本没有，也不是这么叫法，告诉他这些陌生的，翻译过来的东西有什么用呢？在中国看不见；在国外，也听不懂。还不如，保留原来的英文，不要翻译还更实用呢！,0.0
模具slow阿里省教育厅SUV旅进旅退无图咯坨坨肉,1.0
只能说垃圾吧。。什么都没干就出现故障开不了机了。。大家还是别买了！！！说真的，我是一个大学生，本来想着就买来学习好了，现在看来希望报销了！！！,0.0
7月头已经坏了，充不了电。5月2号买的，用了2个月,0.0
退钱东西送哪去了，来来回回你们太不负责了,0.0
帮同事买的，亮度高，投影效果很好，快递也很快，很赞 ！,1.0
温度过高就会掉线，不适合连续挂机，偶尔用用还行,0.0
"房间不大,但里面的硬件设备不错,地理位置也很好,只是下面的KTV实在比较吵",1.0
配送及时！价格实惠！不错的选择！,1.0
质量非常的好用，效果超赞,1.0
好，划算，够一年穿了,1.0
不换快递损坏商家名誉,0.0
好像不是很好用  不怎么容易散开,1.0
买完后悔了，说好的送的都没有,0.0
特别好的一本书，速度没得说,1.0
本人最失望的一次网购，一开始壶已经寄到，立即开包检查，壶是裂的，马上联系客服，客服说可以换，又寄回去，接着漫长的等待开始了，等到订单都已经确认收货了，换的那个壶还没到，最后通过多次联系客服，壶终于到了。从下单付款到正式收件，经过一个多月的等待和煎熬。也让我从愉快兴奋变成不愉快而且有点不耐烦。,0.0
我要退货，质量太差，我发誓以后再也不在东京网上购买衣服，看着好看，失望透顶,0.0
小了点，送人，不喜欢，没带,0.0
简·爱（2011升级版） 简·爱（2011升级版）,1.0
酒店服务比较差，除了前台的态度还可以以外。客房、餐厅的服务质量和态度都比较差，根本不能算3星的酒店。另外房间还是比较干净的。最郁闷的是没有早饭吃～～早上看完日出回酒店，去餐厅吃早饭被告知已经全部给订掉了。服务员还反过来问我们怎么没有预订，我们入住时根本没有人提醒我们。另外具我观察，大部分已经预订来吃早饭的不是本酒店住客。都是由导游带的一个一个团队从外面进来吃饭的。住客的利益何在～～。,0.0
买了不到一礼拜，镜片已经掉色。,0.0
自己不会理财。买书来看看，合理的分配分配。学习学习。,1.0
"住过所有三星酒店感觉最差的一家.1,周边环境极差,2.二楼的卡啦OK感觉很暧昧,电梯上有很""职业""的打扮怪异的女性出入.3,酒店有股发霉的味道.4,酒",0.0
\n宝贝蛮好，质量不错，性价比很高，买到就赚到了，卖家服务态度超好，发货很快，物流也很给力，十分满意，全5分好评以后会继续光顾 ,1.0
六星大枣，确实不错！下次还买！,1.0
商品有质量问题，很非常怀疑是不是正品，假货太多了,1.0
非常细致的好很实用值得买,1.0
目标管理是知道的，什么是绩效考核还真不明白。总之是挺便宜的。就算凑个数吧！~,1.0
发货太慢了，几天了还没收到,0.0
床单有很大的煤油味道，且面料标注故意混淆（面料写&ldquo;亚麻&rdquo;，但是床单正面大片的&ldquo;花朵图案&rdquo;其实是棉线。包装简陋；和客服沟通，对方毫无反馈。更别提要求提供发票却不提供，赠品也无踪影。,0.0
生产日期是2013年的，不知道是不是过期。,0.0
一到四部我全买了，虽然四本书中有很多重复的地方，但对我了解以及能够去看懂红楼梦的帮助实在是太大了，呵呵！此书上部分讲薛宝钗的情爱问题其实很多第三部都说了，这里只是再增加了一些信息，比如宫廷如何选秀的，还有古代皇帝妻妾的排位等等，也算是增长见识吧！至于下篇都是新内容，所以我觉得刘心武先生的这四部书都值得买！,1.0
质量还不错，料子也比较舒服,1.0
实物比图片看起来好看多了，甚是意外。钢琴烤漆的外壳，丰富的接口，实在感到意外。,1.0
坏了，给换了其他品牌的,0.0
"4月5号入住的.真是后悔.虽然是三星,却只是招待所的水准.房间的设施极其陈旧..最要命的是第一天八点多起床后发现竟然没有热水.打到总台总说再等等等.后来干脆说不可能在上午来的热水.真是的!后来到了景区,才发现很多家庭旅馆要好的多,.而且价格便宜.强烈要求携程不要再推荐这个酒店了!",0.0
臭脚，不是棉的，一点儿也不好,0.0
穿着还可以，就是太热了点,1.0
很漂亮，比图片上看好看很多，三星的就是做得比较精致。用起来也感觉很好。待机时间比较长。,1.0
质量非常差，比地摊货还要差劲,0.0
什么破玩意啊，居然还掉色。。真无语,0.0
已经收藏店铺了，以后要买什么，你家就是定点单位啦，哈哈 ,1.0
"上周来千岛湖度假,在网上预订了该酒店,非常不错,很适合度假的自驾车家庭,酒店离千岛湖城区不过二分钟的车程,在一个单独的山坡上,很大气，环境非常好,安静、酒店有很大区域的绿化，早晨起床绕酒店走走感觉不要太好，酒店大堂前的平台上看出去就是千岛湖，很美丽。酒店几幢房子由连廊连接而成，晚上在连廊上就可以看到千岛湖镇广场的喷泉及夜景，还有个室外的游泳池，免费的，真好。有房间里可以直接看到千岛湖，湖上岛坞一个个错落有致。唯一就是房间设施略显陈旧，卫生倒是做得非常好。餐厅的鱼头味道不错，价格也合适，早餐稍显单调，蒸老南瓜很好吃，绿色食品，不过一个房间的两份早餐，我带着小朋友服务人员也人性化的免费的，感觉还是不错的。还有一点很重要，这里的服务人员都很有礼貌，在三星酒店来说，很难得，看得出酒店管理还是不错的。当然，最最重要的是，价格很合适，也许设备设施不如其它高星级的酒店，但相比价格而言，性价比还是蛮高的了。下次来千岛湖还会住假日饭店，当然中彩票大奖后除外！",1.0
设计有问题，开盖倒水蒸汽会烫到手！！不建议购买！！！,0.0
非常好的酒店，无论是服务、设施还是交通、位置等都很方便，很多客人都会指定来这个酒店,1.0
酒店应该重视软件建设！特别是前台！！ 我们去入住，竟然告诉我们没有我们的名字，现在满房。 查了很久说给你们换去锦江住。 去锦江看了房，同意后回去刷卡，前台小姐态度傲慢：我们查到了，这次是你们自己不好！不是酒店责任！你们自己晚到了，我们就取消预定了。说名字是用你同伴的名字。,0.0
裤子太薄了。。。,0.0
总体感觉不错，就是房间的窗户感觉不是很好使用，早餐一般，但是还是值得一住！,1.0
"酒店当时的团体客户多,所以临近假日,感觉散户有点不被重视了.宾馆反馈2007年10月10日：首先我们感谢您对酒店提出宝贵意见。酒店管理层非常重视客人的每一条意见和建议，总经理已敦促有关部门进行整改。对您在酒店逗留期间的不愉快，我们深表歉意，再一次对您说声对不起。我们将会进一步加强员工细节服务培训，加强专业知识的训练，期待着您再一次光临文华大酒店。谢谢！",1.0
第二天下午退房的话，第二天房价算一半，这点很实惠。贵宾南楼标间260一天，算是还可以。一楼在装修，有点吵。,1.0
加大的，可以两个人一起打伞了,1.0
無言的物流&hellip;&hellip;&hellip;&hellip;&hellip;&hellip;&hellip;&hellip;,0.0
挺好的，就是物流慢点。在一个上面对准宝宝皮肤测试的圆孔是玻璃的，怎么有道痕迹，不清楚是破损了还是就是那样子。,1.0
"不能住靠马路的房间,太吵,一晚上没睡好.旁边有个大超市,吃饭方便",1.0
买了2个，同事看见让帮忙买一个，办公室泡茶之神器,1.0
特价抢购，很实惠，现在价格4488还不带包，外观设计上档次，内外都是黑色钢琴漆带金属暗纹，比图片上漂亮多了，精致优雅有个性，朋友很喜欢。性能也不差6400.2G.250G.9300独显，还有那个LED屏，效果超好,1.0
这次买的很垃圾，像杂草一样，我全扔了！！,0.0
第二次入住，酒店的花园比1月份来时漂亮多了，到处春意盎然。散步期间，鸟语花香，沁心醉人。上午在酒店小溪钓了半天的鱼，收获颇丰；下午去高尔夫训练场练了半天的球，腰酸背疼；晚间享受了酒店的桑拿和足浴堂促销套餐，精神气爽……，短途休假值得去。,1.0
包包还算不错，就是京东的快递不怎么了，到了代理点还得等几天才派件，到最后得自己去取！,1.0
这个机器的价格和赠品简直无敌了，小本子很轻巧。功能强劲！希望京东以后对退出此类的活动！,1.0
根本就没有这个东西，,0.0
感觉是假的，没有移步换景的感觉,0.0
包包看起来不错，but空间不大，之前问过客服，能不能装14寸的本本，说是可以装，但拿到手之后发现原来是可以勉强硬塞进去&hellip;&hellip;唉&hellip;&hellip;京东的诚信现在完全可以跟**有得一比了&hellip;&hellip;,0.0
看上去很好 包装也挺漂亮的 很满意,1.0
"非常喜欢夜上海的美景,尤其是流光十色的外滩夜景!上海曼哈顿商务酒店具外滩只有数百米,哈哈,真是意想不到的一转身就能饱览全上海最美的地方,一回头就能融入最繁华的南京路!",1.0
无语了，京东怎么会卖这样的ＶＣＤ，ＶＣＤ动画比地摊货还要烂的多，对不上画面不说，还非常单一．,0.0
我对中医方面的书很感兴趣，看到这本书如此畅销，很多读者对它的评论也很好，就满心欢心的买了这本书。结果，非常的失望，十二分的失望。书中的观点缺乏科学根据就不说了，连自圆其说也不能。比喻新奇但无道理，每篇或每段提出一个观点之后，后面的东西却很多是与观点无关的，完全是乱七八糟，牛头不对马嘴。这样的书，居然有那么多人喜欢，除了一声长叹，别无选择。,0.0
电瓶目前没问题 上门安装的师傅也没问题 但是接电话的客服人员实在是有很大的问题 满嘴谎话 提前确认过能准时到才请了一个小时的假回家等着安装 结果一会说师傅堵在路上 一会说师傅去吃饭了 一会说马上到 最后迟了两个小时才到 我有录音 有条件可以上传 总之不会在这买了,0.0
了解中国传统养生技术的好书。不能因为李宏志的&ldquo;XX功&rdquo;就否定中国气功！,1.0
刚好 再打一点就好了,1.0
可惜没有零分，有的话全部是零，在京东最不愉快的一次购物，物流和客服，你们都去死吧,0.0
质量不错，一直信赖京东！！活动价11元抢购的，超划算！,1.0
很不好，这个吸盘一点都不紧，跟本就不能吸，碗就非常的轻易从这个吸盘上拿下来，更别说吸了！,0.0
办公足以，只是你需要耐心，再耐心，慢慢的你就习惯了；,0.0
书的纸张太陈旧啦！感觉一般！,1.0
铲子不错，相当锋利，喜欢挺漂亮，有点大,1.0
哈得了色狼说了是绿色蓝色蓝色去了去了,1.0
服务态度一般语气生硬，外包装完好，里边包装塑料盒有破损,0.0
很方便，可以直接把手机内容投屏到电视上，不受软件限制,1.0
送货较及时，服务态度好,1.0
快递公司脑残，东西不通知收货人放储物柜，也不发信息给收货人，这货是给谁的？！做事没脑子！,0.0
原本看到好漂亮的衣服好开心就想拥有它，但却让我一次一次的失望，下单之前看到好多评论说网上已经确认收货了，但是衣服还没收到，特别是同时买了好几件衣服的人，虽然最后衣服都有收到，但是天鹅舞2015冬季新款女装复古淑女保暖 毛领带帽羽绒服 浅蓝色衣服质量实在是差，面料跟里料差不多，里料跟纱一样，让人不敢摸，筱姿淡不去的念想 2015冬季新款 修身毛衣蓬蓬裙 复古修身连衣裙 杏色 穿在身上的感觉是胖胖胖，明明很瘦却让人觉得腰粗腿短，我才84斤160的人都这么显胖，我也是无语了，再来说退换货，天鹅舞2015冬季新款女装复古淑女保暖已退货，当时买的是380几，退的是374，筱姿画水莲华 2015冬季新款 复古气质兔毛领 修身绣花保暖羽绒服 粉红色 M，特别是这一款，是换的，刚开始买的是M号的，小了，换回来的是丝棉，我不知道你们到底是什么意思，但是让我很气愤，花*买来的衣服却是这样的，让我很失望很失望，希望广大的买家看到我的评价后慎重购买，本人谢玲丽,0.0
什么完意买回来就几把废了。充都没法充。。。欺骗消费者。。。,0.0
奔着夜光买的，结果是夜晚什么也看不见，失望透顶，作为京东的钻石用户，第一次在京东买到让我这么失望的东西！,0.0
跟漢妮威坐墊一起買的 有滿減 所以價格特別划算！抱枕比想象的要大 本來想放在車里 但感覺有點兒大了,1.0
8成新的书，价格倒是实惠。,1.0
我和MM14日入住的此酒店，第一眼感觉还行，checkin后发现房间极小，隔音效果极差，大白天走道的声音都特大，唉！郁闷啊。第二天我们下午回酒店时发现房间还没有打扫，问了服务员说是酒店要求他们先打扫退房的房间，人手不够所以就没有来得及打扫，酒店的管理和人员配备应该加强！！此酒店带来很多不便，下次不会再考虑入住,0.0
发货速度快，东西也不错，比较满意,1.0
还是老问题，为什么我收到的衣服口袋口是黑的，两个都这样！老公拆的快递，拿出来一看就说肯定是别人穿过的，你们店家怎么这么缺德，硬要我拆成两个单就算了，还发我穿过的衣服，懒得退，其余买家购物可要小心了，差评！,0.0
用过好几次了，挺好的，价格也算便宜，还会在来的,1.0
很深刻的故事，像电影一样精彩。超越了个人爱情的局限性，加入了社会问题的探讨。将爱与不能爱，将矛盾与激情，将自我与一代人的命运，穿插相连。彼此成为不可分割的整体，而后。会有很多的不太懂而似懂，会有不明了而希望明了的渴望。就是将客观却超越了表象的本质陈列给读者，不置是非。不同的人完全可能有不同的感受，或许只是来源于不同的细节。太喜欢。,1.0
从份量上来说真的是铸铁锅，而且从商品介绍上看更多偏向于出口，但是问题来了，用了一次之后锅底就呈五颜六色的彩虹状，不知道该说好还是不好的一个锅。不过京东的送货速度和包装值得赞+1,1.0
很好啊，就是物流比蜗牛还慢,1.0
到货很快，东西还行，好评！,1.0
很漂亮，跟图片一样，质量不错，很喜欢,1.0
很不错，上身效果，支持海贝&hellip;&hellip;,1.0
"稍微看了一下,开始满认真的,越看越觉得可能更适合已婚人士阅读吧~~~~唉,放在一边,以后需要再看咯.....",0.0
实际内存只有7.2G不得不给个差评,0.0
有色差，料子也一般,0.0
我原本是要两个星月蓝的，却给我寄来一个星月蓝一个花的如图,0.0
买的灯已经收到了，包装很厚实，没有磕碰的现象，灯的材料很好,1.0
除了门有点厚度之外，其他地方就是一层皮，小偷真想偷，也不会只在正面下手吧，买了之后觉得光看门闩其实也不是最重要的，还要再看看门的合页，这款从合页那一撬就开了，总体也不是很重，单手可以提起来，想买的看看其他买家中评或者差评再来决定把，\nPS，到货一定要好好检查，要不7天内无理由退货，你还要给人家邮寄回去，运费都百十块了。,0.0
说好的七天无理由退货，结果有理由也不退,0.0
其他没什么，就是房价便宜。很老的星级宾馆了，愧对4星的标准了。补充点评2008年5月31日：不过在安庆也就这家好一点，其他的要么很远，要么更差。,0.0
漏油，快递特别慢，不怎么样,0.0
轻   透   设计合理，手感好,1.0
本子的酒红色没有想象中的好看耀眼，没啥软件，都要自己装，有点麻烦，呵呵！另外，试机的一会功夫，就蛮热的，似乎散热不太好！,0.0
制作出的电子作品都需要改进，有些小问题,0.0
结实耐用，很满意,1.0
就那样还可以吧 不多说。。。。。。。。。。。。。,0.0
请各位注意酒店提供的饮用水是自来水，这是前台服务员说的。所以各位千万不能生喝酒店提供的饮用水。2008年了，北京的酒店还是这种水平，真是令人心寒。,0.0
整体感觉不错、就是有色差,0.0
酒店房间,1.0
经典～～～～～～～～～～～,1.0
  衣服还可以，不过我这件有点问题，买来少个扣子，穿了半天感觉大了点，店家不让换货，说什么穿过没办法换. 说好的7天无理由退换呢？,0.0
"有四星的标准,不过交通略嫌不方便,本来可以做的更好的.",1.0
好看，样式跟图片一样，快递真心慢！！！,1.0
京东自营的发货就是快,1.0
第一感觉就是门童服务很到位，前台服务也面带微笑。 房间比较宽敞明亮，上网速度也很快。 很满意的一家酒店！,1.0
　　木瓜恰恰恰、匈牙利舞曲（第五A号）、渔歌、青青A竹子会唱歌、噢！苏珊娜、童年的歌&mdash;&mdash;中国少年先锋队队歌、雨中B、编花篮、我是小音乐家、宝莲灯、打字机等B。小学部分br大河之舞br我爱家乡的酒歌br木瓜C恰恰恰br匈牙利舞曲(第五号)br渔歌br青青竹子会唱歌br噢!苏珊娜brD童年的歌&mdash;&mdash;中国少年先锋队队歌br雨中br编花F篮br我是小音乐家br宝莲灯br打字机br乃哟乃br木瓜恰恰E恰br我们E祖家是歌乡Ebr月光光br杨柳青br春天举行音乐F会br七彩冬梦br真善美的小世界br下蛋哕brbr中学部分br永远G的莫扎特br京剧大师梅兰芳br艺术歌曲的I成熟&mdash;&mdash;舒伯特的艺术歌曲br学会聆听&mdash;&mdash;音乐中的聆听与表现bHr千手观音br神H奇的音乐要素H&mdash;&mdash;《瑶族舞曲》bJr非洲音乐br唱念I做打学京剧br为旋I律配简易伴奏brK西藏歌舞br中国汉族民歌br音乐作品的民族风格&mdash;&mdash;彝族和藏族brJ音画融溶绘声绘色&mdash;&mdash;J德彪西印象派音乐作品欣赏br生活之音&mdash;&mdash;永恒的水br新疆歌舞&mdash;&mdash;《青春舞曲》br绚丽的世界音乐&mdash;&mdash;歌唱篇br让世界充满爱br红色井冈&mdash;&mdash;《毛委员和我们在一起》L　　2.教师L：（展示竹笛）这件乐器非常常见，大家说是什么乐器？学生：竹笛。教师：对，这是竹笛，它的音色清脆嘹M亮。教师用竹笛演奏乐曲&mdash;&mdash;《枣园春色》片段。br　　3.教师：（展示巴乌）这是什么乐器？这个乐器就是巴乌，O昨天老师已经提前请O同学们查找了一些有关O巴乌的资料O，下面我们分享一下各自找到的信息，请同学们简明扼要地概括一下。学生交流：巴乌是彝族、哈尼族等少数民族的传统民间乐器，R流行于云南省南部的红河、玉溪、西双版纳等地区；巴乌由管身和簧片组成，演奏Q技巧与笛子基本R相同；在民间，巴乌常用于独奏、合奏或R为舞蹈伴奏。设计意图R：通过学生R交流巴乌资料，培养S学生自主学习的习惯和学习中国少数民族音乐的热情。教师：葫芦丝和巴乌是U一对姊妹乐器，它们通过簧片的振动来发声。与葫芦丝相比，巴乌的音色较低沉，具有很强的歌T唱性。下面，老师来演奏一段巴乌曲《渔歌》的主题音乐。三、初听,1.0
不错，应该是引进正版的,1.0
可以，觉得很不错，以后常来,1.0
"差评,东西是旧的,侧面的黑色塑料有大量磨损痕迹.东西无包装,就直接放在快递箱子里送来,箱子里没有缓冲物.",0.0
款式好看但是起球洗了几次就变型了，都扔垃圾桶了。晕,0.0
总体还不错，不过还是简单了一些，最好是实践加总结升华,1.0
做工比较精细，插在头发上不容易掉。,1.0
坏了俩话机，不咋的吧,0.0
颜色有点深，还不错，稍微有点薄。总体还不错，还没洗不知道掉不掉色,1.0
"太幼稚了.整本书除了有“大卫,不可以”这几个字.就什么字也没有。对小孩和家长一点帮助也没有．浪费钱．",0.0
一般，看来不是正品，失误,0.0
单位体育活动，买一双，还不错，我本来是打篮球的。。。。,1.0
1、位置：交通便利，距机场快线九龙站40港币车程，据铜锣湾时代广场80港币车程，海港城起步费车程；弥敦道步行即可，购物非常方便； 2、环境：较为安静，适于居住； 3、设施：维护较好，但设施已较旧，传统电视机； 4、饮食：酒店早餐品种较多，令人惊喜；附近餐厅亦提供其他选择； 5、服务：员工热情，主动；,1.0
没信用的卖家，提前问好了能开发票的而且答应有赠品，结果发来只有货，发票赠品全没有，联系了卖家说答应给重新发一份，这都11月了东西到现在没看到。,0.0
质量和做工都不错，基本没有挑剔的地方，满意,1.0
"看起来,没什么可读性,不好",0.0
外观好看 做工很精致 没有异味 孩子喜欢听故事 很实用,1.0
太小了点，有些不值，京东送货超快。,0.0
很好的沐浴露很香但是香味不是很持久，我就喜欢这样的，客服也很热情,1.0
"这里交通和饮食便利,服务态度好,性价比不错,就是热水不太热,值得推荐.",1.0
尺寸合适，夜间荧光，挺厚实的,1.0
一般般，就是太透明了！,0.0
耐磨弹性好，质量比想象中好真是物有所值，物流也很快非常喜欢和满意。,1.0
发热大，没有所谓的ECO，麦克风延迟严重，没有Type II PC卡插槽。。。,0.0
送人不错，就是有些贵。,1.0
不好，本想退货的，有太麻烦。使用过程中锅体太烫，还有电线烧焦的味道，太恐怖，根本不敢再用,0.0
贴上第二天就自己裂了，那么贵，真心不值得。,0.0
质量差得要死，腰太松，一走袜子就向下掉，把脸都丢死了，肯定是水货，白白浪费我*，不良商家，恶心得要死,0.0
包装很好很细致，送的小黄人书包也很好，最主要是优惠了100很实用，好评,1.0
很好的书，谢谢，看着像盗版,1.0
"确实是全新未开封的,硬盘只通过2次电(装系统需要) 电池未冲过电 屏幕无亮点~~~很完美",1.0
给我配的杆捎到了，不过不是说有个小礼品的嘛，,1.0
"我住的是所謂５樓行政房．雖說是無煙樓層，　但一出升降機已嗅到煙味．房間面積和設備很一般．浴室設計奇怪．浴缸外面設有淋浴花灑，　但只得半邊玻璃門阻擋水花，　所以必須很小心淋浴，以免水弄濕玻璃門外地板．浴缸外邊近地板處有明顯污漬．行政房住客可在６樓所謂行政酒廊用早餐．　食物款式少得很，　樣子亦很不吸引，　不吃都沒甚麼損失．以上述的設施，房價收費是$1,027.- 這是我在深圳付出一仟圓以上的房費住到最差的酒店. 以後也不會再住.",0.0
味道太大，同时充电的插座为扣着的，使用不方便！大家不要上当了！,0.0
给朋友买的，质量不清楚。看着没想象好,1.0
个人不喜欢，太苦了。,0.0
是个弱四星酒店，各方面比较均衡，旅游商务皆可考虑。若要挑刺的话有以下几点：一、价格是否能更优惠些，四百多的标房价格稍高了些。二、入口不是特别方便醒目。三、就四星而言，大堂稍微寒碜了点。友情提醒：国信大酒店位于两站地铁中间，行李多或天气差时，不要坐地铁前往。,1.0
酒店是比较老的四星，设施都比较陈旧，房间也很小，健康秤还是坏的，总体感觉一般，但价格还是按照新四星来的，所以感觉不是很值。,1.0
宝贝的每个配件都拿出来评论啊，赠品也要一一评论，真是....不论怎么样，客观的单独说这个降压线的话质量还是不错的,1.0
垃圾东西，不值，非常不好,0.0
酒店位置比较偏僻，离东莞候机厅还有40分钟路程。但是酒店设施和环境还不错。房间够大，设施让人感觉舒服。配套餐厅的服务很好，菜的味道不错。不过缺点是通过携程预定的房间总是位置很差。要求无烟楼层说没有。虽然房间安排在7楼但还是能听到4楼夜总会的鬼哭狼嚎至深夜。实在气愤。更有甚者，两次要求服务人员提供擦鞋服务但都没有过来。。。这点感觉很差。。。本来想投诉的但是实在太忙就算了。。。还有要门童叫出租车会明目张胆的把他的20元小费加进去。。。综合来评，离五星级还差一点。补充点评2006年12月10日：看了楼下的点评补充一下，餐厅的菜是贵了点。地址也偏出入没车不方便。适合商务客居住，自己掏腰包的不建议住这里。通过携程定房的一定要在前台力争高层的房间，越高越好。有游泳池，确实很漂亮的，喜欢游泳的不要错过哦。,1.0
这就是卖家所说的50厘米   而且还是脏的  ?第一次买到这种东西。。。。,0.0
第一次在京东买鞋，就碰到这样的服务，彻底服了，就试了一下，鞋底有点灰，还不让退，还我损失了快递费，等了这么长时间，打电话还没人接，尺码不标准，真的非常后悔的一次购物,0.0
房间太小了，而且我自己用格林豪泰的会员卡定的房间比携程定的房间好，他是五楼的最后一间房，好像是522吧，房间很大，而且床也超大的，比1米8的大多了，希望携程以后可以提供这样的房间,1.0
拆开看了一下，感觉还行,1.0
这是赠送的，但是味道不好吃，绵绵的.,0.0
方便倒是真方便。可是晚上噪音太大了。正好是个十字路口。整个晚上全过车。鸣笛不止。睡觉轻的还是不要去住了,0.0
乙生珠宝 冰彩眼黑曜石吊坠 挂件 八大守护神生肖本命佛 水晶饰品礼物 牛虎年(虚空藏菩萨)\n发货很快\n介于原料如此的便宜，但愿是真的！,1.0
这安装很累！图纸都没一张！还要找人去安装！,0.0
耳机很不错，很好用，音质好，接电话声音清晰 ,1.0
说明书不详细，系统开机不能进入，不知道三星的屏好吗？有人说是友达LED的，究竟哪个好些？？,0.0
很不好    有飞沫 感觉好劣质 不值这个价钱 再也不会买了包装也好差 盒子连塑料膜都没有包住感觉是被打开过的 好垃圾 总体 好失望 等了俩个星期再也不会买了,0.0
物流有些慢，东东还可以，稍微有点儿厚,1.0
比较失望，就值10块的东西,0.0
很好 很满意 和商家描述的一样 很棒非常喜欢\n,1.0
iphone6就有点大了。,0.0
口感不错，用水泡不会掉色，就是吃起来有一点点的酸味,1.0
"这次是我第二次入住青年会了,主要是服务态度好,房间环境好,周围的交通比较方便..这次酒店给我们安排到新装修的房间,各个设施以及环境更加齐全更好.下次还是会选择青年会.",1.0
鞋子很轻。鞋底很有弹性。。不错。,1.0
环境很脏，不干净，床单好象很久没换过，破旧不堪 宾馆反馈 2008年6月29日 ： 谢谢您提的宝贵意见，我们设施设备现已全面更换，欢迎您的下次入住！,0.0
外观还可以，我看了里面过后就觉得这皮好假,1.0
挺好吃的。酸甜可口！！,1.0
一个小时看完，毫无收获。,0.0
不错一共买了4个，孩子多很喜欢,0.0
很厚。质量很好。还没看。,1.0
商品比较?差劲。送货速度快，?,0.0
打开来都是粉墨一层，没有香的味道。,0.0
出版时间比较早了，但内容还不错。,1.0
扶手箱材质不错 很厚实 质量没话说 大气 很满意 赞哦,1.0
非常好不是一般的好啊啊,1.0
住了一天，简直就像噩梦！没有一点让我满意的地方！！,0.0
发个货都要十几天！还要自己上门提件！提回来一屋子都是臭胶味！而且京东客服和店家客服严重服务态度差！差差差差差差差差！！！！！！！,0.0
靴子质量好，穿的非常舒服，大爱。最成功的一次购物。,1.0
还行，可是没有2012年的,1.0
袜子很厚实很舒服！冬天穿很合适！均码弹性较好，女儿，老公和我都可以穿！喜欢！,1.0
没有瑕疵就更好了。下次最好用盒子包装,1.0
试穿了，大小合适款式也不错,1.0
东西到了都粘在一起了花了，怎么吃啊，东西都退货了6天了，问了好几次了，就说收到货就退款，明明快递显示11月27日就收到货了，就是不退钱，太郁闷了，态度太差了，气氛,0.0
放到彩色激光打印机中，效果比较差，无法使用，打印了3张，2张有问题，第3张还直接将打印机给卡死了。还不如普通纸张,0.0
我下的是智跑前雨刮器，给我发的前一个，后一个，不知道怎么搞的？,0.0
机器热，水不热。建议客服压根不鸟你。烂烂烂烂烂烂烂烂烂,0.0
正品，香味很好不浓不淡。我就想问问你们那些差评的是怎么回事！老板加油哈,1.0
无语！扔垃圾筒了  赞一个 配送员跑了两次,0.0
"香水味道很好,摆件也很喜欢",1.0
8月8日晚上到的，到了以后立刻开电视，发现没有信号。10多分钟后保安才上来。打开电视，都已经开始运动员入场式~好慢好慢....等阿等阿。终于等完了，火炬进场了~一个一个一个一个传，传到张军的时候。叭嚓，华丽丽的停电了~~我的奥运梦想阿~~破裂了,0.0
做工很粗糙，已经退了，不过客服还行,0.0
酒店整体都不错，住过两次。感觉360跟410的房间没什么区别。,1.0
差，买回来就坏了，时钟指针在7点就转不动了,0.0
终于又等到300的优惠了，不过涨了50不太爽，用券抵消还是2949购入，带瑞星杀毒，很周到。,1.0
一般般吧，买来了就将就这用咯。也没办法，总不会浪费吧。,0.0
宝贝很好，比实体店便宜，物流也快,1.0
东西很小巧，装在包里太方便啦关键是操作方便果断好评,1.0
愿我们更加明白神的旨意,1.0
在南方周末上看到“眼泪是检验文学的唯一标准”一文，我得承认，当时小资了，作者写得煽情，瞧那题目。书到手后，翻而阅之，故事是小说、电影、电视中的常见套路，文革背景下的生死恋、血疑，情节甚至更为简单，可能的区别只是悲剧的死亡者是个男同胞——老三。鄙视本书封底推荐语的一系列大小名人。好在随后看了一本颇为有趣的职场小说杜拉拉升职记，使得这生活才像生活。,0.0
"房间够大，设施一般，可以免费上网,可惜没有早餐；停车场很大,自驾车交通方便；楼下面对着那个生意超级好的夜总会，一直吵到凌晨2点。总体觉得：在汕头来说，性价比还是可以接受的。补充点评2007年10月30日：住了两次，9楼和6楼，感觉相同。",1.0
很差!不知这个价!跟那些地摊货差不多!,0.0
没有图片看着好，说是优惠价还要邮费跟在店子里买没什么两样,1.0
挺好的 忘了评价 唯一遗憾 买了6个了 这次大号的又摔了 还得买,1.0
很好&hellip;大小很合适&hellip;穿着挺舒服&hellip;京东&hellip;我力挺&hellip;希望能够越来越好&hellip;,1.0
商品质量太差,0.0
挺可爱的模型，还没用。下次做饼干可以试用看看。,0.0
因为办事处要装修的原因，我住在这旅馆里．这家靠关系得到所谓４星的旅馆，是怎么样的我现在告诉大家一下，在宜宾去那家都比这家好，晚上这里的鸡叫不停．而且不分公母的．会一直叫到２点，我晚上火了，总台会将那个是男的住的房间告诉给鸡婆，晚上你就别想睡的好．投诉了他们说他们没告,0.0
看到网上对这本书的评价很高，才买的。可是看了几页以后就后悔买这本书。实在看不下去了。简直就是在浪费时间。看作者的简历好像是个挺牛的人，可是书中写的都是车轱辘话，同样的内容用不同的语言一遍又一遍的复述，好像是为了骗取稿费的感觉。垃圾。现在放在书架上，根本不想看。,0.0
 新的变旧的 ，这样的包装怎么能消费者满意 ,0.0
衣服收到了， 布料不错，没有色差，做工很好， 尺码刚好合适。很合身,1.0
做工一般，屏幕盖不严，应该是没有锁扣的原因，感觉没有图片中漂亮,0.0
这个作者本身屁都不懂，写点虚得要死的东东，骗大家眼球。唉，损害中医的形象，建议大家不要买，俺买了后有相当的上当感觉,0.0
味道还可以，不过价格不算实惠。,1.0
特意用了两天才来评价，本来不想吐槽的，生活也是一个不爱吐槽的人，但这次我不得不说，东西真不怎么样，之前锐度的东西我也用过，不知为什么这次的产品用起来怪怪的，没有以前的产品好，洗了几次后脸上还不断冒痘痘。,0.0
一般。除了便宜。一个大问题就是浴缸的设计有问题，洗澡的时候溅出的水会顺着浴缸靠墙那边的平面一直流到外面的地上。等洗完之后，浴室里已经是水漫金山了。我费了老大的劲才研究出来的，原来里面的那个平面是倾斜的，水所以就顺流而下了，一直流到外面。还有，饭店没有大堂，和隔壁一个公寓或者说是商务区公用一个小小的区域，被称作大堂。跟燕山差不少。下回去石家庄，不去这家了。也有有点那就是买东西挺方便的。边上就是北国超市和北国商场，还有麦当劳和啃鸡。,0.0
不错。。和图片一样。。摸着手感也好。。,1.0
发过来就是坏的，懒得退了,0.0
一般般。吹过不会自己卷好回来\n,0.0
送给女朋友的生日礼物，还不错,1.0
"之前06年的时候入住感觉非常好，服务、硬件都不错。所以这次带父母、亲戚也入住这里，强力推荐了这家曾经感觉非常不错的酒店。可这次的感觉完全两样，可以这么说很失望很没面子。1。当日入住的时候，我是按照预定单上注明的在11点左右办理入住手续（总共预定了4间），前台小姐竟然告诉我只有一间干净房，两间脏房还没有打扫，另一间没有。当时就很不爽，明明之前已经确定的，而且通过携程订的，也确认过订单，且就在我入住的前5分钟还接到携程的再次确认电话，竟然跟我说没房间，还跟我说房间要到12：00才可能退出来。晕阿，这什么酒店阿！经过一番争执总算讨到了四间原本就预定好的房间。真是辛苦啊！2。其中有间房间要换房间楼上和楼下的服务员说辞不一致，换房差价上又折腾半天，后来由于赶时间出去玩也就不合他们争了。服务员的培训真是应该加强！3。第二天早上早餐，由于每间只有一份早餐，所以小孩需要加早餐，又碰到前一天相同问题，不同服务员的说辞不一样。原本下楼用餐前就打电话咨询过三个小孩，两个1.4米一个1米优惠下50块就好了，结果餐厅用餐时又变了两个1.4米要全价，1米的半价。真是十分的不爽。争执后也就算了，按原价支付，懒得和酒店搞，折腾得自己心情不美丽。4。最令人气愤的是这一点，凌晨5点多竟然在四星的酒店里面被热醒，前提是我空调开到22度，竟然会被热醒，我LG打赤膊都在浑身冒汗，其他亲戚住的房间也有这样的状况发生。竟然为了节能关空调，太让人生气了。打电话给房务中心，结果是总台接的电话，说什么水温上去了，没有关空调，然后我请他请当班经理解释空调的事，竟然在10分钟后随便找了个服务员来搪噻我。在我电话投诉后，才将中央空调重新开启。什么酒店阿，对得起他那闪闪亮的四颗星吗？关中央空调能节约他们多少能源费阿？真不知道酒店是如何考虑的，客人重要还是节约下来的那么一点点的能源成本重要？后来下楼和酒店经理交涉半天也没有结果也不解决问题，心情非常不爽阿，最后只有收拾东西办理离店手续，谁叫咱是弱势群体呢。结帐时酒店经理过来又解释说没有关空调，是水温上去了，所以温度高了，然后将我们投诉的没有空调的2间房房价打了9折。这时我已经没心情和酒店多罗嗦了，赶紧结了帐走人，不要让我出游的美丽心情再次受到影响。试问如果酒店真的问心无愧没有关空调那么你干嘛来给我的房间打折扣呢。补充点评2008年8月11日：5.卫生间的莲蓬头也不怎么好使，折腾半天后才勉强冲了下,原本想换房，但是LG说小孩都睡了就不要折腾了（小孩是在亲戚的房间洗的澡）。宾馆反馈2008年8月15日：尊敬的宾客，您好！首先向您真诚的道歉，对于您在我们酒店入住的这段时间，我们没有为您服务好，是我们工作的失误以及平时培训的不到位。您所提出的批评是在帮助我们提高，在此向您表示衷心的感谢！我们一定接受您的意见，希望您下次再来时我们能为您提供更好的服务。祝您和您的家人身体健康，工作顺利！",0.0
廉价感十足，1星,0.0
环境还不错，服务也还可以。环境比隔壁香格里拉也差不多，但是就便宜了许多。想游泳，但是被告知泳池在装修不开放，比较郁闷。前台小姐们比较吝啬自己的笑容。一次乘马自达到达的，门口没受到什么服务；一次乘进口奥迪到达的，就有人帮搬行李下车了。没人帮送行李去房间，估计看我们是中国人，没小费吧。难道要我去学两句日文？可是我不想学啊。 在二楼西餐厅吃饭和一楼大堂吧喝茶的时候，看到里面很多打扮妖艳说话口音各不同的女孩子，希望我是猜错了……如果我没猜错，和她们在一个地方吃饭不太舒服。,1.0
质量可以，就是裤脚太大了。,1.0
2．人生在于完整\n(95%好评)\n大学英语6级美文晨读b100篇（附赠MP3b光盘1张）\n16条\n(81%好评)\n￥44.30(7.4折)\n￥17.90(7.2折)\n英语读背90d篇\n1条\n(100%好评)\n2．e人生在于完整\n11．e超越的你！\n20．孩子的守护天使\n29．假如我又回到了童年\n这本书非g常适合正在准备四级考试的学生读，文g章十分优美，感觉语法简单，对写作也很有帮助。\n￥18i.10(7.6折)\n大学英语四级美文晨读100篇（附光盘）\n142条j\n(100%好评)\n(1j00%好k评)\n(94%好评)k\n(100k%好评)\n(81%好l评)\n￥14.80(7.5折)\n￥44.30(7.4折)\n英语专业4m级晨读美文\n2条\n2条\n(100%好评)\n￥9.90(6.6折)\n3．竹子的启示\n7．o借口\n16．正确的原则犹如灯塔\n21．幸福之遭\n30．美丽的微笑与爱q心\n&hellip;&hellip;\n书的体积蛮好的，方便携带；内容也不错，文章r优美；版式左r右对照，方便理解原文r，适合空闲的时候阅读。\n￥23.50(7.9折)\n大学英语四级美文t晨读100篇（附光盘）\n1t16条\n(100%好评)\n(u100%好w评)\n(u94%好评v)\n￥16.50(7.5折)\n￥22.80(8折)\n￥14.80(7.5折)\nw英语专业4级晨x读美文\n8条\n2条\n(100%好x评)\n￥2x8.50y(8.2折)\n4．微尘与栋梁\n8．风中的羽毛\n13．建造你自己的房子\n22．给年轻人的忠告\n名人演讲\nA经典对白\n&mdash;&mdash;lemon1000B0@***B.**D*\n英语六B级词汇20天快速掌握\n4级晨读英语美文100篇\n116条\n(97%好评)\n￥39.90(8.1D折)\n￥13.90(6.8折)\n￥16.50E(7.5折)\n英语E四六级必读时尚美文100篇（英汉对照）（\n哈佛蓝星双语名著导读：炼G狱（英汉对照读物）\n8条G\n(50%好评)\n￥16.80(7H.7折)\nH励志感悟\n4．微尘I与栋梁\n13．建造你自己的房子\n22．给年轻人的忠告\n名人L演讲\nJ文化百科\n振宇英语：英语K四级真题全译文超精解与考点揭秘（2007.12-2010.12）（L附光盘）\n9条\n(97%好评)\n(97%好评)M\n￥13.50(7M.5折)\n英语四六级必读N人文美文100篇（英汉对照）（\n学问人生：爱因斯坦\n英Q语晨读36O5\n4条\n0条\n(50%好评)\n￥24.70(8P.3折)\n让中国孩子自豪的创新科技丛书：绿色新能源\n5．如果我休息，我就会生锈\n14．事情并非看上去的那样\nS23．地球在S为你而动？\n31．史蒂夫·乔布斯在S斯坦福大学毕业典礼T上的演讲\n这书看着就让人心情愉悦，读起来也不是特别费劲和音频结合起来学起来不太难V。\n14V条\n(100%好评)\n￥16.70(7.4折)W\n全国高等医药院校规划教材：生理W学（第2版）（案例版）\n随书附赠MP3光盘）\nX￥24.70(8.3Y折)\n14．事情并非a看上去的那样\n31．史蒂夫·乔布斯在斯坦福大学Z毕业典礼上的演讲\n4．微尘I与栋梁\n142条j,1.0
很漂亮，朋友很喜欢，很实用，质量很好。下次再来。,1.0
一般般&hellip;&hellip;注意购物～嘻嘻,1.0
总体不错!!!!,1.0
这是我买的最好的鞋垫,1.0
早教书，真的没什么新意，估计我们每个做父母的都能编出一本。这本比我期待的要差，内容简单，占空间还大，精美的排版就是衣架子，这样一般的内容根本撑不起来，不相称嘛,0.0
"各方面都还行.只是可能因价格便宜,客人素质较差.常有在走廊上大呼小叫.",1.0
相信现在地摊卖的10块钱的泳镜也不会漏水吧。。。,0.0
差评，客服永远不在，四天后才发的货，衣服木有以前买的好，感觉设计比例有问题，挂肩太短勒人。,0.0
还可以，鞋垫不太好，,1.0
我怎么找不到穴位，总觉得书中有点吹牛，尤其是前言摆出师祖师父的吓唬人，像武林高人似的,0.0
没有想象的好，没有想象的厚，不值这价，给个差评,0.0
英文都是错的，好歹也用下谷歌翻译吧&hellip;怎么好意思贴出来误人子弟&hellip;,0.0
质量不错 就是买的时候尺寸最好多个20-30公分，要不然来回换尺寸太麻烦啦,1.0
不怎么样  好小   包颜色不怎么样,0.0
货来的也太慢了，等了五六天,0.0
再也不会买，质量太差，二天就坏了，当时说换新的，结果反厂就没音迅了，我劝大家评价时不要挣眼、说瞎话,0.0
真诚坦率的讲述了自己，不仅仅有光纤的一面还有猥琐的一面（因文化差异导致的放荡行为让人不能接受和理解！抱歉雅尼）。他混沌过，也颓废过，但是关键时刻他总能找回自己－本质的自己!他最终的成就归公于超强的自我控制力和专注力，几乎是常人难以想象和理解的！也许，没有这样的付出和坚持，不可能创造奇迹。这本书让我认识了雅尼，也深深认识到成功所需付出的代价。渴望成功而又没有方向的人该看看。,1.0
皮鞋质量非常好，真皮的，一看就是品牌正品，上脚非常舒服，走路一天也不觉得累，鞋底防滑效果不错，包装非常好,1.0
一次买了两套，快递等了快半个月才到货，两套的东西还都不一样。原先要送一套给朋友的，拿不出手啊，做工太糙了，茶针很坑你的爹，断了，茶夹更坑你的爹，非常不好用。,0.0
包装不错，拆了好几层才拆开，一点都没有被压到。打开特别惊喜，比想象的还要好。走线特别好，一看就很大牌。划算！,1.0
无存台记忆功能，不建议购买,0.0
很实用的书！学了不少知识！,1.0
配置合理，功能齐全，酒红色很好看，键盘很有弹性，手感好。现在的价格也不错，没有发现亮点和暗点。京东送货够快。,1.0
刚买不到一周，现在报价已经降了300。我是5799买的 。挺恶心人的 。,0.0
东东真的很不错，比我第一次买的好多了，无论是有些细节，还是颜色都漂亮，老公好喜欢，,1.0
袜子不好、买上当了！穿没两天就烂了神马玩意、以后再也不买了,0.0
一点都不好，崽崽红屁股好严重，小孩子东西卖假货真的是不能原谅！,0.0
客服差  在京东买了好多东西  就这个最差  邮费高就算了  给我寄过来也慢  京东客服服务太差,0.0
"片一开始是非宽银幕的,黑白,非3D。当弗兰克来到OZ国,影片变成了宽银幕、变成了色彩电影,也变成了3D。这一切是在向1939年的《绿野仙踪》致敬。迪士尼想拍摄一部和《绿野仙踪》相关联的电影并不是什么新鲜事了。早在1937年,动画片《白雪公主》大获成功之后,迪士尼当时的总裁罗伊·迪士尼就准备找L·法兰克·鲍姆购买《绿野仙踪》的版权,并将其拍摄成一部动画片了。但是保姆却告诉迪士尼公司,他已经把小说的拍摄版权卖给了高德温,而后者则将版权在1938年卖给了路伊斯·梅耶。然后这个电影项目被米高梅公司在1939年拍摄成了一部家喻户晓的音乐电影。1954年,迪士尼觊觎已久的《奥兹国》系列小说还有13本的版权尚未售出,迪士尼一口气将其全部买下。接着就在电视、迪士尼乐园等等媒介里制作了很多关于&ldquo;奥兹国&rdquo;的作品,1985年,迪士尼拍摄了其历史上第一部与&ldquo;奥兹国&rdquo;相关的电影--《回到绿野》,这是1939年的《绿野仙踪片一开始是非宽银幕的,黑白,非3D。当弗兰克来到OZ国,影片变成了宽银幕、变成了色彩电影,也变成了3D。这一切是在向1939年的《绿野仙踪》致敬。迪士尼想拍摄一部和《绿野仙踪》相关联的电影并不是什么新鲜事了。早在1937年,动画片《白雪公主》大获成功之后,迪士尼当时的总裁罗伊·迪士尼就准备找L·法兰克·鲍姆购买《绿野仙踪》的版权,并将其拍摄成一部动画片了。但是保姆却告诉迪士尼公司,他已经把小说的拍摄版权卖给了高德温,而后者则将版权在1938年卖给了路伊斯·梅耶。然后这个电影项目被米高梅公司在1939年拍摄成了一部家喻户晓的音乐电影。1954年,迪士尼觊觎已久的《奥兹国》系列小说还有13本的版权尚未售出,迪士尼一口气将其全部买下。接着就在电视、迪士尼乐园等等媒介里制作了很多关于&ldquo;奥兹国&rdquo;的作品,1985年,迪士尼拍摄了其历史上第一部与&ldquo;奥兹国&rdquo;相关的电影--《回到绿野》,这是1939年的《绿野仙踪片一开始是非宽银幕的,黑白,非3D。当弗兰克来到OZ国,影片变成了宽银幕、变成了色彩电影,也变成了3D。这一切是在向1939年的《绿野仙踪》致敬。迪士尼想拍摄一部和《绿野仙踪》相关联的电影并不是什么新鲜事了。早在1937年,动画片《白雪公主》大获成功之后,迪士尼当时的总裁罗伊·迪士尼就准备找L·法兰克·鲍姆购买《绿野仙踪》的版权,并将其拍摄成一部动画片了。但是保姆却告诉迪士尼公司,他已经把小说的拍摄版权卖给了高德温,而后者则将版权在1938年卖给了路伊斯·梅耶。然后这个电影项目被米高梅公司在1939年拍摄成了一部家喻户晓的音乐电影。1954年,迪士尼觊觎已久的《奥兹国》系列小说还有13本的版权尚未售出,迪士尼一口气将其全部买下。接着就在电视、迪士尼乐园等等媒介里制作了很多关于&ldquo;奥兹国&rdquo;的作品,1985年,迪士尼拍摄了其历史上第一部与&ldquo;奥兹国&rdquo;相关的电影--《回到绿野》,这是1939年的《绿野仙踪片一开始是非宽银幕的,黑白,非3D。当弗兰克来到OZ国,影片变成了宽银幕、变成了色彩电影,也变成了3D。这一切是在向1939年的《绿野仙踪》致敬。迪士尼想拍摄一部和《绿野仙踪》相关联的电影并不是什么新鲜事了。早在1937年,动画片《白雪公主》大获成功之后,迪士尼当时的总裁罗伊·迪士尼就准备找L·法兰克·鲍姆购买《绿野仙踪》的版权,并将其拍摄成一部动画片了。但是保姆却告诉迪士尼公司,他已经把小说的拍摄版权卖给了高德温,而后者则将版权在1938年卖给了路伊斯·梅耶。然后这个电影项目被米高梅公司在1939年拍摄成了一部家喻户晓的音乐电影。1954年,迪士尼觊觎已久的《奥兹国》系列小说还有13本的版权尚未售出,迪士尼一口气将其全部买下。接着就在电视、迪士尼乐园等等媒介里制作了很多关于&ldquo;奥兹国&rdquo;的作品,1985年,迪士尼拍摄了其历史上第一部与&ldquo;奥兹国&rdquo;相关的电影--《回到绿野》,这是1939年的《绿野仙踪片一开始是非宽银幕的,黑白,非3D。当弗兰克来到OZ国,影片变成了宽银幕、变成了色彩电影,也变成了3D。这一切是在向1939年的《绿野仙踪》致敬。迪士尼想拍摄一部和《绿野仙踪》相关联的电影并不是什么新鲜事了。早在1937年,动画片《白雪公主》大获成功之后,迪士尼当时的总裁罗伊·迪士尼就准备找L·法兰克·鲍姆购买《绿野仙踪》的版权,并将其拍摄成一部动画片了。但是保姆却告诉迪士尼公司,他已经把小说的拍摄版权卖给了高德温,而后者则将版权在1938年卖给了路伊斯·梅耶。然后这个电影项目被米高梅公司在1939年拍摄成了一部家喻户晓的音乐电影。1954年,迪士尼觊觎已久的《奥兹国》系列小说还有13本的版权尚未售出,迪士尼一口气将其全部买下。接着就在电视、迪士尼乐园等等媒介里制作了很多关于&ldquo;奥兹国&rdquo;的作品,1985年,迪士尼拍摄了其历史上第一部与&ldquo;奥兹国&rdquo;相关的电影--《回到绿野》,这是1939年的《绿野仙踪",1.0
质量不太好....................,0.0
适合热爱跑步的跑友，让您循序渐进的进步，赞！,1.0
喝着还不错..顺丰很快哦,1.0
喜欢前面的字，全棉的舒服哦,1.0
东西太烂了，灯还不亮，以后再也不会买了。,0.0
防晒效果不错很好使的,0.0
包包很满意，不错，三个包包，就是一个带子,0.0
都是在锅里烧开了再舀到杯里，中午吃刚好,1.0
时间太长   订单一个月才收到或,0.0
还可以，就是比较小，而且装订不太好，不稳！！！,1.0
一如既往的快，购物体验不错......,1.0
宾馆服务非常好，环境也很好，但在宾馆吃饭太贵了，地角很偏，交通很不方便。,1.0
泡脚粉真不错。用了半月现在身体明显棒了好多。用了这个泡脚粉风湿痛也缓解了！而且感觉身体也暖暖的。现在脚上的水泡也没有了，也不痒了。下次会再来哦,1.0
地理位置实在太差，就是在城乡结合部。服务意识也没有。出门叫车是完全不可能的。早饭吃了煎鸡蛋后，1个小时后就和同伴一起在轮流找厕所，拉了1天才好。。。。补充点评2008年5月4日：楼下的估计好多都是马甲，居然还有人说这家酒店好的。,0.0
"xp驱动不全,难找. 只能用驱动人生2009,驱动精灵2009都不怎么行! 少特殊功能键和指纹识别驱动",0.0
acer的品质、服务都很不错，而且本品很超值。样子也算漂亮，基本性能只要不玩大游戏全能应付。,1.0
挺好的，下次介绍给朋友,1.0
爸爸非常喜欢 是本好书 很好,1.0
这家如家实在是太差了，定了两个房间，一个还没有窗户，一个所谓的商务大床房，结果小的不能再小。希望大家入住以前一定要好好看看我们住过的人的评价，真的觉得很差，我也是因为打电话预定，没看到以前住过的朋友的评价才住进来的，入住的时候已经10点多了，结果还等了20分钟才办好checkin，勉强住了一天，第二天一早就退房了。建议大家不要住。,0.0
51还是选择了这里，因为贵的太贵，好的都定满了。在51小黄金288元的价格是属于便宜的，之前打电话去游记中有人写到的枫枫旅行社，一个私人开的小旅馆，要240元一晚，傻子都会选择星级宾馆。坐的K197，凌晨三点多出站，宾馆方已经派人来接。凌晨到宾馆，服务小姐很亲切，因为没有空房了，所以让我们在商务中心内上网休息。6点进房，看了一下，床单啦什么的蛮干净。我做好准备，已经带了睡袋。门口的保安很亲切，但是在走的时候，咨询他打的去火车站大概多少钱，估计他有私心了，说要四十。后来再问了前台小姐，说30元不到，并说如果不急可以在路口等5路车，3块一个人。所以评价下来，前台小姐是非常不错的。在那里用过一次晚餐，四个人，吃了80元。评价一下，菜色一般，量还可以蛮多。强烈建议千万别吃他们的糖醋排骨，那真的是骨头，没有一丁点的肉肉。服务员有点糨糊，我们点的酸辣土豆丝中份，上的是小份，价格算的是中份。我问了一下，马上少算4块钱，钱是小事，他们看起来很傻，但他们有点戆进不戆出。没有网上说的什么死不认账。免费的早餐也就那么回事，每天都基本一样，请一直住五星级宾馆的人不要拿五星的标准比啦，新鲜能吃饱就行。头一晚睡房间，觉得房间有股刚装修的味道，感觉很闷，后几天就习惯了。,1.0
正品！质量非常好，摸着厚实，保暖，穿上很有型，以后还会再来购买 好评,1.0
太假了，盒子是破的也忍了，造假也好歹认真点，韩文都印错，真心给店家跪了。,0.0
欧润哲 可移动浴室架 洗衣机置物架 厨房卫生间玩具收纳架 黑色,1.0
挺好的，就是有点贵，希望物有所值,1.0
完美结合。可以。用的顺手。,1.0
很大一股胶味，超级难闻。塑料扣子，一点也不经用，直接就坏了。背带很硬，背着不舒服。。因为明天就要出发了，也不能办理退货手续。直接扔垃圾桶了，非常不愉快的一次购物。不推荐购买。差评！,0.0
别的我就不说什么了，只说一句&ldquo;京东&rdquo;你要争气啊！\n,0.0
感觉不错，还帮别人带了。赞一下,1.0
房间不大，但相当舒适．距离热闹的酒吧集中区也很近，方便．环境干净＼清净，适合睡大觉．服务中规中矩，此次通过携程订房也很快捷＼省心．住的时间有限，两晚，但总体感觉不错，下次再到丽江，相信这也是下榻的首选补充点评2008年7月5日：没有给５分，不是因为有任何不满，而是完全出于个人对客栈短时间内获得的认识，也是出于希望客栈的服务能够一直保持相当水准，而不要轻易在商业化的潮流中，走上质价不符的路子．,1.0
我7号下单居然到16号才给我发到，这个我也不说你了。你居然拿双破鞋给我还的拿胶水来粘住发给我。欺骗客人很爽？我都不发回去给你了。反正就二十多块钱,0.0
临近地铁，附近还有一家超市和大家乐快餐店，比较方便。虽然紧贴殡仪馆，但没什么特别不妥。房间不大，有水果。安静，舒适。洗手间也不大，坐便器位置太贴墙了，感觉不大自在。没有梳子，还得问客服要。服务员比较热情，耐心为你指路并告诉你如何搭车。总体来讲还不错。,1.0
投资者：全聚德在二级市场的里的涨幅倒数，你竟然没有研究过，我无语了。\n\n　　施炳丰：我是全聚德董秘，又不是上交所、深交所董秘。市值管理只是工作的一部分。,1.0
看着挺漂亮的 买回来好皱啊,0.0
预定的房间给的是问题房，水泵声音太吵，地段离风景点偏了点，虫子很多。,0.0
最近在读第二遍。这本书，似乎更详细的在展示各种斗争。分析的很透彻，很明白。有很多道理都是很好的。比如，不是敌人，是双赢。但是，最后的感觉是这本书，太细节了。整整一本书也没有写完一个故事。这让我有时觉得有点烦。虽然知道实际中的情况要比书中更加复杂。但是，还是不想如此仔细的看一个故事。看这个书时，会累。因为真的不想如此复杂。太复杂了。我不是那种复杂斗争的人。,1.0
好评，裙子码子标准，布料很好柔软穿着舒服,1.0
号码有点大。。。。。。。。,0.0
　　练习曲训练是提高演奏技术的Le重要手段。《上海音n乐学院校外音乐考a级系c列：古筝考级练习曲》是K根据多年的,1.0
很给力的宝贝啊，收到了，很不错的样子，用着很合适，宝贝质量很好，卖家的服务&nbsp;态度很好，非常满意我很喜欢。.,1.0
买来两桶过来了孩子不喝，怎么办可以退一桶吗,0.0
好好练字，至少写的让别人赏心悦目！,1.0
还可以，清洁力不错，是正品。,1.0
还行就是物流太慢太慢，将近一个星期才到，还不如去超市买一个了，,0.0
质量很好 款式不错 面料很好 穿着很舒服 塑形效果好 大小很合适 很喜欢 好评 ,1.0
很少在京东第三方买东西，对商品的评价也不是很多，一般都是评好，实事求是的说京东的服务还可以，但是京东对三方卖家的约束能力实在是太差太差，建议大伙不要购买三方卖家的东西，发货慢就不说了，售后服务就不提多差了，什么京东仲裁员，都是扯。什么是诚信，诚信在波司登店就是扯淡。（具体原因就懒得说了），希望不要屏蔽我的评价,0.0
房间还算不错，窗户设计的不错，视野很宽阔！住在高层之上，可以远眺上海的夜景！宽带费太贵了，每小时40元！,1.0
外观不错，使用起来也方便,1.0
外观很大方，安装简单，老板不错,1.0
这次是第3次去碧水湾泡温泉，不过是第一次选择住在度假村里，此次入住感觉真的很不错，就像携程介绍的，服务很注意细节，欢迎水果、功夫茶还有客房书桌上的书架都让人感觉很舒服。温泉也仍然保持了高水准的服务，这一点也很难得的，都好几年了，服务水平一点都没有下降，服务员的服务意识都很强，毛巾供应在人很多的时候都很充足（感觉这一点对泡温泉好重要的哦，毛巾不够会好冷的哦）。唯一美中不足的是大床房全部都是朝公路那边的，朝山景的那边只有双床房，订房的时候就发现这个问题了，但还是想要大床房，结果发现朝公路还是有少少噪音的。。要是酒店在两边都安排各种房型给客人多点选择就好了,1.0
"这家酒店是写字楼改建,无论是整体装修,房间设施,服务水准都离4星级酒店相差甚远.奇怪的是,这样差的酒店居然好评如潮???请大家擦亮双眼,千万不要住这家酒店.",0.0
补充一下：洗发水也要自备。如果您认为洗洁精同样可以洗发的话，那就无所谓啦！,0.0
包装很特别，很精致的样子，没有很多的装饰和图片，一看就是很有内容，听起来效果很好，跟在现场听的差不多了，歌神的歌听起来依然那么醉人。,1.0
"客人很满意,我们也推荐其他同事入住.性价比好.交通方便,离火车站就5分钟路程",1.0
我只想问，这是一次性的？,0.0
喜欢张小娴的文笔，这几本书不错！！！,1.0
收到后，及时进行了试穿。材质好，穿起也舒服，只是价格较贵。,1.0
实在是太不满意了，质量也太差了，并且还很薄???,0.0
不能退，不能换 不能退，不能换,0.0
\n还行吧，好好好好好好好好好好好  ,1.0
央视百家讲坛车载系列：于丹全集（13CD金碟收藏版）（京东全国独家）买了2个月才拆开看，里面全是空白光盘，还不给退换，说是过了质保期，京东就是这么对待消费者的。,0.0
这质量太烂了，胶水又贴得不好。反正很不值。,0.0
我想请问这是年年有余吗？明明要的年年有余居然给我发的这个，看着都够了。快递那么慢，等了那么多天居然收到的不是自己要的。麻烦店主，如果没货了请跟客户联系，获得客户允许再发别的图案还好一点，这样图个什么，钱又没多少，反而把店铺名气搞坏了,0.0
洁肤水包装就一玻璃纸，感觉很差。黄油的包装更是拆开的。叫我怎能相信你。,0.0
味道不错，物流不怎么样，配送态度非常一般,1.0
穿了2天扣子掉一个   袖子一个长  一个短     不建议选择,0.0
音响还行 就是 有电流（放时间长了 电流声更大） 打开包装 有划痕  申请调换 一月都没 办成事  理由说拍的不清楚 现在已经放弃调换  朋友说 我买到了二手狗  第一次东京网购 挺伤心的 今天看到还能评论 果断附上 唉 不说了 说多了心塞 网购需谨慎,0.0
酒店非常一般，设施很老，位置也比较偏，严重不复合这个价位,0.0
差评     没有发票    而且还有个小圆坑,0.0
刚刚买了两天就降价了。而且日历也不准。时间也慢几分。不是蛮好,1.0
送货相当快，早晨7点多订单，中午12点送到。 朋友看了配置都说这机子想当棒，超值。,1.0
我胆小，一看什么古墓魅音，就不敢听了，这个是赠送给我的碟子！,0.0
大小合适，但是被我贴坏了，郁闷&hellip;,1.0
质量很好！特别高大上,1.0
很合适  刚好配套,1.0
对这本书很期待，对京东的物流实在无话可说，可以一颗星都不给吗，就是最差最差的评价,0.0
各个颗粒都很饱满，皮很好剥落，密封性强，吃着很香很脆，价格优惠，还有就是店家的服务很赞，热情有耐心，下次还会光顾,1.0
"我以携程名义预定如家快捷酒店,从2008年4月8号入住到15号退房共住了一星期,一日151元的房价是不贵,但是15号我大约中午12:25左右办理结帐退房,如家快捷酒店却说我没有在中午12点整之前结帐,因超过如家快捷酒店规定的时间,所以要加收半日的房费76元,当时我愣了一下,并跟店家力争说明,为何入住时怎么不向我说明清楚规定?再来我是订房至15号,为何15号中午12点之前不能用电话提前通知我退房时间?如果我超时30分钟必须要加收房费,按照比例原则如家却要收半日的房费也太离谱了！他们解释说:因为我是透过携程仲介订房,所以公司规定就是如此,他们也无法改变,如果是如家的会员订房有一小时的弹性时间。听见如家酒店的解释,我是深感如家酒店根本不注重消费者的权益,只注重他们自己的利益,就因我是在网上透过携程仲介订房,更让人有变相加价的感觉,再来如家酒店对自己的会员和对其他合作单位订房的会员权益有这么大的差异呢?四星或五星酒店也没有这么收费法吧?",0.0
穿着舒服，尺码刚刚好 　,1.0
孩子很喜爱这个篮球，弹性也不错，已经介SHAO我大嫂来了,1.0
没有用，不知道什么质量！！,0.0
风扇声音不小，间歇性的；这款机器在开机键那是没有一小行触摸屏，购买请注意；本本扬声器一般，我宿舍女生买了个东芝的，音效不如她的那个，但是综合比起来我的要漂亮的很多，哈哈，有很大安慰,0.0
一点都不好    直接有种被坑了的感觉,0.0
自带手册不全，说明书简单，装了N种版本的xpsp3系统都启动不了，最终用原版xp光盘启动安装才搞…………………………一个下午过去了，累死俺了！！！！,0.0
一般吧，被晒得掉色，价格还不便宜。,0.0
"酒店离市区比较远,不过在尖沙嘴一个小时有一班车去酒店,房间内设施比较陈旧些,但是外部环境非常好,空气也很好,出酒店不远处就有沙滩,非常适合去渡假,早餐的品种也比较丰富.下次去还会去住,那里的环境真的非常好.比如心酒店好多了.",1.0
"原先订豪华房,获提升至行政房,看似分别不大,只是多了一份早餐,但在行政楼层内的早餐非常简单,选择极少!正常入住行政房应该有生果盘,可能我是获提升所以没有提供,感觉酒店有点少气.房间面积大,床大,家私摆设都具五星标准.那个花园泳池环境不错,只是那边的服务员态度不够诚恳,需要再加培训.",1.0
此酒店硬件设施非常差，比如：房间是KTV包房改的，被子很薄，早餐在简陋的包房里就餐（早餐太简单），服务员叼着烟往餐厅里送早餐，大堂只有一个男女公用的卫生间，里面还放着两辆自行车，等我到了酒店服务员还找不到我的订单等等。所有这些都是客观事实，并非我捏造。,0.0
酒店位置还可以价格也勉强房间比较陈旧卫生状况也不太近人意总之不象三星级酒店,0.0
很小 不粘 粘不住，就1天就开了,0.0
不是不是很实用,0.0
其中的刑法缺页\n买了后悔,0.0
帮朋友买的，感觉还不错。,1.0
物流很给力，下单第二天就送到了。\n\n音质不错，蓝牙连接ipod touch后插上耳机，感觉比ipod直推的音场要开阔，音色也未感觉有损失。推力方面绝对够了，在音响店试推B&amp;O的大耳朵也毫无压力。\n\n美中不足是底噪略大，但可以把耳机接到line out来解决，而且听歌的时候也基本感觉不到底噪的问题。\n\n以这个价位，可以说缺点是微不足道的，性价比绝对一流。,1.0
其他都好，就是快递出了点小插曲,1.0
真不可思意，一周后再次入住该酒店还是给我上次入住的1017房（单人间），因房间靠近酒店内部的风道控制系统，噪声实在太大，第二天在强烈要求更换房间，酒店答应了我的要求，当晚才得以安睡。,0.0
垃圾穿了2次就变形了.不吸汗.垃圾,0.0
东西不知道怎样   我只知道客服和物流我很失望很失望     第一次物流信息可以这么长这么长    而且还是顺丰快递      上海到黄山用了五天五天！！！中转几次错误！！！预计14到女朋友今天才收到！！！有图自己看,0.0
"对于自驾游,这家酒店很合适，我们是住2号楼顶层,风景及服务都很好，下次去威海还住这家酒店!",1.0
买的时候不说明白了，没卡，还要重新配卡，买的时候大家注意,0.0
我不懂质量，感觉一般吧，但说好的赠品呢？怎么一随机就没了呢？,1.0
以前用的罐装的，感觉价格贵些，儿子喝了也不知道感觉怎样,1.0
此酒店在问题处理上不够积极。还好我是在携程订的。携程的服务确实有大公司的风范。后期的服务跟进很到位。对于酒店，我就不多说了。诚信永远是发展之道,1.0
1、样子还算漂亮； 2、性价比还算是比较高的； 3、屏幕很好，亮度够；,1.0
吃起来很硬，感觉嘴巴都嚼酸了，吃一包感觉比我跑1公里还要累，差评差评,0.0
那里的环境很好，只是价格有点贵，打车需要走一段路，自己驾车的话较方便，服务态度很好．,1.0
买五代金骏眉，你这是给的啥？什么意思搞不懂！,0.0
虽然是台湾人写的，里面一些装修的材料和工艺与大陆的有些区别，但是里面关于装修及设计的一些理念还是非常好的，有借鉴意义,1.0
包装盒如同go咬一样，快递员像吃了zha  yao一样，气冲冲来气冲冲的去。,0.0
很好，如果在店里买的话价格估计要贵一倍，很划算,1.0
房间感觉还可以，但是洗漱用的毛巾浴巾质量不好，感觉没有洗干净，房间隔音效果不好,0.0
纤维不够粘，剪刀不利，最重要的调节器还扎眼睛。失望透了,0.0
东西很棒，女朋友非常喜欢,1.0
物流慢的跟什么似的 差不多一个月才寄到 中间找客服 都是没人回,0.0
"我也是看了网上的点评以后才订的这家宾馆,看到点评上有好的,也有不好的,这次自己亲身体验了一下,也写一下自己的感受.宾馆总体感觉很好,大厅温馨,看到了自己的名字在欢迎牌上,很亲切;房间也很整洁,我住的房间,设施设备都是全新的,没有上面驴友说的什么设施很旧,很一般;送的水果也很精美;虽然上网是需要设定IP地址,但是网速还可以,并没有什么不方便;卫生间里也是有浴帘的,热水也不错,我不知道这是宾馆自己改进了,还是其他的驴友危言耸听;宾馆的车况的确很棒,都是进口车,我也包了宾馆的车二日游,是别克车,可是自己想一想,什么车什么档次,钱出的一点也不心疼,而且还很开心.这次到敦煌来玩,真的是不枉此行,很开心,很愉快,我建议其他来敦煌的朋友,不管是出差还是旅游,都可以选择这家宾馆,很不错,下次如果还来敦煌,还是会住这家宾馆.宾馆反馈2008年8月1日：非常感谢您对本宾馆的点评和肯定,对您的肯定本宾馆会更加努力,再您下次光临本宾馆时,还会有更多的变化!",1.0
你们要求各地加强了、在这个时候都,0.0
盖子摔烂了一小部分。,1.0
书到之后，我先粗略看了大概，然后告诉读六年级的儿子，我没时间读，请他一天“帮我”读两三则。读后让他告诉我：这些孩子生活在什么样的地方，过着怎样的生活；再评论哪个孩子介绍得比较好，哪个孩子介绍得不够到位；最后让他说说，如果是他介绍，他会怎样介绍我们生活的地方，会告诉人们他的生活是怎样的......呵呵，还真达到了我的初衷——孩子“既......又......”，挺好的。,1.0
一般般吧！不是很详细！,1.0
苹果的设计非常的人性化，很讲究用户体验，即使是刚到手的小白，用起来还是很有意思的。,1.0
满是线头！！！！！！,0.0
看起来很结实，但是材质真的很硬，拉链也不好开，除了容量大没什么好处最前面的袋子无论怎么按下去都会鼓起来，背起来就像龟壳，已经被我拿来放不要的旧衣服了,0.0
物流真够磨磨蹭蹭的，,0.0
大家都说平湖君悦酒店床铺太小，很不幸我中招了，我是预订完了之后才看到大家评价的。这家酒店的内部设施偏老，早餐不好吃，房间有点小，设施还算全，卫生间也很旧！ 补充点评 2008年6月3日 ： 我建议大家在平湖多走走，比君悦酒店性价比高的宾馆多得是！,0.0
发热效果好差，坐在旁边也没感觉到热量。宣传上可以将一间20平方的房间制热，实际更本不行。,0.0
效果不太明显 选择的有点瘦了   脱掉之后那叫一个舒爽,0.0
质量太差没用2个月就破了,0.0
材质不错，性价比高 ，做工精致，赞。,1.0
跟我学葫芦丝（精装DVD全面教导气息训练、手指技巧练习、舌的运用技巧等！ 笛子的表现力非常丰富，它既能演奏悠长、高亢的旋律，又能表现辽阔、宽广的情调，同时也可以奏出欢快华丽的舞曲和婉转优美的小调。可演奏出连音断音、颤音和滑音等色彩性音符；还可以表达不同的情绪； 无论演奏舒缓、平和的旋律，还是演奏急促、跳跃的旋律，其独到之处都可从中领略。此外，笛子还擅长模仿大自然中的各种声音，把听众带入鸟语花香或高山流水的意境之中。,1.0
帽子很差，还卖这么贵,0.0
没什么用，初学的千万别买，这书就是废物。,0.0
性价比不错，其实我一直关注Dell的XPS1330，不过性价比不好，一直犹豫未买。幸亏没买。,1.0
看上去不错，不过还没试穿呢,1.0
现在是2007年7月25日凌晨5点37分，是我住在柳州南天大酒店的第二天，也是连续两个晚上无法入睡。我对这个酒店已经实在忍无可忍，刚刚对他们的服务员发了顿火，可是他们除了说对不起之外，没有任何解决问题的能力。这个酒店根本就不是适合人居住的地方。为什么？因为它的空调系统形同虚设！头一天也就是7月24日，我晚上醒来很多次，都是被活活热醒的！！问他们空调怎么回事，因为整天空调都没有冷风，他们回答总是：我帮你问问，然后就再也没有下文。到了晚上，问题更加严整了。根本就没办法睡觉，热得浑身大汗。强忍着睡也没有用，房间的被子是那种冬天的玩意，又厚，一盖上就包着出汗，没办法了不盖被子吧，房间里面满是蚊子，又便宜了蚊子吸血。就这样一晚上不知道怎么熬过来的。如果不是因为出差位置的原因，我第二天就会走。可是第二天，问题仍然没有解决。再一问，是什么工程部的把空调关掉了。三星级酒店，在炎热夏季的南方，晚上关中央空调！！！我找服务员发火，服务员竟然对我推荐搬台电风扇过来用，这难道是在街边旅社？？！！我已经无法忍受，还三星级，我要质问携程，这难道就是你们的合作伙伴？？你们有没有调查过这个酒店？？我坚决投诉，南天大酒店，连星级都不配！！,0.0
效果挺好，就是包装破,1.0
?，我买了个壶，不过还是很漂亮啦,1.0
"非常好的酒店,除了前台的服务态度.房间设施非常好,飞利浦的液晶彩电,还有电脑备用.只是,可能因为是通过携程预定而非直接预定的原因,房间的位置非常差.",1.0
身边很多朋友都看，说挺好看，挺有意思。买来看了几页，发觉不和我的口味。我不喜欢这种类型的讲历史的小说，太太太调侃了。,0.0
价格也合适，很满意 卖家服务态度也很好，物流也很快,1.0
1：如网友所说，屏幕底端裂开。2：无指纹识别。3：不附赠驱动（xp）。4：声音一般，商用机都这样吧，不过声音够大,0.0
不好   超薄  带起来也不好看,0.0
总之第一句话就是便宜~让同事帮忙装了xp系统，运行起来还是不错的~,1.0
不怎么好，料子差，真是一分钱一分货下次不贪打折了都是假的,0.0
味道太浓了，没法穿,0.0
买回来一看不是我喜欢的颜色，儿子也不喜欢,0.0
商品太差劲了，和图片完全不符。购物太失败了,0.0
确实不错的东西，希望企业可以继续做好产品,1.0
没有螺丝，无法安装，已经退货了。,0.0
内衣穿着很舒服，真心喜欢的面料,1.0
皱得不成样子，而且需要打气筒才行,0.0
客服没人搭理！很失望！,0.0
去年10月去九寨沟时住过， 感觉很好！ 今年再和同事去， 觉得服务差了。 宾馆反馈 2008年5月27日 ： 希望客人对我们的服务提出宝贵的意见和建议，做的不够好的地方，我们很乐意接受客人的批评,1.0
下单后5小时，就有人利用这个订单索要我的账号，密码，不知道卖家怎么泄露我的信息，还是有意为之,0.0
颜色根本没有拍了那么好看差太多的,0.0
牌子大，比器材店便宜,1.0
我买了一套是一个很薄的破纸盒子，我同事买的就是个硬盒包装，当当能给个合理的解释吗？,0.0
拍子确实跟店家展示的一下，不过羽毛球拍网上的图像好像是刚刚用什么画上去的，你都可以闻到墨香，这一点我怎么来评价好坏呢,0.0
之前没看过实物，跟想象之中没分别；美观、键盘好用、功能齐全，一般日常上网用足够料。,1.0
挺好，就是垫子太小,1.0
还不错，电脑运行很快，客服也很耐心，加十分,1.0
说好的换，快递员打你电话都不听，连一点信誉都没有，跟你这种人做生意真的好怕好怕，京东怎么有你这的卖家，真是气死人，不过就几十块吗，这于吗，切,0.0
性价比就算可以，但地点有点背，很多出租车不太认识，又是单行路所以交通不是很方便。但考虑到价格因素，这家店还可以。就是房间带个窗户是露在走廊里，没窗帘隔音不好。所以私密性不是很好。,0.0
还好吧，故事太简短，故事也就二十几个吧，两天看完了,0.0
每次开机时音箱都有杂音，必须关机重启才可以，现在又不超过7天，但京东没货，换不了 痛苦~~~~,0.0
在红墈火车站出来去过海巴士站坐101或104路巴士到皇后大道西就可以到达酒店门口了，车费不到十元港币，在尼敦路也有站上车，去酒店的交通其实很方便。 酒店每小时有一班到中环和湾仔的免费穿梭巴士可以乘搭，可以去到金钟地铁站，湾仔码头，机场快线中环站，港澳码头等地，还可以让司机在沿路地点停车，司机很好说话，还会帮忙拿行李，从酒店去其他地方其实也很方便。在码头坐中星小轮去尖沙咀也不过两块钱。 酒店门面小，不过里面装修在香港来说也确实是有四星级了，虽然房间不算太大，不过放两张双人床倒还不显得太局促，把飘台改成座位设计也挺实用，洗手间也相当不错，基本用品除了牙刷牙膏之外还是比较齐全的。 酒店的服务可以打满分，毕竟是国际连锁的酒店，虽然是经济型的酒店，软件还是相当有水平。 酒店周边其实购物吃饭也很方便，并不是以前某些点评里说的那样偏僻的地方，还是蛮繁忙的商业街。虽然标间窗外没什么景色，却也算安静。 我拿的价格是506，这么低的价格陪这样的酒店素质，相当令人满意。,1.0
无点完美LED屏、接口丰富（1394、HDMI、eSATA、红外、蓝牙……）、性能强劲（3DMark 06跑了7000多分，快赶上我的台式机了）、发热量小（跑完3DMark 06机子表面大部分地方都几乎不感觉到热）,1.0
不错哦！  下次继续光临,1.0
商品质量很好，但是物流速度很慢很差,0.0
非常满意的一家宾馆，入住了五天让我感受不一样的服务。生日有礼，更要感谢中餐部的郑春妹女士，在得知本人身体不佳的情况下，特别送餐到客房很感动，下次到厦门一定还住在这里。谢谢了，谢谢你们的服务！,1.0
不错的酒店，早餐也可以，还有携程预定的话有礼品赠送，还有人问候，酒店新装潢的，都不错，还有马桶里面有玫瑰花瓣。。呵呵呵呵,1.0
送货较慢，等了1周才收到，这次包装蛮好，下雨没淋湿，这次送货的JD小哥比上次那个强，一车子货，包的严严实实的,1.0
茶叶真的很差，很碎，口感非常不好。,0.0
建议不要购买，很差劲，买来刚用第一天车就被偷了，锁是被直接打开偷走的，刚拿到货的时候我有点怀疑锁没在里面，实在是太小太轻了,0.0
质量非常好，通俗易懂，价格小贵。,1.0
送货不及时，都开课了，书还未送来！\n,0.0
商品本身没什么问题，但售后真的不行。码数买大了，申请更换，从12月9日寄出到今天收到，居然耗费了20天。12月16日显示已经生成了新订单，这10多天里卖家都干什么去了？？另一个牌子要换货的商品同一天寄出，我早早就收到新货了，这对比太强烈了。,0.0
客房和前台服务都不错但酒店太陈旧，房间不如一般3星宾馆，阳台卫生间极小位置也不好，花园泳池都很小尤其要说的是酒店花园里的餐厅，叫东海渔家还是东海渔村的太黑了市场8元一斤的海瓜子，他卖50元一斤，还少秤味道也差一盘炒黄瓜要18元根本是露天排档的环境，桌子都脱漆摇晃了很过分,0.0
时间不太准。夜光不明显。,1.0
"你们的服务电话，什么时候才能打通啊，服务也太差了。我从9点一直到到现在10：34一直都是占线。我在你们那买的DVD，一共10张，有5张都没声音。我要求换货。请客服及时联系我。174208675是我的订单编号。由于工作忙，一直没来得及看DVD,现在才发现，大部分是坏的。",0.0
一万个点赞，中国好商家，质量绝对好，还送了一个丝巾，贴心啊感动啊，物流有点慢哦,1.0
很满意的项链。小时代的意义。很爱、每天都戴,1.0
质量还可以，只是好像有点短。,1.0
"大肚佛的亮点本应该突出他的大肚,但这一款的做工是两边大中间小,失去了让人看到便会想到大肚能容天下难容之事这句话的意念有点败笔,如果是克数限制那为何不能加重克数做到尽善尽美。",1.0
价格有点贵，老婆嫌贵,0.0
感觉可以，踩在上面感觉还舒服，就是防滑效果不是特别的好。,1.0
不错。送给爸。给他爬山用的。,1.0
这个不好非常不好我已经扔了,0.0
每次去太原，都住这家酒店。。。就太原市的水平来看还是不错的；但是横向比较其他城市，这个价位的性价比，显然不足。,1.0
换货换了快一个月了都没给我换好  说是一个主板的挡板没给他寄过去 开不了机 这不是摆明了忽悠我吗  就一直给我拖着退货也不给我退,0.0
味道么中规中矩，活动价买的还算比较实惠。,1.0
太贵了，不值这个价钱,0.0
"我们定的是2间高级标准间,住一个晚上,感觉不象4星酒店,3星差不多,房间的硬件一般,好多门上的漆都掉了,没有吹风机没有保险箱,大厅不论是服务员还是高级职员态度都很一般,到是2个老门童态度很好.双人床只给一个早餐,很惨.不过象这种小地方也就这样了,下次不会去住了,378元来说性价比不高.",1.0
不满意。手感还不错，logo有问题，凹凸不平，有些开,0.0
很不满意，百分百不是正品，做工粗糙，,0.0
没咋用，非常一般,0.0
质量很好，很柔软，很大气，我很喜欢，物流速度也很快，给店家超赞。,1.0
内衣不错的，质量挺好的，同事喜欢,1.0
速度快，质量好，相信京东，给我省去不少时间，书，我大体翻阅了一下，材质，印刷都挺好，内容也是我想要的，大爱，学无止境，应该好好学习喽！他的画看着好简单哦，虚实过度好，不过功底应该很深厚，和我之前的技法有所不同，应该0是技法的原因，线条运用的不是太多，看着像印刷不清的感觉，中体看还是蛮立体的！继续学习！,1.0
其实不想评价，已经换了3太了，最后一台回到家后还没干使用，担心会再次出现问题,1.0
不错的一家酒店，交通方便，房间设计简洁。国庆期间房价贵了但送早餐，我想其实是早餐没生意所以打到房价里，美其名说送其实是硬性搭配消费，还不如减房价来得实惠。,1.0
无包装，风速一般，有点小噪音。,1.0
才用多久，现在就这样，半天没动静，什么情况！！！！,1.0
差评，买了五个其中一个坏的很厉害，跟客服留言完全无视！差评！京东能不能把服务搞好点儿？,0.0
记忆最深的是作者说的一句话：父母之爱都是深如大海，但有质量差别！这是一本为人师为人父母都值得好好一看的书，对中国传统型教育思想和方式是一个不小的碰撞和冲击。单位里同样有不少同事的孩子在做着留守儿童，也都存在着或多或少的问题，经常听到他们会发出许多无奈的感叹，可又束手无措。很遗憾的一件事！如果我有了自已的孩子，一定会自已带，无论多苦多累。,1.0
好评。划算。还没穿，以后再追加。,1.0
京东就是非常给力，送货快！！！,1.0
味道很好，清真的佳品,1.0
送给弟弟的，应该还不错吧,1.0
买了之后降价了还不说，裤子屁股这块这拉开了两道口子还发货，发票也没有，蛋痛的一次购物,0.0
好性价比高膜不错休眠功能好,1.0
今天是6月27日，离我在汉庭快捷酒店（上海新虹桥店）住宿2月有余（我与4月12日入住），其它的事我已记不清楚，但是离店结账产生的麻烦至今困扰我，当日，通过携程订的是2间246元的高级大床房，总价是492元。当时入住办手续一切顺利，服务生拿出携程订单，打单刷卡有条不紊，我拿单签字，当然我注意的是刷卡签单，预授权800元，没有核对服务生打出的另外的每张单据的每个字符，第二天离店结账，麻烦来了，再次刷卡签单时，我发现刷了568元，我拒绝签单，与我的预订不同，此时服务生拿出我昨天的一把签单讲，我住的是284元的高级大床房，晕，忽悠我昨天的不细心，昨天没有任何提示，今天要我买单，我与服务生理论，最后服务主管同意按492元结账，似乎一切都已结束，然而并未如此，服务生给我的卡刷了2次，一次是492元，我同意签单给他，另一张568元，我拒绝签字，收回单据。然而，当我收到银行的对账单时，我还是发现被扣款2次，我致电该酒店，答应查询后给予答复，至今未收到任何回复，后与银行方面联系，其中我多次与银行联系，银行终于在6月13日退回492元（估计银行与该店进行了N次交涉），6月25日左右，银行致电我讲退回492元，我核对后再次将此情况反映给银行，应该退回568元，再次讲了我没有签单的账单还是被扣款了，我在等待著银行交涉之后的结果。不知这次还要等待多长时间--------------------,0.0
假的，假的很离谱，连字母都是贴上去的，车体管壁特别薄，减震漏油，我这边实体店400的比这个仿的好多了，真是不值，京东可不可以上点档次了，希望买家平自己良心评价，别耽误别人行么,0.0
\n《图说葡萄高效栽培关键技E术》（JL孙海Q生S）【SV摘要Z 书Z评c 试读】- 图书\n《图说t葡t萄高z效栽培D关键技I术》（P孙海生R）【W摘要Y 书评r 试读】- 京lm东图书\n(五)绿盲蝽\n(九)斑衣蜡蝉\n二、葡萄侵染性病害\n一、产量调节技术\n二、极早熟和早熟大粒葡萄品种\n(二)日光温室\n(二)葡萄园的建立\n(一)超宝\n(一)葡萄裂果病\n(二)p保花保果技术\n(二)藤稔\n(二)葡萄转色病\n葡萄花果管理技术\n(三)巨峰\n(三)葡萄日灼和气灼病\n(一)冬季修剪\n一、无核葡萄品种\n第五章\n(五)金手指\n(三)促成s栽培的原理技术\n(二)根据当地的环境条件和栽培条件选择品种t\n三、葡萄虫害\n第u四章\n(二)金星无核\n一、葡萄园土、肥管理\n(七)巨玫瑰\n(三v)葡萄v日灼和气灼病\nx(二)嫁接更新\n(二)葡萄根结线虫\n(一)应用乙烯利促进葡萄着色\n二、极早熟和早熟大粒葡萄品种\n(二)施肥技术\ny(一)yS\n(五)除草剂引起的葡萄z药害\n二、A树形培z养\n(八)远东盔蚧\n(三)葡萄环剥\n(七)京亚\n一、葡A萄设施的种类及其建造\n(三B)1B01-\n(五)葡萄霜霉病\n(二)单干水平树形\n一、无核C葡萄品种\n(三)葡萄果实套袋\n(一)里扎马特\n(三D)促成栽培的原理技术\n(二)根据当E地的环境条件和栽培条件选E择品种\n(七)葡萄白粉病\n第四章\n(二)金星无核\n(二F)葡萄园常见鸟的种类和H为害时II期\n(三)圣诞玫瑰\n(三)葡萄日灼和气灼病\n(一)问栽间H伐更新\n(六)棉铃虫\n(一)应用乙烯利促进葡萄着色\n(五)金手指\n(二)栽L培方式及密度\n(二)夏季修剪\n(八J)远东盔蚧K\n(一)葡萄果袋的种类K\n(六)粉红亚都蜜L\n(二)葡萄转色病\n一、树体修剪\n葡萄新优品种和砧木品种\n(二)果O袋质量的鉴L别\n三、中熟和中晚熟葡萄品种\n(一)选择适合促成栽培的葡萄品种\n(一)建园的原O则\n(三)O浮尘子\n(一)疏花疏果技术\n(五)无核白鸡心\n(三)避雨棚\n(二)根据当R地科技、经济等条S件选择品种\n(九)斑衣蜡蝉\n(三)葡萄环剥\n(七)巨玫瑰\n葡萄病T虫S害防治\n二、S葡萄S园的规划和建立\n(二)葡萄根结线虫\n(一)疏花疏果技术\n(五)葡萄霜U霉病\n(一U)摩尔多U瓦\n(一)应用乙烯利促进葡萄着色\n(一)S\n(五)V除草剂引V起的葡萄药害\n(二W)保花保果W技术\n(六)红宝石无核\n二、葡萄促成栽培技术\n葡萄园的建立和更新\n(Z九)斑衣蜡蝉\n(四)铺设银灰色地膜\n四、晚熟和极晚熟葡萄品种a\n一、葡,1.0
房间很干净，而且安静。设施也不错，特别是洗衣的服务很周到，我告诉他们我第二天早上8点要退房，第二天早上7点40准时把我的衣服送来了。在运城应该是不二的选择了！,1.0
以后还会再买................,1.0
质量不行，皮带用了不久就断裂，太对不起价格了，差差差！！！！！！！！！！！！！,0.0
"不错的选择,气派的大堂,干净的房间,卫生间也很大,玻璃墙.缺点是卫生间的装修有点旧了.地理位置也很好.对面就是青龙超市,补给很方便.在宜春,还是很推荐的.补充点评2007年5月5日：晚上也可以在酒店里吃饭,",1.0
这个小旅馆也实在是太差了，卫生条件很差，夜间到达后没有热水洗澡，设备陈旧，水池子铁锈斑累累，卫生间墙角污物随处可见。这还算可以忍受或对付一夜的。作为携程网，竟然在天津新国际机场已经启用快半年了，竟然还在极力推荐这个离机场很远的小旅馆，还说咫尺可见，实在是最为让人不可理解。我在6月25日想预定一个距离机场很近的宾馆，就在携程预定了这个说是机场宾馆，推荐员说距离机场几百米可到，可是我在6月26日乘CA1396航班，在27日凌晨3点下飞机后，乘机场大客车时，大客车管理员说不去这个小旅馆，那我就打车去吧，问了7辆车，都说不去这个小旅馆，怎么都不去呢，最后才打听到这个小旅馆是原来的破机场遗留下的产物，距离我下飞机的新国际机场8公里，机场大客车不经此处，出租车嫌太近，赚钱少，不去，天还下着大雨，给这个小旅馆打电话，没有人接听，这可怎么办呢？。这时机场大客车也没有了，没办法，打了个出租车先到了市区，花去58元钱，又打了一个出租车才给拉到了酒店，这时天已经开始放亮了。这就携程信息不做更新，害得我多花了钱，又耽误时间。建议携程立即将这个小旅馆从预定酒店目录中删除。,0.0
这个酒店就是招待所改建的，所以各项硬件设施非常简陋，关键是大门在二楼，也没有无障碍楼梯，背着行李上楼，更没有服务人员帮忙！晚上在一个居民区里休息，都不敢开窗户，总之，很不满意！,0.0
商品标签写的是华为 Mate8用的，我就订了一个，结果是麦芒上用的，不知道是什么意思。,0.0
MD我在这家书店买了好几本书买的时候说好了二十七至二十九号送到可是今天都三十号了还没是送到这是几个意思啊，这简直就是我最差的一次购物！！！！,0.0
开始不错 不过用了不到两天 有一首歌就卡住了 不开心,0.0
"房间太脏,竟然没有热水,本楼服务员说锅炉坏了修理不了,.我要求换房间,既然回答说全部三个楼都没有热水,明显骗人!还说没有空房间了.我说那我搬走不住了,明确告诉那两个自作聪",0.0
交通比较便，设施比较新，房间比较小，早餐比较乱。,1.0
越用越觉得像假货。,0.0
收到颜色很炫，好用好用,1.0
耳钉带上好看不知道退不退色,1.0
不划算啊啊啊啊,0.0
"2008.4.5入住该酒店南楼大床间,总体感觉不错，符合三星标准。值得赞一下的是客房送餐很好，饭菜好吃，价格也不贵。不足：床垫太软，对于不喜欢睡软床的来说，可能不舒服。",1.0
"已经是第二次入住这家酒店了,感觉上还是第一次住的面对柳江的房间景观比较好,不过这次来酒店前面的路已经修好了,交通很方便.酒店的服务员依然一如既往的微笑服务,特别推荐一下30楼的旋转餐厅,夜幕降临时分来这里用餐,看柳江两岸的景色很美.不过这家酒店不适合打长途电话,1.8元/分钟,是我住过的电话费收费最高的一家. 宾馆反馈 2008年8月7日 ： 非常感谢您对我酒店的支持和厚爱，柳州宾馆致力打造柳州性价比最高的酒店。 我宾馆按五星级标准装修的24-26楼高层观景客房即将竣工，期待您的光临！！",1.0
"于山宾馆服务非常差,是我从未见过的恶劣.柜台动作慢,态度凶,脸色臭,房间没空调又冷又潮,餐厅更差.可能是政府公营,不在乎吧",0.0
没有包装，没有商标，没有任何标志可以证明它的品牌！我拿什么相信你呢！三无产品！,0.0
异味很大，不知道是那里散发出来的。还好架在鼻子上面,0.0
一看就不是新的，都是开缝的，好脏，并且耳机插上去居然让耳机发烫，前提我已经备注了发货前检查质量。也不贵，懒得去换了,0.0
怕是只有作者自己才看得懂了,0.0
还是很不错的人产品,1.0
还可以吧，开卷有益。,1.0
购买蝴蝶缝纫机JH8290S*蝶缝纫机专卖店一直不给开发票，联系客服一直不回复，蝴蝶缝纫机专卖店服务态度实在太差、太差、太差,0.0
哈哈哈哈哈哈哈  好好好好好好好,1.0
快递也忒慢了！等着我心急！用的还行吧！音量不是太大！外观也一般！确实放便,0.0
啥东西么！！！宣传的跟实物相差太大了没想到京东也有假的东西！开机按键不起作用，反应慢的要死！拍的画面还不如最便宜的山寨手机！！！我要退货！！！我要退货！！！我要退货！！！,0.0
 发货很快 包装也很好 非常喜欢  ,1.0
衣服还可以，就是裤子不好穿,0.0
擦亮眼睛看清再购买 不能退换货的除非你找到专业手表鉴定机构 开具证书才行  *多的东西不如*去商场购买的 评价里怎么没差评呢 一万个差,0.0
节日打折，还没我平时买的好，一次被圬爹的事,0.0
前几日山西旅游到大同，通过电话定了这个酒店。总体感觉非常不爽。 房间刚刚够上三星标准，偏偏报了一个四星；入住后感觉就是一个洗浴中心，房间不隔音也比较乱。第二天结帐又是内部结算又是房间内的物品损坏，上去一看又说查错了，真的不知道搞什么。下回请携程推荐时注意一下酒店品味。不要砸招牌。,0.0
包装非常差，拿出来居然漏水,0.0
相信在香格里拉这么个荒凉的小县城来说，这间酒店相对比较好，餐厅吃得也不算贵。总体来说是算比较舒服的，,1.0
"才读完第一章就爱不释手,里面描写着许多现象中抽离出来的道理,通过举例子使书更加通俗易懂,虽然如此,此书却一点也不俗,但凡生活在世上的人总会亲身经历过书上所提到的事之一二.看了这本书,引发我更多地思考何为人生?以前曾遇过的十分不公平的事突然领悟了个中道理,也明白了事态为什么会那样的发展.一下子,懂得了很多,也看透了很多.",1.0
不错，还是有些内容的，可以参考,1.0
收一套在家，慢慢看的,1.0
好不好要时间来证明，已经装上使用中、,1.0
是一相不的酒店，性比可以。房大也乾，下次到福州再入住此酒店。,1.0
鞋子薄到你不敢相信,0.0
骗人的草，，  钢化摸小的一笔，，，刚拿到我手上钢化摸就破成渣子了。,0.0
这质量，还没一件体恤衫重，轻飘飘的，洗一下就掉色，还有很多邹纹,0.0
差评，换裤子就换裤子型号都直接换了,0.0
好书，很不错的，要够买哦,1.0
"不错,周围很热闹,出行方便,更不愁找吃饭的地方。去浅水湾、赤柱、海洋公园(正门)可搭973巴士,车站就在附近。房间是小点,但性价比上还能接受。门童服务态度很好,问路什么的都很热心,尽管普通话不是很好。但大堂办住宿的女士感觉不太适合服务行业。也不是态度不好,但没有笑脸不说,还总是皱着眉头。",1.0
很好．非常干净．是新装修的．服务不错．早餐也很好．对了，被子很厚但非常松软．哈哈满意,1.0
第一次买，差到极点了，掉毛严重，是最失败的一次购物？,0.0
正在看，有些地方表示不够清楚。。,1.0
挺喜欢外观，但是邮回来的时候盖子都已经破了，白瞎了,0.0
还可以，性价比不错。值得购买,1.0
1、没有暖气，有欺骗嫌疑。28日入住大床间。由于近日气温下降厉害，订房间前特意电话询问房间是否有暖气，得到的答复是有。28日checkin时，又再次确认是否有暖气，答曰：有进入房间后打开暖气，简单洗漱后，赶紧睡觉。结果半夜被冻醒，房间非常冷。试了一下排气口，发现都是冷风，晕倒。赶紧电话询问客服人员，客服人员态度很好，说立即到房间查看。客服人员发现是冷风后，说没有办法解决，建议我多盖被子。晕倒！看看时间，此时已经凌晨2点多。没有办法，只能乖乖拿出房间备用的被子。早上起来后，我冻得发烧兼感冒。恼火～～～～～，赶紧拎着行李换宾馆。早上和前台反应，前台的人员面无表情，不知道为什么？2、席梦思上面没有任何铺垫物，直接铺了一层床单，那个席梦思也不知道用了多少年了。超级不舒服；这么冷的天气，下面没有褥子，房间没有暖气，这个冷啊。以后再也不敢住这样的宾馆了。3、一把伞拉在房间了，可是checkout时候，没有人提醒。我后来过了很久才发现。虽然只是一把伞，但是为什么就不能提醒客人呢。难道这很难么？,0.0
帮别人买的，不知道，所以X习惯性好评,1.0
饭店的前台非常服务周到、快速有效率，服务态度也好，有五星级水准！在这要表扬一下！,1.0
讲的很详细 过程都有图片~一些制作大同小异就是换了换材料~\n能不用烤箱只靠平底锅做饼干很神奇啊~\n不过家里连平底锅也没有 买了煎烤机来做可可饼干...\n煎烤机小火也还是太大~看来还是不适合~\n对没烤箱的新手很有指导意义~以后买了烤箱也一样使用呀~,1.0
马云帝国内幕 内容不错,1.0
很漂亮，黑漆加白灯很亮，配置已经很高了，价格能接受，一直钟爱东芝的本本。,1.0
书的内容好不好我不知道啦！！我们还没开始学！！我也没怎么看！！不过质量还不错！！！,1.0
买了一个星期不到就降了70元，什么破衣服&hellip;&hellip;再也不会在他家买衣服了,0.0
非常好 ，京东购物实惠放心。下次还来买。\n非常好 ，京东购物实惠放心。下次还来买。,1.0
连着住了两次燕山，感觉整体环境还可以，只是房间里的配置比其他城市的四星宾馆差不少！竟然连吹风机都没有！卫生间里分别有淋浴间和浴盆，这点设计比较善解人意！,1.0
除了地点靠近地铁，几乎未发现其他优点。房间有异味，卫生间有污渍。最难以忍受的是电话和网络：电话机拿起来就是怪异的忙音，要连续拨打七八次才能接通一次，问到前台，答曰确实有这个接触不良的问题，没下文了，眼下之意您就忍着吧！当面告诉了前台，我要开通网络（虽然收费20元/天）。答曰：没问题，这就开通，自动分配IP地址，不需手动设置。可回房后发现连本地连接都没有，联系前台后，有了本地连接。但是试了半天也无法打开网页，再联系前台（已经快崩溃了！），十分钟后服务员过来，胡乱指点我删掉了公司的IP地址（只是备用设置，不是默认连接，根本没必要删），然后才将默认连接的自动获得IP改为了他们的手动地址。彻底晕倒，，，，，，，，以后再也不敢住这样的酒店了，也请携程对用户负责些！,0.0
图像很清晰，可以转换到优盘,0.0
"太美了,但房间一般,携程房价好象有点贵,晚上没事做",1.0
东西不错，快递很快！！！,1.0
很舒服 很柔软 办公室坐  不错,1.0
真心好用，也很美观，真的是高大尚！好评一下！,1.0
拿到手就有缺口。几十块算了。,0.0
很好，质量很好，以后还是要买,1.0
包装不错，书很实用，希望对我们有帮助！,1.0
家人挺满意的，产品好着吧！,1.0
有两个地方都快破成洞了,0.0
性价比很高，雅氏值得信赖,1.0
地理位置还是比较好的，附近有家乐福、太平洋等购物中心。房间还可以，不错,1.0
色差太大  只能说便宜没好货,0.0
店家服务态度很好，发货速度超快，最重要的还是物美价廉哦！,1.0
味道很好哦！小样效果很好，相信大的也不错啊！,1.0
00000000000000000分,0.0
不小心拍错了，东西给退回去了客服理都不理我，也没给我换货，什么个意思？九十多白送？,0.0
不错，好用，会再次购买,1.0
很大很给力，非常喜欢，就是实际地图和宣传图不符合，宣传图上有六环，实际只有五环。。。,1.0
"设施有点陈旧,位置不错,不过总体还不错.",1.0
真心不错还会再买的谢谢,1.0
"喜欢,会一直在京东购书 发货真是出乎意料的快，昨天下午订的货，第二天一早就收到了，赞一个，书质量很好，正版。独立包装，每一本有购物清单，让人放心。帮人家买的书，周五买的书，周天就收到了，快递很好也很快，包装很完整，跟同学一起买的两本，我们都很喜欢，谢谢！今天家里没有牛奶了，我和妈妈晚上便去门口的苏果便利买了一箱牛奶和一点饮料。刚好，苏果便利有一台电脑坏了，于是便开启了另外一台电脑。因为开电脑和调试的时间，队伍越排越长。过13分钟，有一个阿姨突然提出把键盘换了，这样就能刷卡了。我妈妈就在旁边讲了一句：&ldquo;键盘",1.0
2号下单，4号用上了。键盘触感不错！散热也理想！摄像头还好！处理器还算好！外观是暗花的，有些小别致！文字的linux系统，重新f2后改了sata装了xp系统，稍费些劲，随后用自带盘安了一堆小程序。电池还不错。有问题就拨打4007002000客服电话就好了！声卡驱动最好在官网下载安装，否则有可能不能录音！,1.0
"性价比不错的酒店,交通也很方便,值得一提是,宾馆斜对面走不多远就是海鲜一条街,很便宜,很实惠,下次去深圳还住广深.",1.0
卡梅拉是之勇敢的小鸡简单而执着我喜欢哦~同事的小宝宝也很喜欢~还有我将给我男朋友听的也很投入~,0.0
教基础挥杆的视频太少。,0.0
买了一本，被我爸抢走拿到他的办公室了O(∩_∩)O，准备再买一本留给自己！任何人都需要培养管理自己、管理时间的能力。才能尽可能的掌控自己的人生，过高质量的生活。本书不但是教你如何如何掌控自己的时间和生活。很多的时候，它也会是你学习工作怠慢时抬头看一眼放在案头提醒你振作奋发的工具。关于送的光盘，如果你不是老师或是需要培训员工的管理者，它的作用并不大。,1.0
款式简单大方，质量很一般，用了不到一个月手提的带子就开裂啦！,0.0
水军真多！图片与实物差距啊！质量也不咋的 ！哎...不懂布料以后再也不会网上买衣服了！,0.0
发货太慢了，都快一个月了才发货,0.0
"环境还算可以,但收费的网络居然还不行,速度不但慢,且收费高",1.0
买来就像没什么用！唉！,0.0
物流很慢，还给我发漏配件，整整等了十几天才能用上,0.0
超级垃圾，发过来当天都出现了卡机现象，华为垃圾,0.0
此书的阅读价值无需质疑，是本好书。可当当网的送来的这书质量特别差！读到第二天的时候，中间的装订就松了，如今，已经有十几页掉出来了。真让人烦躁。真没想到当当网会有质量这么差的书。,0.0
衣服和图片相差太多！,0.0
我已经用了2个多月了，性能不错，稳定，如果要很快速度的话，在这个价位，我想比较难了。不过可以说，这台手提要有的都有了，内存就少一点，所以我另外换了一条2G的内存条。P8400的处理器速度还可以，各个功能部件都十分好用，而且挺轻便的，现在去那都拿着。160G的硬盘还够用，建议大的东西放在移动硬盘。我买了个9芯的电池，续航能力超强，可以达到7-8小时的普通运作，标配的4芯就只能用2个小时多。,1.0
还可以，就是手柄对面锅壁有这点沾,1.0
好玩，有意思，哈哈啊啊啊,1.0
不是自己用不知道，看着还行,1.0
配置不错，GF130M的显卡的笔记本电池续航能力已经非常不错了，C面过热的情况没有出现，噪音控制很好，键盘手感好,1.0
塑料部分做工糙，看着像赠品。总体感觉不是很好，不值这个钱,0.0
吸水性强，一直用这个，很不错,1.0
好硬的布料，有胶的味道,0.0
差评还不给评？  入你现任！！！京东假货坑人。0分,0.0
希望大家也能像我一样，每家酒店都能尝试的住一下，因为每个酒店都各有特色,1.0
这部电影有很棒的风格，以最新的3D形式提供给观众出色的幻想之旅，特效和影片设定保证了观众可以神驰天外，获得兴奋与刺激的观影体验。\n这部电影有很棒的风格，以最新的3D形式提供给观众出色的幻想之旅，特效和影片设定保证了观众可以神驰天外，获得兴奋与刺激的观影体验。\n这部电影有很棒的风格，以最新的3D形式提供给观众出色的幻想之旅，特效和影片设定保证了观众可以神驰天外，获得兴奋与刺激的观影体验。\n这部电影有很棒的风格，以最新的3D形式提供给观众出色的幻想之旅，特效和影片设定保证了观众可以神驰天外，获得兴奋与刺激的观影体验。\n这部电影有很棒的风格，以最新的3D形式提供给观众出色的幻想之旅，特效和影片设定保证了观众可以神驰天外，获得兴奋与刺激的观影体验。,1.0
非常不好，厚重搽不开！,0.0
包容是处世的大智慧，是一种以博大的胸怀为y基础Z的智慧。只有包容，才能在NP善待他人的同时成全自wF己。包容包容是处世的大智慧，是一种以博大的胸怀为y基础Z的智慧。只有包容，才能在NP善待他人的同时成全自wF己。包容包容是处世的大智慧，是一种以博大的胸怀为y基础Z的智慧。只有包容，才能在NP善待他人的同时成全自wF己。包容包容是处世的大智慧，是一种以博大的胸怀为y基础Z的智慧。只有包容，才能在NP善待他人的同时成全自wF己。包容包容是处世的大智慧，是一种以博大的胸怀为y基础Z的智慧。只有包容，才能在NP善待他人的同时成全自wF己。包容包容是处世的大智慧，是一种以博大的胸怀为y基础Z的智慧。只有包容，才能在NP善待他人的同时成全自wF己。包容包容是处世的大智慧，是一种以博大的胸怀为y基础Z的智慧。只有包容，才能在NP善待他人的同时成全自wF己。包容包容是处世的大智慧，是一种以博大的胸怀为y基础Z的智慧。只有包容，才能在NP善待他人的同时成全自wF己。包容包容是处世的大智慧，是一种以博大的胸怀为y基础Z的智慧。只有包容，才能在NP善待他人的同时成全自wF己。包容包容是处世的大智慧，是一种以博大的胸怀为y基础Z的智慧。只有包容，才能在NP善待他人的同时成全自wF己。包容包容是处世的大智慧，是一种以博大的胸怀为y基础Z的智慧。只有包容，才能在NP善待他人的同时成全自wF己。包容包容是处世的大智慧，是一种以博大的胸怀为y基础Z的智慧。只有包容，才能在NP善待他人的同时成全自wF己。包容包容是处世的大智慧，是一种以博大的胸怀为y基础Z的智慧。只有包容，才能在NP善待他人的同时成全自wF己。包容包容是处世的大智慧，是一种以博大的胸怀为y基础Z的智慧。只有包容，才能在NP善待他人的同时成全自wF己。包容包容是处世的大智慧，是一种以博大的胸怀为y基础Z的智慧。只有包容，才能在NP善待他人的同时成全自wF己。包容包容是处世的大智慧，是一种以博大的胸怀为y基础Z的智慧。只有包容，才能在NP善待他人的同时成全自wF己。包容包容是处世的大智慧，是一种以博大的胸怀为y基础Z的智慧。只有包容，才能在NP善待他人的同时成全自wF己。包容包容是处世的大智慧，是一种以博大的胸怀为y基础Z的智慧。只有包容，才能在NP善待他人的同时成全自wF己。包容包容是处世的大智慧，是一种以博大的胸怀为y基础Z的智慧。只有包容，才能在NP善待他人的同时成全自wF己。包容包容是处世的大智慧，是一种以博大的胸怀为y基础Z的智慧。只有包容，才能在NP善待他人的同时成全自wF己。包容包容是处世的大智慧，是一种以博大的胸怀为y基础Z的智慧。只有包容，才能在NP善待他人的同时成全自wF己。包容包容是处世的大智慧，是一种以博大的胸怀为y基础Z的智慧。只有包容，才能在NP善待他人的同时成全自wF己。包容包容是处世的大智慧，是一种以博大的胸怀为y基础Z的智慧。只有包容，才能在NP善待他人的同时成全自wF己。包容包容是处世的大智慧，是一种以博大的胸怀为y基础Z的智慧。只有包容，才能在NP善待他人的同时成全自wF己。包容包容是处世的大智慧，是一种以博大的胸怀为y基础Z的智慧。只有包容，才能在NP善待他人的同时成全自wF己。包容包容是处世的大智慧，是一种以博大的胸怀为y基础Z的智慧。只有包容，才能在NP善待他人的同时成全自wF己。包容包容是处世的大智慧，是一种以博大的胸怀为y基础Z的智慧。只有包容，才能在NP善待他人的同时成全自wF己。包容包容是处世的大智慧，是一种以博大的胸怀为y基础Z的智慧。只有包容，才能在NP善待他人的同时成全自wF己。包容包容是处世的大智慧，是一种以博大的胸怀为y基础Z的智慧。只有包容，才能在NP善待他人的同时成全自wF己。包容包容是处世的大智慧，是一种以博大的胸怀为y基础Z的智慧。只有包容，才能在NP善待他人的同时成全自wF己。包容包容是处世的大智慧，是一种以博大的胸怀为y基础Z的智慧。只有包容，才能在NP善待他人的同时成全自wF己。包容包容是处世的大智慧，是一种以博大的胸怀为y基础Z的智慧。只有包容，才能在NP善待他人的同时成全自wF己。包容包容是处世的大智慧，是一种以博大的胸怀为y基础Z的智慧。只有包容，才能在NP善待他人的同时成全自wF己。包容包容是处世的大智慧，是一种以博大的胸怀为y基础Z的智慧。只有包容，才能在NP善待他人的同时成全自wF己。包容,0.0
商品质量很差，和我想像的相差太远，不什得购买，谁买谁上当。,0.0
"通过携程定的每晚240元标间，性价比真的比较差。一、酒店通道和房间的异味特别浓烈，晚上久久无法入睡。二、房间设施过于简易，淋浴的水流特别小，在家洗澡的时间等于在酒店洗头发的时间。房间没有吹风机,洗好头发后需要向客服借用(客服竟然说全酒店只有2个吹风机,已经都借出去了没有了～)三、早晨起床后，发现洗漱间的水都是热水，孩子无法忍受热水索性就没洗漱。四、早餐一般也无所谓，服务生只负责撤盘子不负责换台布，台布很脏吃的倒胃口。第二天立刻换了酒店。",0.0
不错，大小合适            。,1.0
耳套没有    副耳机也没有     声音特别小   还不如*耳机呢  什么货啊  一星都不想给,0.0
杯子还可以，防水圈容易掉&hellip;,1.0
还不错，这不是一本书。是一测一测的,1.0
发货速度奇慢，虚假物流信息，收货后缺少配件，售后服务非常不负责。,0.0
"性价比太差,一个小县城的房价比北京上海广州深圳同级酒店的房价还高,服务跟一般招待所差不多,不值得住!",0.0
服务很周到合理，也很亲切~房间按时打扫，还有水果送，不错,1.0
金属圈还有玻璃全都有划痕了，正常情况下会有这样，假货多些,0.0
"非常不错的一个酒店,我住的是标准大房,388一晚,很值,需要提点意见就是厕所里的地板排水严重不行.冲完凉后厕所地板上的水一直流不走,最后没办法拿浴巾来当地板...中餐不错,床.简直就一个爽字.超大!",1.0
店主很贴心，送了两个牙刷，还送了3只小包装牙膏,1.0
昨天下的单，今天就到了，书的质量不错，是正版，很喜欢,1.0
衣服不赖，老公穿着非常合适，就是不是纯棉的起静电，其他还好,1.0
难看死了，颜色太宣了,0.0
东西不错，打个80分吧。,1.0
"值得收藏的专辑,声音音质不错",1.0
质量好，颜色正，一直都是穿这个牌子的,1.0
鞋子整体不错，没有色差，客服建议的鞋码穿上刚刚好。,1.0
还算OK，练手，比市场便宜,1.0
2015-01-28 23:32:34 您提交了订单，请等待系统确认 客户 \n2015-01-29 09:40:33 第三方卖家已经开始拣货 北极绒品牌COD闪购店 \n--1月28日晚下的单，昨天2月1日收的货，在手机查看订单时发现价格优惠了20元，只要69块，联系商家和ID都不能保价，保价机制名存实亡。\n衣服质量还可以，就是价格降幅有点坑！,0.0
客人反映不错.主要是靠近金融街和西单.商务谈判和购物都比较方便.,1.0
"每次出差都住在这家酒店，酒店在服务上做得很好.前台小姐很有礼貌,训练有素，非常热情，由于飞机晚上很迟到达，大堂经理还专门派车接了我，她们这种热情、细致、周到的服务使人有种宾至如归的感觉，下次还会到这家酒店入住.",1.0
古代的人，善于总结各种智慧。,1.0
很次，很次很次很次很次很次很次。,0.0
不错，装的香肠味道很好,1.0
书还没看，好不好先不说，就第一眼的感觉。。。。给的不低了，要是可以一星不给T_T,0.0
对于数学，我的态度一向是不温不火，既不太喜欢，又并不讨厌。至于真正的由数学而生发的思索，却是从来未被自己关注的事情，说来也并不奇怪吧，因为我并未从数学学习中获得过真正令自己感动的趣味与满足。读了《怎样解题》，在作者从容，清晰，充满智慧的论述中，我想了很多，也做了很多笔记，感觉收获不小啊，我才敢说至此，我对于数学才是刚有一点直指本真的认识了：数学是思维之舞，精准，优雅，纯粹。,1.0
宝贝很漂亮的。就是物流太慢了,1.0
没穿过，看着还不错,1.0
沒用過 手機不行 這送的東西看都懒得看,0.0
如果你处在18岁以下，那么，建议你可以尝试一下这本被有些人喜欢的书。买了来浏览了一两页就再也不想看它第二眼了！说说书中的内容吧。这么说，找个夜市的书摊，随便翻开一本什么“成功的秘诀”、“人际关系的艺术”之类的书，都可以找到这本书的蛛丝马迹。。。也就是说，这本书，和市面上流行的各种励志书没有任何的差别！里面无非是些教条的说教罢了，对于一个心智成熟的人来说，这些东西完全就是……,0.0
是正版，价格也比较划算,1.0
1.声音效果粗糙 2.机器本身以及屏幕爱吸尘 3.自带的vista home 不实用,0.0
这酒店真的不错，入住那里很值得，不过唯一不足的是周边环境还不完善，离市区远点，不过有车就无所谓了，现在这房价能住这酒店我觉得打5分完全够格。,1.0
个人觉得这本书是目前为止的《鲤》系列中最值得看到一本。每个人都有嫉妒之心，嫉妒别人有而自己没有的：亲情 爱情 友情。。书里的每一个字，好像都是在说自己，很贴切嫉妒是一湾黑色的水，大部分人都把水控制在可以容纳的范围你；而如果黑色的水一旦溢出，就会污染周围，并且将这个湾完全覆盖。毁灭了别人，也毁灭了自己。这也许就是过度的嫉妒所导致的必然结果吧。,1.0
贵了，不值。同样的品牌同样的款**就便宜些，以后不再京东买了。,0.0
拿到宝贝时，包装盒子都破了！\n物流也选的太好了吧！\n而且下单天后才到！,0.0
好看不知道耐用,1.0
还不错哦，很值就太性感了,1.0
电池时间短，无线网卡上不去，模板是10寸的，不是8.9的，没有想象中小。,0.0
没有最差、只有更差！\n这就是对你们最恰当的描述！,0.0
帮单位同事买的，有点大了,1.0
样式不错，拼色麻花，传统不落俗,1.0
内缸上总有一层黑黑的漆，吓得不敢用了,0.0
闹中带静，虽然离四方街不远，但房间还是挺安静。里面的装修看得出很花心思，挺有味道的，房间和洗手间虽然不算大，但挺舒服干净的，服务员很友善热情。我是住在二楼，可以看到古城的大部分，感觉还是很不错，不过觉得价位稍稍贵了点。,1.0
"房间应该超出30平米,是HK同级酒店中少有的大;重装之后,设备也不错.房",1.0
外观靓，重量还比较轻，运行起来声音很小，晚上用应不会影响到别人。 送的包包很结实，比较好用。 屏幕看上去比较细腻。,1.0
卖家态度极差衣服质量就是破烂儿,0.0
不喜欢，太薄了。,0.0
第二次买了 价格便宜,1.0
多年入住此酒店，主要是服务和地理位置好。但房间和设施太陈旧了，应该要重装修才行，否则性价比不高,1.0
不满意，服务也不好，发货也慢，墨水也洒了,0.0
"房间新装修的,作为万豪的金卡会员,给我升级免费宽带和免费早餐,这点比无锡万怡好很多了.前台的笑脸不多,但和之前相比的话,进步很多了.鼓励一下.",1.0
衣服很和身，轻薄舒适。,1.0
送货很快的，服务态度很好地。,1.0
商品和图片完全不符，不值这个价，退货嫌麻烦。,0.0
这本书不仅包含真题还有预测，而且赠送很多东西，很实惠，我原来都是买王长喜的，虽然有点习惯他的分析题目的模式，但是这套试卷里面的一些思路和王长喜的很不一样，会让你有突破常规的解题思路，而且个人认为不论是六级还是四级都是真题比较重要，模拟只是一个辅助的，买了这套试卷又送三套模拟卷，这样我可以不用买模拟卷，而且模拟卷也不怎么用，非常好，关键是性价比很高！,1.0
有承传的功夫，80年代就看到过方老师介绍的六步养生功，现在他的徒弟们出书了，收藏！,1.0
"建议携程不要和这家酒店合作,名曰三星,要我看准星级都勉强!首先不在市区里面(去涵江区打车还要10块钱,当然你能打到的话)在一条前不着村后不着店的公路旁,交通极其不便;其次一进入酒店就一股霉味,地毯上到处都是污渍,很像地图.最不能容忍的是有很多小虫子,到处乱爬.我正好赶上台风没有办法只能在那住要不我不敢保证还会住那里.",0.0
书都没有买到，还叫我写评论，真是的，可能太受欢迎，销售太好了，都没写缺货，书也没发给我，真是的。,0.0
客服很耐心，有问必答的，同事都挺满意的！,1.0
我也是醉了  上面烤东西的一个大槽 放不进去，这样我怎么烤东西  还有你们要卖就买套餐3送的东西太垃圾了  顶多10快，  烤架的铁皮太薄了   两边的放东西的东西也没有,0.0
老觉得两卷本太厚了，应该弄成平装本那样的四卷本。,1.0
跟图片看起来差,0.0
质量不错 做工可以 面料一般,1.0
"这是一本小学读物,用以前评书的方式去写书,深得小学生的喜爱,至于中学生是否也喜欢就不得而知了,作为成人的我,不是太感兴趣.",0.0
客服小乔的服务态度很好哦,1.0
总体来说，这东西还是不错呢,1.0
商品很漂亮，发货速度很快，质量很好，很超值，就是送货员送货速度慢,1.0
快递太慢，只能给差评,0.0
口袋浅，容易掉东西，果真如此,0.0
质量不好。有开胶。,0.0
很久了，就到都忘记来评价了，质量有点差，塑料感强，很硬，磨脚。一分价钱一分货,0.0
"已经多次入住了,在徐州是一家不错的酒店,环境雅致,早餐也不错,有当地的特色.",1.0
已是第二次购买，宝贝很漂亮，特别精致，喜欢的美眉不要犹豫了，赶紧下手吧。,1.0
如果你有很多时间充电 就可以买,0.0
包包很好用，挺好的，很喜欢。,1.0
就是点错了，结果付款了，现在都没有收到货物，物流就这么不靠谱，京东就这么不负责？,0.0
第一：chickin超慢，1：50进入，本来说3：00才可以入住，但到了3：00说房间还没有收拾出来，需要再等20分钟，请我们在大堂喝杯茶，真正入住时已经3：30分了，不明天每位客人11：00就退房了，怎么到3：00还没有打扫好呢？！第二：早餐价格不斐不说（218/成人；110/小孩），品种超少，本来就是想和卡通人物照个像，可那些卡通人物似乎只愿意和老外合影，对中国人，特别是内地的就是敷衍照几张，你如果还想照，它就根本不理你，朝它下一桌去了。第三：房间没有想象的好，也就是北京3-4星的样子，没有浴后乳，要自带呦，餐厅空调超冷，北方去的要带长袖衣裤，咱还真受不了,1.0
产品质量不错，实用好用...,1.0
没有异味，使用起来很方便，和描述一样，物流速度快，服务态度很好,1.0
草草通看了一遍，太一般了，和末流仅相去步武印数多，卖数也多，如此炙手不知何因，虽然出版商外加某某的热炒吹捧实在也不妨碍它成为一本快餐书忝列论注，实为末流,0.0
"只能说，还可以住住。硬件，环境没什么可点评的。免费注册网站导航宾馆索引服务说明关于携程诚聘英才代理合作广告业务联系我们Copyright1999-2008,ctrip.com.allrightsreserved.",0.0
格子的大小正合适，但是味道太重,0.0
效果还可以，就是拉到70端的时候跑焦特厉害，不知啥原因,1.0
真心觉得不好，圈太大，而且太轻，质量也不如街上卖的四十块钱的好,0.0
住了一天，简直就像噩梦！没有一点让我满意的地方！！,0.0
挤压嘴都碎了，好几天才到货，京东垃圾！！！,0.0
钢琴漆缺点 容易留指纹 指纹收集器 C盘220G 到手就DM 硬盘模式从ACHI改另外个就能装XP High Difinition Audio 驱动装不上 能发声音就让它去 禁用就不会开机提示安装,0.0
超出希望值，物美价廉，等下次换球杆的时候，再来找你，老板很好，还送了小礼物。,1.0
大小正好，百搭的一款衣服，很好看,1.0
原来在实体店买的杯子不小心摔坏了两个，就买了相同的配一下，没想到还是不同，收到的货和商品配的图不太一样啊，配的图倒是和我原来买的一样。,1.0
房间很不错，还有水果送，主要是接机的服务很好，因为机场离市中心很远，还有司机很热情，路上还让我们下来拍照，还介绍旅游的风情，很不错。,1.0
好用，好喜欢的美的真正女好,1.0
次品   有凹坑  严重不好  不好！！！！,0.0
侧的准确，实用，价格满意,1.0
东西远没有想象中的精致 差评,0.0
大概的看了一下，感觉一般，打折买的,1.0
款式简单大方，上档次，颜色漂亮，价格实惠，物流也很给力,1.0
说实话初次到绍兴，住这个酒店比较好，为什么呢，因为离景点都比较近，条件还不错，房子比较有特色，只是楼道慢陡的，接送的师傅人比较好，服务员也还不错。,1.0
实用性不高 感觉不值这个价 亏大了,0.0
用了几个月了，非常好使。以前扫地无法扫干净的细小灰尘、头发等，都能清扫干净，而且是充电的，轻便灵活。,1.0
麻将很不错，家里小玩一下比较合适,1.0
衣服款式很好，面料太一般了，尤其圆通物流、次，服务真的要多次有多次，京东要是在与圆通合作下去也快了，还是去其他网比较好。总之下次买东西看见是圆通物流我是不会买的,0.0
还可以吧，现在不要了。,0.0
酒店条件非常差！明明说有网络，就是用不了！而且蟑螂成堆，永远不会选择这个酒店了！！！补充点评2007年7月20日：极差！！！！,0.0
"因行已打烊，身上已有人民了,但家店居然不能刷外卡,想先押美金,前台居然不同意,真的是....死人了,本要我押行李，真不知道押美金比押行李保障？能力有差的，另外在退房前台的服人度不佳,所有要我名的表都是用的,一貌都有,不遭的民生能和交通算方便就是了补充点评2008年7月10日：临Τ┬丁ず楞楞",0.0
价值便宜量又足，非常满意。,1.0
还行  用着还不错,1.0
赞，非常好用，good。\n,1.0
做工不错，估计是手工打磨的所以有些线条不太精准,1.0
质量实在不敢恭维，上午送到货，不到中午12：30秒针就脱落了，只能退货了。,0.0
美中不足的就是门中间的板下面翘起来；,1.0
看不出实际效果，可能我的热水壶还不够脏。,1.0
在京东网购以来，最失败的一次！钱不多，但是花的冤枉！,0.0
"用用还可以,价比不高偏贵",1.0
红娘子的书一向都没让我失望过，从最初的红缎，到后来的绿门，橙子，青丝，都有自己的出彩之处，都不会是同一个模子印出来的，所以让我们读者都有新的期待...关于感动，爱情，亲情，友情，红娘子都已经用自己的笔触讲述给了我们这次的《迷藏 血色面具》也让我见识到了另一面的红娘子！有她最熟悉也最热爱的故乡，湘西....这里面融入的感情元素就更多了...~所以，值得期待，值得阅读！,1.0
内容有深度，不好把握。,1.0
种子太少了，比农资店里贵好多,0.0
全新的正品行货，送货的人员也很专业。 已经在网上查到HP质保信息，这个价格在上海的实体店根本拿不到。 可以说这是一个迷你的笔记本电脑，而不是有一个上网本。 性能可以和一些笔记本相媲美。 最爽的是六芯电池，充满电可以用四个小时，我很满意,1.0
没发票，说好的返现联系几次都没给，差评,0.0
真的是可以o  颜色还可以,1.0
差的要死。布料也不好。物流也慢死了。一个星期才到。垃圾,0.0
衣服做工面料都挺好的，好评,1.0
温和清凉，没风油精那么刺激,1.0
性能配置都算是同价位里的佼佼者了，而且商务机的散热一直做得不错，值得赞扬,1.0
下朋友喜欢，，，，，，，,1.0
房间总的来说还不错，早餐做为四星级酒店来说一般。酒店外面小吃或者一般的酒店少 总的来说，对我这样出差的人来说还不错了,1.0
收到货，快递给力，还没穿，看样子蛮好！老公也让要买一款，急于给老公再买一件，所以快快来评价，好评！,1.0
妈妈说一般般 这个价格也就这样吧 \n,0.0
挺好的，老爸喜欢。就是刚开始怎么也没反应，后来重启了手机以后就能从耳机听到声音了。,1.0
真的很差，就这个价格来说完全可以在桂林住到更好的酒店，前台服务员态度一般，入住之后，空调有问题，房间卫生间没有完全隔开，不方便！反正很不满意，建议不要入住,0.0
退了20寸的，重买的，这个比那个强多了，不过轮子很脏，有一个轮子不灵活，不知道是谁退的货，懒得再换了。,0.0
一开始住在7楼，正对2个工地，本来想市区施工到10点也就停工了，可苦苦等到0点不见停，巨大的桩机声响搞得无法入睡，玩了一天累啊！后来叫总台换房间，总台居然说只有标准房了，我爱人和宝宝挤一个单人床，一晚没睡好，酒店还不肯退差价。,0.0
价格便宜。性能不错。配置比较好。另外箱子里又送内胆包，包的质量还是不错的。,1.0
住了2天一直下雨，看了以前其他人的点评感觉行李员的态度现在要好很多。因为房间紧张我还被免费升级了房间，不错。美中不足的是早餐种类太少。,1.0
"这个酒店的所谓河畔全景房就是靠近拉萨河这边的房间,网友说的比较吵是因为在房子和河流之间有一条马路,整天都有车辆经过,比较吵就不奇怪了!",1.0
还行，组起来挺好的&hellip;&hellip;&hellip;就是组装描述的说明书，也太不清楚了,1.0
东西不错，用着也很好，赞,1.0
东西质量不行 还没用到一个月就不怎么好用了,0.0
奉劝大家不要买。我是在放假前也是快递停发前两个星期定的但是它卡了10天还在一个点上，。而且现在我还没收到货他就收款了，。客服又不理人，。态度极差,0.0
比较方便，送货也比较快。,1.0
"医疗展会的时候入住了这个酒店,豪华海景房. 房间设施还比较新. 但是我入住的日子,从进去到离开, 酒店不供应热水. 想想一千多的房价, 亏死了. 说是大连在维修管道, 简直是无耻, 我确认过同期很多朋友的酒店, 都没有收到影响. 酒店的解释非常勉强.预定时, 我是用信用卡担保的, 他们还不给我取消入住, 也不给打折, 说时不可抗力(我们航班因天气原因迫降沈阳,酒店都不给我们取消预定的,害我们打车来连夜赶到大连!!) 这个气愤啊. 携程也很差, 连这么大的事情都不和我说. 总而言之,入住这么个无耻的 倒霉透了. 补充点评 2007年4月14日 ： 还忘了说了, 此酒店收费项目太多, 上网时0.8元每分钟, 打劫啊.",0.0
"去之前在携城上预定的是豪华行政单间，打完折是380元，到了那里接机服务还算不错，蛮准时的。司机也应我要求先把我送到另外一个我要去的地方，而不是直接去酒店checkin。他们同时也帮我做了房间预留。办完事16：00点我进的酒店。进了房间以后发现房间很小根本没有网上说的25cm2,大家可以看我贴上去的照片，床是一面贴着墙的。因为这与我预定的信息不符,于是打电话去前台询问，前台竟然说我定的是三星标准的豪华行政单间，现在给我的是五星标准的单人间，还讽刺地说“如果你对面积有一味的追求可以帮你换回来。”态度很不客气。就算你房价是一样的，在给客人换房之前至少也应该打个招呼吧，这是最起码的尊重。何况他们所谓的五星根本不符合五星标准。房间小就不说了，洗浴品只有洗发水，没有浴袍，茶水篮里仅有一包绿茶。卫星频道大概5个吧。如果大家要去连云港，我建议大家住明珠万豪，虽然离市区稍微远一点，但是服务和环境设施要好的多。服务员也很亲切，符合他们对外挂牌的准五星水平。虽然加上明珠香榭（没住过），3家明珠同属一个老板。但感觉真的差很多。",1.0
没见过这么差的快递公司,0.0
各方面都挺好的，不过不知道下水后质量如何，期待,1.0
"不错的酒店,地址不错,在市中心,酒店服务员态度很好.",1.0
大堂、过道、房间都不错，但卫生间实在与挂牌五星不符，没有独立的淋浴房，只有浴缸配浴帘，作为一个新建的酒店相当落伍。整个山庄感觉类似于一个别墅住宅小区，环境还不错，但也没什么过人之处。早餐偏中式的，品种不多，一般般，五一期间，客人太多，要找个位置都不容易。去用晚餐就被告知没位子了。临安安吉这一带好的酒店少得可怜，陆羽山庄似乎只能是不二的选择了。,1.0
东西不错  ，就是味道很大,1.0
质量很好，结实，比较喜欢。,1.0
\n　　阳光透过树叶滑落指间，碎了一地，照亮世界。&mdash;&mdash;题记\n\n　　冬天的晨很冷。坐在书桌前的我抬头看看窗外，摇摇头：&ldquo;冬天真有迷惑性呀!明明那么冷，还让太阳出来&lsquo;普照大地&rsquo;。要不是听了天气预报，还真看不出今天零下二十多度，嘶.....冷啊!&rdquo;若有所觉地打了个哆嗦，我继续我的&ldquo;发呆大业&rdquo;。不知过了多久，一束阳光照了进来，晃到了眼，记忆中似乎有另一个人，也笑得如此灿烂。\n\n　　那是一个炎热的夏，开着窗坐在桌前，桌旁放着风扇，桌上放着一本具有浓郁古典气息的唐诗宋词，可我人觉得一阵阵闷热，好像有一块被烧灼得很烫的石头压在身上，热得汗流浃背，压得人喘不过气来。那时的我还小，虽人在书边，心却已飞远。你站在门口，手里拿着一杯香茗，静静的，没有言语。不知过了多久，你缓缓走了进来，轻轻放下那杯轻轻放下那杯温热。我不着痕迹地轻皱了一下眉，说：&ldquo;天这么热，还喝热的东西呀!&rdquo;你淡笑，然后又拿起香茗递给我，&ldquo;休息一下吧&rdquo;，我无奈地眨眨眼接过温热的茶一口喝光，然后你的笑加深了，加深了，然后你转过头走开。我愣住!\n\n　　我想，每一个善良温柔的母亲都是天使转世，上帝赐予了她温存、和善、温暖，却带走了时光。妈妈的那抹笑，我至今难忘，像阳光般温暖，如阳光般耀眼。突然感觉不那么热了，因为心头被风吹走了闷热，可我不知那风来自电扇，还是那抹阳关般的笑。\n\n　　蓦地记起从前遇到的一个小男孩说的话\n\n　　阳光就在你身边啊，它无形无色，但又无处不在。你不能看见它，但能感受到它，太阳发出的光叫阳光，爸爸妈妈的爱也是阳光啊!&rdquo;那个只有七岁亦或是八岁的小男孩竟然懂得比我多，而我直到现在才有所悟。原来，阳光，阳光就在我的身边啊!我们的生活，充满阳光!\n\n　　冰心说：&ldquo;爱在左同情在右，走在生命的两旁随时撒种，随时开花，将这一径长途缀得香花弥漫，使穿杖指叶的行人踏着荆棘不觉得痛苦，有泪可落却不是悲凉&rdquo;。所以她用阳光的心打开阳光的窗，打开人生的窗，让屋内洒满阳光。\n\n　　阳光透过指间散落湖边，撩起丝丝涟漪，原来，面朝大海，真的可以春暖花开;原来，打开心窗，真的可以让生活，充满阳光!,0.0
送朋友生日礼物的，结果她刚在专柜买了一瓶一模一样的沐浴露 哈哈 原来她是欧家忠实粉丝啊,1.0
太普通了，，，，，，，，，，,0.0
不是特别理想、照片和实物有差别,0.0
此书价钱太贵了，而且不适合5岁以上的小孩阅读，页面太少，又贵，不值得买！太不值得买了。,0.0
一般，杯口有瑕疵，杯盖发热，,0.0
快递很给力，奶粉到的很及时，宝宝很喜欢喝,1.0
房价比较贵！楼很高，大堂比较宽敞，房间也够大。但是硬件设施也就是八十年代末，九十年代初的水平，显得老旧，家具起皮，洁具是老一代科勒排队，但已没有了光泽，洗手盆的下水口里卡者牙膏盖子。卫生条件绝对没有四星级，新换的床单上还有不知谁的体毛！电梯里的地毯好像已经洗不出来原色了，房间里也别想找到一尘不染的感觉。服务也不够四星级，门卫冷漠地看着我提着行李来，拖着行李走，估计不叫到头上估计不会主动帮忙。客房服务也不敢恭维，我半夜三点钟才入住的，结果纲要睡下服务员就来敲门，给我送水和一次性用品。精神可嘉！但时间不对。房间里有宽带插头，但不知为什么用不了。地点还算可以。我后来想通了，估计是石油人兴建的，以公款消费为主，所以价格贵、服务差，不重视酒店的管理。要是自己旅行还是少住！,0.0
没有12000毫安 便宜没好货啊,0.0
4月8日订了两个房型，一个单间和一个标间加床。房间很大，加了床还很空旷。里面有个麻将桌，可惜我们凌晨两点才回到酒店，倒头就睡了。床上用品不够星级标准，相当于经济型酒店，枕头太软了！早饭很丰盛，太好了！宾馆反馈2008年4月11日：非常感谢您的宝贵意见和对我们的肯定，做的好的我们会继续努力，对于您不满意的地方我们会积极配合整改，真诚期待您的再次光临，给我们一个提供更好服务的机会！,1.0
不错，我157，49kg，穿了正好,1.0
。。。。。。还可以。。,1.0
很不错呢，质量蛮好的，很喜欢的画呢\n,1.0
好看是好看，但是手机摔了一下还是裂屏额,0.0
东西不错  看起来可以    可是  非常不爽  我本来买来送人  七夕节  结果  一个星期多了  居然还没到  一直在快递员手上却不给送  态度不好  客服还行  所以没有拒收,0.0
衣服太差，掉毛很严重??,0.0
"4799下的单,收到的时候价格变成了4699,并赠送一张杀毒光盘,然后就因为新增加赠品的原因,我无法申请价格保护,这明显是京东逃避价格保护的小手段,让我十分的不爽! 而且什么东西都没有送！！！！",0.0
物流实在是让我无语了，来回折腾，客服更让我来气说能退，结果退的时候就不说话了，一点诚信没有，邮费都赶上酱油钱了，不说别的，反正就是很不满意，很不爽。客服很差。,0.0
东西质量太差  没有啥用,0.0
最大的优点就是电池待机时间相对来说比较长！做工十分精致，很小很轻便，携带方便！风扇声音很小，功能也比较齐全，速度与其他上网本横向比较相对较快！,1.0
垃圾，两个小时都不会干，气死了，真想不通怎么会有那么多的好评，气死了，直接扔了,0.0
"入住前询问态度还不错,但是朋友说房间莲蓬头水很小,还漏水,吵的睡不著,隔天要求退房,也许是不同服务人员,态度很差",0.0
"服务尚可,携程网协议价偏高.本人发现其他公司协议价只有366元(含早).",1.0
宾馆地段不错，可惜没有早餐提供。隔壁的那家饭店很有特色，名字忘了好像有吉祥两个字浴室下水很慢。总体评价中等。,1.0
刚拿到手，手感还不错，评测中，希望耐用。win10不太会用,1.0
看了此书觉得还是很不错的，但是觉得有点晚了，二十年前怎么没有这样的书呢？希望推荐给年轻人。不过，话说回来，里面的道理恐怕不是每个人都学得来，毕竟个性还是很难改变的。另外，袁先生的有些章节，用词太学术，不然会更通俗，有趣！可能和作者本人的经历有关，有名的大学都让他给读了！很是佩服！希望再写一本给70后的书，正在职场打拼或创业，在家里和外面都被夹在中间的人也不容易啊！,1.0
这本书是本好书，作者确实是亲身经历了很多地方，花了很多时间写出来的，真实性很强，把中国城市写的很到位，我本人对城市这方面的文化了解的很少，所以在读起来很多地方不是很明白，这和我个人的水平有关，有人说这本书的作者带有偏见，但我认为作者一点偏见都没有，真的，他没有刻意去说大陆和香港哪好哪不好，写的见解很真实。,1.0
东西是可以的，就是老串台。凑活用还可以的,1.0
非常差，不仅颜色与图片大相径庭，而且侧面有裂。申请退货，店家不退。中融尚品真的太不诚信，以后绝对不会在来卖东西了！希望大家都不要上当受骗。,0.0
基本没有什么问题可以购买,1.0
很暖和，冬天穿上还是可以。感觉比较真实。,0.0
不好，，太轻了，跟想的不一样,0.0
看起来还行，应该有所帮助,1.0
好东西  好好  但是头盔给人的感觉是很不安全（泡沫的）,1.0
不是心目中想要的那种，没有图片那么紧身,0.0
房间装修不错，早餐也挺好。出入方便。推荐。,1.0
送货速度挺快的，珍珠质量不错，色泽很好，非常喜欢,1.0
还可以吧，我要退一件货.谢谢,1.0
我根本就没收到货卖家诚信有问题！大家千万不要买！我没收到货！,0.0
物流太差。。书送回来。都烂了,0.0
外包装真不错，个大，肯定好吃,1.0
京东很给力，服务也可以。但是这家第三方服务特别差劲，我本来打算换货的，后来感觉到这家的售后果断退货。我29号退回去的货，他们2号收到的，一直到6号我查看的时间还没有退款呢，还是京东直接先行赔付的。就这样的卖家还旗舰店呢，就这样的售后！以后看也不看！,0.0
小巧，漂亮！上网，文本和照片编辑速度还算理想。屏幕和键盘的大小还好！,1.0
太贵了，银质还差不多。,0.0
京东居然也有假货，真是没想到，一直支持京东，这次太让我失望了！,0.0
每个人的看法可能都有所不同，也许还在围墙外的我没有用心去看者本书吧，也是听朋友介绍跟风买的，满新欢喜的拿到后一读觉得没有什么意思。情侣或夫妻两个人每家都有每家的故事与特点，我觉得只要用心就好了。。。。,0.0
非常的好！我和我老婆对这家客栈赞不绝口。基本上可以达到四星级的房屋设施标准。自带的庭院非常美丽。酒店的服务员和老板人都很好。早饭非常好吃，牛奶，馒头，鸡蛋，和肉酱面。真的让人有家的感觉。下次我一定还要住在那里。,1.0
对酒店的服务非常满意，每次酒店服务人员提供的时间承诺都能遵守，非常难得,1.0
一般，不值这个价......,0.0
不怎么样，一般般货。。。。。。,0.0
治疗癫痫的工具书，很实用,1.0
新托业考试全真模拟（附光盘1张）,1.0
次品太差了，真想把它摔了！,0.0
东西很好，卖家也很好，狠狠赞哈！！！,1.0
京东物流很赞?，卡片很漂亮，赞！,1.0
质量不错，枕套够大。,1.0
不是很满意，做围巾觉得面料不够柔软,0.0
款式可以，鞋头太大了，我不喜欢,0.0
快递太差 包装都变形了  打开味道也不好闻,0.0
七天才收到货，不想说什么，,0.0
很喜欢这款箱子，颜色好看且质量好,1.0
宝贝的质量不错做工精细 尺码也标准 颜色正 回来就试穿了下 上身效果不错哦 版型好看 。,1.0
放车上，挺好的。。。。。,1.0
特别粘毛！！太难清理了,0.0
房间大，装修好，服务佳。。。就房间而言，不逊于5星 还会来住,1.0
在京东买东西的都是钱多烧得慌的人，东西贵得吓人，物流并不是很快，东西金额少了还加运费，京东这样做生意我是买不起了！,0.0
"感觉是假的,喷码有涂改,感觉是假的!!!!",1.0
我家外甥女挺喜欢的,1.0
酒店所处位置不错，只是搭乘德士比较不便，早餐品种虽然不多，但相当实惠可口。补充点评2008年1月3日：酒店服务态度热情周到，入住时，由于没有本人所预定的房型，酒店主动免费给予升级，火车站就在咫尺之遥，周围商店餐馆林立，十分方便，下次到徐州公干还会再次入住。,1.0
好吃的又很便宜,1.0
套房很不错。风景也很好。唯一美中不足的是酒店的位置比较难找，交通也不大方便。,1.0
不是不锈钢的，假货，和正品对比一下 差距很大，京东现在卖了这么多假货啊。真让人失望啊,0.0
还没用，不知道好不好，看样子应该不错，能拿挺方便的,1.0
早上挂的单，下午就去取货，机子性价比很高，用了10天了，才上来评价，发现这机子京东还没有降价，心里很高兴，只有一个扬声器，音效还可以，没有网上说的那么差，重装系统后运行很平稳，没有什么问题！,1.0
上个星期，订了两间高级房，只有这种房型才有两张床。订的时候忘记注明要双床的，但是要了四份早餐。后来，我的客人到了酒店，前台说：只订了一间大床房。我不知道携程是怎么跟圣廷苑沟通的，那天下着大雨，客人也不能转其他酒店，害我丢尽颜面。后来，携程的一个工作人员打电话过来，除了顶嘴什么事情也不能帮我解决。我认为：我订了四份早餐，虽然我忘记了说一定要双床的，可是携程也应该帮我确认一下，估计那天酒店生意好，就随便把我的房间订成大床房。后来，携程那个工作人员还说：你有可能带朋友来吃早餐才订四份早餐的，这很正常。我觉得这个服务态度也真是够差的，我一直在用携程网，现在已经是白金了，但是这样的服务态度我真的觉得很遗憾。,1.0
不是一般的差，基本不能用，很薄，字没有写完起笔就干了，收笔总干不了。不能用。,0.0
运行速度有点慢，免费的杀毒软件只能用90天，给了两张DVD盘，“鸡肋”没有光驱，如用还得用外置光驱，或合成USB驱动。麻烦。,0.0
太厚了   根本没法用,0.0
当当的送货真是太慢了 ，从下单到收到用了8天，还是快递，而且我打了起码10个电话给快递，到了本城好几天才给送来，首先说是下雨不送，后来一直说没人 尽量安排。 买了20几本书，有一套书一共12本，每本几块钱，但是发错一本，有一本发重复 一本没发，打电话给当当，说要换的话要整套去邮局汇给他们，然后再帮我换货，不过，我实在是不想这么麻烦了，又要等10几天。这一次交易暴露了当当很多的问题。总之，这次交易是不愉快的 。,0.0
网上介绍写的是头层牛皮，结果买来的鞋盒上写的是牛皮革，蒙骗消费者。我要的是土黄色的，寄来的是卡其色的，但是却放在了土黄色的鞋盒子里，不知道你们的色差能大到这种地步。。。。。。,0.0
书，特别好，可读性很高，联系购买，,1.0
很一般，没有别的自传书写的好,0.0
质量不是很好，而且14英寸的电脑都装感觉太挤，物流慢的，快递员也没礼貌，昨天到的，他今天才送，而且今天中午给他打电话，他说晚上在送过来，这是什么快递，体现快在哪里，只图自己方便不方便,0.0
百年经典精品收藏人文阅读学术权威思想沉淀,0.0
很薄，穿一次就起球，价格特别贵，成本感觉最多20块钱.关键还吸热，穿上有一种透心凉的感觉。,0.0
没有配置驱动光盘。这点很不好。虽然说笔记本本身带刻录。可是也麻烦了客户啊。,0.0
对自己总有好处，看看又何妨,1.0
书中有7页的缺页，确切的说是7页的白纸，你们倒是省墨了，可苦了我，看起来没有连贯性，有时不知所云，故事情节连不上，让人非常的讨厌。,0.0
差，太差了，怎么在路边拍的一样，看不清。,0.0
很一般，也就是3-4星级水平。房间里有崭新的电脑，早餐尚可，房价不贵，实际上在保税区也没什么更好的选择了。,1.0
不是太好用，感觉像玩具,0.0
包装很精美，但是里面的唐诗300首的书太差了。\n\n这么好的包装，还差那点纸钱吗？,1.0
小锁子的创意很好，锁住记忆，锁住爱情，锁住你和我的心,1.0
物流也太慢了，惨不忍睹！干脆叫蜗牛算了,0.0
物流也太慢了，九天后才收到货，我手机都已经摔坏了！,0.0
已经在使用了，加热很快，性价比不错，有朋友要买也会推荐这款！,1.0
总算是解决了，京东的服务可以滴。,1.0
衣服行，物流非常非常慢,0.0
质量不错！就是比市场上贵,1.0
多次购买了，以后还会继续~,1.0
宾馆采用地热取暖感觉很舒服，整个酒店很暖和，前台服务周到，态度很好，早餐自助方式，还不错，我住的是商务间，淋浴房由于没有门，水会出来，是设计的问题，另外，房间的灯太暗了，其实换瓦数大一点的灯泡就可以了。,1.0
好吃不贵，分量也多，喜欢,1.0
就这样吧，个人口味而已。,0.0
包装差，洗衣液漏了不少,0.0
书的质量还好，价值这个价，但是这个发货实在受不了，整整一个礼拜才到啊。。。。。,0.0
1.性价比较高；2.散热不错；3.噪音还行；4.触摸多媒体键时尚，但没有旋钮式的好用；5.本本做工不错，外观还行。,1.0
最后调整到新翼楼，是他们新装修的楼层。 还算不错的，浴室面积很大，早餐比较丰富，但是挺贵的：）,1.0
看着挺好的，比较全面，书也不错,1.0
感觉比较温馨，价格也比较适合于一般商务。,1.0
很不错，是心仪的产品 ,1.0
被子收到了，这次网购还行，被子摸起来很好,1.0
东西真的不行，换了3次还是坏的,0.0
房间确实不错，床很大，早餐也很丰富．前台值班人太少，只有一到两个人值班，办理入住和退房时间比较长．,1.0
很棒的手电筒，在手机端用了很便宜的价格买到的，旅游出行必备，赞一个！,1.0
相当 不错的，，，，，，，，，，，，，，，,1.0
很不错啦啦啦啦啦。。。。。。。。。。。,1.0
携带方便，大小合适，外观好看，虽然只有17L，但是容量还是比较大的，还会再来。客服态度比较好，因为是五一之前订购的，怕担心假期无人收货，还特地打电话询问了送货时间和开票情况。,1.0
入住豪华房，房间很大，但是有些设施显得有些陈旧。拖鞋很舒服。淋浴房漏水。还送水果，很不错。酒店的送餐不错，价格不算贵，量也挺多，味道也不错。checkout的速度很慢！,1.0
刚开始没发现 基本上是属于一次性的 因为是用胶粘的 类似双面胶的东西 不仔细看 基本看不出来 洗过一次 就都开了 不可能再穿 挺失败的购物 *,0.0
东西很不错，比想像的要好。真心喜欢，摆在办公桌上，工作劳累时看看，心情都会好很多。,1.0
7月2日下的单，12号才收到货，这物流的速度我也是醉了！！！！,0.0
唯一不喜欢的就是那里的菜偏咸。总体还不错，最喜欢的就是有去机场的班车了。,1.0
色差太大，太小了！比较失败的一次购物！,0.0
用起来不错，不过有点胶的味道！,1.0
声音太大了，不好用，差评。,0.0
"地理位置不错,自己开车去还是很方便的,房间幽雅舒适,非常干净!价格也比较合理,比我住的3星的酒店还好!我介绍朋友去住了10几天他们也非常满意!下",1.0
坑，夜市估计8块钱\n,0.0
还不错；快递非常给力，头一天晚上下单，第二天上午就到了。,1.0
喜欢这味，但不宜多喝。。。。。。,1.0
非常不错的衣服，很好，尤其是后面比较长，对腰起保护作用。,1.0
质量不好，用了几天就不行了,0.0
质量挺好的，快递送货服务好?????,1.0
第二次买了，质量有保证，绝对值得购买，价格实惠，配置全。,1.0
希望以后出厂的能装订厚点的,1.0
设施是很一般，但是服务人员的态度不敢恭维的。早饭很差，一大群服务员乱哄哄围在一起，就是没有一个人理你,0.0
你们的商品是好假！说好买一送一！却只有一瓶！希望你们给我个说法！！,0.0
虽然使用最新的N280CPU，但是芯片组却是用了945，有点遗憾，如果能上最新的G40就更好了，不过上了G40可能这个价位就没戏了哦！,0.0
刚刚开始看，对我来说略有些深，还得慢慢看,1.0
快递太慢了。而且说好的黑色的绳子怎么给了个红色的-_-#,0.0
买错了，本来以为是讲构图的书，看了发现是讲胶片机的,0.0
东西很好，很实用，家人满意。谢谢！,1.0
不喜欢书中图画的风格，故事也太简单，觉得没太大意思。儿子也不喜欢这本书。,0.0
很喜欢，图片也很美，会好好收藏的,1.0
店家发什么愣啊，我要的是绚丽紫的，结果给我发的是黑色的，且我是打开包装后才知道的，我简直是哑巴吃黄连有苦说不出啊，算了反正是要盖住白发的，就将就着用吧,0.0
色差较大，同等鞋子价格贵不少，而且与大市场*元的假货一样。,0.0
还没有用，是给家长买的'说是打售后服务'一直都没有人去',0.0
不是铅笔裤，有西裤的感觉，是高腰,1.0
发错码，联系客服还不答复,0.0
本来定阙里宾舍，定单提交后携程打来电话说没有房间啦，推荐该饭店，结果入住后发现房间脏、乱、差，前台服务员态度冰冷，号召大家抵制该酒店。,0.0
其实这种枣很好吃，当我收到货后让我惊讶！扔掉了铺张浪费让我们失去了中华民族的传统美德，如果吃下真是强忍！！,0.0
"酒店的环境不算很好,但房间够大,洗手间感觉舒服,整体感觉可以.",1.0
经典武侠京东正版热卖畅销好评最多读者推荐自定义\n,1.0
凉席的材质不错，柔软透气性很好，凉爽但不硬挺，很满意的一次网购！,1.0
很不错，经典款，很好喝。,1.0
无良商家，真黑,0.0
太薄了， 有点对不起这个价格。,0.0
太垃圾了，酸菜里放什么东东了，吃的想吐,0.0
化妆品是假的，太次了，精华很稀。乳颜色也不一样，客服态度也不好，总让我鉴定，使过的东西，差距那么大。大家都不要再买，假的，然后还不给我退，跟我之前使的差距很大。,0.0
唉，我都不想说了。完全不同,0.0
发货与自己买的完全不一样！,0.0
音响的地方很不服帖,0.0
包装严实.没有一点破损.送人是一个不错的选择.,1.0
商家态度不好，这么久以来购物最失望一次。,0.0
书很好看，纸张还可以，做工好,1.0
带着70岁老人和小孩子，就因为是4星才订的，一订3间。好家伙，房间不隔音不说，淋浴水龙头一碰就掉了，水还不热。订了周四和周六的房，周四住上了，周六居然说没订单。全家提着行李在当地现找宾馆！（别说，大堂副理态度很好！就是说话不管用。） 最后住到了当地3星的宾馆，价格便宜，不光服务好，房间也强多了。可真别信什么‘星级’了，太不符合现实情况了。,0.0
都是新书，很好，价格很实惠。,1.0
做工挺精致的~  穿起来挺舒服的~！  好评,1.0
"酒店的外部环境很好,绿树成荫,楼与楼之间有点远,不过这才是别墅的特色,去餐厅有一点点远(我们住5号楼),大概要步行7,8分钟,但是很有散步的乐趣,餐厅的菜不错,价格也可以,红烧肉很好吃(38元一份),土鸡一般.早餐15元也算比较值了,蒸饺和炒面味道都不错.房间有点旧,不过作为三星也算是正常了,套房就是有个厅,但是床是小床,不是很喜欢还有现在搞活动所谓用餐消费满100送30元抵用券,实在不过是个噱头,有非常多的限制,满心欢喜以为可以抵一些房费或者早餐,但最终均被告知不可以,只可以租用网球场,乒乓室什么的,因没有使用,所以不知道真去换的时候是否又有别的限制.总之来说还是去佘山值得入住的酒店.",1.0
"很好的酒店,床很大!卫生间的设计很好.很有艺术性!感谢入住两天那位男服务员对我的帮助谢谢!!",1.0
书表面有点破损但是不影响，朋友介绍买的，现在宝宝都可以自己入睡了，我轻松很多，家长们可以借鉴。,1.0
外包装太旧，里面有东西贴不紧掉出来。碟子有明显的杂音，不知道是什么问题？,0.0
不好吃啊，不会再买的,0.0
曾国藩家书，很有名，品味,1.0
都是如家快捷还真是千差万别。这家店一进门便是一股难闻的怪味，房间里面充斥着下水沟的味道。早餐更不敢恭维。只是为了办事方便。,0.0
买了个二手的。,0.0
前后买了三个 前面两个四座都很好用  年前买了六座的，才几天usb就坏了,0.0
不好\n买来是坏的，虽然能开机 但是按钮是坏的,0.0
团购价299元，付款价347元，宝贝使用正常。,0.0
老婆说大小合适，鞋子挺漂亮，老婆很喜欢,1.0
白颜色的我喜欢。运行速度还不错。挑选过很多同类品牌的机器，最后看中这款升级版的EEE PC。只要不玩专业游戏，这款上网本应足可以满足日常电脑所需了。价格如能再优惠点就更值了！,1.0
哎，看一遍就差不多了，谁想要转送给谁啦，偶是武汉的，需要的联系我呗qq42950063,0.0
大贵，不值这个价，质量也不咋的。,0.0
比较全面，适合备孕的女性看的,1.0
直接一桶爆罐，然后剩的一桶宝宝喝了拉肚子，再也不买了！,0.0
好用，一直用这个牌子，不错。。。。,1.0
功率不足，到不了500w，不推荐。,0.0
"赠品都没有,不给补发就算了,还一直强调是随机发送,但在购买的页面没有看到任何有关随机发送赠品的说明.\n差评.\n",0.0
乒乓球绝对是假货。。。多个专业人员都这样说的，拒绝假货，无良商家,0.0
酒店的位置一般，双塔中的一个竟然和写字楼共用一部电梯。环境服务都是高水准，早餐不错。,1.0
操你妈逼！老子要的化妆品你妈也太坑爹了吧！袖珍啊！都你妈跟手指一般大小！还京东的？操,1.0
"新航道·读故事记单词雅思（）词汇在书店看上了这本书一直想买可惜太贵又不打折，回家决定上京东看看，果然有折扣。毫不犹豫的买下了，京东速度果然非常快的，从配货到送货也很具体，快递非常好，很快收到书了。书的包装非常好，没有拆开过，非常新，可以说无论自己阅读家人阅读，收藏还是送人都特别有面子的说，特别精美各种十分美好虽然看着书本看着相对简单，但也不遑多让，塑封都很完整封面和封底的设计、绘图都十分好画让我觉得十分细腻具有收藏价值。书的封套非常精致推荐大家购买。打开书本，书装帧精美，纸张很干净，文字排版看起来非常舒服非常的惊喜，让人看得欲罢不能，每每捧起这本书的时候似乎能够感觉到作者毫无保留的把作品呈现在我面前。作业深入浅出的写作手法能让本人犹如身临其境一般，好似一杯美式咖啡，看似快餐，其实值得回味无论男女老少，第一印象最重要。从你留给别人的第一印象中，就可以让别人看出你是什么样的人。所以多读书可以让人感觉你知书答礼，颇有风度。多读书，可以让你多增加一些课外知识。培根先生说过知识就是力量。不错，多读书，增长了课外知识，可以让你感到浑身充满了一股力量。这种力量可以激励着你不断地前进，不断地成长。从书中，你往往可以发现自己身上的不足之处，使你不断地改正错误，摆正自己前进的方向。所以，书也是我们的良师益友。多读书，可以让你变聪明，变得有智慧去战胜对手。书让你变得更聪明，你就可以勇敢地面对困难。让你用自己的方法来解决这个问题。这样，你又向你自己的人生道路上迈出了一步。多读书，也能使你的心情便得快乐。读书也是一种休闲，一种娱乐的方式。读书可以调节身体的血管流动，使你身心健康。所以在书的海洋里遨游也是一种无限快乐的事情。用读书来为自己放松心情也是一种十分明智的。读书能陶冶人的情操，给人知识和智慧。所以，我们应该多读书，为我们以后的人生道路打下好的、扎实的基础！读书养性，读书可以陶冶自己的性情，使自己温文尔雅，具有书卷气读书破万卷，下笔如有神，多读书可以提高写作能力，写文章就才思敏捷旧书不厌百回读，熟读深思子自知，读书可以提高理解能力，只要熟读深思，你就可以知道其中的道理了读书可以使自己的知识得到积累，君子学以聚之。总之，爱好读书是好事。让我们都来读书吧。其实读书有很多好处,就等有心人去慢慢发现.最大的好处是可以让你有属于自己的本领靠自己生存。最后在好评一下京东客服服务态度好，送货相当快,包装仔细！这个也值得赞美下希望京东这样保持下去，越做越好
\n",1.0
找了好几个系统盘都找不到SATA的硬盘.最后用U盘做了一个启动盘，先启动了一个Win PE操作系统，然后在Win PE环境下使用Ghost安装一个ＸＰ　ｓｐ３的镜像，终于能够装上ＸＰ系统了。,0.0
鞋子不咋地，那个鞋垫根本合不上，第一次买东西，就这么亏，物流也好慢，大家都不要买，这是黑商，不要买,0.0
蓝牙，WIFI，摄像头，SD读卡器，还有E卡插口扩展。1G内存，250G硬盘。1024*600的标准10?屏分辨率。真是全了。,1.0
买你的东西，不停的问人家，好不好好不好，哪好，你再夸我几句吧，太墨迹了,1.0
LED屏幕 很薄 外观造型不错 配置满足主流应用 性价比不错 提供了外置光雕刻录机 很方便 重量控制的还可以,1.0
不好吃的，也不讲卫生的，太垃圾了，建议朋友不要买了，差差  差，失望啊，给差评，差差！,0.0
东西不错，实验室装东西。,1.0
不错不错不错，挺实用的。,1.0
东西还没用 但是这中通快递也太气人了 我家有小孩要求好几次送上门都不给送 什么破快递 对不起商家了 因为快递的原因就这一颗星了\n,0.0
还没有装，等装了再来评论,1.0
买了500多的东西，配的赠品没收到，还让我拍照。还让我下次下订单时补发我。请问你家货有多好呀，还再次光顾，就这态度以后不会买了。赠品不要了，你留着发财,0.0
这衣服太垃圾，尺码与实际尺码偏大，而且更要命的是衣服穿上以后起球，不是全棉，劝大家别买。,0.0
刚收到，希望能好好练习,1.0
＊服务人员态度差，效率底；＊房间小，床不舒服，椅子是烂的；＊结帐，查房速度极慢；＊＊＊结论＊＊＊＊＊＊绝对不再光顾＊＊＊,0.0
葱白作者很久了  真的是高人,1.0
"听说是柳州最好的饭店了,原来是市政府的招待所.靠近一条河,景观不错.出行交通也还可以.房间没有留下什么特别深的印象,但是觉得底楼中餐厅的服务员态度特别好,勤快,亲切,吃顿饭送了好几次热毛巾.",1.0
拆开看的时候瞬间有一种被骗的赶脚,0.0
很好啊暗暗啊暗暗暗暗   啊撒,1.0
鞋子买大了，穿着感觉不怎么好看。,1.0
包装盒坏了2个，怎么送人啊&hellip;,0.0
图片挺好看，实物质量太差，太不合算了，最差的一次网购&hellip;&hellip;,0.0
"酒店大门正对一个十字路口,还算比较好找.大厅中规中矩,大床房内部装修和服务都感觉一般.晚上会有电话骚扰,如果要赶虹桥机场的航班,此酒店还算不错的.",1.0
酒店员工态度超级恶劣。特别是前台。餐厅没有接待客人就坐。最气愤的是话还没说完就把电话挂了。劝大家最好是不要去，不然会被气死，交通又不方便，周围环境复杂。,0.0
茶壶里边特别脏，发票也没给开,0.0
鞋子码子偏大 拒收了鞋子卖家一直未处理,0.0
印刷倒是彩色版，可惜啊，形式远远大于内容，内容实在简单，在这里说明，我的英文水平一般般，趣味情差，没什么实用性，不建议大家购买。,0.0
买来试验，东西不行，自动停机，也不出渣，也不出油，没有任何操作上的失误。质量有问题。很失望。&ldquo;反转&rdquo;键也不管用,0.0
书本质量不错，但是感觉布局不是很合理，打开后感觉很乱，密密麻麻的，孩子也不喜欢它。,0.0
首先，我是一个初学者，先不说音色音准\n拿到手的第一感觉，山水雕刻粗糙之极，你要是觉得一百来块钱的箫不值得雕刻，你就不要弄雕刻上去，弄吧素箫都比上面画满了粗糙雕刻的图文来的好看\n第二，山水是金色的，可是刻得诗是白色的，我不知道是漏上色了，还是设计就是这样的，如果是设计，我只能说您的审美，我真的无话可说\n第三，整个箫拿上去很粘手，不知是烤漆没干还是怎么的，反正基于前两点的基础上，这一点让我拿都不想拿了\n第四，赠品的中国结，直接就是坏的，缠的金线全都已经开了，窝成一团塞在包装里，我真的无语\n\n总体来说这是一次很失败的购物，本来觉得瘦死的骆驼比马大，再怎么说也是大牌子的，不会比那些小作坊差，看来错了，以后再也不会买玉屏箫了,0.0
质量很一般，感觉不值这个钱。,0.0
"服务态度尚可;房间硬件较老;酒店外部环境不错,空气清新,安静.坐落在山坡上.",1.0
"非常不好的经历,通过携程定的房间,到了以后,服务的人员居然要我的身份证,我在美国生活了10年,早就没有了身份证,还好护照也勉强接受了,整个服",0.0
大师作品中最爱 没有之一,1.0
"房间温馨小巧,酒店整体设计很有情调,离步行街很近,购物,吃饭都很方便.如果下次去苏州,还会选这个酒店.",1.0
穿着感觉好热，感觉不吸汗,1.0
电池续航时间标配2-5小时，在视频期间仅用1小时40分钟左右，不知何故？,0.0
真的很好用 以前就用过,1.0
验钞很快；被写了字的人民币通不过，但换一个方向就可以，这是为什么？,1.0
特别差，也就十来块的标准。,0.0
价格实惠，比较薄,1.0
不满意，我要投诉你们，我订了5天，还没送过来，而且，你们的服务态度很不好。,0.0
物流有点慢，寄回去换了还没收到呢,0.0
硬件很好，我的外国朋友很满意，就是房价分类比较复杂。,1.0
商品，物流双给力，价格也便宜！,1.0
不错很喜欢  买到好东西 爽 很给力啊~~~~~~~~~~~啊~~~~~~~~~啊,1.0
东西应该是假的，退了回去换了一双回来又开裂了，,0.0
很好的、很舒服的、老公喜欢,1.0
和图像完全一至！是婚纱的最佳搭档！物美价廉，穿上很时尚大方！结婚租一套披肩还得100多！所以还是这件披肩最划算！外形的设计很时尚，外面的点缀很赏心悦目，给人一种挺拔俏皮可爱的味道！表面的绒毛很柔软均匀，给人温暖舒适的感觉！我媳妇非常喜欢，让我好好评价一下！好的东西大家一起分享！祝所有的买家都新婚快乐！元旦快乐！,1.0
给父母用，配置足够了，只是win8还不熟悉，用起来有些麻烦,1.0
按键都脱胶了，快掉出来了,0.0
感觉不是正品，鞋子好硬,0.0
价格在长春属于高价，但房间环境和服务完全不够。房间里柜门油漆剥落。下午6点半找不到西餐厅，服务人员告诉我可能下班了，下班？六点半？前台小姐把等着check-in的客人晾着，自己接电话，还一脸的冷漠看着客人。找有的服务人员问路，被很牛的告知：“这不该我管”。完全不具备一个所谓对外宾馆的起码形象。给我的感觉就是“你们烦死了，没有你们这些要来住店的人，我们该有多清闲呀！”宾馆反馈2007年10月19日：尊敬的宾客您好：首先对您在入住期间遇到的不快表示最诚挚的歉意，同时也非常感谢您能够提出我们服务接待中的不足，也是对我们接待工作的最大支持，我们将全力改进，并加强员工的培训来提高服务质量，以最优质的服务来迎接到馆的每一位宾客。为通过此事进一步教育员工，提高服务意识和服务质量，有针对性的开展部门岗位培训，我们真诚地希望，如您方便，请您告知我们您当时入住时的详细情况，如入住时间、谁接待等（如不知道具体接待人员姓名，可描述一下在什么位置，如总台入住登记处还是收银处、穿什么颜色制服等），我们将不胜感激。并希望您能一如既往的支持和关注我们，我们全体员工欢迎您的再次光临！,0.0
帮朋友买的，不知道是否好用,1.0
1，虽距离首都空港很近，但交通并不方便。航班到达时间是23：30，预约时告知有免费接送，但到着时却被告知“因超过23：00，需交60元接送费”。。。无论是否收费，或价格高低，应事先与预约客户声明才是正理。 2，因为距离空港太近，几乎没有Taxi愿意接客。。。 3，房间里没有吹风机，想和前台联系借用，但电话出故障。。。作为饭店业务的一环，每天检查客室设备应是最起码的工作。。。,0.0
挺好的，快递速度很快的,1.0
打算当礼物送人的，结果店家发的货物和图片严重不符(链子是黄色的，石榴石后面也是黄色的)，造成了极大的麻烦，客服说是可能出错了，让我寄回去再给我寄一条，可是寄回去后店家收到货后总是在拖延时间，而且邮费也没有报销，不知道是怎么回事？真的有所怀疑！希望店家能够以诚信为本，能够予以满意的答复，也希望每一位顾客都有一次满意的购物！,0.0
\n阿帕齐（apache）A116W 女士剃毛刀 脱毛刀（3刀架+3刀头）美国进口刀片 2层刀片,1.0
还不错，商家也可以,1.0
内容丰富，有很感人的故事,1.0
质量不错，内容也丰富，适合孩子看，我一兴奋又买一套准备送人,1.0
帮同学买的，她爸爸很喜欢,1.0
非常满意的一次购物，卖家继续努力，我会继续关注滴！,1.0
总体很满意，但有一点需改进，我在9楼入住，走时到1楼前台结帐时由9楼层服务员检查房间，发现我有零星物品遗失在房间，我当时请他们送下来，结果答复是到4楼客房服务部去取，我到了4楼，又说服员员没时间，又要到9楼去取。当然这没什么，但是如果他们给东西送下来，哪怕是到4楼就取到了东西，我会对酒店有更好的印象。,1.0
棉质柔软，无染色，贴身穿着舒适，透气。质量不错，比商场便宜。,1.0
质量还行，就是和后车轮高低不一至，调节不了。,0.0
穿了一段时间，有绒毛漏出，怀疑不是正品哦。,0.0
刚收到货，还没来得及试穿，面料很好，没有钢圈很柔软,1.0
"我是6月8号去的重庆,6号在携程定的酒店,去了以后开始看到旁边的房屋是有点失望,但是一到酒店门口就改观了..门童很热情的为我开车门拿行李,并且另一名服务员记下了出租车的车牌号,并给了我,很贴心很人性化的服务,这是我以前从来没遇见过的.下飞机在出租车上,的哥说那里交通不是很方便,我也很在意,但后面出门的时候都有服务员叫好出租车,这些问题都解决了,入住期间服务员很热情,房间布置也不错,房间里的小东西很齐全(虽说是有偿的),还有一个小细节,那天正好是端午节,我出去回来后发现房间多了一个小篮子,里面是两个粽子,很贴心...不过想给酒店提一点小意见,在大堂电梯外面摆放着一大个牌子,上面是酒店桑拿的广告,内容实在是太露骨,房间里的小卡片上面的内容也是这样的,让人感觉不太雅观,希望酒店能注意一点....并不是每个人在酒店里就是要做那什么的```不过总的说来,酒店还是很不错的```下次去重庆还住这里..",1.0
管理混乱，脏、乱、差当地名声不好出租司机找不到此宾馆,0.0
小了太短了 不好穿 太薄了,0.0
质量太差，夫人刚用了一天，皮带两个边沿就明显有褶皱了！,0.0
性价比高，找了好多商场都没有找到合适的，同样的东西别的地方好贵。,1.0
从重庆过来，机场下来已经是下午5点多了，结果房间没有打扫好，半小时OK，6点，还没有好，15分钟。晕！7点，还没有好，和总台交涉，“我也没有办法”，7点半才进房间。电梯上去走道黑啊。真不知4星怎么挂上去的？从来没有遇到这么差的4星酒店。强烈不推荐！！！,0.0
收到盖子都坏掉了，味道不喜欢，还是喜欢雅漾的小喷,0.0
质量差，穿着很不舒服，。。。,0.0
东西很好，物美价廉，非常不错\n,1.0
卖家服务态度差，而且我收到的他家的饼干全碎的跟奶粉一样，都没办法吃，而且还不肯退款,0.0
那个手摇的碎菜机我用不习惯，我更喜欢送的那个碎菜小碗.好用:-D如果有大的就更好了^_^,0.0
"房間比較舊,但服務不錯. 值得一提是西餐廳. 食物方面,個人認為在城區可以排在首位!",1.0
送货速度很快，而且包装也很好，没有任何破损。&nbsp;\n,1.0
京东推广是个坑！这款绝对不要买，反应慢什么的我就不说了。无故碎屏幕（我带着厚厚的保护套呢！）京东也不管了，华硕售后换屏要价高得换不起了。自己换，某啊宝根本没有卖这型号的配件，已哭晕在厕所,0.0
质量差，服务差，无诚信。,0.0
"烧水底座冒烟,一股烧焦的味道,下面开关漏水,感觉以后不会再京东在买东西了，买电脑硬盘咔咔响,买书折损严重,买个烧水壶底座都冒烟，着起来谁负责？\n再在京东买东西剁手",0.0
配饭吃很美味，下次还来买,1.0
不合适。发货慢。有异味。,0.0
感觉还不错吧！没样品试！,1.0
宝贝还行，价格也挺好的,1.0
买了去三亚用的，还没试呢，不过应该是很好的，从做工就能看出来，三亚潜水回来再评价,1.0
看了华尔街的发展史，再结合中国当前金融市场的现状和种种问题，不禁感慨我们和人家的差距实在是太大，美国资本市场发展到现在的成熟程度是经历了不断的否定破坏以及重塑，是经历了甚至是血的教训的。我们是不可能一蹴而就的，硬件很容易达到标准，可是人心是不可能在短短的几十年内改过来的。我们在以后会一直吃亏，吃完哑巴亏之后能不能改，有所吸收有所创新，而不是变得保守和停滞，我觉得是关键。,1.0
感觉一般般，道理都知道，但没有操作指导性。大概刚入社会的小女生可以看看，扩展一下思路。,0.0
不好，声音很杂，太失望了，,0.0
下单两天后才从广州起运，太垃圾！,0.0
电脑不错，有点商务气息！电脑不错，有点商务气息！电脑不错，有点商务气息！电脑不错，有点商务气息！,1.0
要的黑色，给我发个蓝色的。,0.0
这个宾馆的接待人员没有丝毫的职业道德可言。我以前定过几次这个宾馆，通常情况下因为入住客人少，因此未发生与他们的冲突，此于他们说要接待一个团，为了腾房，就要强迫已入住的客人退房，而且态度恶劣，言语嚣张，还采用欺骗手段说有其他的房间，先引诱客人退房。然后再说没有空房。这样的欺骗行为，造成了我没能及时定到其他酒店的房间！！！差就一个字！！差，太差！极其差！,0.0
書有少少黃.不過學習用沒所謂了.,1.0
这本书已经快被我翻烂了，中国这样的人和这样的书太少了，没想到这本书能通过审查。现在所谓的专家、学者、官员有良心、有见识的不多了，要么有话不敢说，要么就是胡说八道，阿谀奉承“揣摩上意”，直叫人恶心。还好，这本书被现今的领导所重视了，据是老师博客说中央政治局常委们人手一本，中央各部委领导也在看，部分省市还作为学习科学发展观的必读书。,1.0
宝贝挺满意，质量很好，品质和服务一样，性价比非常高，卖家发货和快递的速度也都比较快，全5分！,1.0
垃圾    快递慢的太不像话了,0.0
里面都断了的，几乎没有整根的！,0.0
刚用了几次，就要断了。。。,0.0
1、早餐品种比较丰富，时间跨度也可以2、房间的整体装修不错，也比较宽敞，感觉很舒服对于此酒店整体比较满意,1.0
东西质量还可以。卖家一副爱理不理的态度让人很不理解，好像是你爱买不买就别问，快递写的是圆通怎么又变天天了，快递小哥晚上送货很辛苦有点怨言也是可以理解的。,0.0
"还行吧,想看看融资租赁类的书,随便买的.",1.0
四个字，“糟糕透顶”。我是晚上十一点过入住的。首先是交通的不便利，到酒店必须走三峡大坝的专用高速路，同时还要到路过的几个武警“拦截站”停车检查专用的通行证。即使出示了酒店的证件也要被当兵的盘问很久，由于带着孩子心里很不爽。酒店安排专门为我们送通行证的接待人员还要我们开车到家里去接，办完手续后还要求送其回家。折腾半天下来已经快凌晨一点才到酒店。总台值班服务员的态度更加糟糕，没有笑脸就不说了，对,0.0
就算是在上海也是非常好的酒店哦，虽然价格高，不过个人感觉对得起这个价格，这次非常遗憾，来黄山什么都没有看到，下次肯定会再来，而且下次肯定也是住北海啦！！！！,1.0
很气愤！无良商家，说是500g，实际上50小包，每包多说也就3g！最多就150g！骗子！一包都泡不了一壶！茶质更差！！,0.0
快递超级慢慢！！！！！！！！！！！！！！！！！！！！！！11,0.0
又硬又硌脚，太烂了！,0.0
第二次住的时候，酒店说我在房间里消费！很冤枉。。。,0.0
物流速度很快，质量不错，使用方便， 价格实惠，,1.0
房价要四百多，但感到非常失望，陈旧，脏，比锦江之星还差。以后肯定不会再去了。这样的硬件设施和服务怎么吸引客人呢。,0.0
这是我每年都去重庆必住的地方，超级喜欢它的四厅的咖啡厅，室外部份与公园相接，很舒服！而且工作人员的态度很好，服务很不错，感觉比希尔顿好很多！而且它的装修维护的很好，让我三年多来一直倍感亲切,1.0
这裙子非常难看！太失望了！,0.0
"设施虽稍陈旧一些,但良好的服务给人温暖.酒店所处地理位置和环境极好.对年龄较大的个人旅游者而言,入住该酒店不失为较佳选择.",1.0
?看完朱德庸漫画后感觉整个人开心到飞起～果然看漫画好开心！！,1.0
很漂亮，音箱配上支架很上档次。,1.0
失望死了！物流惊人的慢呀！,0.0
座支撑根本拉不起来，还有多处掉漆,0.0
"这家酒店位置,房间性价比都不错的.但不知是不是由于客人多,服务自然下降.携程的客人好象在这里不太受欢迎.每次入住,要不是订的大床间没有,要不是房间没有,要不是还没有打扫出来.而且不能积会员卡的分.前台说是上面规定的,也没有什么依据. 补充点评 2007年12月9日 ： 这家酒店的服务越来越差,酒店设施也旧了,大不如从前.以后不住了.",1.0
物流太慢了，而且刀片太不好用了，衣服上面的球都不好弄掉，差评绝对的差评,0.0
"物超所值,此次我们是订的三个房间。感慨中西部的服务有时比发达地区好多了。宾馆反馈2008年8月8日：感谢您的入住，并期待您再次光临。",1.0
盹货中，还没有用上，应该好用，毕竟是老牌子嘛,1.0
我这个人很少评价的，但是这次破例了  质量很好款式很好看价钱很实惠。,1.0
起球不好！厚度可以。,0.0
很好。基本的都会了。,1.0
大小合适，只是这粉色不怎么适合男宝宝,1.0
"住了不少的酒店,一般过的去就不点评,这次实在是忍不住了,不少问题要反映下:1.地理位置地标不明显,司机找了半天,这个就不多说了2.到酒店门口,礼宾部人在旁边都不帮忙拿行李,(行!自己拿.)3.checkin搞了20分钟,有始以来最长的一次,(有点窝火了)4.客房走廊有异味,应该不是新装修的吧.房间里面也是一股味道,这点实在受不了.5.酒店工作人员看我,象见了鬼,各个底个头,招呼都不打.要不就是视而不见,更有看到礼宾的人员翘个脚在酒店的公用电话打电话.(无语)虽然不是星级酒店,设备差可以忍,但酒店管理和serves跟不上,就没有竞争力.下次到北京住如家也再不住这个宾馆了.",0.0
京东售后太让人失望了！,0.0
每天慢一分钟，体验很差，一旦晚上忘了调时间，第二天就提心吊胆怕迟到，很不开心,0.0
做工太差，我都不知道京东质量怎么把关的，镶水钻的金漆掉漆，皮筋起毛，***的货色，还卖***的要好好反省一下。,0.0
"酒店除了地理位置靠近火车站(50米)以外,没有任何可圈可点之处了,房间还算干净,但是设备和面积都不是很符合性价比,卫生间的马桶还有时堵塞;房费里包含的自助早餐更是差,还没到早餐结束时间,所有的盘子就都空了,只剩下咸菜和牛奶了...下次不会再住了.",0.0
不错。质量很好，物流慢、5天才收到！,1.0
坑人。。。。明显假货！！！,0.0
速读类的．．．　普通人知道个大概就差不多了．．　最起码能攒点底蕴和内涵,1.0
果然一分价钱，一分货，  第一次在京东买到不满意的东西,0.0
顾中一推荐的，父母看了不错。\n,1.0
书有些旧，包装也压坏了一角,1.0
洗涮涮洗涮涮，不知道该怎么评价,1.0
与照片上的描述大相径庭，有上当的感觉。,0.0
质量很差，第三天就掉线！差评！！！室友在掏保买了同款，便宜十块钱，做工更细致。,0.0
还可以，没有想象中好，便宜,0.0
物有所值，总体还是不错的。,1.0
小说和诗史看了N遍，还是爱看,1.0
没有什么意义.\n东拼西凑起来的东西.一点价值都没有,0.0
很不错的酒店。住的8号楼，设施蛮新的，服务态度很好，门童很殷勤，早餐也颇丰富（早餐是我判断宾馆水平的重要标准），在细节上做得比较好，比很多挂牌四星要好。地理位置应该也算不错的。下次去还会住。,1.0
这个价格这种房间环境很不错，感觉很干净^_^兴旺楼给我个人感觉很雅...下次来，肯定还定这里。。。,1.0
发的邮政，简直慢的。商品也不是五个皇帝的，有两个是康熙 没有雍正，最失败的一次购物,0.0
质量很满意，该死的物流慢的像蜗牛17号买的28号才到，更该死的好不容易姗姗来迟，买三条就给我发一条。好吧申请退货。为啥不退*元，要三条平均成*的退。我买三条便宜*块呀，重新买两条成了*块，*块钱呀，我要攒多久的京东豆。好吧我放贱又重新买了两条。希望这次订单块一点。,0.0
因为两岁半的儿子非常喜欢车，看到大家的评论，买了两套外加一本本系列书。拿到手上的第一感觉是轻飘飘的，尽管书的开本很大，但纸张一般。跟它的价位相差太远。翻开轱辘轱辘转这本书，因为当时是冲这本书买的，果然像以前很多买家评论的一样，乱，太乱。画面太满，情节不清晰。最重要的是很多车跟我们中国的完全不符，比如：出租车、吉普车，我儿子最喜欢的皮卡车，在里面没有翻译，多翻译成小卡车或**运输车。对他来讲比较迷惑，我讲起来也很费劲。也许我的孩子太小，不适合这套书。总之这系列书买的比较不值，性价比太低。,0.0
质量差，差在哪呢？反面贴着个银色的塑料商标，还用塑料膜盖着，本来感觉挺高大上的，本着不贴膜党的精神我把它撕掉了，结果连商标一起被撕掉了。。。还有就是按理说当我们把USB插在笔记本上后，集线器的USB口应该是朝上的，结果这货是朝下的，线还很硬，扳不过来，这算是细节上的缺陷吧。,0.0
甜，好吃，做饼干很好,1.0
卸物流有点慢，货物还行,1.0
这本已经《大猫儿的TT奋斗史》我看完后也都推荐给了女朋友再看，消遣的来看这些书收获可能更多一些，如今的女性似乎更辛苦了，我们都和谭斌一样坐在不同的格子间里，经历着类似或者雷同的事情，是要平静的生活，赚份赖以生活的口粮，还是要在职场中寻得一席之地，找那种成就感，满足感可能是女人在职场中的选择题吧。能知道自己想要什么，估计也就应该知道要怎么要去做，去走，去生活吧！,1.0
"三人间，房间很宽敞，卫生间不大，但都很干净。三楼的胡同设计很别具匠心。只是早餐结束的时间太早.九点钟去餐厅正赶上服务员收视最后一张桌子. 附近特色小吃很多. 斜对门的小饭店半夜三点多还营业, 饭菜汤面很可口,也很便宜, 只是忘记饭店的名字了.",1.0
试了下很不错，舒服的，样子很喜欢。,0.0
"酒店本来就是超5星的硬件配置的,2001-2006都住过,价格降了不少!位置太偏是致命的问",1.0
登山手杖质量非常好，很方便，好评。,1.0
很好，细节做的很到位，穿着也挺舒服 ,1.0
一直以为是大宅门电视剧的曲子呢，失误了,0.0
内存小，只能自己加了。键盘手感也没有传说中IBM那么神，可能是用Dell的习惯了吧，不过我同事用X61的试了试我的键盘，也说不一样了。总体还是比较舒适习惯就好了。如果玩3D还是独显的吧，集成毕竟不行。,0.0
感觉包还是比较小噢,0.0
给孩子多一个选择而已。,1.0
钢化膜用了一个月不到就出现裂口，还叫钢化膜吗？,0.0
很好，没有任何毛躁的边缘，而且没有塑料味，真心不错，非常不错，浴网不太会装，客服也很好的解决了问题，点赞,1.0
质量一般，裤头要有松紧头就好,0.0
我跟本就没有收到这本书，你们网站到底是怎么一回事。买了本书到了现在还没有收到。我真的很失望，书都没有收到叫我写什么评论。多的不想说了，就是一句话，我在你们那里买了这本书，到现在我都没有还没有收到书。,0.0
8月15号下单付款，如今未收到货，没售后！,0.0
和小朋友一起玩儿！,1.0
比超市便宜，味道很好，特别好吃。非常满意,1.0
老牌子，性价比还可以 虽然中关村有号称更优惠的价格，最终还是选择了京东,1.0
挺好的 穿了也不脚臭,1.0
超霸（GP） GP1604A-L1 碱性电池 九伏U能高性能数码伴侣1粒/卡,1.0
真的不好..........................................................................................,0.0
在香港的五天我把富豪东方酒店称为家，工作人员的服务态度非常好，三楼的房间是新装修的，虽然很小却相当温馨．酒店每天由收拾屋子的阿姨给免费咖啡包，红茶包享用，打个电话任何事情高效率完成． 酒店周围的环境比较热闹，因为九龙城是美食天堂，所以不用担心饮食问题，周围甜品店，茶餐厅多的眼花缭乱，价格合理，服务周到． 虽然离地铁不近，但是公交车四通八达，远比地铁换乘方便，酒,1.0
包装很漂亮，送货员态度很好，质量很不错，过滤过的水很干净，一点异味都没有,1.0
房间有些小了，但还算不错。很奇怪的是没有床头？？？早餐还不错交通挺方便的，到市区比较远，不过乌鲁木齐打车也方便，才20多块，开了半个多小时,1.0
酒店的位置很好，交通方便，开车比较好找，步行出去逛街也比较方便。房间设施一般，但是服务态度很好，一层还有一个24小时面馆，对于偶尔去旅游的人来说各方面还是很方便的。美中不足的是入住时候看到酒店前台标出的优惠价格跟携程预定的是一样的，希望携程能有更多优惠就最好了。,1.0
"我住在6楼,3楼KTV的声音很吵!打电话到大堂投诉居然把电话挂掉就算了......以后肯定不会再入住这酒店",0.0
轮子声音超级大，把手是一次性回弹，不是那种缓慢回弹的，箱体很软，感觉不结实，感觉真的不值五百多块钱，第一次在京东上给这么低的评价，因为回家急着用，懒得退了。,0.0
物流很快，服务很好，就是商品不好用，一点事不管,0.0
衣服面料不喜欢  快递态度不怎么好  建议换快递公司运输,0.0
发错货，你们到底看没看呀，换货快点,0.0
价格实惠，拍摄效果好，保护镜头不错。,1.0
鞋子倒是挺漂亮，可是左脚那是只残次品啊，透鞋带儿的那个圈左右是歪的，穿上这个不舒服啊\n还有就是，我平时的38码的鞋垫能放进别的鞋里，这个就放不进去，穿上夹脚,0.0
发货速度也太慢了吧，谁还敢从这里买啊，一个星期，真是，一颗星都不想给，服务太差了,0.0
裤子质量很结实，款式很新颖，很喜欢。,1.0
整体感觉酒店比较小，从大堂、电梯、走廊、客房到卫生间都比较小，最不能容忍的是那个小坐便，大小便几乎不能同时进行，还有传染性病的危险。客房的壁纸坏的很厉害，停车场房客还收费，感觉不好。建议酒店尽快把那个小坐便换掉，否则真的没人敢入住了。,0.0
第一天4799送来，第二天就4699了，心里不平衡。驱动对vista的支持真好，自动就装上了，但是XP可苦了我了，一个一个的摸索啊，结果还不满意。,0.0
质量哈市不错的 耐用 ,1.0
包装不错哦鞋子还好啦 ,1.0
差死了&hellip;&hellip;&hellip;&hellip;,0.0
很不错，颜色很漂亮，,1.0
有点小失望，太不方便了，以为是充电的没想到使用要插电的，太不方便了，而且感觉剃的不是很干净，不过快递相当不错，让他改时间送还专门送过来,0.0
酒店的硬件一般，服务较差。因为我们带小孩是自助游方式，怕万一来不及回来，要求先退一个房，另一个我们退房延至下午一点，前台说不能，只能多保留十分钟，要不就要收半天房。最后我们先退了一个房，把东西全搬到另一房间，并开了请勿打扰灯和挂了“请勿打扰”的告示牌，可当我们上午十一点回来，我们用自己的房卡竟不能进自己房间，而且关了请勿打扰灯，摘了告示牌。问总台，说是我们的卡已被改了，可我们东西还放在房内，竟有此等事情？而且还没到中午十二点呀！！,0.0
发错货了，还态度恶劣，还不给不退不换，就不要再买了。黑心卖家,0.0
"交通便利,位于市中心;设置齐备,有车库.不足处是临街隔音效果太差,建议用双层窗户,其次为过道隔音不好,建议能都铺上厚点的地毯．总体而言，这家酒店性价比还可以．",1.0
设施陈旧，饭店各区域之间的交通混乱，早餐品种少、品质差，优胜之处是周边的交通方便。,0.0
坑子，不说东西怎么样，等了十多天到地方了一个星期都不送,0.0
衣服还行，就是号有点大，穿上去肥了点,1.0
非常非常一般的酒店，无法跟如家或者莫泰比，居然还称之为是环保经济型酒店，汗啊。第一次见到房间里有燃气热水器，还是“前锋”的，是那种开了之后发出哄哄声响的！！！床也不舒服，垫被会移动，毛毯。。。古老的毛毯啊，已经十年没见过乐。唯一称赞的是地理位置，附近吃的喝的倒是有很多。,0.0
好看很喜欢是正品,1.0
做人要诚实 虽然是抢购的 但你也不能发一个和图片不一样的啊 抢购时明明不是入耳的 收到货变成了入耳 而且商品信息也被编辑成了入耳试图片,0.0
珠子好多裂开的，还有些只有半边,0.0
产品包装比较精致，做工看上去还是不错的，安装后电脑没有点亮，换了一个插槽才正常点亮，用鲁大师检测没有看出什么品牌，只要能用就可以，毕竟是下线的配件了，商家没有给发票。但是给带个小螺丝刀，很贴心，给个好评吧。毕竟达到升级目的了。,1.0
1，做工真的不错，小巧，适合出差用。 2，颜色还是黑色的好，至少做商务用不会觉的不稳重。 3，键盘尺寸还算合适，打字不会按错键。 4，TD的速度比WCDMA是差了一些，但是移动的服务至少比联通，电信强一些，速度无所谓，关键是服务。,1.0
质量一般，薄不值这个钱,0.0
     外套穿着很舒服，很保暖，质量不错，很好看，价格公道，满意,1.0
声音大就算了，充气还慢，而且快递非常慢，是非常慢，我还等着过年之前放在车上保险一点，我都过完年过来了才收到货，真心不给差评都对不起自己,0.0
希望后面的可以接着出版。。。。。。。。。。。。。。。。。。。,1.0
"这是我住过的最差的星级酒店,连招待所都不如，房间小，潮湿，连张桌子都没有，最多的就是蚊子.还特毒.叮的腿肿了一个星期，我住的房间墙上还留着沾着我鲜血的蚊子的尸体.如果有奉献精神的建议你住这里.",0.0
"房间设施有些陈旧了。值得欣慰的是，宽带速度还可以。 宾馆反馈 2008年1月14日 ： 感谢您对我们宽带的认可,其他方面我们也会努力,欢迎您再次光临惠顾!",1.0
评价还要十个字。。。,1.0
信号比较差，就口袋与耳朵的距离，有时还卡顿，音质马马虎虎,0.0
大家普遍反映不错，但是我感觉一般，虽然运用通俗易懂的语言来叙事，也不乏诙谐幽默，但是就是看不进去，多次躺在床上看着看着就困了，仁者见仁，智者见者吧~,0.0
不错啊，实物和图片有小小的差别。,0.0
为什么买了那么久还没到，,0.0
"喜欢毕淑敏的书,不过女心理师除外,知道作者对心理学有较深的了解,所以慕名购书,谁知道看了上部挺让人失望的,书中的案例以及人物太离奇了,有点背离普通的大众生活,也许作者想更深入更专业的去描写心理师及心理咨询业,让更多的人去了解这一门新学科,但看了书却让人更是觉得心理咨询离我的太远了,感觉我们这些经历平淡思维平庸的人和心理咨询不搭界了,呵呵,随便说了两句,完全是个人感觉哈!",0.0
最大号的我我都带不了，叫自己想办法，哎，费劲戴上了又拿不下来，手都受伤到现在还没好，最后把剪开的，不然手都要废了,0.0
优点：位置佳，房间大，网速快 缺点：不太清洁(卫生间及餐厅地上均发现小强)，整理房间方面有些疏忽(沐浴液用光没补充、热水壶内的水已有一段时间无清理)，外面比较嘈杂但房间隔音差，离开办生续时用了20分钟。,0.0
太难吃了，快递也太慢了～～～～～～,0.0
东西不错，挺稳当。整体购物过程中客服表现很好，总之是一次非常满意的购物,1.0
看照片觉得还挺不错的，又是4星级的，但入住以后除了后悔没有别的，房间挺大但空空的，早餐是有但没有可以吃的东东，环境是好但天气太冷，总之我以后不会再住那里。,0.0
发来的杯子垫圈严重漏水，店家还不给换！什么服务！,0.0
快速速度快一天到货,0.0
钢化膜大小正好  挺合适的  就是快递把膜的边上压坏啦,0.0
不错的饭店，饭菜做得也不错，来潍坊这里值得住住,1.0
"酒店的大堂太小,装修也感觉比较旧了.服务人员态度不是好,最后还是找的一个外国服务生办理入住,感觉比中国服务生态度要好.总体感觉起来不像是五星反而像四星宾馆.两个人才送一个巧克力,唉,,也不至于这么小气吧,中间服务生打扫房间之后特意把依云矿泉水放在床头醒目的位置,目的就不用说了,洗漱用具是三星级标准...",1.0
说是9层在装修！但是住5层还是吵得睡不着。怀疑6层也在装修，声音就在头顶。电钻6、7点就开始吵。头痛欲裂。地点很不好找。不临街。宾馆反馈2008年6月2日：尊敬的客人：您好！您在入住期间未能享受到安静的环境，我们深感不安，并向您表示深切的歉意。为了创造酒店优美环境，使广大宾客居住环境更加舒适，我店正在进行客房硬件的装修改造工作，施工时间为8：00－20：00，非常抱歉施工单位未在规定时间内施工，还打扰了您的休息，为此，我们已经与施工方再次接洽，要求他们遵守工作时间，杜绝此类事件的再次发生。酒店楼顶正装修并安装本市最具特色的标志建筑：“金葫芦”，相信您再次光临本店时会给您焕然一新的感觉，更会让您感受到我们更热诚的服务。再次谢谢您的忠肯评价，并真诚地向您表示歉意，恳请您能再次下榻并提出宝贵意见！祝您身体健康，工作顺利、万事如意！,0.0
买回来就没看的欲望。。。主要是没时间看。。。,1.0
发货三次货。最后一次也没退 了。。失望了。,0.0
东西还行，只是客服不理人,0.0
质量可以   好 好  好,1.0
物流很给力，宝贝很喜欢,1.0
真的好小啊 、、有忒贵,0.0
东西还不错，挺好的。下次还会继续购买,1.0
我能说左右脚不一样吗，，买回来试了下，就回归垃圾桶了，我一般不给差评，同学们慎重选择,0.0
不是我想像中的。还是可以看看！,1.0
电视还可以。服务负分滚粗。发票和路由器拖一个月还不见踪影。负分！负分！负分！,0.0
虽然在火车站不远处，走对路10到15分钟，但位置比较不好找，如果不打车去基本得问两三人。打电话到酒店问路时发现接待员也对具体怎么到达不太清楚。位置比较偏，但是住九楼早上也会被车吵醒，也许仅仅和当地司机习惯按喇叭有关。房间比较大，但是地毯有污迹，和两星半的级数不符。楼下晚上有小食摊倒是挺方便。,0.0
为什么装好系统了 用半个小时容易蓝屏？是什么情况？知道的联系下QQ：252620710！,0.0
不是正版的，都是骗人的,0.0
送货速度快，绳子轻便，结实，登山时放包里备用，平时可做晒衣绳。,1.0
亲，你自个看下前服，这才洗了一次日就袖子上的花没了，我不知道你的那些评论是不是别人发自心的，但是我这人从来不恶意给别人差评，我只提醒网购的朋友网购还是需谨慎。,0.0
这样的面料导致靠枕白色的地方发黑啊 呜呜~~远处看整体效果真的是挺提房间的~只不过近看就觉得料子有些廉价啊！不过买就买了，提提房间也行~,1.0
买了84寸的，质量不错，效果也挺好的。,1.0
商品很好，但是怎么没有寄送发票？,1.0
很失败的一次购物，宝贝还可以，快递速度令人惊讶，宝贝在16号已经送到目的地，可是不知什么原因迟迟收不到，打电话咨询说因为超出送单范围，请问如果是那样是不是应该给个信息之类的，超出范围要在那滞留4天吗，如果我不催促，不咨询，是不是就搁浅了呢，告诉我20分钟后回复我，40分钟后没接到任何回复，打电话回去居然说忘记了？这就是你们的工作效率，你们的工作态度？这还是京东吗？还是所谓的快递公司吗？无语中&hellip;&hellip;,0.0
儿子穿着蛮好看的，儿子本命年，喜庆！,1.0
服务还可以，硬件条件一般般，十分的吵，想睡个好觉的千万别住；火车站早已经搬家，坐火车也不方便，倒是晚上饿了吃东西很方便。呵呵，我只住了一晚就跑了。。。,0.0
一个字好。。。。。。。。。。。。。。。。。。。。。。,1.0
酒店周边环境一般，酒店内设施不错，感觉还挺新，价格也尚可接受。,1.0
"隔音效果非常差,基本上隔壁房间的说话声都能听到.最后一天隔壁老早起来吵架,简直就是对着你在说话.不小心碰坏了酒店的一个直径18厘米的一个塑料框架的化妆镜,竟然索赔我315元.(据称,那个没有品牌标示的化妆镜系酒店定做的云云,我仔细研究了一下,差别可能是本来别人用金属做的支架,这个是用有机玻璃做的,因此稍微碰下就断了).入住的朋友看到的最好小心一点,要是碰坏个花瓶,画框,酒杯的话不知道要收你多少钱.",0.0
要不是最低只能打一星，我都不给星。没见过卖家处理事情的态度这么差劲，联系也联系不上，完全靠京东客服联系，盯着客服联系半个多月，到现在都没给我处理，没有一次跟我联系过，在京东最差劲的购物体验，没有之一！差到极致！还是顺丰旗下的电商，果然有店大欺客的架势！难怪评分这么低！大家千万不要在这家买东西！,0.0
去太原过周末特地订的晋祠宾馆。简直太美了！想我比较火星吧，第一次住国宾馆，第一次住有花园、小桥长廊流水的宾馆，喜欢地不得了。虽然去的时候是三月中旬，天气还比较凉，所有高大的树木都是被绿色的袋子包裹着（应该是为了冬天防霜冻吧），草地还是黄黄的，没有满目的绿色，但是就那个规模，每幢楼的特色看着都觉得很过瘾。一个周末哪也没去，就在晋祠闲逛了。可能不是旅游旺季的关系，当时似乎只有九号楼＆5号楼开放。九号楼是最后造的新楼，最靠近门口，现代漂亮大气。让我意外的是九号楼的房门都不是门对门的，而是成U字型对着中间的内庭式花园。服务员领着我们从大堂通过一路的落地窗到的房间，白色的纱幔若有似无地遮挡着三月和煦的午后阳光感觉很温馨。房间很宽敞，楼层很高，卫生间有淋浴房和浴缸。房间的落地窗对着外面的花园，风景也很好，只是可惜了树都穿着“衣服”，没有风景可以看。虽然不是旅游旺季，但是因为去的周末，有几家公司在晋祠宾馆开会（是国有银行拿着公款出来度假的说）。九号楼的房间只订到一天，第二天只好转到五号楼。五号楼从外表上看应该是最差的房间，也就是晋祠最便宜的房间价格，走到里面确实也是。先说大厅，其实没大厅的，除了九号楼都没大厅。地毯的颜色很深，走廊很长，光线很暗，感觉那个阴森～～～。房间除了层高比较高，其他实在是很差（和九号楼相比）。还算干净了，就是破旧简陋很多，床也很小很不舒服。这个装备在外面只能算三星以下吧。所以说，虽然是五星的国宾馆，房间的设施也是良莠不齐。在晋祠的两天，每天吃饱饭就在花园里逛，看到了拍《李大钊》的剧组。六号楼有一天是开着的，但是我们走到门口就有服务员问我们干嘛的，蛮客气的，我们也不好进去了。还有一号楼似乎是给国家领导住的，不对外开放。除了五号楼外，其他的楼从外面看都是两三层的样子，房间应该都不错的，但似乎也不想九号楼那么大气。有一幢楼，似乎是四号楼是会所，有游泳池，还有室外的运动场地。宾馆最深处是驻军部队，经常看到绿色兵GG在路上走过。提醒一下，周末去晋祠一定要早订，我提前了一周订房，因为房间满了不得不换了两次房间，第二天还不得不去住最差的五号楼。即便不是旅游旺季，周末似乎房源比较紧张，而似乎晋祠也不会把每个楼都对外开放。服务员态度很好，每一个都很好。餐厅晚上有自助餐，虽然东西不多，味道还可以，70元/位（不太记得了，应该是这个价格）。我推荐自助餐，如果点餐的话点不了几个也就这点钱了。另外，九号楼餐厅旁有个卖零食的小卖部，东西不多，价格和外面的居然一样，在酒店这样便宜的还真不多。,1.0
看来这种类型不和我口味，有点繁杂，可能就象生活吧，但我喜欢简单一点的。做一个菜也要画这么多，查点以为是菜谱了,0.0
恩，好啊恩，好啊恩，好啊恩，好啊,1.0
还可以&hellip;&hellip;就是被宝宝玩掉了&hellip;&hellip;,1.0
十分值得军事电影爱好者收藏。慢慢看碟．,1.0
"电池只能用5个小时!摄像头在晚上基本上不能用,太暗了!除非有大灯照着自己 ,散??差",0.0
客服态度非常差劲！！！！！语音态度生硬！没见过如此网客！,0.0
以前买过的 在一次购买,1.0
不错，给个好评，继续关注,1.0
"地理位置佳. 只是, 所订的附楼与白鹭洲大酒店主楼是两码事. 原来好像叫矿业大厦. 现在与白鹭洲酒店合营吧. 房间比较大, 只是装修等相对比较旧了. 刚开房间门有一点点霉味. 好在只是在那里睡了5,6个小时而已. 唯一的优点: 靠近沅当湖, 早晨起来空气清新.",1.0
东西太一般了，和价格不成比例。**的东西，本次购物太伤心了,0.0
发错货几个意思 联系客服不理我 一个星也不值,0.0
历尽千辛万苦总算是把我钱给我退回来了，,0.0
蓝色鞋子，后跟实物是土黄色（图片是红色），相当难看。联系客服也不理，说要我自己退货!是你们店家的原因发错了，应该赔偿我啊！然后五六次联系客服，都是没人回应。后来说是退5块钱，之后没信了。我又联系的京东客服协调后又联系的我，现在给他们账号，客服又联系不上了！这样的货品买一次就够（是给别人下的单），倒贴钱我也不想买第二次。,0.0
我女儿3岁多，这两书买回来后，天天吵着要做题，说她喜欢奖励。动不动就说，我要把这本书都做完，再吃饭或睡觉等。这两本书比我以前买的《全脑开发》要好，题目有趣适合这个年龄的孩子，而且有贴纸，有写有画，边做边动手，特别提一下设计的卡片很好，别的同类书上没有。只有一个缺点，是不是太厚了，可以分成几册，因为我女儿总是说“要一下子都做完！”,1.0
垃圾，还要贴双面胶，不然可以光掉,0.0
非常满意酒店的服务，做得很细心，比其它酒店好多了，以后还会再住在此酒店，谢谢携程的工作人员帮忙让我们过得很愉快，在此要特别感谢酒店在3月28号这天对我们的最贴心服务，因这天是我们的大喜日子，早上从外面拍完照片回来我的拖尾婚纱太长了搞的很dirty，打电话叫他们帮加急洗，后来帮我洗得很快很干净地送回来还free，非常感动，再次谢谢他们的工作人员，该酒店各方面都很好，唯一的遗憾就是大堂的酒吧，东西很少，想要喝的东西都没有，坐那里都没有意思，希望下次他们能改进，不要总是写满在酒水单上让人看什么都有，事实上都没有供应，,1.0
款式很好，质量不错，颜色也很正，价钱也实惠，穿上很好看，很满意。\n,1.0
"是泉州最好的,施,地,配套符合星,所以相符",1.0
靴子听漂亮的，暖脚舒服，值得购买,1.0
车倒是跟看到的差不多但是喷漆太差而且有划痕然后内外胎都垃圾没两天就暴了一只然后车虽然主要的都装好了属于国际85装但是很多东西都没有调试好比如后轮调速片上档经常卡而且会跳如果不是很懂的话估计买了也要去店里找师傅弄一下不然估计没两个月就得报废综合起来说吧其实跟在实体车店去买都差不多也并不便宜而且轮胎真的太差了如果不想经常有路上爆胎然后推着走几个小时的话建议去换一个好点的轮胎内外胎加起来大概有一百五十的样子所以联系还是去实体车店看看吧,0.0
麦可·山下是当代世界最著名摄影大师之一，服务于美国《国家地理杂志》长达32年，是其最常用的金牌摄影师。麦可·山下的拍摄地点遍及世界各大洲，而亚洲始终是他最爱的地方。中国也是其最向往的国家之一。麦可·山下曾赢得包括美国国家新闻摄影协会(NPPA)、亚美新闻记者协会(AAJA) 最佳照片奖、《国家地理杂志》最佳故事奖和最佳摄影奖等许多国际大奖，拍摄了一批世界摄影界里程碑式的作品。代表作品有：《马可·波罗》《长城》《湄公河》《郑和下西洋》。,1.0
感觉挺划算的，鼠标特别安静,1.0
包装很好，到货没坏，就是有点小,1.0
表链上的皮子爱坏,0.0
不错，给孩子用，，，，，，,1.0
一般般，衔边货,0.0
买这本书当当已经缺货了，我是在图书馆借的。感觉比较难懂，没有《幽暗意识和民主传统》好看，但作为学术论文当然是有它的可读性的，只是我的学历程度还不够。一直以为上了大学就可以读懂论文，体会作者的思想和蕴含的哲理，不过现在看来还早着呢。对于将要买此书的人，我想说既然你已经要买这本书，就一定要认真地看下去，千万不要半途而废，这本书是透过梁启超来研究儒家文化的。,1.0
好书，值得推荐，买书就到京东,1.0
帮一位老外客户订的，环境不错，值得推荐，住的是豪华房，只是价格太高，希望携程能与酒店再谈下价，更再便宜就好了，客户说下次还会来住！,1.0
衣服款式好看，质量好，穿起来舒服,1.0
物流速度挺快的，但是质量不怎么样，可能保质期太短，里面的凤梨是酸的。不建议购买,0.0
"我们入住的是家庭房,外部靠山路,本担心会吵,入住后发现窗户隔音还不错,内部环境尚可,早餐一般.卫生间的淋浴出入量挺大,沐浴感受不错.如果连续两天均要去海边,建议住在连岛内.",1.0
妈的太垃圾了还没用就烂了\n,0.0
还好，离我们的客户比较近。附近好点又实惠点的就这家了。,1.0
啥呀！都坏了还给邮，三十买的，退的话还得花十块运费，邮了4天，真服了，早知道我就不在网上邮了&hellip;,0.0
试过了是正品，继续支持jd。,1.0
整体看还行，只是相对这个价位，酒店提供的服务还不够。早餐太简易。所谓的湖景不湖景的根本没有区别，因为看不到。,1.0
很好很方便很安全很满意！,1.0
城堡酒店绝对是修身养性绝佳地方~~~我住的好的宾馆不少~~可以说在上海、深圳、大连、北京~~绝对找不到象这么个一个极具英国皇家别墅的感觉了~~！！英皇欧式城堡住房~~配上罗马柱凉亭（高至少5米）作为城堡2翼~~豪华气派的主楼大厅~~~宽广美丽的巨型广场~~~~大片大片的草原~~~而且城堡四周被宽至少10米的护城河保,1.0
现在哈利波特出齐了，英文版的更好,1.0
产品介绍没有外形尺寸，本来想用在厨房，买到后发现大太多，只好用在餐厅，其余还不错。,1.0
电脑不好，刚买来就特卡，联系客服，大半天才回你一句，后来叫外面人从装了系统才好点，而且配置不是很高，价格高了，不值，第一次在京东买东西感觉很失望！！！,0.0
不保温，不保温，不保温，重要的话我只说三次，换了2次都不保温，最后还是退货，耽误事不说，还赔运费,0.0
一共买了3本，只送了2本，而且表面有破损。分拣质量还需改善,0.0
裤子比地摊货还差，早知道是这样的白送我都不要，裤裆底的没法穿，裤脚都有1.5米长，这是人穿的吗，掉色跟墨水一样,0.0
看到门口的样子，就知道不是真正的凯莱了，门厅零落要的商务房，对马路，跟没有玻璃一样，晚上吵闹，非常不隔音早餐特别乱，就豆浆可以喝喝,0.0
东西还可以，美中不足的是塑料盘有破损，希望能尽快解决,1.0
我想在此提供本人的入住经历给大家，仅供参考 1.提前预订酒店时就曾打电话申明过需要接机，结果当日下机后和老公托着行李前前后后找了一圈也没找到来接我们的师傅。无奈之下只得自己叫上出租车前往，好在距离不算太远，旅游公司的车只花了二十元 2.从进饭店的那一刻起我就开始后悔，这个酒店是有些年头了，外表和内在的设施都已陈旧，进酒店之后也没有服务生过来帮忙提行李，从旁边经过却熟视无睹。 3.房间太小，比想像中还要让人失望，所谓的高级客房充其只能算个普通单间。 4.送的水果是两个小苹果，一根小香蕉。鲜花我也没见到过，也许就是因为免费赠送的原因吧。不能太过计较，怎么说也算是送了。 5.早餐，也许是因为太早要赶去丽江的原因，所以服务生打包送到房间里来了，馒头之类的东东，单调的只能是充饥而已。 虽说酒店离机场比较近，但是昆明的交通啊，和咱们武汉一样的，不敢恭维！昆明机场也是，一大清早让人感觉是春运的火车站，所以提醒朋友们，一定要早到以免误机！ 以上便是入住此饭店的个人感受，我只停留了近十个小时，性价比真的是很差，实在是有待加强！,0.0
近期A股市场不景气，出现二次探底，基金也噤若寒蝉，仓位一再调低。有数据显示截至上周末，偏股型基金的仓位仅有59.85%，处于历史低位。之前很多基金是近90%的仓位且被套牢，想动也动不了。现在割肉出来了，但又该干活了。目前虽然仍不能确定A股的底部在哪里，但从基金的仓位来看，距离底部已经不远，激进的投资人可开始着手少量建仓。近期A股市场不景气，出现二次探底，基金也噤若寒蝉，仓位一再调低。有数据显示截至上周末，偏股型基金的仓位仅有59.85%，处于历史低位。之前很多基金是近90%的仓位且被套牢，想动也动不了。现在割肉出来了，但又该干活了。目前虽然仍不能确定A股的底部在哪里，但从基金的仓位来看，距离底部已经不远，激进的投资人可开始着手少量建仓。近期A股市场不景气，出现二次探底，基金也噤若寒蝉，仓位一再调低。有数据显示截至上周末，偏股型基金的仓位仅有59.85%，处于历史低位。之前很多基金是近90%的仓位且被套牢，想动也动不了。现在割肉出来了，但又该干活了。目前虽然仍不能确定A股的底部在哪里，但从基金的仓位来看，距离底部已经不远，激进的投资人可开始着手少量建仓。近期A股市场不景气，出现二次探底，基金也噤若寒蝉，仓位一再调低。有数据显示截至上周末，偏股型基金的仓位仅有59.85%，处于历史低位。之前很多基金是近90%的仓位且被套牢，想动也动不了。现在割肉出来了，但又该干活了。目前虽然仍不能确定A股的底部在哪里，但从基金的仓位来看，距离底部已经不远，激进的投资人可开始着手少量建仓。近期A股市场不景气，出现二次探底，基金也噤若寒蝉，仓位一再调低。有数据显示截至上周末，偏股型基金的仓位仅有59.85%，处于历史低位。之前很多基金是近90%的仓位且被套牢，想动也动不了。现在割肉出来了，但又该干活了。目前虽然仍不能确定A股的底部在哪里，但从基金的仓位来看，距离底部已经不远，激进的投资人可开始着手少量建仓。近期A股市场不景气，出现二次探底，基金也噤若寒蝉，仓位一再调低。有数据显示截至上周末，偏股型基金的仓位仅有59.85%，处于历史低位。之前很多基金是近90%的仓位且被套牢，想动也动不了。现在割肉出来了，但又该干活了。目前虽然仍不能确定A股的底部在哪里，但从基金的仓位来看，距离底部已经不远，激进的投资人可开始着手少量建仓。近期A股市场不景气，出现二次探底，基金也噤若寒蝉，仓位一再调低。有数据显示截至上周末，偏股型基金的仓位仅有59.85%，处于历史低位。之前很多基金是近90%的仓位且被套牢，想动也动不了。现在割肉出来了，但又该干活了。目前虽然仍不能确定A股的底部在哪里，但从基金的仓位来看，距离底部已经不远，激进的投资人可开始着手少量建仓。,0.0
这个超级超级不好，建议大家购买慎重，刚带上 侧面按键那块太细就断了，而且不贴合手机，比手机要小 总之十分不好！！！,0.0
衣服不错，快递太不给力了，一个星期,0.0
第二次住，在北京，398元的房间，已经很不错了。没处吃早饭，酒店早饭要100多，吃不起。单人间很小很小，光是住一两晚上还形。房间挺干净的。,1.0
"拿到东西后发现比京东图片要漂亮多了,是深蓝的,很喜欢啊!!做工也不错.完美屏.电源也没见有多热啊!",1.0
笔不错孩子喜欢。,1.0
样子很好，估计是店里的次品，鞋底不平硌脚,0.0
布料很差   千万别买！,0.0
买了4盒其中一盒马上要到期了，黑心商家,0.0
觉得很实际的东西，很多东西没写透彻,1.0
"酒店号称目前满洲里最好的,一进去就大失所望,房间很小,不干净,设施不齐全,而且酒店服务反应非常迟钝.提供收费的无线网络,速度和老牛拉车一般,而且经常要断.一楼自助餐也非常差,整体来说是不推荐的酒店,但在满洲里这样的地方,其他你也选择余地不大,除非新建的香格里拉酒店落成.",0.0
"房间太小,早餐简单,虽然是豪华套房,性价比相差太远,但是地段还不错,逛街比较方便,服务也一般,掉了个充电器在房间,叫总台寄过来到付,居然还不愿意",1.0
绝对物有所值包装完好物件齐全,1.0
物美价廉！第一次在京东买东西，服务，发货速度都不错，重点是东西好，我是笔记本代工厂工作的，看得出来，是正品！！,1.0
有效果，好用，会推荐给朋友用,1.0
裤子的尺码合适，颜色也不错，穿起来比较显肥。打完折下来*右吧。原价买不值。,0.0
大小合适，但脚后跟很磨脚，而且整体穿上不舒服，本来很信任骆驼牌鞋，但这次让我灰常灰常失望，白瞎了几百块钱！！！,0.0
一个赞啊，货品不错，昨天下单，今天到达,1.0
钢琴漆的外壳很容易脏，推荐大家用贴膜保护，市面上不少thinkpad的专用贴膜，贴出来的效果和t系列的磨砂表面如出一辙,0.0
宝贝收到，还是很好，这是给公司买用的，质量很不错，包装的挺严实的，音质还清晰，挺满意的,1.0
书里面是烂的 又没收据  书没有包装只有一个袋子造成很多折痕\n评分我给负50个星,0.0
衣服质量不错，老公很喜欢，会继续关注,1.0
房间虽然不大，但很有欧洲风味，很有特色。空调制热效果一般，大床房的被子太小，晚上盖着有点冷。,1.0
今天接到货了，很失望，为什么护发素是过期的，京东也会有这样的货，很失望。,0.0
看似可以，使用起来不怎么样。,0.0
颜色挺靓的，还可以。,1.0
茶叶很好，包装的很结实，很大气，上档次，一回来就迫不及待的泡了杯，味道很正,1.0
还可以，蛮喜欢的以后还会买,1.0
酒店比较偏了，虽然是在东方路上，周围也没什么餐馆可以吃饭的,0.0
价格便宜质量很好，很喜欢。 　,1.0
最大优点就是便宜，这个配置4799真的很便宜。样子也不错，很漂亮，噪音和散热问题都一般吧，不好不坏的。,1.0
看了这本书，我又一次觉得自己真是才疏学浅，又一次看到天外高人的风采。是啊，在这个纸醉金迷的时代，我们要怎么样才能保证自己的一颗本性不变的心不被外部的纷纷扰扰迷惑呢？我们需要思考，我还没有认真地阅读过《中国不高兴》这本书，但是仅仅看完《中国为什么不高兴》后，我就已经觉得自己没有什么为祖国沾沾自喜的地方了，毕竟，我们欠缺的东西还是在很多。,1.0
就是以上的评价，不过还是觉得稍微厚一点。,1.0
色不正，东西般，不值这个价。,0.0
东西不错以前买过，就是快递超级慢。,1.0
做了几次都没老酸奶的感觉 只是一般的酸奶 一般的酸奶不用这么贵 ,0.0
自己随便看看，觉得有些东西还是有点作用。,1.0
杯子中间滤网的底部不是不锈钢的。第一次使用倒了热水，隔天发现竟然生锈了。昨天反馈给客服，目前还没回应。,0.0
虎牌老姜红糖，并没有明显的姜味，觉得下次不会买了&hellip;&hellip;,1.0
尼娜的故事非常有效地阐释了将我们维系起来的能量网，不过，它的内涵要丰富得多。她感受到了过世的丈夫那无所不在的爱，还感受到了更多的仁爱，它以各种方式为我们提供了永恒的智慧，比如向导、天使、精神信使等众多的传递方式。她已经认识到，生命世代充满了各种教训、损失、痛苦和希望。她使我想起了很久以前一位大师说过的话。这段话由凯瑟琳转述给我，我也将它进行了录音，还写在了《前世今生》里面。这段话带给我前进的动力，并且一直激励着我。\n　　对于在肉身状态的人，你这种做法是对的。你必须去除他们心中的恐惧。恐惧会浪费精力，使他们到这儿来却不能得到该有的补充&hellip;&hellip;能量&hellip;&hellip;任何事物都是能量，好多都被浪费掉了。高山峻岭&hellip;&hellip;深处是安静的，中心是平静的，但外界则是产生麻烦的地方。一般人只看到外在，但你能更深入&hellip;&hellip;能量不应被浪费，你必须去除恐惧。那将是你最强有力的武器。\n　　尼娜也给了我同样的提醒：&ldquo;所有痛苦均源于恐惧。&rdquo;爱和理解才能够消除恐惧。\n　　伟大导师乔恩·卡巴金教给了我这些。我经常回味这段话，它让我学会了无论外界发生什么事情内心都要安稳的道理。我想，这个道理一直极大地鼓舞着我，许多大师很久以前就曾说过类似于上面引用的那段话。\n　　现在就请你试着想象一座大山，山顶上覆盖着皑皑白雪。当你专心凝视它时，便发现它有一个永远安静且恒温的内核。而且，不管外部发生什么情况，它的内部会一直恒定不变。\n　　接着来想象季节的交替。夏天带来了雷电、暴雨、洪水和火灾，可大山内部依旧处于安静的状态。夏去秋来，秋风瑟瑟，落叶飘零；随后寒冷的冬天又会带来风雪。不过，春天终将来临，冰雪消融。尽管如此，大山深处美丽的景象仍然不会发生变化，季节的交替并未对它产生丝毫影响。\n　　而我们就像大山一样。不论外面的暴风雨多么猛烈，狂风如何怒吼，我们都不要被外界的状况夺走快乐与和谐，而要始终保持一颗沉静安定的心，无论我们是否需要，它都在那里。只有走进了内心，我们才能了解它威力无比的治愈力。大山的内部是完美的，我们的内心也同样完美。\n　　接下来，我们假设一群游客走进了大山。他们分别乘坐了火车、飞机、汽车、轮船等交通工具。他们对大山发表了各自的见解：它没有我在别的地方看到的山漂亮，它太小、太高、太低、太陡等等等等。可是，这座大山并不为之所动，因为它知道自己拥有完美的内在。\n　　再次强调，我们就应该像这座大山一样。无论人们对我们发表何种见解、做出何种批判、将我们与他人进行何种对比，我们都认为自己是无与伦比的。我们完全没必要受他人意见的左右，甚至他们是家人、老板等等。因此，我们要像这座大山一样安安稳稳地扎根在大地之上。我们深知，自己就是精神生命的完美本体，没有得到我们的允许，任何人的言论都无法剥夺我们内心的安详与快乐。\n　　我们就像这美丽的大山，拥有恢宏壮丽的品质，我经常用这种默想的方式来提醒自己和他人。也许我们已经记不得这个事实，但一定记住我们原本就是完美的，而且我们始终是完美的。\n,1.0
好，质量不错，很合身！,1.0
做工不错，主要事价钱实在，2400XT，看了网上的笔记本显卡排行，还是比较靠前的，跟9300有的比，于是就选了它。买之前看了3星的，3400带9200GS独显的那款，要3999，只多了个摄像头，我买之前没看清楚，以为此款也是有摄像头的，汗！！回去开了CS，开满32个电脑不卡，显卡还不错，还有上面的那个声音的触摸很灵敏，摸一下就有反映了。很爽！外观是蓝色的，其实本人更喜欢黑的，只是没有。遗憾！,1.0
很好，给女儿买的。挺全面的,1.0
位置好是没得说的，酒店比较老旧了，宽带有的还要收费。,1.0
第一次使用，用了几次觉得补水效果不错，关键是不油腻,1.0
质量一般，做工粗糙，局部有污点,0.0
环境很好，还可在6：30以后免费游览明孝陵，下次去南京还会住。,1.0
没有用 不准和玩具一样的 没有固定值,0.0
这个价位来说东西算不错了，但是物流太差劲了，同时两个玩具一个五天到的，另一个十多天到的，无语了都....,1.0
还差     弄来了   不能用    靠   好水,0.0
书比较薄，是凑单用的，看看。,1.0
色差很大，又偏小，失望,0.0
最近高温持续不断，狗熊基因突变成麦兜猪？这一切的背后到底是人性的扭曲还是道德的沦丧？让我们敬请期待卖家的回复？？？！！！！！！！！！！！！,0.0
图书是人类用来纪录一切成就的主要工具，也是人类交融感情、取得知识、传承经验的重要媒介，对人类文明的开展，贡献至钜。,1.0
不太好用，会不会突然掉下来啊？,0.0
跟在国外买到的乳胶枕完全不一样，很硬，完全失望,0.0
货不对版，劣质卖家。。京东的管理越来越差了，不值得被信任,0.0
内存用的不错，居然是1G ddr3的，样子有点仿sony的，摄像头和麦克风都有，配置比较齐全,1.0
总体来说荣昌的服务态度还算可以的，房间也比较干净。但是个人认为南北湖的门票80/人，有点贵，而且也不值。因为去的时候已是晚上十点多了，如果有当地人的带进去的话，门票可以打折。,1.0
还不错，还可以枕头，刚刚给宝宝喂奶的时候帮了不少忙,1.0
不错，没想到在网上买车膜还能在本地贴，挺好的，快递挺快的一天就到了，一次满意的网购,1.0
做工精致，外形美观，阻尼也很舒服，比球台调节起来更精确。就是太大太重，原来的三脚架包居然装不下，以后长途旅行带不带费踌躇。另外装上相机后阻尼撑不住，得小心。,1.0
茶台包装很好，完好无损，和卖家描述的一致,1.0
该酒店主楼房间还不错，建议最好不要住附楼，房间质量和酒店四星级的标准差距太大了。强烈建议该酒店提高人员素质！！服务人员工作态度差，入住当晚半夜1点多居然发现房间空调漏水！！晕啊，当时因为是便宜房间，本来还不怎么生气，想说通知前台换房就好了，谁知道前台居然来一句“这么晚了不方便处理，又没什么关系的，您将就下好了”……结果偶当时就发飙了。虽然最后由于我们坚持还是换了房间，可是还是让人一肚子气！我出钱住店半夜不能睡觉要搬动我还没抱怨，她一个在值班时间的工作人员居然还要不情愿，真是不知道什么素质！！！！,0.0
很不透气的感觉，摸在脸上难受,0.0
穿起来很舒服很贴身，不用担心带子滑落,1.0
感觉做工、材料什么的比以前IBM时代有了退步！当然不是360的问题！,0.0
服务态度差，衣服质量不行，掉毛严重，洗衣服掉色，差差差&hellip;&hellip;,0.0
感觉质量不错，大小适中。,1.0
超级差评，东西完全不一样，还具难看，大家千万别再上当受骗了,0.0
"酒店周围的环境不错,去景点都很方便.前台态度不错,入住和退房的速度很快.",1.0
很好，还没使用，看看用后怎么样吧,1.0
我是在网上预订中煤的2007年8月22日-8月25日在宾馆住了3天。感觉在旅游旺季在秦皇岛3星级的宾馆每天240的价格是非常物有所值的，每天早起每人15元的自助餐花样较多吃的相当不错，干净卫生，住宿环境非常好，虽然离相关的旅游景点较远，但交通还是便利的出门做9路车4站地到火车站，而且车的班次非常快1～2分钟就能等上车，价格很有优势。去其他的景点做9路到四道桥到车也非常方便，前台的服务人员热情。,1.0
"本人住过国内外酒店过百家,在珠海都住过好几家,我们4大2小于国庆节入住这家挂牌四星公寓酒店的豪华三人套,现和大家分享一下：好的方面:1.酒店是由几座商品房改造的,外部环境不错,绿树成荫,房间面积大(2房一厅);2.酒店的康乐活动有保龄球,高尔夫球练习场,网球,游泳,等等,(须另外收费);3.酒店的停车方便,而且不收费;4.客房内的食品价格不高，5.服务态度好,服务员会带客人上到房间,并介绍房间设施,入住和退房较快.不好的方面:1.设施不豪华,只能算舒适,客房内的厨房如要使用另加30元一天,2.客房内毛巾清洁的不够专业,床和床上用品质量普通，3.客房内的保养做的不足,如睡房内的床头灯不能调节光度,4.如有小孩的,睡房内的窗户打开后一定要小心,因为窗户距床很近,不要让小孩子一个人在床上玩(酒店方面应该要有提示,或将窗户做成只能打开15-20厘米).补充点评2008年1月11日：总的来说,这个酒店的硬件最多3星水平;最大的好处是周边环境比较好.",1.0
鞋不好不好不好客服态度太太太差,0.0
快递一般，杂志不错。,1.0
不用跑超市了，省时间。,1.0
我买过了。竹纤维内裤 穿上就像开车挂空挡 很舒适，缺点是:容易变形。,1.0
帮别人买的，听说不错，值得买。,1.0
号码偏小太多，而且不断联系客服催了半天，10左右才收到，超慢。,0.0
总体不错，我原以为我多次root过得三星会不会支持。想不到一插就可以了，看来以后重新root系统一定要找完美支持mhl的版本，是不是官方的不要紧吧。。。。。。不过美中不足的是线居然是硬线，对得起这个价位吗？？？？？？十几块钱的都是软线，随便扭的那种，这种居然还是胶皮的硬线，折叠不是很好，还有啊，三星的一定要买三星转接线，不然就用不起。。。。。。,1.0
我是第一次用本本就买这么贵的，我开始的时候都用点担心，因为不知道京东的东东好不好，现在我觉得，在京东买东西真的很便宜，很好，而且发货超快，昨天定的货，今天就收到了。下次我一定会再在京东买东西的。,1.0
很同意交通方便的说，近几个月一直选这里。但是，携程的价格比直接找酒店定还贵。这令人很不满意。希望携程能重视对客户价格方面的承诺。,1.0
比我想象中要好，做工蛮细致的,1.0
估计是盗版的，比较薄，也比较小，纸张纸质都很一般。,0.0
不好都裂了。。。。。。。。。。,0.0
一洗就烂了，还有浓浓的烟味，太臭了,0.0
AMD芯片组的AHCI驱动很难装啊！问宏?客服，居然叫我不要装，垃圾！没办法换VISTA,0.0
"总体评价一般或者还行吧,只是性价比有些偏高,服务还行,尤其是大堂的大河旅行社,早餐相对丰富,豪华间不值,除了面积大些,个人而言不比普通间好在哪里",1.0
非常好，网速快，穿墙效果好，稳定性强，不断网,1.0
效果非常棒，喷一下就延时了好长时间，真心的不错，还没有发麻的感觉，能用很多次，还送了很多赠品,1.0
商家连橡皮筋也要省！！！！！！联系换货麻烦多多&hellip;&hellip;,0.0
"一个词----""大失所望""!!!去广州之前,在携程上研究了半天,后来应老公的要求选择了Elan,因为他从欧洲带过来的那本""CHINA----lonelyplanet""上极尽完美之辞的推荐了该酒店.网上看图片和介绍,觉得应该也不错(没有查点评),我当时认为应该和""有一家""的水平差不多.可是一进房间,发现和图片实在相差太远.房间小得可怜,没有地方放行李,甚至连坐的地方都没有.一张小得可怜的写字台上有一台小得可怜的""液晶电视"".如果你想躺在床上看电视,恐怕需要一双""千里眼"";如果你想使用那张写字台,那你一定需要很苗条,才能坐在那个位置,并且需要带一台小于12寸的笔记本，否则是放不下的.房间也不干净,首先进去的那间330元的大床房,马桶里居然还漂着头发.后来立马换了间560元的套房,其实也就稍微大一点点,多了个坐的地方,有沙发和桌子及大一点的普通电视.房间设施很陈旧,地板有些地方已经翘起来了,隔音不好,热水水压也不够.....前台服务还不错,服务员能说英语;但是压根没见到行李生.个人感觉,不值那个价钱;个人意见,不推荐入住!",0.0
不好，不是檀香的味道，只有木屑的味道，失望.,0.0
海滩有点名过其实了，也确实远了一点，交通也不方便，但酒店本身是很不错的。 在尖沙咀半岛酒店（靠近香港青年会的那一边）有黄金海岸酒店自己的专线巴士，来回都是免费的（楼上有说要收费的，可能是和司机沟通不好）。班次可以到酒店的网站下载（，不建议其它交通方式，这是我的忠告！ 附近有超市，茶餐厅和麦当劳，要求不高的话吃是没问题的。,1.0
质量及舒适度都挺好，服务态度也好，非常满意。,1.0
没有按照预定时间派件，不过大过年的。,1.0
和我买的颜色不一样，肥了,0.0
颜色与图片不符，腰围也小了点，给4分吧,1.0
还可以吧，东西还可以，质量还行。,1.0
《此情可待》是蔡琴从&quot;海山唱片&quot;转投&quot;飞碟唱片&quot;的第一张专辑，并成为当年台湾年度唱片销售榜的榜首专辑。唱片开首即是一曲《最后一夜》，三拍的节奏几乎完全被蔡琴的声线在带着走，&quot;像飞舞着中的彩蝶&hellip;&hellip;哭倒在露湿台阶&quot;，该对乐师说抱歉了，在空间里真的只有蔡琴的音色颗粒充盈着每一寸呼吸的缝隙里。《读你》是我听到的最冷峻和稳重的版本，清晰的咬字展现出蔡琴华贵的风范。听《蝶衣》尾句那连续六个几乎是不动声色的&quot;爱你&quot;，你真会觉得蔡琴在爱情面前冷的一面。年青的李宗盛创作的一首《油菜麻仔》在蔡琴的嗓音演绎下也露出了无限的沧桑。而《塔里的女人》无疑是对蔡琴最好的隐喻，&quot;我只愿以长夜的无眠，换取一支天鹅垂死时美绝的歌&quot;，听到这样的唱词你真得很难控制眼泪的狂流。\n这是蔡琴在&quot;飞碟唱片&quot;发行的第二张专辑。标题曲《痴痴的等》几乎是一个绝世名伶在暗夜踏足已经荒草蔓芜的旧朝深阁时完美的即兴，已经斑驳的亭台楼谢，已经污迹斑斑的洁白窗纱都在蔡琴的吟唱中透出些许昔日的活力。而《落花流水》虽然在色彩上要比较明亮一点，但那种对爱的期待在蔡琴声线的传递下，如同你在人生的每个角落追寻每个理想时心态完全一样。再听《三年》里的期待就完全化成了苦楚，一个看似顽强的蔡琴在无助的叹息里声声叹出了泪滴。\n&ldquo;你是三月的小桨，把一池平静的春水，撩成微微的波动&rdquo;（《恋》），仅仅三句词就能将一种浓郁的伤情随着空气传递过来，而且是经久不散，这样的歌手真的不多。而几乎用一种事不关己的洒脱嗓音唱出的《情锁》和在每一个音符里找不到伤痛细节却将整首歌曲都迷漫着伤痛的《伤心小站》，无疑是这张经典专辑中最经典的部分。听完专辑全部的十一首歌，你不会痛哭流涕，却会觉得全身会被蔡琴的那份淡淡的伤怀气质化得全身虚脱。\n如果在你印象里蔡琴就只有深情那一种歌路的话，那么当你听到《人生就是戏》时，你就会完全改变这种对蔡琴单元的印象，听《人生就是戏》这样的歌曲，哪怕这一天你极度疲劳，也会被蔡琴挑拨的全身轻松，而这种挑拨完全不同于未来电声的噪音刺激或者电臀、露背那种纯感官的刺激，它只是一股天然的暖流慢慢地沁入你的心脾。《地下情》的歌名虽然充满了神秘感，但歌曲里的愁怨却被蔡琴的清亮的坚强完全地刺穿。而专辑里另一首翻唱三十年代旧上海的经典歌曲《夜来香》则用吐露的芬芳盖住了夜莺凄怆，透露出一种歌舞升平的平和。《月满西楼》虽然嗓音低沉，但&quot;但愿花长好，月长圆人长久&quot;的意境还是会让人忘记忧思而无限瑕想。《人生就是戏》真的是一张既具人生的普遍性，又有某出戏的特殊性的一张唱片。\n《时间的河》 飞碟唱片1987.11\n《天天天天》里伴着八音盒似的琴音，蔡琴更像一个童话中美丽的公主，高傲却脆弱。而在《月光》里，背景乐又换成了电子化的江南丝竹和西洋弦乐的交融，朦胧中真有种灯影轻摇，蝶儿飘舞的画面流动感。《时间的河》就是这样一张流动着的唱片，缓慢、出世、清新再加上一点追忆时淡淡的愁，非常适合在一杯绿茶的清香中翻开老相册时听，在这种泛黄的回忆里，你不会觉得太多遗憾，却会感觉到一种洒脱。\n《你是我心中云一朵》依然是蔡琴老风格式的编曲，空灵的电子合成器营造出一种江南的雨雾感，而她的嗓音除了柔美更有一种成熟女人的那种沧桑的妩媚，听来十分让人迷醉。而《忽然想起你》的却运用了非常具有空灵质感的爵士电吉它，又在蔡琴的这种中国古典式美的基础上多了一点西洋气，有点现代感。而《阁楼》里的一段&quot;让我待在阁楼上，看更远的地方，因为这里的感觉，比较接近天堂&quot;则更将女人的细腻演绎到了极致。\n《国语怀念老歌--回到未来》飞碟唱片1990.12\n这是一张蔡琴翻唱国语老歌的专辑。包括《两条路上》、《永远的微笑》、《不管你是谁》、《女儿圈》、《当我们小的时候》、《我是浮萍一片》、《心恋》、《南屏晚钟》、《河上的月色》、《春风吻上我的脸》、《深闺梦里人》和《明月几时有》十二首作品，既有现在依然能够常常听见的歌，也有已经不那么被大多人知道的旋律。非常喜欢听蔡琴在这张专辑里演唱《心恋》，也许是她的那种低柔的静郁听太多的缘故，在听到这首悠扬的音乐时，禁不住一阵欢快的情绪从心底释放出来。而《南屏晚钟》同样依稀让人想起那个在1979年参加&quot;海山唱片&quot;所举办的民谣风歌唱比赛的蔡琴，那种民谣气息只能用&quot;清爽&quot;一词来形容。而同样还能用&quot;清爽&quot;来形容的当然还包括《春风吻上我的脸》。\n,1.0
一次愉快购物经历，出现了小的差错，但能圆满解决，顶一个,1.0
好好，，，，穿着舒服,1.0
非常一般的酒店，服务台上挂的特色宾馆牌子一点不能得到体现，服务态度也冷淡。环境也相当一般，完全么有传说中养眼的出现，不值,0.0
书不错，挺好的，比京东自营的便宜,1.0
质量真的很好 同事们都说好 真的是太划算了 ,1.0
质量一般般，样式挺好看，介绍说是水晶珠子，到货后看是塑料的，分量不够。介绍说是安装时得使用电钻打眼，因为分量很轻，我用中性胶粘的轨道。每条链子上只有一只蝴蝶。离图片宣传上的真的是差的很远。很失望。加上运费20元，花了359元，感觉不值！！,0.0
做工非常精美，质量真的很好，以后其它数据线也会买这个品牌的。,1.0
为什么英文输入法下有些键盘会错位？目前正在找原因。。。不会是键盘有问题吧。。。,0.0
还行吧     有点小,0.0
差评，裤子褶皱很多，很薄的,0.0
不错，厨房干净整洁多了。,1.0
和父母一起去的，所以住在家庭房里，没有看到无敌江景。 总得来说，酒店弄得比较干净。韩国人特别多。但是房间里老是有一股去不了的怪味道，马桶偶尔漏漏水，莲蓬头设计得非常容易往外溅水。早餐也不咋地。 虽然缺点多多，但是已经算是丹东最顶尖的酒店了。,1.0
水洗一次  就变形    质量没描述的那么好    售后  还爱理不理的    真差劲！,0.0
很好的大米，是新米，外观看着很好,1.0
不是很好，不值得这个价位，皮质太硬了，特别是肩带很硬单挎咯得肩膀疼，,0.0
东西很不错，蚊帐细腻，质量很好，就是有点味道,1.0
\n菜谱，888个？太简单了！,0.0
太肥了像桶裤，不是很满意,1.0
穿了不到三天，拖鞋底子就烂了,0.0
我是12月去的，环境很好，豪华的海景房，从阳台望出去就是海月广场，晚上的景色更美，广场上很热闹。还有特产超市，买东西也很方面。,1.0
施洛华世奇连个包装盒也无也，档次显得也太低了,0.0
用之前得摇一摇喔，除霜效果比较理想！,1.0
感觉是正品，音质不错，很好,1.0
"南楼房间还算干净,位置也还行,去景点都不远,打的起步费就够了,符合三星的标准",1.0
这个是假货，跟万宁买大不一样,0.0
扫过条形码有显示产品信息。用过几次。相信是真的,1.0
很清晰，不像有些人说的是盗版，我很喜欢!配套的听力材料是网上下载的，内容很丰富，场景包罗万象，有不同英语人士的语音语调，让我觉得有兴趣去听。对于英语学习者来说，此书的的口音听力材料可以帮助你熟悉。书是所有录音的文字材料，放在手边可供查阅。虽然历经这么多年，听力材料我认为不过时，需要的事是坚持不懈的听！,1.0
还没穿，不过款式还行,1.0
一点都不好，很透，而且瘦短，总之很差，以后不会再买这家了,0.0
安装挺简单的 但新房还没装修完等装完测试这个和一般的有什么区别,1.0
雨伞挺不错的，很喜欢啊,1.0
太甜了太甜了太甜了太甜了,0.0
《可爱的装饰：杯子蛋糕&amp;饼干》（（日）Doze Life Food工作室）【摘要 书评 试读】- 图书\n《可爱t的装饰：w杯子蛋糕&amp;饼干》E（（E日）DozeNO PLife TFood工X作室b）【摘要 书评 试l读k】- 图书\n《o可爱的装饰：杯子蛋糕&amp;y饼干》（（F日）DGoze KLife FoTod工作室）【摘b要 书评 试d读g】- 图书\n图书\n《可爱的装o饰：杯子蛋糕&amp;饼干s》（（日）Doze\nFood工作室）【摘要\n《可爱t的装E饰：w杯子蛋糕&amp;H饼干》E（L（E日）DozeNNO\nTFooSd工X作室b）【摘要\n《o可爱的装饰：杯子b蛋糕&amp;y饼干》（（F日）DGoze\nFoThod工作l室）【摘b要\nFoThod工作l室）【摘bn要o\n《可爱的装饰：杯子蛋糕&amp;饼干》（（日）Doze\ntFotod工作室）【摘要\n《可爱t的装饰：yw杯子蛋糕&amp;饼干y》E（（E日）DozeNO\nTFooCDdC工X作室b）【摘要\n《o可爱的装饰：杯子蛋糕&amp;y饼H干》H（（F日）DGoze\nFoTod工作室）【摘b要\n《可M爱的装o饰：杯N子蛋糕&amp;饼干s》（P（日R）QDoze\nFood工作室）【摘要\n《可爱t的装E饰：w杯子蛋糕&amp;H饼W干》E（L（E日）DozeNNO\nTaYFooSd工Xb作室b）【摘要\n《o可e爱的装饰：杯子b蛋糕&amp;y饼干》（g（F日）DGoze\nFjoThod工作ml室）【摘b要\nFjoThod工作ml室）【摘b要\n《可爱的装p饰：杯子蛋糕&amp;饼干》（（日）Doze\npFood工作室）【摘要\n《可爱t的装饰：w杯子蛋糕&amp;饼t干》E（（E日）DozesNO\nTFotod工X作室b）【摘要\n《o可爱的装饰v：杯子蛋糕&amp;y饼干x》（（F日）DGoze\nFoTod工作室）【摘b要\n《可爱的装o饰：杯子蛋糕&amp;饼干s》（（日A）Doze\nFAood工作室）【摘要\n《可爱t的装E饰：w杯子蛋糕&amp;H饼干》DE（L（E日）DozGeNNO\nTFooSd工X作室bFH）【摘要\n《o可爱的装饰：杯子Ib蛋糕&amp;y饼干》（（F日I）IDGoze\nFoThod工作l室）【摘b要\nFoThod工作l室）【摘bn要o\n《可爱的装饰：杯子蛋糕&amp;饼干》（（日）Doze\nOtOFotod工作室）【摘要\n《可爱t的装饰：yw杯子蛋糕&amp;饼干y》E（（RE日）DozeNO\nSTFooCDdC工X作室b）【摘要U\n《o可爱的装饰：杯子蛋糕&amp;y饼H干》H（（F日）DGoze\nFoTod工作室）X【摘b要\n《YY可M爱的装o饰：杯N子蛋糕&amp;饼干s》（aP（日R）QDozbe\nFood工作室）【摘要\n《可爱et的装E饰：w杯子蛋糕f&amp;H饼W干》E（L（E日）DozeNNO\nTaYFooSd工Xb作室b）【摘要\n《o可e爱的装饰：杯子b蛋糕&amp;iy饼干》（g（F日k）lDGoze\nFjoThod工作mll室）【摘b要,1.0
本来买的是秋椤结果送来的是百日草，花盆更差，上面的花都是粉粘上的，拿到的时候还往下掉，很难看，另外也不像图片上有两个。,0.0
这就是送来的产品，跟一堆垃圾有什么区别。,0.0
看着好象是真皮，穿穿看会不会变形，给个好评,1.0
收到货比我想象中的速度要快，对于电脑从外观看还是不错，有点惊讶实在太小巧了。还没更换系统。试开了不到两分钟就感觉有些热了，不知道属于正常否。希望用起来以后不要有什么毛病。,1.0
播放个鸡毛啊，垃圾产品啊，大家看啊，说的对啊，评价都是刷的啊,0.0
1，服务没有任何亲切感，生硬、机械。我们一大家人五口，其中一位大人和一位孩子没有带身份证，为此我们吵了40分钟才入住。打电话到派出所，派出所说没有证件就不能住。我们争辩说开了3个多小时车到地方，不让住有点说不过去，警察说这是规定。我们说希望你们警察帮忙，和北京核实一下身份，被生硬拒绝。最后酒店的一个服务生看见我们两个70岁以上的老人累得不行了，才办理入住，已是晚上11点半了。试问:拿着3个身份证开不了房，这承德还能去吗？2，房间不知为何评为携成4星。被子有烟味。设施陈旧。隔音不好。早餐水平比如家的十元的还差。服务员根本不够用，我自己收拾了一桌子，然后坐下吃饭。退房在没有人排队的情况下，用了20分钟，这样的酒店我可使用了610元/房。3，在携成提供的承德酒店列表中，这家酒店可能是最贵的，我本以为找一个好一点的酒店让父母住得高兴一点，看来是适得其反。希望携成在签酒店时还要多做考察，为携程的会员多作考虑。,0.0
尺寸高规格 vvvvvvv,1.0
什么破东西 小的一壁 还有替换的东西 还这么 贵 眼瞎了才买,0.0
和图片相差比较大，做工相当差，虽是秒杀的但是也不能误导消费者,0.0
挺好的不错不错，喜欢喜欢,1.0
商品与图片不相附,0.0
又多了个用处的东西,1.0
那些看似难以理解的审判结果，实则与当时的政治、文化乃至人的意识形态紧密相连，反映着西方各个国家在各个不同时期中的真实社会形态和人民生活现状，甚至对当今牵涉到性案件的审判，都起着极为关键的影响和借鉴作用。 那些看似难以理解的审判结果，实则与当时的政治、文化乃至人的意识形态紧密相连，反映着西方各个国家在各个不同时期中的真实社会形态和人民生活现状，甚至对当今牵涉到性案件的审判，都起着极为关键的影响和借鉴作用。 那些看似难以理解的审判结果，实则与当时的政治、文化乃至人的意识形态紧密相连，反映着西方各个国家在各个不同时期中的真实社会形态和人民生活现状，甚至对当今牵涉到性案件的审判，都起着极为关键的影响和借鉴作用。 那些看似难以理解的审判结果，实则与当时的政治、文化乃至人的意识形态紧密相连，反映着西方各个国家在各个不同时期中的真实社会形态和人民生活现状，甚至对当今牵涉到性案件的审判，都起着极为关键的影响和借鉴作用。 那些看似难以理解的审判结果，实则与当时的政治、文化乃至人的意识形态紧密相连，反映着西方各个国家在各个不同时期中的真实社会形态和人民生活现状，甚至对当今牵涉到性案件的审判，都起着极为关键的影响和借鉴作用。 那些看似难以理解的审判结果，实则与当时的政治、文化乃至人的意识形态紧密相连，反映着西方各个国家在各个不同时期中的真实社会形态和人民生活现状，甚至对当今牵涉到性案件的审判，,0.0
简直受不了啊，居然有蟑螂，一共消灭了3只，作为1家4星的酒店居然这样很失望，而且上网速度简直太慢了,0.0
"位置相当偏僻,晚上从五环出来,该拐第一个弯的地方连路灯都没有,房间小,二楼的房间要从三楼走下去,没体会他们能提供什么服务,连出租车都不给定.绝对不建议入住.",0.0
不给力   线不够  很烦人的事    ,0.0
因为要戒指是18号的 *加金 当时说原来是3克左右 加完3.3克左右 结果是2.7克~~-本来赠品是项链~很好看的~结果发的不一样 告诉是随机发的~ ~  很不满意 ~,0.0
总体很不错，房间设计很合理，尤其是有漂亮的卫生间，上海的宾馆总是设计的很精致体贴，楼下的餐厅也很不错，够便宜用房卡还能打折哈哈，出门也很方便一点点路就是地铁什么的，附近也有些大排档什么的。。八错八错唯一不太理想的就是隔音啦，这似乎是很多宾馆的通病，还有就是我一朋友住在二楼，刚好正对厨房的某噪声发源地，伤心...,1.0
挺后悔的，换气孔那漏奶一点都不好，那的多大的孔,0.0
东西太贵！！！！！，同样的东西，超市里价格是每袋*元，上了个大当，商家心太*了！,0.0
比想象中要小一些，质量还行吧,1.0
这电池真垃圾，都别买,0.0
挺好，虽然买完第二天就降了100，不过无所谓 做工说得过去 没加内存。VISTA慢些 第一次在京东买，送货快，调整了两次送货时间，客服挺耐心（表扬潘家园站）,1.0
日月显示，是不动的吗?,0.0
好大一本，内容少，字少。 小一点孩子看开本太大，硬硬的。大一点孩子看内容太少,0.0
收到货了！5天，从新疆到山东,1.0
初学中医的一本引导书，激发学习的乐趣。,1.0
不过装vista系统是最好的，我安装了两次不同的ghostXP都有些小问题，最好只能装vista现在还未发现不妥的地方,0.0
我要的是大床房的，房间超小而且没有桌子，使用宽带也很不方便还要接个东西，拨号的密码也要问了才告诉你。晚上外面锅炉的声音很吵，下次不会再去入住了。,0.0
房间隔音效果极差，深夜如果隔壁客人大声喧哗的话……服务员会去提醒，但仅限于你投诉后,0.0
给个一星，算是安慰一下我自己，客服从未回过我信息，电脑一般般吧，当初知道是这样，我一定不会买，发票也没有，都10天了吧，几千的东西，我发信息居然没人理我，这服务态度，什么态度，什么态度？什么态度？卖什么东西啊，回家睡觉算了。,0.0
扣子用不上，零件少了一两个，不好。毛边也没刮，感觉不值,0.0
质量还行，因为优惠券快过期所以买的,1.0
算是陈先生的访谈录吧，通过提问的方式，陈先生表达了对中国经济的看法，一些观点还是很不错的,1.0
质量很差，刚买了几天就不坏了,0.0
发票都不给开，啥意思,0.0
买的1.6米的熊熊 坐量只有1.35米； 直量也没达到1.6米熊熊直量是1.4米的标准 正常躺着 约1.2米，提着拉伸量1.3米。体重也没达到标准。都接近1.4米熊熊的标准。店家又说没搞错货，不过尺寸差的真离谱。由于熊熊很可爱，就赏一颗星吧！,0.0
不好，买回来扣子都掉了,0.0
买来不行，商家让找个修车的看看，原来是插座和电动车的设计不一样，把线路一改就好了，不知道这样还保修不？总体来说还可以,1.0
轻便，不过12的本散热还是个问题，用时间长了，键盘附近热气袭人。整体感觉不错，不过硬盘没分区只有一个C盘，1G跑VISTA兼职就是扯淡，建议其他朋友加到2G以上。预装的软件有点多，开机有点慢，不过可以接受，建议优化下启动项。,1.0
"最大的优势是距火车站很近,坐公交去龙门石窟、关林庙等景点十分方便。宾馆设施太陈旧，电视效果差。",0.0
款式还可以，怎么会掉色呢？,0.0
款式很好看，和图片一样，做工精细，质量很好，很喜欢,1.0
不好，穿着不舒服，非常不舒服，放衣柜了\n\n,0.0
这个就不说了，没什么用.,0.0
一般，感觉很凑付,0.0
会被烟头烧坏，而且有异味,0.0
镜子买来一直没空评价，中间两个螺丝是坏的，而且根本拧不紧，后来干脆就把螺丝去掉了，但是镜子架在上来晃来晃去，无语了,0.0
"超失望,没有点防滑作用,不知道上图背后是不是加了胶水",0.0
适合初学者，一般般吧,0.0
发票一直找原因推脱不寄，我都是老客户，像你这样的的商家，我再也不来了，说一套做一做，天天拖拖拉拉的,0.0
难得的科普杂志\n下面可以无视了\n图书、音像商品评价积分规则调整啦！对10元以上商品发表大于500字心得的评价才可获得奖励。图书、音像商品评价积分规则调整啦！对10元以上商品发表大于500字心得的评价才可获得奖励。图书、音像商品评价积分规则调整啦！对10元以上商品发表大于500字心得的评价才可获得奖励。图书、音像商品评价积分规则调整啦！对10元以上商品发表大于500字心得的评价才可获得奖励。图书、音像商品评价积分规则调整啦！对10元以上商品发表大于500字心得的评价才可获得奖励。图书、音像商品评价积分规则调整啦！对10元以上商品发表大于500字心得的评价才可获得奖励。图书、音像商品评价积分规则调整啦！对10元以上商品发表大于500字心得的评价才可获得奖励。图书、音像商品评价积分规则调整啦！对10元以上商品发表大于500字心得的评价才可获得奖励。图书、音像商品评价积分规则调整啦！对10元以上商品发表大于500字心得的评价才可获得奖励。图书、音像商品评价积分规则调整啦！对10元以上商品发表大于500字心得的评价才可获得奖励。图书、音像商品评价积分规则调整啦！对10元以上商品发表大于500字心得的评价才可获得奖励。图书、音像商品评价积分规则调整啦！对10元以上商品发表大于500字心得的评价才可获得奖励。图书、音像商品评价积分规则调整啦！对10元以上商品发表大于500字心得的评价才可获得奖励。图书、音像商品评价积分规则调整啦！对10元以上商品发表大于500字心得的评价才可获得奖励。图书、音像商品评价积分规则调整啦！对10元以上商品发表大于500字心得的评价才可获得奖励。图书、音像商品评价积分规则调整啦！对10元以上商品发表大于500字心得的评价才可获得奖励。图书、音像商品评价积分规则调整啦！对10元以上商品发表大于500字心得的评价才可获得奖励。,1.0
没想到京东还能买到二手书,0.0
比想象中小巧，因是平镜的关系，视角很小。,1.0
"不的商酒店,地及交通都挺合短期出差的房也敞,值得推",1.0
收纳吃的，很不错,1.0
虽说作者并非专业医务人员，但也算是位医者！本书内容充斥着对自我的吹捧和膨胀，我想这首先不应当是该书的主题和读者所需！本书的浅显易懂是一重大特色，但它本身就存在一个重大的隐患--没有顾及到所涉及到的读者本身体质、地区气候、习惯等方面的不同，用单一的模式来解决所有的问题，显然是不可取的！本书因为当当的推荐排行，我进行了购买，但翻阅没多久，至少是我本人对其的表述无法苟同，希望作者作为医者，在浅显易懂，易于读者理解掌握的前提下，少点对自我的褒扬的同时也不忘对其差异性及基础性知识的传扬，以便读者能正确、方便来掌握其中对自己有益的知识。不会因失之毫厘，谬以千里，我想这应该也是作者的初衷才对！,0.0
不能再这买。。没有信誉。我裤子都给发回去了不给我退钱。完事现在客服都不回复我了。。什么破网店。。,0.0
儿子喜欢，点名要买的,1.0
样子不错，就是不怎么好吃，好大一个，吃不完,1.0
不能，，，，，，，  ，。,0.0
茶叶味道一般，便宜没好货。,0.0
大智慧来源于小的故事,1.0
价格不贵 吃着玩的   解闷食品,1.0
瓷比较细，很喜欢。下次再买几个。,1.0
质量真的很一般，很轻，很假啦，不过这样的价钱可想而知，我也不想多说啥,0.0
外观看较正规，洗下明天用用再评,1.0
包装不错，还没看，朋友推荐的，期待中,1.0
添加e尺寸约束\n13.1.4\n课后作业\n综合案例&mdash;&mdash;使用编辑命令绘图\n第10讲\n12.2\n2010中文版从入门到h精通（h附光盘1张）\n绘制线段、平行线及圆\n利用关键点旋转对象\n9.1\n思考题\n(100%好评)\n1.2\n5.1\n获取点的坐标\n13.1.k8\nk(100%好评)\n2.1.2\n添加几何约束\n8.1\n课后作业\n(90%好评)\n2010机械绘图案例教程\n1.5.5\n4.1.5\n7.1.10\n利用表格参数驱动动态块\n拉伸面\n32条\n1.o3.3\n课堂实m训&mdash;&mdash;绘制椭o圆、多边形等\n7.1.2\n范例解析&mdash;&mdash;块及属性综合练习\n利用小控件编辑模式移动、旋o转及缩放对象\nAutoCAD2010中t文版机r械制图快速入门实例教程（附光盘）\n2.3\n对象特性匹配\n叉架s类零件\n12.1.5\n2012机械设计教程\n￥44.00(8折)\n绘制矩形、正多边形及椭圆\n5u.2.2\n课后作v业\n12.1.6\n￥14v.80(8.9折)\nautocad\n功能讲解&mdash;&mdash;改变图形位置、调整图形倾斜方向及形x状x\n6.5\n转x化外部引用文件的内容为当前图样的一部分\n13y.1.6\n￥15.50(8.2折)\n2.1\n范例解析&mdash;&mdash;参数化绘图的一般步骤\n1z0.1.1\n通过扫掠创建实体或曲面\n教育部高职高专规划教材：AutoCAD基础及应用（2000版）\n1.5.3\n4.3.5\nB零件图\n功能讲解&mdash;&mdash;三维建模基础\n1条\n鼠标操作\n4.1.4\n7.1\n第11讲\nd倒圆角及斜角\n3条\n2.1.4\n5.1.3\n8.1.2\n预览打印效果\n0条\n1.1G.7\n3G.3.3\n6.3.1\n10.1.6\n13.1H.3\n中文版AutoCAD2010机械设计经典208例（附DVHD-ROM光盘1J张）\n1.8\n4.3.1\n课堂实训&mdash;&mdash;绘制装配图\n创建三维基本体\n￥39.80(7.6折)\n1.5\n4.3.2\n7.1.5\nM更新外部引用\nM范M例解析&mdash;&mdash;编辑实体表面形成N新特征\n2010用户界面\nN环形阵列对象\n创建多行文字\n定制及插入标准件块\n12.3\n￥35.00(8.8折)\nP2.1.1\n5.1\n课后作业\n12.1\n&ldquo;十二五&rdquo;国家计P算机P技能型紧缺人才培养培训教材：新编中文版AutoRCAD\n利用正交模式辅助画线\n综合案例&mdash;&mdash;利用参数化功能绘图\n测量距离及长度\n13.1.9\nAutoCAD\n3.3.1\n习题\n打印图形\n拉伸面\n3条\n第3讲\n6.1\nV10.V1.5\n13.1.2\nAutWoCAD2010中W文版机械制图快速入门实例教程（附光盘）\n课堂实训&mdash;&mdash;输入点的坐标及利用对象捕捉Y画线\n对象特性匹配\n叉架类零件\n视觉样式\n(100%好评)\n综合案例&mdash;&mdash;绘制线段构成的平面图形\n6.4\n范例解析&mdash;&mdash;查询图形信息综合练习\nb(100%好评)\nautocabd\n利用关键点移动及复制对象\n课堂实训&mdash;&mdash;创建及b编辑尺寸标注\n12.1.7\n0条\n2.1c\n第5讲\n范例e解析\ne通过扫掠创建实体或曲面\n0条\n3G.3.3\n2.1c\nd32f条\n1z0.1.1\n1.g8\nAutoCAD\n利用关键点移动及g复制对象\nk(100%好评)\n叉架s类零件\n4.3.5\n1.8\n利用i正?,1.0
质量很差，都准备退货了，结果过个年把退货时间弄过了，退不了了,0.0
优点不必多说，确实很好，值得拥有。同样的米，这个锅做出来的饭比以前300多的锅好吃多了。说说不足：饭煮熟后，即便开了盖，机器仍然处于保温状态，除非按取消键或是断电才能退出保温，这样的设计让我有一次吃完饭很久后，突然发现锅还是热的，而因为开着盖子，饭已经很干很干了。,1.0
环境还算可以，但出入不是很方便。其它配套设备还过得去吧。,1.0
没有华丽的语句，没有任何修饰过的词语，读来让我觉得如吃家常饭一样温馨随意。书中的小豆豆随时出现在我身边，不时的跟我讲话。无论哪个孩子，当他出世的时候，都具有优良的品质。如何发扬孩子身上的这些优良品质比让孩子多写几套练习题更为重要。小豆豆无疑是幸运的，巴学园给了她一个肥沃的土地，但是又有几个巴学园又有一个小林校长里？教育本身就是个很深奥的事情，绝对只不是考试卷上的分数,1.0
没用但肯定也不咋地，麻痹,0.0
很好，很实用。。。。。。。。。。。。。。。。。。。。。,1.0
外观时尚，机器性能还不错，前排手触按?非常实用方便，伴有白色的指示灯，非常时尚！,1.0
以为是三瓶呢，只有一瓶,0.0
昨天才到我手里，今天上网就发现降价了100，这样心理真不平衡阿。。包装里只有很简单的关于保修之类的说明，其他的使用说明没有，有待自己慢慢摸索关于FN键了。,0.0
偏大还买大了一码自己多垫副鞋垫，穿着舒适但不透气，登山回来一脚汗比较适合秋冬季节。还有没有发票，没有发票，没有发票重要的事情说三遍，发票请补给我，补给我，补给我，谢谢。,1.0
玩CS的时候有点卡，看高清CPU占用率40%，内存1G小了点需要自己加，没带刻录软件！,0.0
星期六上午9点多定的货，当天下午4点多到手，没有任何催促，可以说是非常之快了，很感谢！,1.0
酒店个映效果太差！而且窗户打开之后居然是楼道内的广告牌，地板有高低甚至我没穿鞋子起来上厕所脚被硬生生的磕了一下。~这是我在携程上定到现在环境最差的一家酒店了！！！补充点评2008年6月15日：说错了！是隔音效果太差太差了！！！,0.0
太一般了，洗后还有毛球,0.0
外观不错，还参加了满减活动，性价比不错,1.0
比较详尽，内容介绍清晰，还有很多例子,1.0
"我买了三本书是<求医不如求己>,<别笑我,我是英语单词书>,<沉思录>,当当只给了我两本,那一本怎么不给我了呢?当当网从现在开始我对你已经失望了!!!!我再不买了!!太伤心了!!!",0.0
不好，有上当受骗感觉,0.0
配送的时候发票没给，说好了补发票，半个月过去了也没收到，不懂这是什么意思，难道不想保修！乱七八的问题一大堆,0.0
号称平遥最高级的四星酒店，实际只是二星半的硬件，二十年前国营招待所的服务，差极了。可能因为住客少，房间长期空关，酒店西翼的房间一股霉味，厕所还泛出阵阵臭气。建议坚持要求酒店东翼房间。 - 酒店不收信用卡，只收现金。住客在餐厅消费不能签单，必须付现金。 - 酒店提供的洗发波/浴液质量低劣。卫生纸污迹霉斑。强烈推荐自带洗发水、卫生纸，以免飞来横祸。 - 酒店床上用品“一客一换”，住客不离店不换床单。 - 早餐极差，基本吃素。 - 行李生推荐包车服务疯狂宰客。去王家大院包车半天（夏利）来回竟要价400元。我出门上街拦车，才200元（高速通行费来回30元另计），还是桑塔纳2000。 不过据说平遥其他的酒店更可怕。打算住在平遥，丽泽苑是无可奈何的选择。,0.0
2月11日入住下午2点前到达的，我与友人共四人，预定了两间大床房，到达时，前台共有4位服务员，在我们之前有一位服务员在帮一个一家三口办理checkin，其余三位服务员呆立旁边，我对她们说能否帮我办理checkin，答曰：等待。这种办事方式已让我非常不爽，终于办完checkin后，服务员把房卡交给了门童，门童无视我们地上9个大包，拿着卡就往里冲，我们当场滴汗，将门童唤回，才心不甘情不愿的帮我们拿了两个包。房间在3号楼三楼到底的两间，此楼非常安静，安静的让人毛骨悚然，楼很旧，周边有一废弃的工厂。房门是绿色的木板门，到底的那间房门感应是坏的，直接用钥匙的。房间很大，很空旷，电视很模糊，卫生间很小，是淋浴房，设施很简陋，与前台服务员标榜的四星酒店相去甚远。总之，这个酒店的第一印象就给我们非常不好不舒服，但是，接下来发生的事就更让人崩溃了。打开水龙头，流出来的水很黄很脏，两间房都是如此，致电前台，前台让我们致电客房部，于是再致电客房部，答曰：上午刚冲洗了水箱，把水龙头开十分钟不要关，过一会会好的。于是我们开了足足二十分钟，依然不见好转，再次致电客房部询问怎么回事，客房部说把水龙头关掉吧，现在太多客人都把龙头开着，水一直在流动，沉淀物沉淀不下来了，我问什么时候才会好，她说过两个小时会好的。于是我们就关了水龙头出门逛鼓浪屿去了，3点半出门的。晚上7点多我们回了酒店，打开龙头，水依然是黄色的，致电前台，前台说她们前台那边的水也是黄色的，不知道什么时候会好，让我致电客房部。致电客房部，客房部说工程队在抢修了，说是水管坏了，我问那么什么时候才能修好？对方直接挂断了我的电话，本来就已经非常不爽了，不能洗手，不能烧水，而且前台和客房部接电话的都态度十分不耐烦，现在还挂我电话，顿时偶就火大了，又一个电话打回客房部，质问为什么挂我电话，对方竟然百般抵赖，问她到底什么时候能修好能用水，对我说她现在去问工程部，稍后就给我回音。于是我又开始了漫长的等待，一刻钟后依然没有回复，此时我们已对酒店感到非常的失望，对他们的服务感到非常的不满，我便致电了携程，将大致经过向携程述说了一遍，希望携程能致电该酒店进行调和，谁知接线小姐竟然对我说，您应该与酒店进行联系，我不明白是接线小姐没有听清我的话，还是只是在照本宣科，我已经和你清楚的说了与酒店交涉了许多次，对方始终在各部门推卸责任，整整一天都没有修好水管，最后，我对接线小姐阐明了携程、鼓浪别墅酒店以及客户三者间的利害关系以及责任关系，那位小姐终于明白事理，对我说会致电酒店让他们联系我给我一个答复。几分钟后，携程致电给我说已与酒店取得联系，稍后酒店会联系我。又是十分钟的等待，酒店没有任何人联系过我们，于是我再次致电携程，当然换了一位接线小姐，当然还是少不了利害关系及责任关系的教育，小姐也对我说会致电酒店让他们联系我给我一个答复。几分钟后，携程再次致电我，让我等待酒店联系。数分钟后，前台打来电话，和我说水管在抢修中，马上就会修好了，我问那么大概还要多久，我马上要出去吃饭了，回来后能修好吗？对方说肯定能修好，我说那万一修不好呢？对方说没有万一的，我说不可能的，万一没修好怎么办？对方终于说万一没修好那就给你们换房，我说记住你说的话哦。然后我们就出门吃饭了。在吃饭的时候正巧遇上一个酒店的游客，我问他们水能不能用，他们说水很好没问题啊，我问他们是几号楼的，他们说2号楼。两小时后回到酒店，打开龙头，冷水已经恢复正常，但是热水依然是黄水，并且时不时出现断水现象，致电前台，找到那位前面与我通话的小姐，要求换房，那个小姐说人家的水都好了亚，为什么你们的还是黄水啊？感觉好像我们在欺骗她一样的，我说那你自己过来看，然后她就说要去查一下有什么房间，我说你们2号楼的水是好的吧，她说1号楼2号楼都是好的。那么言下之意就是就我们3号楼的水不好咯，而且上午就开始不好，明知水质有问题还安排我们入住，真是忒过分了！！！过了一会她打来说2号楼有个两室一厅的套房，问我要吗，我说是什么样的床，她说一个大床，一个单人床，我说那你叫我们四个人怎么睡啊，她说那她再去查查有什么房间。又过了一会她打来说一号楼有个海景标房，二号楼还有个一室一厅的小套房，明明有房间，就想蒙我们，我说我要看房间。然后我们就到了前台，到了前台，她有开始质疑我们的水质，总觉得我们在没事找事，拜托，都已经11点，第二天还要赶飞机，你不想睡我们还想睡觉来！！！真是忒过分了这个服务质量！！！让她去房间自己检验又不肯。终于，最后那两间房还算正常，虽然设施依然不能用四星来衡量，上海的二星估计都比它好，最后总结鼓浪别墅酒店，酒店非常老，设施陈旧，环境阴森，服务态度极其恶劣的差，办事效率极其低，非常崩溃！！！补充点评2008年2月25日：忘记说了，那两间大床房还号称是豪华房,0.0
具很不错，儿子很喜欢，比我想象的要大，三角形跟正方形用的多，其他用的都比较少，个人感觉那个拱形几乎没什么用，蓝色跟紫色比较多，看着不够鲜亮，希望卖家以后可以把颜色再搭配的亮一些！发货速度跟物流都很快，唯一有点不足的就是收纳盒有点坏了，但不影响使用！五分～,1.0
很烂的三星级，阴暗。睡个觉而已。马路对面的干锅还可以。不推荐。,0.0
从总体来说，酒店的服务设施及服务人员的态度都是比较不错的，但是预定酒店时所说的提供免费宽带却是没有的，所以，专门带的笔记本也没有用上。结帐时想使用信用卡支付，却被告知当天不能刷卡。建议在这方面的信息需要再准确些。,1.0
酒店太老旧了。走在地板上都有震动的感觉。厕所内的手纸就一点点。220的价格还不包早餐。最可气的是刷卡的话还要收2%的手续费，这也就算了。结帐的时候，服务员竟然说房费加手续费是224.4元，收你225元。我就觉得奇怪了，就算是四舍五入也不应该进位的。再说我们是刷卡消费，就算是1分钱我们也可以付的。在我们的争辩下她才说那好吧收你224.4元。太过分，随随便便就加收钱。对庐山宾馆的印象差差差。建议大家还是选择其他宾馆。反正上面有很多宾馆。价格比这个便宜的也多的是。,0.0
版型漂亮，大小合适，做工很不错。,1.0
不好意思，评价晚了。东西质量很好，也挺好玩的，本来是买给孩子玩的，没想到自己爱上了，睡觉之前都要玩几局的。挺好，开发智力。,1.0
回潮的，一点都不好，所以做促销产品，生产日期还是去年11月的,0.0
"初次入住，感觉房间太旧，洗手间小得不得了，而且洗澡时水一会热一会冷的，晚上外面那些大货车吵死了，还有哪里工地的声音一样，反正一晚上都“哄哄哄......""的，除了对面看得到一座绿绿的山，早餐还行外没得什么觉得好的哦！ 宾馆反馈 2008年3月27日 ： 感谢您入住万事达酒店，我们酒店现正进行热水器更换，工地问题是深圳地铁工程施工。给您带来不便我们深表歉意！谢谢您的评论！",0.0
太亂了，四處亂搞，那些女人太.........,0.0
这是第二次看到战败国士兵写的回忆录，另一本是日本人写的《诺门槛战役的回忆录》，再一次感到震撼！从失败者的角度去体会战争的残酷，没有了英雄主义的花哨，按照一个正常人的视角去回顾战争的残酷和无意义，可以粉碎所有战争华丽的外衣。战场双方都是正常的人，但在战场都变成了野兽！好书！推荐！尤其是给所谓铁血的愤青们！比国内的铁血文学真实太多，国内的战争作品比较下来很多都是YY！,1.0
样子比较特别，品相一般,1.0
一般，佷希的，不密，是纯白的，物流像蜗牛。,0.0
穿起来真安我给你们五个赞,1.0
用了没有半个钟嘴就磨完了，不是钢的,0.0
质量一般，起球很严重,0.0
面料好\n没有异味\n手感好，很满意                   ,1.0
地理位置还可以，在西湖边上，附近有一些大排挡，饮食也比较方便。酒店服务很好，服务生和前台人员都很热情，房间大而整洁，价格性价比高，如果下次去西湖还会入住。,1.0
太骗人了，说是银的，其实就是铸铁的，项链还没有带就掉漆了\n亲们，千万别上当了,0.0
说好送的礼品没有送，并且说好的发票没有发给我，差评,0.0
书感觉有些旧 内容还是不错的,1.0
我对鞋没什么意见，我对物流有意见，十号就到长春了，结果停留了五天，在我实在忍不了去催促的情况下才发出来，你是申通吗？还能再扯点儿不,0.0
我11月21日订的书，连同这本一共定了9本书，到今天为止11天了还没收到货！中途打电话到客服去问，令人恶心得客服卷着舌头以为很好听的“京腔”：“那我也没办法”，都没说跟我查一下，这服务，你早晚要亡！当当：你的客户会越来越少！你等着瞧吧！你接着忽悠吧你！,0.0
衣服质量很不错！很软很舒服,1.0
自助早餐非常好，服务很周到，下次还会去住。,1.0
感觉不像真皮的，但是穿着挺软的！,1.0
给小侄子买的，挺好的！！！！！！,1.0
不错嘛。。。。。。。。。。。。。,1.0
酒店周围环境及内部设施整体还不错。但服务态度极其不好，简直目中无人。入住时，正在填我的入住单，突然过来几个衣着较光鲜的人，就把我的身份证和信用卡放到一边，帮那几个人处理。完后，又过来两个人，又接着处理这两个人。我等了20分钟后，忍不住问还要不要办，才想起来。退房时，遇到同样情况。我正在退房，看到几外老外过来，就直接插队办理。我实在忍无可忍，就问服务员为什么，竟然回答你很赶时间吗？,0.0
速度快，十分钟之内到货，感觉不错,1.0
质量不错，送货准时，方便。,1.0
严重掉色，裤型不够正,0.0
分厂的远远不如本厂的质量，添加剂太多，失去本味，不好吃,0.0
"我花了整晚的时间读完了全书, 读着就实在丢不下该书. 从书中我感受到池莉对女儿浓浓的母爱,但是又很理性,不是宠爱,也不是以爱的名义逼迫女儿去做她不喜欢的事. 她给女儿百分的信任,尊重,还有支持. 这些都是一个母亲真实的爱, 又理性. 我很佩服她,她女儿也成长为一个有爱心,信心,自尊自爱自强的人. 这是最重要的. 什么是成功,这就是成功,做人的成功.我很庆幸买了此书, 希望自己也能是一个好母亲.",1.0
质量很好，做工精细，款式好看，放在卧室很不错，很满意,1.0
"尺寸与平时的大很多,i wgk tfp ",0.0
非常好的酒店，四星的标准完全超值的享受，服务非常好,1.0
还没打开，和在伊藤买的对比了一下，区别很大。,0.0
售后服务超差，拉箱寄过来时发现有问题，退回去先要我出***费，说到时退给我沟通了好多次一直都不退，以后真的不敢在京东买东西。,0.0
"很好的手表,外表美观，很漂亮。",1.0
发货速度非常快.,1.0
太小了，根本就不值这个价钱，物流特慢，以后永远不再这买了,0.0
正版系统，联想国货精品,1.0
还可以。有点色差，其它都好,1.0
入住了海悦湾酒店，感觉很不错，我们住的是豪华蜜月房，房间布置的很温馨、浪漫，让我们很是开心和惊喜！房间很新很干净。这里的服务挺好的，有什么问题，服务人员都比较及时的赶来处理。早餐也挺丰富，还有13楼咖啡厅看海非常好！这里的吃住价格我感觉还比较合理，酒店这么贴心的服务让我们感觉到物有所值！,1.0
还行，还可以，外观样式说的过去吧......,1.0
卖得好贵，实体店也没有这么贵,0.0
很喜欢，颜色很好看戴起来手很纤悉,1.0
内存太小了点，标配2G就好了，视频130W小了点，好模糊的！装XP有点麻，没有XP驱动！麻烦点！,0.0
送来已坏，嫌麻烦就丢一边了,0.0
还不错吧，图和实物有点差别,1.0
轻薄，手感尚可，玩了一会感觉啥都好，就是电池不怎么给力\n送的套子和贴膜用上了\n移动电源正在充电，平时也用不上就是出外旅行可能会用上\n蓝牙耳机还没到，看样子要到后天才能到\n就这些，先给5分吧,1.0
这个比较失败的，不推荐,0.0
送货速度快，包装谨慎。质量好，信号好，网速快，离很远都能收到信号。,1.0
"该酒店位置佳,在市中心,出行超方便,楼下有班车直达机场,豪商房间配液晶电视感觉很好,并有电脑免费上网非常周到,一楼佳宁娜餐厅出品有保证,套餐二十多块,总体满意",1.0
便宜的书，没事时候看看，,1.0
是不错，第二次买了，当年货，让我的亲朋好友都吃，生产日期很近,1.0
"Excellentlocation!NexttoCiticSquareandoppositetoPlaza66.TheLine2metrostationiswithina3-minstroll.Theroomisslightlysmallerthanexpected.I'vestayedattheRegalia'sservicedapartmentinSuzhouonceforalowerpriceandmuchbiggerroom.There'sevennokitcenwareinthemini-kitchen.Reckonit'llbekindainconvenientforlong-termguests.Anywayit'snotabigdealtomeasIdon'tbothercooking.Choicesatbreakfastarelimited.Serviceisprettygoodthough.宾馆反馈2008年7月31日：ThankyouforreplyingtoCtripsfeedback,weappreciateallfeedbackasitmakesusawareofwhatourcustomersneedsandexpectationsare.Shouldyourequireanykitchenutensilsorequipment,pleasecallHousekeepingandwewilldoourutmosttomeetyourneeds.ThankyouagainforyourfeedbackandwehopetoseeyoubacksoonatCentralViewSuites.",1.0
买二件发一件  没诚信,0.0
质量一般，刚买就降价了，不爽，又不肯补差价,0.0
不错 比较实用 还可以保温,1.0
这是一套很不错的书，指的收藏哦。,1.0
还好的东西，给小朋友练练看。,1.0
不错不错，挺喜欢的，顶一个。,1.0
差得很一点不像开始图片上的质量，这次上当了,0.0
虽然价钱便宜 但也不要这么坑嘛 建议大家不要买,0.0
还是买大了，太大。       ,1.0
不值这个价。。。。服务很差,0.0
质量挺好的，没有色差，穿起来挺精神的。物流挺快的。,1.0
收到好久了，一直没时间评价，质量真的不错！赞一个！,1.0
估计是退换过多次的东西 目前没发现少东西,0.0
&hellip;不想说什么，物流和戒指都不满意，戒指还有毛刺呢，凑和戴吧&hellip;,0.0
"大堂经理服务意识不足,房务员把我的隐形眼镜盒子丢了,大堂经理查了竟说没这事",0.0
程序员必备程序员必备程序员必备程序员必备程序员必备,1.0
穿着正合身，和图片有点差异，不过还行可以接受,1.0
非常全面的极大规模数据挖掘,1.0
弹弓还行吧   送的强磁 挂的没有  皮兜太小,1.0
圆通快递超超差！！！！！！！！比蜗牛还慢！！！！！！！！！！！！！！！！！！！！！！京东客服也没鸟用，问问也推你跟店铺客服说，半点作用都没有！！！！！！！！货的码数不对，重，有胶味。要求写明要发票的也没有，京东也比以前差多了，以后在京东千万千万不要先付款了。要买就货到付款才保险。,0.0
好书慢慢看，总有收获的吧,1.0
洗车粉就送了一个，少了一袋,1.0
很薄，比买的其他牌子薄，但质量还好,1.0
酒店环境一般 服务却极差 动不动所有经理都出来 侮辱游客不舍得给钱不房费 还把政治搬出来吓人 态度太差 我去过的酒店都有中午退房前电话询问是否要续房 我是凌晨4点才去的 什么都不知道 一睡到下午一点 就吵着要我交钱 我说为什么不提醒我 他说我们就是这种规定 从经理到员工一个德行 劝大家千万别去,0.0
先不说鞋子怎么样，京东送货给个差评，拿到鞋子拆开外包装，鞋子直接掉下来了，鞋盒坏的不成样子，掉了好几块，真怀疑是不是新的,0.0
卖家发货快，快递也超快的，包装精致，质量好棒，手表外观漂亮，挺喜欢的，智能方面很好，不错的智能手表,1.0
虽然这本书自己定位为大学入学读物，但已经修完汉语言文学本科的我，看着还是觉得新鲜。有很多知识都是第一次了解，而且有些知识也没看得很明白。之所以选择这个版本的书，一方面是因为有大量图片，更重要的是冲着王力先生来的。我的古代汉语老师很是推崇王力先生的著作，我也很崇拜王先生，赞赏老一辈的严谨细致的治学态度。嗯，一本让人受益的书，特别是对于喜欢古代文学的人而言，肯定是一本很棒的工具书。,1.0
还好！穿着挺舒服的！送的也快,1.0
朋友收到了 觉得还不错.......,1.0
京东的配货速度是越来越快了，值得顶一个。东西也蛮不错的，完美屏，功能强大，实惠，是咱老百姓的极佳之选。在这个价位能有这样的机型，实在难得，京东加油。。。支持你、、、、、,1.0
教材，有啥说的？7.5加油咯(?&bull;??&bull;?)??,1.0
这次住的丽晶，实在是令人气愤。酒店浴室没有防滑垫，铺了个毛巾在地上冲凉。怎奈毛巾太小，还是摔倒。3个牙齿摔没了。包括两个门牙，其中一个要拔掉。之后发生的事情更是让我对这个所谓在当地的四星级酒店太失望了。酒店没有任何一个人在事情发生到现在有个道歉的意思。反而说你自己不小心，拒不做任何有诚意的合理赔偿。携程的沟通也是令人失望。一句“没有办法”，仅此而已。希望准备入住这个酒店的朋友要注意。自己的平安还是很重要的。,0.0
店家很快，物流也很给力，这是第二副，材质不错，色彩也不错，继续支持,1.0
东西不错，客服也很好。。。。。。。。。。。。。。。。。,1.0
系统安装还算顺利，网卡驱动怎么一直装不上。郁闷。fn+f11也没用啊。,0.0
服务非常好，锦江大厨的口味也很好。吃饭时，在野兔煲里面发现一根兔子毛，我想看看这里是怎样处理的，就向服务员提出。服务员马上汇报，领班表示给重新做一份，并把菜放在我视线所及的范围内。直到重新做好菜并送上来后，才把原来的撤下。后来快吃完饭时，又在空心菜盘子里发现一个玉米粒大小的土块（泥块）。提出后，领班马上表示在给换一份，并一再致谦。看到他们的态度很好，并且我已经快吃饱了，就表示不需要。最后领班还表示多送一份水果，我谢绝了。就是电梯里面的灯有点暗，头顶像蚌珠一样有16盏灯，还是觉得有点阴森森的。顺便说一下，附近的蜀渔坊特别差，餐厅内热浪滚滚，仔细一看，原来是因为厨房没有门，热气全跑到餐厅来了。最恶心的是吃到一半，桌子上突然出现一只蟑螂，向我的碟子飞快的爬来。与店长交涉（等了他很长时间，他解释说很忙，也许有许多蟑螂...之类的需要管理），他竟然说：“活物是没法管的，就是卫生部门的人来了，也不会说什么。因为蟑螂不是在菜里面发现的。”我靠，难道他们还想卖红烧蟑螂不成？,1.0
不贵，东西不错。值得购买！不贵，东西不错。值得购买！不贵，东西不错。值得购买！不贵，东西不错。值得购买！不贵，东西不错。值得购买！,1.0
这个价格  做工比想象中要好  还送了卡包,1.0
"买了又不少于该品牌10个袋子了, 还买了一个送父母, 不过有其中一个太力的袋子漏气",1.0
《文都教育·2014考研专业课教育学基础综合辅导讲义》包括教育学原理、中外教育史、教育心理学、教育研究方法四个部分。每个部分前有总体逻辑图及考纲要求、题型和分值分布、复习建议等板块，帮助考生从总体上把握内容结构。具体到每一个章又包括知识框架、考点解析、习题及答案。其中习题有作者自编习题还有部分典型真题，是一本比较全面的考研专业课教育学复习参考资料。,1.0
很轻，盖上去很好！！！！！！！！！,1.0
1、房间的风格很符合它的出身和环境，既时尚又有书卷味。很新很干净（包括是一般很容易显脏的地毯），没有潮湿或不通风的味道。我住的是提供电脑的商务房，很有在家SOHO的感觉，完全有别于其他大同小异的酒店。“配电脑”是个很好的卖点，建议把这点显示在价格表页面上，方便大家了解（我是看了其它网友的点评才知道有的）。2、无论是房间还是洗手间，所有的配置都很齐全。杂志、地图、浴袍，甚至沐浴花球，都一一准备了。服务态度和速度都不错。晚上有送来水果，不知道是入住送的，还是因为使用了房间送餐服务而由餐厅送的。3、28元的自助早餐一般般，如有别的选择，不建议在酒店吃。4、其实洗手间空间还挺大的，不知道为什么把淋浴的玻璃房弄得那么小。还有洗脸盘也是太小，而水龙头又太高，弯腰洗脸的时候会碰到头，水也会溅出盘外。5、不知道商务大床房每层有几间，我住的那间对着电梯。电梯到达时的提示声和人声有点吵。6、总体感觉不错，有机会还是会再住的。补充点评2008年3月1日：很多酒店房间都存在灯光不足的问题，但华师粤海不但灯光充足，而且分布恰到好处，无论你处于房间任何位置，要进行任何活动，你总可发现有合适的光源配合你的需求。总之它的室内设计，与其说是酒店，不如说是楼盘销售处的样板房――时尚、精致、令人愉悦。,1.0
马马虎虎！还木敢用?手痒惹的祸！,0.0
正版书，买的是第二本了,1.0
谢谢店家赠送的手套  喜欢,1.0
不好用，也太薄了，挂在耳朵一碰就掉,0.0
室内环境，服务态度都还不错，但就是价格在成都的商务公寓来说是偏高的，还有名气不够，是在一个小区里，出门玩了，找不到怎么回去，呵呵！~,1.0
不实用，沾上天天掉,0.0
煮了两次饭，第一次有点塑料味，后来就没了。颜色没有图片上的好看，色差很大，是猪肝色的，不是大红色。非常不爽。不过锅子煮的饭很好吃。,1.0
東西真心對不起這個價格， 送的東西都是壞的。,0.0
从外面看就是感觉鞋头有点小，穿着舒服。,1.0
商品质量也太差了，***买那么一个东西，，而且工作人员粗心大意，说好的申通结果发成了优速，10号付的款20号才拿到东西哦，建议大家都别买，这样的商家简直是给东东抹黑呢？？？？？？？？京东呀怎么会有这样的卖家呀,0.0
"安装态度差，不带配件（产品介绍要付款，我们也同意付款）而且让去买的配件根本是不存在的（当然也是用不上的，只是我们不知道，跑了20公里去买配件，找了七八家也没有找到），墙体不打孔且也不提前告知（农村找打孔的不是可以随叫随到啊！），买过海尔、大金中央空调及分体空调，人家安装多很客气而且帮助客户解决问题，美的这次安装给人感觉特差。循环泵不肯安装，要待他们安装完成后才可以自己安装，如果自己安装出问题的他们再上门要给钱，设备如果出问题他们上门要给钱，nnd,就知道要钱。\n设备其它情况还不清楚，刚刚完成安装，还在乡下试机，一个星期后回乡下去看看情况。",0.0
尾箱灯怎么装不上,0.0
好好好。。。。。。。。。哈哈哈哈哈哈哈哈,1.0
买的还挺值得，这是第二件了,1.0
"房间陈旧,服务差,设备也陈旧.垃圾酒店!",0.0
价格实惠，已经是第二次买了,1.0
没感觉油耗有大的变化，发动机声音也变化不大。继续用用，看会不会有改变,1.0
东西和图片差距好大，这个型号还是贵了,0.0
一直用这个狮王的牙膏，有去渍的效果的,1.0
这个键帽是什么意思？有这么差？客服不理人？,0.0
比较老的五星级酒店， 酒店的管理 维护还是很好,1.0
酒店新装修，房间硬件设施还是不错的。但是，餐厅实在太差，上菜非常慢，价格奇贵，且质量差。86元2小片的香煎银鳕鱼居然是臭的，叫来餐厅经理，品尝了半天不吭声，最后竟然然颠倒黑白地说不臭，实在不能容忍。,1.0
服务很热情，交通也很便利，下次如果去北京我还会选择这家酒店!,1.0
开始看了2005年的几位朋友的评价，都不敢去入住。没想到现在改观了很多，房间虽小，但很整洁。下次再来的话，还会选择这个酒店。只是希望宽带能一直免费！,1.0
要入手就快点吧，很不错的,1.0
对联太小，内容和实物图片不一样，不过谢谢卖家送的红包,0.0
不是很好用，太敏感了，经常乱报警，谎报军情,0.0
款式很喜欢但是收到少一颗钻，退了,0.0
流畅，顺手，不断墨，很好吧,1.0
我自己拿磁铁测试，发现这个水壶是铁的，外表涂得亮漆,0.0
好吃好吃好吃！笋皮有些老，里面笋肉的很入味,1.0
很喜欢，和商家描述的一样，很满意！赞一个！ 下次会介绍朋友来买的！,1.0
大品牌，实用，质优价平，值得信赖！,1.0
物流有点慢，但是东西还不错。,1.0
还可以，就是价格好贵哦，如果在便宜点就好了,0.0
"此期间预订，入住首日酒店赠送每间房10元洗衣券一张，通过携程预订，入住首日每房还可获赠欢迎水果一份。 “ 我入住的时候，上面两项一个都没看到。。。 宾馆反馈 2008年7月16日 ： 首先对您上次入住的时候漏送洗衣券及水果一事向您表示深深的歉意，由于您入住当天为6.18会议接待高峰，造成前台漏送您洗衣券及水果，我们已严肃处理此事。在您下次入住的时候我们会补送洗衣券及水果并为您提供更优质的服务。
0	用的是Linux系统,一般用户需要重装,缺少蓝牙模块,电池使用时间稍短,发热量较大
1	性价比高 linux其实也挺好用的 也正是由于linux是免费的 所以性价比才这样高
1	还可以,促销399,价钱不错.不过酒店躲在新工房后面,确实是一个疮疤
0	书写得很好，就是中间有很多页码混乱，看得时候颠来倒去-麻烦！想调换，又怕连这本也没了。但愿当当网的“当”不是上当的“当”。
0	是看了其他读者的评论买的，不知道为什么还不少人觉得它好。读了三分之一，实在觉得所言无物；感觉没什么收获，里面讲的内容网上随便搜搜就能找到。帮助性不大，是到现在买的最失望的一本书。
1	酒店的位置很好,距离火车站非常近.总提感觉酒店的性价比不错,房间不是很大,但是对于出公差来说,也是十分不错的选择了.
1	地点和位置很好，晚上比较安静，设施较全。对于一般的自助游来说比较合适。
0	光驱不太好,会刮碟.刚塞一张DVD就怀了,换其他的也很明显地刮碟,要换比较麻烦,凑合着用吧.
1	外观时尚大气，价格也还可以。没发现过热情况。用了几天感觉质量不错，值得拥有。
1	买来送人的，没有拆包，也不知道到底怎么样？不过京东的东西，我信得过！
0	卖得很热的一本书，讲得也有些道理。只是不喜欢作者一副自以为是的口气，看到后面就看不下去了，心情不好，炫耀什么？？！！还有，书里有很多所谓的中药配方什么的，就不知道这个作者是否是药剂专业出生？否者就是半路出家的半桶子，骗骗无知的人，利用别人爱美的心理而已，没有什么专业性。一个小女子把自己说成专家，靠卖嘴皮赚钱，不值一提。让人笑话而已。
1	非常好的位置，便于交通，面对星湖。地毯很厚实，感觉不错。
0	预装的linux版本不是常用，可以装Ubuntu版本的。还有安装一键还原时会死机，还有官方的显卡驱动装不上，少个dll文件。还有该型号的同个设配用了多个不同的驱动，找驱动不好找。
0	房价较贵，位置也比较偏，房屋隔音效果较差。屋外说话，里面的清清楚楚。不是每间房间都有宽带，我第二天换了一件有宽带的，不过网速也慢。我入住的时候，在携程上定房价格是320，但是入住第二天发现携程上这家酒店的价格降到了300元，和前台商量，居然不肯给我降价。 我出差本来住挺长时间，不过在这家酒店住了2天，赶快抽空在市内找了另外一家酒店。不但价格便宜很多，网速也快，而且房屋干净漂亮多了。 拉萨酒店价格变动大，旺季价格很高，淡季价格很便宜。另外，这边住店一般都要和经理讲价，我后来住的酒店和他们客房经理商量，房价比到前台直接开房便宜了50元。经济型酒店经常爆满。
0	换系统太麻烦，我花了9头牛两只老虎的力气才弄好，建议以后都帮我们装好XP，大家更愿意买
0	我在这个订单里共订了六本书，结果当当网给我发错了五本，而且当当网送货上门后还必须付款后才能打开包装看，如果有问题的话当时送货的人还不管，只有和当当在网上交涉，我是七月份收到书的，现在当当网给我发错的书我已经发回去快一个月了，没有任何反馈，我不知道我这次是不是上当了，反正没有人给我反馈，希望当当网能够给一个答复！
0	这是我看过文字写得很糟糕的书，因为买了，还是耐着性子看完了，但是总体来说不好，文字、内容、结构都不好
0	求医不如求己1——3 都是好书，如坚持看，并坚持做。我想效果一定很好。我建议大家，都能买，通过当当买，其他的途径比较贵。
1	看过很多关于巴菲特的书，和这本书一样，基本都是写关于他投资以及和人交流的事情。但是，这些书都有一个特点，就是在巴菲特无论是购买公司股票还是与人打交道，都不会看到他急噪、愤怒和狂热的表现。他都是那么的心平气和，不追求明星股，不为牛市而狂热，不被危机而恐吓。也不以别人的态度而改变自己的风格。我觉得这正是我们都在学巴菲特，但是都普遍缺乏的性格特质。
0	续航能力差，发热量大，屏幕分辨率果然限制了不少软件的运行，凌动平台性能低
0	严重后悔，决定以后都不要买这些书。当然，我买其也不是准备着自己看的了。全是胡扯，一如现在沸腾着的大国崛起
0	28号定的货物，到今天还没有送到。一直以来都是这样子，除了买高价的那些书，还比较快点，这次只买50块就慢到爆了
1	总体来说还不错，完美屏，配置挺好，加了个2G内存，工作用足够了，外观比较漂亮，塑料感稍重，但这个价钱还可以啦。
0	一起买了好几本书，其他都还好，唯独这本，质量差的可以，很盗版。。。。。。。。
1	就是冲着电池性能去的，看电影大概能用到5小时以上，用节电模式应该还能再长。机器整体做工不错，键盘用着很舒服。
1	电池强劲，虽然没有达到9.5小时，但初次使用觉得6小时应该有的 。 键盘舒服，尺寸大小合适。
0	就是装机时，要先进BIOS设置，改一下硬盘传输方式，那成IDE的，先前不知道，搞得装个XP系统 ，费了好久时间啊。
0	驱动太难装了，到现在MIDI的驱动也没有装上，装声卡驱动是要先装一个补丁包，太费事了
0	1、分区不合理，惠普的品牌机的通病。2、发热量确实很大，又买了块散热器。
0	做工较之T系列的相差很远，虽然价格差的也很多。收到货之后发现屏幕右下角液晶屏和边框之间缝隙比较大，隐约能看到里边拉丝的双面胶。装内存的时候更看到机器里边不少用胶布或者双面胶的地方。当然，这跟京东无关。
0	字很大,内容不够充实当初看大家评论说得很好才买的但实际上却没那么好,感觉深度也不够如果你还在犹豫买不买这本那还是选择一本其他更好的购买吧在同类的书里面觉得这本实在不出色
0	这个酒店就是招待所改建的，所以各项硬件设施非常简陋，关键是大门在二楼，也没有无障碍楼梯，背着行李上楼，更没有服务人员帮忙！ 晚上在一个居民区里休息，都不敢开窗户，总之，很不满意！
1	服务还可以，房间好，888888888888888888888888
0	一开始读的时候还觉得行，有模有样，再往后就觉得前后的反差太大，就如贺顿的经历，一个仅上过初中的女孩！
1	其实里面的那些明星跟这本书没什么关联，很是肤浅地在去付读者，有点小上当的感觉吧，有用的那些内容不知道都是怎么拼到的，虽然也学到很多常识，却很是缺乏实际实践性
0	早上八点多到酒店,预先订了房的,却被告知十二点
0	房间設备太差,连空调都没安装,下次如有机会再去不会再选此酒店.
1	造型大方美观，而且性价比高，回去就装上了Win7，除了开机慢点，一点问题都没有，运行流畅！！
1	酒店环境不错，比较有特点，附楼比较一般。没怎么用服务员，感觉服务中上吧。
0	轻松的了解了职场状况，容易产生共鸣，处理问题的方式和技巧值得学习，故事感人。
0	为什么这本书在购书付钱时未标注缺货，却在付钱之后说是缺货，并且在付钱后近两周还是缺货？是否存在信用问题？
1	世界上最可贵的是什么，理解！教育小孩，理解更重要！要进入孩子的世界，明白孩子的想法，才能从根本理解孩子的行为。小豆豆是个幸福的孩子，有这样的妈妈，有这样的校长，有这样的学校。好的性格比好的成绩更重要，这是我作为一个母亲对教育儿子的教育观念，这也是小豆豆妈妈和校长给我的启发。哄儿子睡着后就开始读，读起来很让人开心，心里满满的都是爱。
1	喜欢这本书的封面，简洁明了。刚看完这本书的时候，一头雾水。合上书本，好好想想，这个故事是说牧羊人追寻梦想，经过种种磨难，长途跋涉，终于到达目的地，找到宝藏。每个人心中都有自己的声音，很多时候都没有勇气去相信，接受它。牧羊人在王的指引下，努力朝着宝藏前进。放弃羊群，外出游荡，放弃工作和安逸的生活，接受考验，坚持梦想，有舍才有得。最终找到属于自己的宝藏。
0	在老火车站旁，环境不好。感觉房间也不怎么干净，房间里东西也贵。
1	在当当上买了那么多书，这是第一次有写。书评的冲动。实在觉得作者说的太好了，不推荐出来，自己都觉得过意不去。书里有很多经验都值得细细回味，特别关于课外阅读那部分让我共鸣不已，并且特地拿给我爸看。在孩子教育上，他外公就是主张不要花那么多时间进行课外阅读，把课本读好读精就行了，我虽说觉得他不对，但理论上不能说服，这下可有后援了哈哈！！
1	据说这是北海最好的三星级酒店，生意不是一般的好，人气很旺，那天晚上到的时候大堂气氛浓烈，感觉很温馨。房间的卫生间小了点，不过服务好，心里就舒畅了。我住的房间还送早餐、果篮、晚上还有巧克力，最绝的是楼层服务员告诉我网络客人还可以免费烫衣服……哇。晚上大堂副理还电话拜访我，我告诉她电视调不好，她还亲自上来帮我调。总体感觉不错，大堂副理请我帮忙宣传一下，我同意了哈哈。
1	已经在使用了从5.26开始就读了《端午节的故事》开始小傢伙并不喜欢呢后来慢慢引导，孩子会针对每本书后面的“换一种方式看看”的小图片进行“看图说话”还是很有收获的！虽然孩子并没有表现出巨大的兴趣但我觉得这种文化是需要一个长期的接触，才能称之传承我不急哟~~再说孩子对这本书表现出“看图说话”已与其它的阅读书目不同了！书好，我的引导更好！呵呵~~
0	请大家千万别住别墅，别墅的空调特差，很难制冷，而且经常半夜断电。酒店前台的服务意识很差，态度极为不好，明明有制冷好的主楼房间，就是不给携程的客户住。如果前台问你们别墅的房间可以不可以，一定不能同意。 补充点评 2008年7月15日 ： 另外，早餐不太好，我们一般7点半去吃就没剩什么东西了，和团餐标准一样简单的不能再简单了。
1	就像上面所说，内容浅显易懂，非常直观地反应了当代美国的许多现象、变化，预测了将来的变化。这些现象不仅仅发生在美国，应该是世界性的，很多也在当代中国社会存在。但个人感觉并没有想象中的那么好。和《长尾理论》《蓝海战略》那种对我的那种启发相比，这本书只能说大部分是在满足我的好奇心（可能与我看这类书方法的变化有关吧）。总的来说这本书还是有看头的。
1	房间干净，还有净水装置，还有浴袍。免费送的早餐也过的去。性价比不错。唯一不足就是前台结帐的时间比较长！
1	后来还帮同事买的。他很喜欢。据说回家后一口气看完了。对书里面的一些小诀窍铭记于心并常常练习。真是个热爱健康热爱生命的好青年。这本书他赞不绝口，一直感谢我向他推荐，而他也将健康的理念向更多人推荐。不错！
1	性价比不错，玩游戏中高配足够了。数字小键盘很实用，基本不用外接键盘了。 玩游戏时，风扇声音不大，赠送的鼠标虽然小了点，可是灵活度还可以。
1	在这个酒店住过至少有四次，进行一下简单的评价： 房间的面积比较大，够得上四星的标准，只是有些房间稍旧了点； 房间的设施中规中矩，还行，电脑的上网速度还可以； 卫生间的花瓣很欣赏，这一点相当不错； 客房服务员的态度非常好，很欣赏； 总体感觉较好，推荐！！！
1	宾馆本身还是很不错的，餐厅的服务相当到位，就是宾馆位置不太好，周围不太好
0	不适合我29岁的年纪看， 怎么就觉得那么没意思呢，高直的漫画我买了两本，一本也不喜欢，我的一个狂热热爱漫画的朋友也不喜欢。
1	我们都是某种综合体。之所以给自己贴上A型啊B型啊之类的标签，也只是觉得自己身上那种类型的特质占的比例更重一些而已。而且，不同的时期里不同类型特质的比例或许还会变化。“喂喂，我今年可是打算当一回A型人了啊，请大家注意，按说明书上说的那些来理解我的行为。”或者，到了明年，“呃，那个。最近我身上B型人的特质有所抬头了呢，请大家多给我一些B型人的空间。。。。。。”
1	性价比超级高。我在中关村的渠道报价都不如京东的活动价格。这点绝对的牛。
0	外壳容易印指纹，比较难看，贴上膜好一些，但膜太难贴了，气泡好多 整体有一点点重
0	也许没有达到作者的境界？论述与其二哥恩怨一段，只能表现作者是一个典型的中国特色的企业家。不具备世人的惊醒作用。本人非常厌恶这一段。对本书的阅读也到此为止，我已不感兴趣。这是我购买比较失败的一本书。
0	小家伙只知道自己看图片,书应该更适合父母看,个人觉得价格高了．教育家长的，可以不用买．书里只有图片没有文字，很简单的几页．不值．让父母反醒的，是不是总在对小朋友这不可以，那不可以做．
0	1.硬盘速度太慢 2.整机性能一般，多开几个QQ，再开视频就卡的厉害 3.触摸屏下的按键很硬，使用很不方便 4.发热厉害，机子底部明显发烫 5.散热风扇声音比较大，特别是晚上安静的时候明显
1	总台小姐凌晨0：30打电话询问房卡之事，惊扰本人美梦，使我一夜未眠，区区小事，为何不能次日早晨与我联系，服务欠周到，尚需改进
1	简单，大方，在同类尺寸的款型的笔记本中不显厚重，轻薄感！很安静，几乎没有声音，音质不错屏幕不错，显的细腻可观。感谢马连道提货点的工作人员（前台客服），服务态度超好，值得贵公司其他员工学习。
1	从机场到酒店大约25分钟，37元左右。酒店环境还不错，因为以前住过的原因感觉很亲切。离傅家庄公园非常近，早上去的时候正好赶上涨潮，捡了好多海带回来，味道还真是不错。建议打车到燕窝岭再徒步到老虎滩沿途风光非常美！ 酒店可以卖到优惠的景点门票。
0	此次入住简直就是失望到愤怒的过程。 先是晚上11点到酒店，竟然被告知没房了--我可是当天下午用信用卡担保过的！接下来就是前台和携程联系，等了将近1个小时才进到房间，看到房间的设施，只有两个字：失望！而且当时我告知前台，第二天还有一个老外入住，希望把房间保留到晚上，前台满口答应。 次日晚上带老外入住，又告诉我没房！！又联系确认了半天，最终给找了两张单人床的小房间，而且窗户就对着早餐餐厅！真的愤怒了。这种水平的酒店如何能被大家评为4分？？！要不是展览会期间酒店不好找，早就住1晚就退房了！ 宾馆反馈 2008年5月28日 ： 尊敬的宾客您好： 感谢您的光临以及您的宝贵意见，我们对给您造成的困扰表示非常抱歉，我们会加强对员工的培训来提高服务质量，避免同类问题再发生，期待您的再次光临。
0	正在刷新BIOS、装XP系统、装驱动，工程没完，不知道长期使用怎么样。听网上说无线网卡有些问题，有点怕！
1	物流速度太慢了,物流速度太慢了,物流速度太慢了,物流速度太慢了,物流速度太慢了,物流速度太慢了,物流速度太慢了,物流速度太慢了,物流速度太慢了,物流速度太慢了,物流速度太慢了,物流速度太慢了,物流速度太慢了,物流速度太慢了,物流速度太慢了,物流速度太慢了,物流速度太慢了,物流速度太慢了,物流速度太慢了,物流速度太慢了,物流速度太慢了,
0	设施陈旧,卫生差.感觉:四星的大门,二星的客房,没有服务(住了两晚,没见服务员来打扫) 补充点评 2007年8月16日 ： 价高质次
1	还可以,不过第一次入住的时候没有送水果,这次送了,不过第二天把我第一天存的水果换了,虽然房务中心帮我换了两个苹果,不过一个坏的,不过总体还可以,听说马上要涨价了,因为听说评上了四星级,哎
0	不知是硬盘还是什么东西 已运行咔咔咔咔咔咔咔咔响个不停，很有节奏，可以当鼓点听，拿去华硕的售后竟然说正常~！！怒~！！！怒不敢言~！！！万一给抓进去关一年可亏了~！！！！
1	《夭色》是一部很值得收藏的书。除却极少几张不佳外，其他的都是精细华丽，令人赞叹的作品。国内很少有像韩露这么高水平的漫画家，服饰布景构图都美如幻境。尤其是画这样奇幻类的作品，难度很大，都靠自己去想象。过去买STORY100漫画100小说版的同学们也不要因为那些画都看过了就犹豫哦~要集齐也很不容易。与其零散的小开本杂志，还是用华丽纸质华丽装帧去配她华丽丽的作品吧！
0	Linux系统不太好用,平时习惯用Windows xp 系统,一下子用这个系统感觉很不习惯,建议开发或预装Windows xp系统.
1	看完之后兴奋了很久...因为我也处于那种阶段...值得学习...很值...而他们的那些精神和想法还有那些经典的语句...让人深思...里面好几个地方我看着看者就哭了...钱小样...我太佩服她了...她能承受那么多...还是不屈不挠...愈挫愈勇(用了里面对小样的形容)还有那蚂蚁论...也让我思考了很久...才发现我其实也是一只小蚂蚁...建议广大正在实现梦想青春年少的朋友们购买...
0	因为看了《士兵突击》的连续剧，爱它，所以买它。以为可以让自己感动的影视，其书更值得自己收藏。但真让人失望！
0	全是一些虚的东西,看过和没看一样好多东西她不说人家也知道,说了也白说,一点实用性也没有
0	功能条台花哨，太多灯了，会审美疲劳。硬盘网卡这些指示灯的位置太隐蔽，不方便。散热还行，D驱偏热，光驱响动有点大！
0	房间太小,宾馆有租四轮自行车的,很破,骑不动,后来服务员说他们的车都是东方绿舟淘汰的.酒巴装修的还可以,就是蚊子太多,象轰炸机.
0	这本书是骗人的,买这本书后是个教训.集结号出了后,我就没再去买书了,不会再上当了
1	房间比较大，就是马路噪音有点大，双层玻璃只要开一点点就受不了了。 宽带1小时10块有点太黑了，这年头宽带还收费。 以前也在西藏大厦住过，感觉前台服务比以前好些了。二楼的饭菜太一般了。 整体还可以。
0	唉！这个酒店真是让我失望！！！上次住就感觉不好，这次去发现床上竟然有JB毛儿！不说什么了，希望携程努力控制酒店的档次！
1	不算是一本很专业的书，但作为日常养生的参考还是不错，有很多从前不知道的保养知识。看了此书对中医养生有了更浓厚的兴趣，当然尤其是能使自己又美丽又健康的法子，正在尝试，但愿有效果。呵呵，现在买了很多花草茶，还有茯苓粉，打算再做种子眼霜。嘻嘻，女人就是爱折腾，只要能让自己变美，就绝不怕麻烦，所以，从这个方面讲，算是本好书吧
0	内存太小而且不能加只能换，只有一个内存插槽。运行慢的要死，想办法换成XP。
0	内存有点小，不过现在内存白菜价，可以随便加。另外电池让我稍稍失望，只能支持2个小时，显得有点不够。sis的主板有待验证，希望不要像传说中的那么差。
0	单人间太小了，居然要350元/天，杀猪呀！
1	前台服务员很热情,由于工作关系,本人清晨5:00离开酒店时,酒店给客人准备了早点心,让客人感到十分温馨和体贴.
0	也许黄金海岸有自己的酒店评级机构,给此中心评了个四星"",不然不好意思收四五百的房租啊!也就二星的标准,大堂里蚊子那叫一个多...卫生间和浴室的门都关不上,的用手扶着!电话不响,得用自己的手机. 毛巾不知是哪年的了，估计本世纪初的产品。装修用的是最低档的地砖和大理石...另外，当地民风极差，无论你在酒店里，海滩上，外面餐馆，只要你出手消费，必定挨宰！ 下次宁愿远赴青岛威海，也不来黄金海岸，南戴河了。海水的品质，也如当地酒店和民风，差！",1.0
"从庐山下来住了一夜,第二天打出租车到长途车站乘车去黄山。这里就在火车站旁边，如果坐火车倒是近。但是离繁华地区稍微有些距离。住宿不含早餐，每位5元一份。没有觉得有火车噪音，好象夜间没有进站的车吧。洗澡的热水不错，温度挺热，随时都有。车站边上的快餐店饭菜口味极差，千万别去吃。",1.0
太上当啦 买了750g 毛重才700,0.0
穿了几次就起毛球了,0.0
还没来得及穿，看着还可以。,1.0
之前很喜欢明晓溪的书，之前没买过，只买了这一本！书的质量挺好的，但是基本上全是连载，没办法，就只看了几个后面的小故事，感觉一般啦！要想看完这些连载估计还要买很多的书，所以一下子就没了兴趣，因为在看最小说嘛！而且在这两本杂志中，最小说是不可撼动的，所以不准备再买了，就让它继续待着吧！但对这本书还是肯定的，有喜欢明晓溪的朋友还是尽情的支持吧1真的很有明晓溪的特点！,1.0
完全不能用，并且京东也不负责联系金史密斯！打电话也不接，预约了维修工人到时间也不来！真是对京东彻底失望！！！,0.0
锅底不平，不能均匀受热，并且黑色不粘锅材质起皮，客服解决问题态度极差，最后给出的结论居然是人为造成的，我用的就是美亚送的尼龙勺子和铲子，是不是你们的铲子和勺子也有问题！下次再也不能从京东买东西，售后没保障！,0.0
有效果有效果。,1.0
价格太贵，国外折合人名币才**,0.0
千万不要买！谁买恶心谁！深吸一口茶叶就被刺鼻的香精味熏得想吐，完全就是香精味道，茶水喝起来香精味道更浓，而且舌头上有异样的感觉。很化学，很酸！,0.0
不好，服务员像目老虎，态度极其恶劣，当然就这个价钱设施还是可以的,0.0
挺好的，效果不错，很实惠,1.0
"此次入住感觉不错,销售部服务到位,大堂经理能理解客人的需要,做出相应的措施,下次还要入住....",1.0
圆通速度挺快的，25号晚上广州上车扫描，27号上午就到福鼎市了； 显示细腻，键盘手感好，方正，外观线条明朗,1.0
春节是住的，位置不错，交通方便，周围环境也不错，购物很方便。 房间大，卫生间超大，个人感觉完全是浪费空间，房间老旧。 前台服务一般。 早餐只有韭菜猪肉馅的饺子跟米汤。是我吃过的最糟糕的酒店早餐。 电梯很恐怖。 不过一楼的老大爷很亲切。,0.0
一句话：床太硬！一个晚上都没大睡好。喜欢软床的提醒大家一句，要有心里准备哦,1.0
刚刚安装好，连接的轴就断了，太脆，不好用,0.0
机箱没有有效保护，开箱发现机壳已经裂开了，还发少了刻录光驱。,0.0
1.屏幕看起来很好，色彩很饱和，鲜艳！从06年买的HPV3009到现在，总觉得HP的屏幕很好 2.很多技术参数评AMD的QL64性能不佳，但我感觉挺快的。看PPS，玩QQ游戏，安装软件同时进行，感觉不慢。不过没有安装数据库查看处理性能，感觉家用足够呢 4.HP的散热做得超棒，没有开空调，连续运行六个小时，装机，装软件，试机，GHOST，没感觉到热，当然出风口温度很高，这证明HP的散热做得很好,1.0
颜色特别正，就是我想要的颜色，版型也很好，显瘦，商家服务态度很好，赞一个！,1.0
小了，，，，早知不买,0.0
cpu太小，速度慢！,0.0
很不错很满意活动很合适，赞一个， 　,1.0
买给老爸的，效果不知道，不过拿到手上还是不错吧！ 圆通物流无语了，没责任感的企业员工让人堪忧，再有它送货的一律不下单了！,1.0
一如既往的好，帮孩子买的。,1.0
感觉很不好，洗完头发梳不动，摸着头发很硬很干很毛，不知道是我不合适用，还是这洗发水是假的,0.0
快递好慢，质量一般，没用，丢在一边,0.0
国际大酒店订不到房间，抱着试试的态度订了这家感觉还是很不错的，环境也不错尤其床和被子，真的很舒服，比国际的好得多唯一的缺点是地点有点偏,1.0
给孩子用的，应该还可以～,1.0
很好的。很满意的。灯光不错！,1.0
不行和照片的不一样，不满意，,0.0
图书没味，宝宝喜欢,1.0
预定了套间，入住发现没有房间，但是与携程交涉后，酒店很快升级为总统套房，很满意，下次还会来,1.0
只住了一个晚上，房间很小，不过考虑到只是一个三星级的宾馆，要求也不能太高，但是房间里的设施很陈旧，而且有些设施明显坏很久了，也没有修理。 我的信用卡不是国有四大银行的卡，不能做预售也就罢了，居然直接刷卡也不行，前台小姐居然说我的卡不是信用卡，狂晕，就算不认识visa标志，也应该认识银联的标志吧，怎么的也不会说连当成储蓄卡一样刷卡都不行吧！,0.0
颜色不错 老了  不糯 不糯,0.0
不错，还没洗。,1.0
垃圾，电流声响得一逼。垃圾货。,0.0
藝術中的精品，精品中的藝術，感謝2013京東的完美饋贈！,1.0
晕菜，写了那么多怎么没提交上？彻底晕菜不重复写了，总之很好，希望大家都能去住如果老板娘能看到留言就好了，我们是初四晚上，也就是21号入住的一家三口，带一个5岁小女孩的一家子啦。,1.0
太小了跟本代不了太差劲,0.0
显示器不错外观漂亮色彩好IPS屏底座很,1.0
在看书的时候，发现了。很这本根本就没有网站介绍的那样的精彩，而且内容都不搞笑，只是提别人的生病。没有什么很滑稽的。。。。。真郁闷！,0.0
盒子里面全都裂了，不换了。,0.0
和同事买了两个耳机，一个Y55一个Y50，货到以后一打开！Y50纯新未动过且没有质量问题。内外包装袋完好，但是Y55包装盒就有被打开的痕迹！而且银色有些问题，听着很别扭。已经申请换货Y55。只要拿新货来换旧货这问题就不是事儿。买了很多京东的东西，第一次碰到这问题。希望赶快处理好。不要浪费不必要的时间！以后发货时请检查完了在派送！,0.0
一点都不好用，看浮漂一点效果都没有，垃圾，真的很垃圾,0.0
经典小人书，值得收藏,1.0
不错，效果很好，保湿效果很好。,1.0
朋友介绍的，具说吃了后对身体很好。,1.0
这就是她们家的杆子！中看不中用啊，才钓不到一斤的鲫鱼就能吧，第5节弄断了，这要是钓到2斤的鱼第9节都得碎，积极中的极品，联系客服，联系2天才给回话，什么服务态度。钓友们别在上当啦。,0.0
讲解一般，题倒是蛮多的，快读和阅读都有，不过稍显杂乱了一点,1.0
8年级没地方找，亏大了。,1.0
我家哈林么么哒(?&gt;&omega;&lt;*?)我的第一张专辑～,1.0
算对得起这个价格的质量， 做工还算可以。不过也是因为对得起价钱，从包装到配件，到软件，全都是简装版本。,1.0
12寸感觉是小了点，眼睛不好的酌情考虑哟。VISTA仍旧感觉是鸡肋，食之无味弃之可惜！,0.0
东西不错，不过京东物流在618期间太慢了，到了好几天才送,1.0
很满意的一次购物，女儿挻喜欢的还会关注！,1.0
买下也一直没用,0.0
还不错，比较便宜，用着还行,1.0
东西一般吧，质量也不怎么好，装的时候黑色的固定物就有损坏，用了一天，白色的门挡内的铁框就开焊了，想找人焊一下，又无法取出修复（除非是破坏性的），想退吧，装的时候，轴的油漆有掉的(这是无法避免的)，在好多的细节上需要改进,0.0
比较失望，比想象中的要差，看打印测试页效果吧！己经申请退货了,0.0
内容蛮不错的，比较容易理解。该书作者参照结构主义和生成转换学派的观点，将词法纳入句法，从整体上探讨西班牙语的组句规则。,1.0
沙发套比较脏啊```不过卧室很干净```总体来说不错啦```,1.0
还不错，就是爱留指纹,1.0
刚开始没货，过两个月给客服打电话才发来。打开一看，发现有个绳中间有绿线头，拨弄一下，里面的绿绳是断的。7毫米的还没仔细看呢，本来做安全绳的，没法相信了。,0.0
能在吉林市找到的最好的酒店了。入住和退房的速度还可以。房间状况不错，床不如长春的天天舒服，感觉比较硬。,1.0
还不错吧，15年二月份的,1.0
本来不喜欢评价买的书，我已经有70本书没有进行给评价，主要是因为太懒了，没有改评分标准的时候就不想评价，更何况现在要500字才给积分。太郁闷了！\n但是给这本书评价主要不是想要积分，太郁闷了，本来下单有10多本书，然后有的书需要重其他地方调，所以我分成了两个订单，这个订单我多等了4天左右，让人郁闷的时，上一个包装据让就用一个编织袋把书捆在一起就寄出来了，京东是不是这么穷哟，好歹我也是买了200多块钱的书，多个塑料袋就多收我几毛钱把，你让我拆了包这么拿走？（书我是寄到公司的），\n这一次更让我郁闷的是这本西班牙乞丐的书看封面好像是被别人看过的书一样，本来是白色和红色的封面，结果白色的地方已经开始一点白很大一片都是黄黄的。买这些书我是用来充实书架的，其实很久以前就看过了。\n遇到计较一点的人就给退了或者换了，遇到我这种，这样嫌麻烦那样嫌麻烦的人就只有认了。我知道这本书很翘，我关注了很久这个系列的三部曲我也只是这次才买到两本，还有一个书的内容很好，从封面看就是一本旧书缺货，你让我怎么办？四川出版社的书我在从中学开始就开始关注科幻系列的小说，现在买就是因为以前没钱，现在充实书架买来看一下，无聊的时候翻来看看。\n还是很多人说的那句话，经典就是用来收藏的。内容5分，书我只能打1分\n,0.0
当年在《参考消息》上曾经拜读过亨廷顿的“文明冲突”文章摘要，正式出版的这本书第一次读到，还没看完。他可真是当代伟大的政治学家，一是系统科学地总结了世界文明的发展历史和政治冲突的关系，二是在冷战结束几年之内（1993年）就预见到了世界冲突从意识形态向文明冲突转变，如此高度敏锐的政治思维，不知当代有几人？三是预见了美国将受到来自伊斯兰教国家的攻击（“911”事件发生）。伟大！！,1.0
物流太慢，但看起来不错，很能装东西，里面做工略粗糙。,1.0
还没看过呢，呵呵 道农大哦,1.0
我下订单的图明明是八骏图浮雕镇尺，给我发来的却是荷花的，不负责任吧，等不起，不想麻烦，只好退货。,0.0
"房间很不错,还是套间,前台服务员很贴心,因楼层少怕吵,特意没有安排向马路的房间给我。酒店地理位置极佳,就在七星岩牌坊斜对面,旁边就是华侨大厦。总的来说很满意,另外楼层走廊真的好长,开眼界了。",1.0
I would like to refund my money. you put a wrong order,0.0
"怎么说呢?勉强够五星吧,不过在小城市里,应该是不错的了.位置是好的,交通也好,景观也好.早餐一般般,主要是入住率很低的样子,没什么人吃,自助餐东西放不多也不怪了.遇到的最大的问题-我们住了两间,一间我带孩子,一间我父母,第一天在9楼,面江,结果当晚4楼的歌舞厅吵得不得了,居然要闹到午夜2点,我父母吃了安眠药还不能入睡,半夜里要求换房.换到16楼不面江,安静了.不过这么折腾一下,几乎一夜没睡.16楼是好一等的楼层,没有要求补差价,但这是酒店造成的原因,所以也没什么不应该.",1.0
链子太细，样式不太好看,1.0
加了油也打不着火，差差差,0.0
没有包装的书  我想问这是没人要给我的么,0.0
东西一般，做工过于粗糙.下次不会再选择，感脚被骗啦,0.0
没有预想中的好，这个价钱对于这个帽子来说有点贵了。,0.0
包装！包装太差！还有装镯子的袋子都坏了， 哎！,0.0
吸油纸很好用哈~效果明显,1.0
整体感觉还不错  颜色很干净  就是后靠背中间那多了一块  有富余 总体老说还是不错的\n,1.0
非常一般，房间很小，家具过时、老旧。性价比太差，订一晚，后又续一晚。实在不满意后俩日改住洲际酒店。 我后面续订一日，居然不算通过携城预定！可能是利益所驱，相较之下，洲际我也是先订一日再续。洲际就处理的很好。 补充点评 2008年5月20日 ： 还有，通过携城订的是大床房，去了变成标间。非常不愉快！,1.0
给俩星吧八天才收到、东西比较小，小孩用差不多,0.0
"可能是因为订的是特惠大床房,空间相当小,厕所的空闲也很小,就在床边上.感觉真的是寸土寸金.酒店更像是公寓,隔音也不好,肯定一点就是还比较干净.宾馆反馈2008年7月21日：非常感谢您的评价，如果您需要更大的空间，下次入住时可以选择我们面积更大的豪华房或套房。隔音问题我们会立即检查并做改进。衷心希望您再次光临南浦瑞峰酒店。",0.0
质量不错，防锈效果有待观察。,1.0
包包收到，快递非常给力，款式很不错，是我喜欢的款，和店里的卖的一样，性价比高，质量非常好，很满意！\n,1.0
质量很好，录像很清晰，使用方便，满意,1.0
一只用完了，感觉没什么效果呢？,0.0
"不亏是园林酒店.酒店面积超大,住宿区分很多楼,并有面积不小的绿化.非常适合休闲度假,唯一欠缺一点的就是不直接面对海.",1.0
物流太慢，买了一个星期才到，镜子也没有图片那么合适，空好大位置！密风度也不够，,0.0
十分的好用 十分的好用,1.0
第一次来，主要是贪便宜，然后因为事多就没去找其它酒店了，住着住着也就习惯了，服务员都会跟你打招呼，前台服务员有的好有的差，好的还不错，差的就没话说了，住的单人房，窗户关不紧，说是出了事有摄像头，地毯脏的不行，气味严重，前台在六楼，不太方便，早餐不要提了，没法吃，中餐晚餐不提供。每晚都有骚扰电话，决不会没有。空调是中央空调，房内调节器如同摆设，后来找到其它酒店后就搬走了，还是住了十天。,0.0
常在京东购物，品质很好  快递也给力。,1.0
对提高辨别精神疾病早防早治有实用价值,1.0
位置不错，上海徐家汇中心地带，性价比一般，房间比较大,1.0
键盘大！就是为了键盘才买的。去卖场试过很多机器，也就1000系列可以流畅打字。HP的虽然好评很多，我觉得也就那么回事，而且同规格贵很多，而且那个触摸板太窄了。电池也很爽，这点大家都是说了,1.0
不像三星的酒店，根本就是一个2星的酒店啊,0.0
差，，我度不想说了，，想,0.0
本以为能看到一些有深度的文章，但是作者显然在中国呆的时间太长了，你们懂的,0.0
垫子很大很厚实，别致有型，和跑步机配套用绝对高大上.,1.0
坐垫质地不错，冬天放车上坐着舒服。,1.0
响应比较慢，并经常掉线。用垃圾货顶这个价格。只能说吃亏上当,0.0
物流很快，服务态度很好，茶壶的颜色很正，很大气，五星级好评。,1.0
还是不错，很流畅，挺好的,1.0
"好评,很好的大小很是穿上很好看\n",1.0
羽绒被子，枕头，毛巾够厚有四星的感觉，也很干净。洗澡不错。但房间装修一般。早餐不错，就是贵了。总体感觉偏贵。,1.0
总的来说很满意。距离市中心稍微有点儿远，房间干净，整洁。我住的大床房，面积稍小。服务很好，帮我免费洗了内衣，每天送水果（2个香蕉加2个苹果），服务员很有礼貌。缺点是早餐不丰富，1楼的餐厅价格太高。,1.0
不满意想退又怕麻烦给了运费去拿东西又要给郁闷,0.0
看上去不错，希望用时也一样,1.0
"268元房间还算整洁.服务就不敢恭维了.结帐的时候出了件让我意想不到的事:我们是一家三口自驾游的,退房时非说我们用了印度神油和避孕套.靠!要说用了其它东西倒有可能,这玩意是可以当着已经上学的孩子用的吗?解释了半天,还是一口咬定我们就是用了.让我非常脑火的倒不是为了那几十块钱,而是明摆着的讹人的做法非常难以接受.后来见我发火了,楼层的主管才下来说,知道你们是家庭游客,可能是服务员搞错了.靠,刚才还一口咬定用了,现在又说搞错了?!真不知道这帮人是何居心.大家还是小心点为好!",0.0
下次不在在这里买了&hellip;送货速度堪比蜗牛，很不满意，快等疯了&hellip;一周才到。,0.0
快递速度很快，宝贝还过的去吧，油漆做工不好，扶手把塑料感觉挺次的，整体做工不是很好，一般般，但是这个价位很值！给4星吧！,1.0
必须给差评。东西邮了一个星期到，安装后提示扫描仪错误，客服只是反复喊重启，也没有技术人员解释。申请退货被拒绝两次，明明是写着七天无理由退货。最后回复拿去检测，凭检查报告属商品质量问题再申请退货。简直无语。同时做耗材这一行的朋友说，号称耗材便宜，可打多少页都是骗人的。直接说我被烧了。一向不喜欢给差评的，这个必须给，想买的亲，请三思。至少退换货的问题提前问好。,0.0
明星康年整体感觉相当不错。房间宽敞、环境良好，应该是当地最好的酒店吧。虽然只住了1个晚上，以后如果再去遂宁，一定继续预定明星康年。,1.0
调优需要逐渐积累经验啊。,1.0
很有帮助的书，内容充实，注重训练,1.0
不满意，毛领太假了还要掉毛，衣服一点儿都不修身,0.0
一星都不想给，垃圾，1 充不上电，2 接处口线都出来了！,0.0
房间在这个价位来说可以接受，卫生间很大！但是隔音非常差，什么都听得到。最差的是早餐，简直是恐怖，所有的餐具都是塑料的，白色的塑料餐具因为用的时间长了并且长期没有洗净，已经发黑。部分塑料的餐具附着一些不知名的未洗净物，水淋淋的（甚至还有水在碗里），都不知道有没有洗过还是在水里泡一下就拿出来，用来吃粥的小菜上空苍蝇飞舞，包子馒头冰冷。脏，脏，太脏了！我可以要求早餐非常简单甚至就是白粥加水，但是绝对不能容忍脏。这个价钱说含早，但是可以当作不含早来看，反正我没敢吃。宾馆反馈2008年5月21日：非常感谢您对我酒店提出的宝贵意见，针对此种情况，我司会提出整改方案，我们的宗旨是让宾客满意，我们也会为此继续努力，谢谢您！希望下次入住给您不一样的感觉！！,0.0
位置佳，酒店前面就是栈桥，早起运气好的可以在栈桥上看到电视塔上日出的景象。对面马路上是公交车站点，乘311专线可直达北九水（早上6:45，7:45，8:30从火车站发车，建议提前10分钟侯车，车程1.5小时）。 服务令人满意，边看海景边吃早餐的感觉很好。 因建于20世纪，装潢一般，但卫生设备是新换的科勒。 隔音确实不理想，半夜可以听到隔壁的声音，建议在客人入住时发一张晚上保持安静的卡片。周围环境好一点的吃饭地方少，不过10元打辆车肯定能找到满意的餐厅。 酒店走廊的小食品是孩子的最爱，不过大家自觉适量取用哦！,1.0
根本用不了  上我的手机不好用。我老公的却能用   它还挑手机。而且包装也不好。,0.0
"早些时间发过一次,但不知为什么评论中并没显示.现在再发一次.我们全家不久前入住了行政豪华套房.酒店的硬件还是不错的,前台和楼层的服务",1.0
一个坏&hellip;&hellip;，，，，，，，，，，,0.0
极薄，极薄，极薄，重要的事说三遍！,0.0
超喜欢，还想再买一件,1.0
包装还没同事300多的有档次！买家选别的吧,0.0
"这是一本小学读物,用以前评书的方式去写书,深得小学生的喜爱,至于中学生是否也喜欢就不得而知了,作为成人的我,不是太感兴趣.",0.0
造型很独特，宝石和钻石交相辉映，好棒的礼物哦。,1.0
不错，收到了，谢谢，太快了,1.0
不赖，能当镜子用,1.0
两天就堵住了    真心不怎样\n,0.0
10月2日入住，4日离店。酒店很有特色，房间很干净，被褥都很新，就是床稍有点硬。周围交通很方便，公交线路也很多，步行到秋林公司不到20分钟。从火车站打车就是起车费8元。比起住在东大直街，这里很安静。宾馆楼下是肯德基，周围有酒巴、饭店和超市。推开房间的窗户，就能看到阿列克谢耶夫教堂，步行1分钟就可到教堂。10元的早餐还不错。但是前台服务需要提高，办理入住的时间太长，而且态度也不好。总体来说，还是很满意，下次还会选择再入住这家宾馆。,1.0
很好看，以后还会来的,1.0
很好吃，物流很快，第二次买了。,1.0
很干净，大小均匀。。,1.0
我最后从电炉上下来，向外面衣帽间走去，我那时都哭出来了。我不知道为什么哭，可我的确哭出来了。我揣摩那是因为我觉得他妈的那么沮丧，那么寂寞。接着我到了衣帽间，却怎么也找不着我那存衣帽的混帐牌儿了。可那个管衣帽的姑娘十分和气。她照样把我的大衣给了我。还有那张《小舍丽.宾斯》唱片&mdash;&mdash;我依旧带在身边。我见她那么和气，就给了她一块钱，可她不肯收。她口口声声叫我回家睡觉去。我想等她工作完毕后约她出去玩，可她不答应。她说她的年纪大得都可以做我的妈妈了。我把我混帐的白头发给她看，对他说我已经四十二岁啦&mdash;&mdash;我只是逗她玩，自然啦。她倒是挺和气。我把我那顶混帐的红色猎人帽拿出来给她看，她见了很喜欢。她还叫我出去之前把帽子戴上，因为我的头发还湿得厉害。她这人真是不错。\n　　我出去到了外边，酒就醒了好些，可是外边的天气冷得厉害，我的牙齿开始上下打起战来，怎么也止不住。我一直走到梅迪逊路，在那儿等公共汽车，因为我剩下的钱已经不多。我得开始节约，少乘出租汽车什么的。可我实在不想乘混帐公共汽车。再说，我也不知道往哪儿去好。所以我信步往中央公园那儿走去。我揣摩我也许可以到那个小湖边去看看那些鸭子到底在于什么，看看它们到底还在不在湖里。我依旧拿不准它们在不在湖里。公园相距不远，我也没有什么别的地方可去&mdash;&mdash;我甚至都不知道去哪儿睡觉哩。我一点也不觉得困或者累。我只觉得懊丧得要命。\n\n我出去之前把帽子戴上，因为我的头发还湿得厉害。她这人真是不错。\n　　我出去到了外边，酒就醒了好些，可是外边的天气冷得厉害，我的牙齿开始上下打起战来，怎么也止不住。我一直走到梅迪逊路，在那儿等公共汽车，因为我剩下的钱已经不多。我得开始节约，少乘出租汽车什么的。可我实在不想乘混帐公共汽车。再说，我也不知道往哪儿去好。所以我信步往中央公园那儿走去。我揣摩我也许可以到那个小湖边去看看那些鸭子到底在于什么，看看它们到底还在不在湖里。我依旧拿不准它们在不在湖里。公园相距不远，我也没有什么别的地方可去&mdash;&mdash;我甚至都不知道去哪儿睡觉哩。我一点也不觉得困或者累。我只觉得懊丧得要命。,1.0
一般，不防水，容易掉妆，不好用,0.0
物流太慢！从下单发货到收到商品历时12天！客服没能很好解决问题，把问题推到顾客身上认为是顾客没有及时沟通说这么长时间没有收到货，收到的商品跟描述不是很符合，根本不值这个价，做工很粗糙，扇与扇之间的连接处间隔太大有点透视，整体商品不值商家推荐的价格！,0.0
1，服务没有任何亲切感，生硬、机械。我们一大家人五口，其中一位大人和一位孩子没有带身份证，为此我们吵了40分钟才入住。打电话到派出所，派出所说没有证件就不能住。我们争辩说开了3个多小时车到地方，不让住有点说不过去，警察说这是规定。我们说希望你们警察帮忙，和北京核实一下身份，被生硬拒绝。最后酒店的一个服务生看见我们两个70岁以上的老人累得不行了，才办理入住，已是晚上11点半了。 试问:拿着3个身份证开不了房，这承德还能去吗？ 2，房间不知为何评为携成4星。被子有烟味。设施陈旧。隔音不好。早餐水平比如家的十元的还差。服务员根本不够用，我自己收拾了一桌子，然后坐下吃饭。退房在没有人排队的情况下，用了20分钟，这样的酒店我可使用了610元/房。 3，在携成提供的承德酒店列表中，这家酒店可能是最贵的，我本以为找一个好一点的酒店让父母住得高兴一点，看来是适得其反。希望携成在签酒店时还要多做考察，为携程的会员多作考虑。,0.0
绝对是徒有其表的一家酒店。4月30日晚入住，室外温度30度的情况下，房间没有空调，当我们提出意见时，居然说怕客人着凉？！！我们盖的可是鸭绒被啊！再三要求下，拿来一个电风扇忽悠我们...第二天早上的自助餐厅也是一样的闷热。堂堂所谓4星酒店，连空调都不舍得开？这样的酒店大约是不会再住的。,0.0
给客户买的，不知道怎么样，不过客户没什么反应，应该不错,1.0
我买蓝色的居然给我发个紫色，真是搞得纠结死了，想换觉得麻烦，算了将就吧,0.0
很好的书，内容丰富，物流给力，包装也还可以，全五星好评！！,1.0
贴着皮肤挺舒服，款式不错,1.0
一共五本书，有三本书没有外面的塑封，显然已经被人拆过，而且书后面被人写字，书的表皮磨损，很脏，局部有折回。简单来说。这书就被人看过，然后退回来了！差评！,0.0
很不错的书，也是别人推荐买的,1.0
使用还好，就是在停车期间因电池电量不足不能录像。,1.0
很短的时间第二次入住，前台已告知下次再来不用刷预授权了，确实有大酒店的风范和气度。整体感觉很满意。但有两点感觉不大好：1、床下不干净，很多污物，看来平时服务生打扫不是非常彻底2、不知道什么原因，我住了两天，但携程只给了一天的积分。联系携程说是酒店告知携程我提前一天离店。但我联系酒店，酒店反馈没有如此告知携程。虽然最终给我补了积分，但感觉酒店、携程的沟通还是不顺畅,1.0
物流给力，很值,1.0
闹中取静的一个地方，在窗前能看到不错的风景。酒店价格的确有些偏高,1.0
使用方便，声音清晰，一直信赖飞利浦的电话机，质量可靠，技术先进！,1.0
还不错的，值得一看。。。,1.0
物流太慢了，京东怎么和这样的第三方合作，硬是十天后才邮到,0.0
感觉一般般吧，没感觉出什么效果,1.0
书质量不错，内容还没看，应该也不错的,1.0
孩子还没有看到，一定会喜欢\n,1.0
没收到，点错了，怎么办,0.0
东西不错挺好喝的。物流有一点点慢加油。,1.0
中煤大厦在同价位的酒店中，个人感觉性价比还可以。只是我住的房间临街，晚上比较吵。,1.0
没想到实物这么小，希望孩子能玩的开心吧。,1.0
尺寸不合适。太细了，装上去有点怪怪的,0.0
质量不好，摔了一次就裂了,0.0
出厂标签明明写的是革，却硬被贴上牛皮的标签，对此表示不太满意，凑合着用吧,0.0
房间卫浴水准太差，面盆的下水是坏的，居然要用手去把下水给抠出来。。。衣橱的灯的开关是坏的，把门关上灯还亮着。卫生间里粘两个灭蟑螂的盒子，让人看了很不舒服。,0.0
包装的特别差劲  跟十几块的货似的  而且书包异常的大  不说了,0.0
样子挺好的就是感觉领子有点太靠上,1.0
还得再买的节奏,1.0
挺好用的，质量也很不错，非常的喜欢！,1.0
感觉是假的，怎么是这个都市俪人,0.0
不是真皮的，有划痕，很失望,0.0
有特色，本来是喜欢的，可是买来过冬的，送来过夏了,1.0
质量一般，吸收水分很差,0.0
衣服质量太差了，掉毛还掉色,0.0
挺好的推荐给朋友了，朋友也买了,1.0
我老婆说，花不好看，没想象的那么好,0.0
这是一本好书。仅仅是因为至少它发出的是一种自由的声音。今天刚刚收到，已迫不及待的开始阅读了。读完了第一篇：宋强著的《必须正视的内政“愤懑”》，知道还有这些负责人的编辑和电视制作人，感到很安慰。同样安慰的时，现在不再听到电视新闻中动不动就是“盛事”的赞歌；看到政协会议上，国家领导人的列席；了解到各项表决中终于有了反对的声音，而不总是全票通过。,1.0
图书、音像商品评价积分规则调整啦！对10元以上商品发表大于500字心得的评价才可获得奖励。,0.0
味道很好，清香怡人，点赞。,1.0
衣服不怎么暖 不值这个价钱 我穿着都要冷死了  也不知道到底是羽绒服还是棉服,0.0
很满意的一次购物，是我想要的车子，孙子坐在上面推着轻松极了，出门旅游也很方便，轻便，给个好评,1.0
劣质产品，鱼竿放上去就掉下来，带过一次就没有用它的必要了,0.0
客户了理我这是什么情况,0.0
不是正品希望大家不要再受骗了，颜色不正，而且卖家很恶心,0.0
特别满意，穿起来很舒服，嘿嘿,1.0
水壶很漂亮，但壶身好像补过焊，不过影响不大。,1.0
老公背着去爬山，背了一会就不要了，说还是抱着轻松，然后就没用了。。。,1.0
不错，非常推荐购买。,1.0
一般，不是很满意，粘贴口老是松,0.0
20本都收到了，正规发票也清清楚楚，不错。星期一发给学生们，发货还蛮迅速的！,1.0
漯河当地人称这里是漯河最高档的酒店。房间很新，很豪华。早餐一般，不够丰富。网络比较差，经常没有反应。地理位置在漯河的东郊，偏得厉害，不过漯河很小，打车20从这头到那头足够了。晚上出名对面黑洞洞的体育中心，左面黑漆漆的国道，右面黑漆漆的空地，很是渗人。附近没有什么吃饭的地方。,1.0
就是贵了买不起啊啊啊啊！希望能优惠价,1.0
我本来是订的220元的标间，后来告诉我只有258元的标间。只好答应、别无选择。以为在这种档次的城市，外标300多元的房间会不错，实际入住后，感觉性价比较差，设施简陋，不像能代表该市形象的窗口。空调是中央控制，房间内不可以调整，刚进房间有异味。这也是我两年来唯一遇到的在宾馆入住、还要另外缴纳10元停车费的！可能是我们少见多怪吧。优点：早餐还好，符合20元的标准。补充点评2008年6月8日：建议把地址改为“六峰路”，这样开车好找！,0.0
垃圾，还不如960B耳机，有一边还没声音，不会再上当了！！,0.0
完美搭配，用起来很不错,0.0
东西不多，给公司买的。,1.0
衣服质量不错，穿着大小刚好好看。是正品,1.0
"早餐不行,房间太小.前台结帐态度还不错,",1.0
东西好不好先不说   快递慢慢慢！！！  快递慢慢慢！！！  快递慢慢慢！！！,0.0
没有什么太大的椰子味道，冲咖啡一包都喝不出来，多了又觉得贵。似乎椰奶与咖啡比较更配些。这个椰子粉，完全被咖啡盖住了。,0.0
衣服质量蛮不错的  样式也好看 面料不错哦  发货快  满意,1.0
总体感觉还不错，还没仔细看,1.0
读博士了，买来学习学习,1.0
贵了点，重了点,0.0
复审委比商评委可靠多了,1.0
我本以为，最好的房间应该是地毯是干净的。房间是安静的，肥皂、浴帽是有的。可惜，当我入住之后却发现，地毯脏得可怕，还有一股难闻的味道，房间里面不知道什么机器吱吱作响让人无法入睡，卫生间里面的羽毛盒竟然是空的！！！！太恐怖拉！！！最高级的房间尚且如此，那么标间怎么住人呢？？！！！对了，还有早餐！！咖啡是的！！！和齐齐哈尔的天气一样！！！,0.0
很一般，里面填充物过少！,0.0
书是几年前的了，虽然内容相同，但是书页有点黄，卖家在版次上解释的有些模糊,1.0
下单到送货到家，很久时间，如果不是没有喝过想试一下的话早就取消订单了。,0.0
货收到了，但是还没有时间看，,1.0
味道还不错，应该是正品来的,1.0
东西本来很好了！为什么要强迫顾客写字，还要写那么多？给了5星就好了啊！强迫这里还要写！为了这个麻烦事情而差评！,0.0
东西太小了。价格太贵,0.0
鞋子款式休闲时尚，实物与卖家描述的完全一致，皮质很软穿着很舒服，很满意,1.0
"手链漂亮.是正品，还有赠品，超值！款式新颖店家服务态度不错和描述的一样.做工精细总体满意,真的很喜欢，完全超出期望值，发货速度非常快，包装非常仔细、严实，物流公司服务态度很好，运送速度也很快，很满意的一次购物质量非常好，值得购买！",1.0
整本书没一个字是黑色的，包括版权页，所有的图片文字全是墨绿色，看着就累！别这么自作聪明好么！！底本是民国的本子，除了《千家诗》外，还收了《笠翁对韵》和《诗品》，后半部分是简体竖排加句读，无注译。图文都偏模糊，底本不好，再加上套色&hellip;&hellip;跟盗版有一拼。不是特别喜欢板画的就别买了。懒得退了，凑合着看吧。,0.0
产品外观小巧，性能稳定，功能齐全强大，适合办公，学生使用，价格特别合适，还有dell的品牌和售后保障,1.0
早餐不错，房间太小，网上的地图不清楚、不仔细！,0.0
待机是硬伤，能换太阳能，核能吗？哈哈哈,1.0
先给好评，就当历史读吧。,1.0
杯子小，快递慢就算了，杯子拿到手打开有一股酸酸的味道，老公都怀疑用了会不会中毒！不知道好评怎么来的，都没有闻到就我们闻到有味道吗？,0.0
发货也太慢了吧，无语了,0.0
可以的 今天就打算用了,1.0
不是真皮是PU，鞋底材质也很差，不值这价...大家选购时要注意阿,0.0
这个皮夹子还是很好用的哦,1.0
太薄了，冬天穿不行！而且号不一致！,0.0
目前看着还可以，就是不知道会不会四周那个亮皮裂开,0.0
还没试，看着质量不错，满意,1.0
一般般，还扎人,0.0
不错的衣服，爸爸很喜欢。,1.0
外观不错，目前使用也很好,1.0
谢馥春官方旗舰店馥春肽水粉 粉底液50g&times;1瓶 ,1.0
大小合适，第一次充气较慢，第二次充时就能听见有很小的滋滋的声音气的，十分钟多就能充好。,1.0
订的是288的标房，房间相当小，设施简单，卫生间连转身都感觉相当困难，前台的服务态度也很差，退房时足足等了十多分钟，不推荐大家入住。,0.0
很满意，鞋子偏大一码,1.0
音质不好，不要买， 不好,0.0
太繁琐，背带不结实、容量其实和背包的承受力不成比例，建议出行装泡沫,0.0
果然速干效果快！！！！,1.0
感觉被骗了，根本不是一把手的续集,0.0
卖家服务很好，快递大哥服务也好，就是衣服不是棉的，洗了容易变形。,1.0
宝贝很好，以后吃火锅就方便很多。,1.0
东西太差了，说全棉，一点棉都没有，跟他说的完全不一样,0.0
基本上1小时就看完了,0.0
靠马路，晚上太噪。早餐较差。长途电话应该是IP的，收费0.8元/分钟。补充点评2007年12月25日：洗澡水不是很大。,0.0
这是收到的粉红色，好吧，这个和卖家图片描述差别也忒大了吧，不注意还以为是白色呢？可笑吧？卖家这样有意思吗？,0.0
挺好的，服务也不错     ,1.0
睡衣很好！质量、做工、面料都很好！物有所值！给好评,1.0
mhrfjuoyhrtfjhrtkiodsrut,0.0
箱子绝对是正品，大家可以放心购买，很开心的一次网购，以前被天cat坑了，天cat上假货真心多。第一次京东购物感觉相当好，以后买皇冠的箱子就是这家了。最后希望店家生意越来越好。,1.0
很不错，很清晰，效果很好，非常满意，是正品。，精准。安装很好，非常满意,1.0
图片有说明的都是不好处。,0.0
物流很快，还给我打电话了，我当时有事没接到，很负责！草莓干我都没吃到，给同事抢了，听说很好吃。。。下次再买！,1.0
不好，后面的膜有残,0.0
慢的很，太薄，装东西有点少,1.0
在上海这样的城市，这个酒店性价比高，不错的选择，周围交通也算方便,1.0
价格太贵，扭头就*，粘性并不理想，感觉是仿品，因为发来的是白款，与图根本不符，像现在工程上用的某种密封胶*买的发邮政小包寄了两星期才到，亏卖家想得出来！,0.0
很不错哦~很安全~很好用~很方便呢~卖家很好~发货快~,1.0
书保管的不好，收到的时候发现第一页外皮折过。书角也有掉地上摔过的痕迹都破了，书中间也有折过的痕迹。还好的是里面书页没有破损，不然一定退货。,0.0
1、电池比较差，没有9.5小时，工艺不行，充电到100%还是显示充电，而不是自动停止充电。2、N280的速度不行，不管是启动，还是运行，比较慢。存建3、内议标配2G。4、本本散热不行。5、适配器很热,0.0
苦苦等待了九天，我心爱的书终于到手了，从汇款到发货，共两天，从发货至到货共七天当我拿到书时，感到很好笑：在七天的货运过程中，书的外包裹已被摧残得相当可怜，但当当的包装还是相当结实的，里面的书安然无恙。书的内容还是比较实用的。适合一线教师，或者说是适合我这种掌握了一点flash基础的人。好好学习，天天向上的日子又将伴随我了！,1.0
看也看不懂得，只能到杂志欣赏,0.0
东西不错，送货挺快的。,1.0
头一次网购出現這种問題，發图給客戶居然说不影响外观就行了，真郁悶。,0.0
太小了  我才90斤都穿不下，裤腰做的太不合理了 ，,0.0
差，差，差。赠品也没有。马达是个坏的。,0.0
儿子回家时，我把书拿出来和他一起找，小家伙很厉害，不起眼的物品我都没找到被他一下就找到了（真的别太低估小孩的能力），这下更来劲了，更兴奋了，吵着要我给他念要找的东西（下个月满四岁，还不识字），吃饭的时候都不舍得放下，看到儿子这么喜欢真开心！其实我自己也很喜欢，晚上等儿子睡着了，我一个人还找了一会呢，但觉得还是和儿子一起玩更甜蜜，头挨在一起，人粘在一起，心也贴在一起。,1.0
一个同事向我推荐这本书，于是我满怀希望地跟当当订货，结果苦等了两周之后，寄来的东西根本不是这本书，他们又一次把货发错了，我退货之后至今仍未收到那本书，相当的郁闷啊！,0.0
非常不错，密封效果不错。很好用。,1.0
散热口较小，按键偏硬！在D250中有较好的解决！ 电源线带大了，能不能学下三星！这点我没有考虑到，但电源线完全可以换成两芯的？！,0.0
很多次购买奢侈品在京东了，不错,1.0
一般，上身效果不好。,0.0
哪里都好，我是给我老公定的，但我穿上好像八分裤，我老公穿也就能当七分裤，下次不能贪便宜了,0.0
这次是第二次住了，感觉属于干净、卫生、简单、便宜的那种。2年过去有了简单的“升级”，呵呵。就是卫生间改用马桶了~,1.0
挺好的用了一段时间,1.0
"买了全套,没见过这么垃圾的. 其实只需要买一本就够了,其余的就是排列组合. 这样的书也能是美国的畅销书? 这也是为什么在书店里看不到的原因, 用不了两分钟,你就能明白什么叫拼凑和重复,看到实物后恐怕没人愿意买.这不过是书商很不负责任攒的一套书, 可一不留神我就上当了,还是我傻!",0.0
亚狮龙2015牛仔裤男 修身时尚猫须设计直筒男士牛仔裤KL40060 深邃蓝 32码 ,0.0
不错不错很好很好。还会买,1.0
190还小，客服你是不是弄错了？试185的也比你这个大啊？严重怀疑是不是正品！,0.0
440的江景商务标间面积很大，顶棚的灯很亮，看松花江一览无余。报业大厦也终于开通了免费宽带服务，只不过下层朋友说的免费套套已经不提供了。,1.0
冰箱质量太差启动时燥音太大，门上瘪了两块卖家强调没当面拆开，如果调换运费自付，希望大家不要买了，别和我一样上当。,0.0
第二次买了，好看！,1.0
造型不错，很精巧，咋一看像个上网本，就是厚了点。做工也可以。价格非常便宜,1.0
还不错，自己一直用琴岛的电褥子，这次是给爸爸买，选这款不是因为它物美价廉，而是调温器操作简单。摸黑也能开关调节，其实调温器真的不必要做的太复杂。,1.0
书很好，就是物流太慢了，五六天才到,0.0
好大一本，内容少，字少。 小一点孩子看开本太大，硬硬的。大一点孩子看内容太少,0.0
鞋子不错下次还会买，就是物流慢了点！估计双十一！辛苦快递小哥了！\n,1.0
我的原装用了3年，声音和这个新买的差不多，试了几次都会有声音，不是说的那种静音，无所谓了，凑合着用了,0.0
挺好的，很喜欢，就是发货真的太慢了,1.0
防晒效果不好，采用没得好久就坏了。,0.0
我买的浅兰色，毛领小得很，颜色也有很大色差，感觉不太满意。,0.0
收货需谨慎，快递过来，包装简陋，一层塑胶纸，一个纸盒，坏心情。,0.0
穿了一天起球球，别的还好,0.0
水泵的声音太大、本来以前风冷就是声音大才买水冷的，这么大的声音，这么安静的写代码？\n,0.0
公司认证发票用的，好用扫描图片清晰。,1.0
挺好的，价格比实体店的优惠，质量也很棒。,1.0
非常好，很保温，商家很负责保护的很好！100分,1.0
用了一段时间，掉漆锁扣经常无故打开，不好产品。只好放到一边。,0.0
浴巾很薄、不怎么吸水。还有快递超慢。差评,0.0
U盘插口已松动，无法读取。,0.0
可以看一下， 可以看一下， ,1.0
我感觉这本书性价比很不高！不是很喜欢，孩子也不是很喜欢，总是那一句不可以，什么内容都没有,0.0
很好。东西很好。物流很快\n\n,1.0
很详细的介绍了挠性版的现状及趋势，制作流程及涉及的各项技术,1.0
垃圾商家，又将不诚信的东西摆上来了，大家千万小心！！！\n给大家说说我的这次购物体验\n1.产品介绍说适用任何一部手机。\n2.下订单买两个吧，自己用的方便。\n满心期待收到货，但这之前都是顺利的。\n3.验货后，发现我的华为手机不能用，反复与商家联系，商家坚持没有质量问题不能退货，要是退货需要我出运费。就是不承认在产品介绍里说适用于多种品牌手机的虚假宣传。\n4.多次沟通后，商家说寄回去检测，说检测有质量问题可以退货。\n5.退货，我支付运费10元\n6.商家收到退货，检测没问题，扣除运费，返还差额。\n7.最终结果～货款19.90元+10商品返回的运费。\n8.收到商家退款9.9元。\n9.这次购物损失20元，什么都没有得到，白花了！！！\n10.一肚子火。,0.0
好于预期。如果服务更好一店，价格更加合适一点的话，会更加有竞争力。,1.0
鞋子与实物不符  非常薄,0.0
1，服务态度极差。从没有见到过服务员微笑过，个个板着脸。由于我在当地入住时间无法确定，所以先交1天押金，谁知道，才过了12点半，连续来了几个电话，催着交押金，下到前台时，前台摆着个臭脸，还准备跟我吵架。头一次遇到。2，黑店性质。三楼得桑拿房是黑店，奉劝各位不要去，我还是服务员透露给我知道得，要不我还不知道能不能回来。服务员只说三楼桑拿属于他们承包出去，不归他们管，但是也是在你们酒店啊。这样不是黑人吗？3，骚扰电话频繁。从九点钟开始，就来了个电话，说了不要，他们10点还来电话，我干脆不接，谁知道每隔30分钟来一次电话，最后是被我骂了才不打，但是第二晚继续来骚扰。4，退房时间长。7点10分下去退房，让打发票，搞了半天居然打发票得机器坏了，服务员还不主动给客人发票，如果我不问他们就互弄过去了。最后在我强烈得要求下，才找到IT来修理，天啊。我是8点10分得火车，等到7点50才把发票给我。5，综合分数，如果有0分我直接给0分。,0.0
"重来没碰到过态度如此之恶劣的前台. 星期五晚上我们预定了4间房间,但因临时需增加1间,我们询问前台一位男服务员,他回答我们有1间,但是价格必须按散客价格460入住,我们说我们能按携程再定吗?就算个团队,但是前台告诉我们携程已经不能预定,我们问为什么,这个前台服务员居然不理睬我们,眼睛也不抬起来看我们一眼的说不行,是按规定的.而且自顾自操作我们前面预定的4间,不管我们问了几遍,照样眼睛也不抬起来看我们一眼.(而且从史自终脸一直板着,向欠他钱样的).最后惹火了我们其中几人后居然回答没有房间了,我们退而求其次问加床可以吗,居然说不可以(还没碰到宾馆不能加床的),最后只能大家挤挤住了.如此素质的人怎么能担任前台工作.后面的心情自然不言而喻.而且价格也不便宜,就是普通经济型的旅店,又没什么特色,价格比上海同等还高.要不是预定晚,别的宾馆没房间了,根本不会选择这家. 补充点评 2007年10月21日 ： 另外这个酒店的配套设施简直差到极点,棋牌室居然是3个桌子放在很小的一间房间里面.而且自动麻将桌只有1个,其它设施为零,什么也没有,至于服务态度,酒店解释前台是新来的,但就是传统意义上的招待所也比他强很多!",0.0
给我喝老婆买的，带上蛮好看的，证书齐全。。。应该是真的吧,1.0
外观有点难看，估计是模具的关系吧，还有塑料的外壳感觉很低档，应该是设计的不美观,0.0
收到了，宝贝很喜欢，说是收到最喜欢的生日礼物了，谢谢！好,1.0
包包还行，可为什么刚买就降价？非常的不理解，请给我一个解释谢谢,0.0
一点不好！烂货！,0.0
5。1。---5。3。入住一直没敢在房间洗澡。太冷。房间太陈旧。设施太差。房间里提供桶装水还单收费,0.0
金沙河挂面荞麦面条,1.0
第二次买了，毛巾很舒服，也很厚实，关键是不掉线头,1.0
一盆发霉，一盆没开花，好久了都,0.0
还行吧，客服的态度让我不能理解。,0.0
用了两瓶，没效果,0.0
"还行吧,有一定的参考价值.",1.0
穿起来有些不透气，不咋地！,0.0
性能不错，运行起来很流畅 外观很简捷大方 屏幕超好，hp屏幕很赞，比我用过的ibm等好,1.0
不好，就是个假药一点效果都没有，还不如药店里面的呢，和我以前用的颜色不一样,0.0
款式时尚， 没有色差， 做工精致， 质量很好，满意。\n,1.0
值得学习的一本书，对孩子有帮助。,1.0
不好用，很失望很失望很失望。,0.0
刚开箱的插头就已经这样了，换货后仍然如此，现在没货可换了&hellip;,0.0
裤子质量差到极点了,0.0
我一星都不想给，真难看，还很薄,0.0
拉链坏的，换货中,0.0
东西很超值，买了几件东西，用了一个2000-100的东券，节省了100元，哈哈。感谢这位会员提供的京东券：http://club.360buy.com/person/grbkrufw-1-1.html,1.0
"1.键盘好看,但敲上去有点晃 2.对于新手装windows比较费事,我装了双系统,用vista home basic还行",0.0
谁用谁知道，一点也不好用，还能挡手，还不如外面*钱的！！！！,0.0
好玩！外面实体店涨价涨得好厉害,1.0
实物和照片差别很大，很不喜欢，如果退货还要是付邮费而且还要扣寄的邮费，真心坑,0.0
买的裤子太小了，感觉很厚，松紧效果不是很理想，,0.0
本人于2008年6月5日入住该酒店标准间。装修很别致，设施也不错，前台服务很好。早餐品种不多，但味道不错，香菇包子令人回味无穷，价格也还公道。但酒店的房价略微高了一点。,1.0
非常不错 好用 喜欢 性价比高,1.0
"此期间预订，入住首日酒店赠送每间房10元洗衣券一张，通过携程预订，入住首日每房还可获赠欢迎水果一份。 “ 我入住的时候，上面两项一个都没看到。。。 宾馆反馈 2008年7月16日 ： 首先对您上次入住的时候漏送洗衣券及水果一事向您表示深深的歉意，由于您入住当天为6.18会议接待高峰，造成前台漏送您洗衣券及水果，我们已严肃处理此事。在您下次入住的时候我们会补送洗衣券及水果并为您提供更优质的服务。
0	刚从那儿回来。的确离大相国寺很近，离鼓楼夜市更近。但酒店住宿环境极差，标准B间在四楼，没有电梯，拎着箱子爬层高很高的四楼可不是一件轻松的事。房间里极其浓郁的异味，通风条件极差，又不敢开窗，因为对面居民区养了几条喜欢狂吠的大狗。总之下次去开封不会选择了。 补充点评 2008年5月2日 ： 还有热水开了很久也不热，浪费啊！不过，前台接待是热情的，笑脸相迎。
1	阿衍怎么就这么酷呢难怪写意始终都灾他手里了这辈子两人就离不了了
1	性价比太高了，同学一个月前在数码城买花了3800，太超值了。CPU是奔腾T4200的，基本上是4000左右本的标配，强烈推荐
1	外观不错,就是有点大,其它都没问题!!性价比还是不错的.好用与否就有待考验啦,刚装好系统还没用呢!!
0	听很多朋友说起这本书，自己也被书的名字吸引。买回来看看也不过如此，很多观点是与自己相悖的。可能是国情不同，不能完全照搬。总之比想象差很多，有点失望。
1	外观很漂亮，自代的VISTA也不错，这个机器评分能到3.8很好。平时办公足够用。
1	这已经是我第二次入住该酒店了。酒店是在市中心，没想到这次入住酒店有了泊车服务，让人感觉停车很方便。办理入住登记时，前台小姐也礼貌热情。我住的客房是标准B，房间不错，退房结帐时行李员主动帮我提着行李，前台服务员操作快捷。总的来说，这家酒店很不错，听服务员介绍，该酒店还有更好房间，好象是贵宾楼的，下次我决定住住看那种房间。
1	性价比高，小巧时尚~要是有黑色的就好了！帮同事买的，别人比较满意！
0	一直都介绍客户到这家酒店公寓，由于地理位置比较方便接送，临近苏州乐园，环境也比较好，像家一样的感觉，总体比较满意。 直到最近遇到一些问题，让我有所怀疑是不是我的判断出了错。 提出问题的是国外总部的CEO，房间没办法上网，第一天晚上因为要在12点前给加拿大发一个文件，晚餐后不得不早早回到房间工作，结果却上不了网，只好打电话沟通解释，忙到深夜。第二天回来询问了上网的密码和操作，前台翻了半天账册，打印出一张A4纸大小的说明，简单看了一下，发现需要建立连接，设置电脑，步骤及其复杂，略懂电脑的我都要有点担心操作不来。结果第三天，老板无精打采的告诉我他还是没法连接到网络。并且，告诉我下次不要再订这里了。我觉得在这样的情形下，真的很没有面子。在退房时酒店解释说有部分的房间可以直接上网，部分的需要手工设置，我真的很无奈，难道就不能事先说明吗？尤其是老外，电脑是意大利文的，设置起来又要懂电脑，又要懂语言，就不能不自找麻烦，给安排直接可以上网的房间？建议早点建立WIFI连接，彻底解决这个问题。 当然，他不愿意住在这里还有其他的原因，他对于入住时要刷卡多押一天房费十分不满，他说他去过很多国家，唯独在中国会有酒店（当然不是所有的酒店，有的只押个卡号）这样去做，因为这样做是对人格的极大不信任，在发达国家决不会在入住时要求刷卡，或押现金，而且是远超过房价的金额。虽然我解释说，这是惯例，不管对中国人还是外国人都一样，决不是对外国人的歧视，但是心理还是觉得很不舒服，因为我们观念的落后，或是信用的落后。 由于工作需要，要求延住一天时，酒店再次要求补刷差额，这次只要求加一天的房价，也许是我们的不满给了酒店人员太大的压力，他最后说也可以不用刷了，这时我真的发火了，难道规则是随便定的，随便执行的？可以刷也可以不刷，这算什么？？？卡都拿出来了，就这样收回去，恐怕老板的怒气也要再次被激起，于是又刷了500。 结账时，问题又来了。手里有两张签单，由于费用超过第一张签单3元钱，于是被要求再刷一次1500，解释是不能消费超过授权，其余的3元从另外一张授权中刷。或者可以给现金3元。望着手里的1500元授权，500授权和1500消费，3元消费，老外几乎绝望了，实在搞不懂这么简单的事情居然被弄得这么复杂。 他所能做的就是下次不再来找麻烦了。
0	10月1－3日入住，该酒店环境很差，像个大杂院。里面有消防队，小店，居民搂等。房间设施也一般，毛巾更是又黑又硬，插地还差不多。更可怕的是3日凌晨小偷竟两次光顾我的房间，而且有钥匙打开房门，幸亏我上了防盗链，没有进来。事后酒店方面承认防盗压力很大，而且屡有客人失窃。我建议携程可考虑推荐这种酒店。 补充点评 2007年10月11日 ： 应为：建议携程考虑取消推荐该酒店。
0	差的没话说了，我同事在这里吃了三次早餐拉了两次肚子。这个酒店不会收拾房间的，用完的浴巾都不知道收拾，房间的垃圾也不知道收拾，所以如果不小心住进来了就千万别续住。前台的态度也很差，好像都欠了他们的钱一样。空调声音极大,晚上都无法休息。床极其不舒服，坑坑洼洼的早上起来腿上都有印痕。吃饭超级贵，都是政府来消费的。骚扰电话很早就开始，很晚才结束。门口的出租车虽然是正规出租但是素质都很差，近距离就拒载，远距离就绕路，和青岛有一拼了。小日本巨多，早餐吃饭的时候看着小日本就没胃口。
0	夜景不错，房间不错，早餐很不错，离海边和商业区有点距离，服务满意度也有些距离。
0	因为要送人，早早就买了，可是拿回来就是个硬盘坏的，又开检测报告，又退货，为了赶在周日能送朋友，只好又下单买了一台。但是第一台都送回去一周了，到现在还没告诉我能不能退。售后服务的效率啊！！
0	可能中外文化理解差异，可能与小孩子太有代沟，不觉得怎么样，还是比较喜欢水墨画一点风格的漫画书，但愿我女儿长大一点能喜欢（22个月中）
0	也许期望过高，拿到此说后，读了一部分觉得不过而而，空泛大于具体，现在不知道把该书放哪儿了。。。
0	1. 房间内见缝插针几乎放满了各种各样的收费小商品，从茶叶到泡泡浴到塑料套 2. 床铺很舒服，但我的房间（809）不干净，晚上做了很可怕的恶梦 3. 卫生间浴缸四周填满了黑色污垢，亟待改进 4. 大堂宽敞高雅，前台有宽敞的椅子坐，所以可以半躺在椅子上办入住和退房手续，其它酒店是很少见的
1	前前后后买齐了这套书，儿子喜欢！我也翻看过，觉得非常适合学龄孩子看。首先，书本不大恨适合携带，字体适中，行间距宽松，一点不费眼睛。如果外出玩或者上学作为课外读物都是个很不错的选择。其次，内容很丰富。每位科学家的介绍都是从孩童时代开始：成长的经历，经历的磨难，付出的努力，直至成功。另外，内有彩色插图，考虑到孩子的特点，避免了通篇文字枯燥的问题。其实，孩子喜爱看是最大的购买理由！
0	书上的单词均没有音标,是这本书的特大缺陷,不方便读者们拼读,更别说好记了,遗憾,如果退货不用钱我一定退!
0	太差的酒店，里面的很多东西都发黄了，隔壁都是出租给别人办公的。服务态度也不好，找他们件事，他居然说“我说不过他，叫上面跟他说。”这是他们服务员的原话。态度极其的不好，话语生硬，好象是求他施舍房子给我住一样。请携程不要与这种低级的酒店签协议，我是很相信你们的，所以觉得每次都会很可靠，但这次是极度的失望。
1	东西很超值，买了几件东西，用了一个2000-100的东券，节省了100元，哈哈。感谢这位会员提供的京东券：http://club.360buy.com/person/grbkrufw-1-1.html
1	突然要到香港办点急事，通过携程网订购了4日假期，真的很方便。没有买八达通卡，有携程网送的24小时地铁免费票足够了。rosedale位置很好，酒店房间虽小，但房间很高，设计合理、实用。干净，该预备的都预备了，包括雨伞。机场来回都坐E11(单程$21)既省银子又观光了。去时代广场方向不用过天桥。港岛太小了，走路都可以了，去九龙可以坐天星渡轮，看看星光大道观观维多利亚湾夜景。太平山顶可以坐缆车上去，但没有必要买摩天平台的票。
1	一直喜欢那个年代的人物故事总会有那些不因畸形环境而改变的纯良本性 那样的真情 如今看来竟是少之又少因压抑而珍贵 这样的爱情 尤其深厚 化解不开的浓烈感让人欲罢不能静秋 少许的感性中拥有更多因磨难而生出的理性 这样的女子坚定 有信念 在当时的社会里应该并不少见可是我不知道像老三这样的男人 痴心 有担当 卓尔不凡 又同样的坚定 这个世界上还会有几个？一个女人的一生里 拥有过这样的男子 夫复何求？
0	虽然书的内容上吗什么大的区别，但是封封皮给人的感觉很不专业，怎么有网友品论？？？郁闷之极！
1	前几年住过一次，这次去感觉它的变化太大了，服务很好，好像全面装修过了，房间很温馨，床上用品很舒服，还配送了果篮、晚安点心，还可以免费烫衣服，性价比高，有点遗憾的是卫生间有点小，过几天同事出差，建议还住这里！ 补充点评 2008年2月25日 ： 酒店的餐饮很不错，没有提前预订，所以只能做大厅，菜式、味道都称一绝！
1	这家酒店性价比还是很高的，入住的是行政楼层单人间，给客户订的是行政楼层双人间，酒店内硬件设施很好，免费宽带上网，早餐丰盛，而且酒店更准备了免费的行政楼层下午茶和晚间鸡尾酒，虽然由于时间紧没有享用到，但给人感觉非常好。员工也很热情，服务也好。 酒店距离地铁也很近，而且和一家商场紧邻，购物也很方便。 唯一的缺点是我办理入住手续时，大堂办理速度比较慢，我排了将近30分钟队后被告知是行政楼层房间可以到行政楼层接待处直接办理入住手续。哎，如果能够在酒店里有直接说明就不用排这么久了。很辛苦啊~ 综合评价，我还是比较满意，尤其能令客户满意我也很有面子。
0	书的印刷很棒可惜文字过于生僻，而且有点傻瓜的感觉有点像韩国电视剧，过于华而不实不喜欢韩国人的作风，没有什么内涵，对记忆没有什么效果建议别买
0	盖子盖不严实，有缝隙，按上去还带响，装内存的时候发现了双面胶，处理的太差了。显卡切换的时候有短暂的黑屏现象！
0	书中的内容总结起来就是：20岁的女生要学会圆滑处世，要懂得为自己“着想”，这样才能创造出一个成功的人生也许正是因为它所要求的圆滑处世是我做不到的，所以我不太喜欢这本书
1	作为推理小说可能不是最好的，作为言情小说可能也不是最好的。但是结合在一起却很让人惊奇。羡慕那样的爱情和那样的生活，也许所有的杀人犯都有自己很心酸的一段生活一段历程。那是一种常人所无法理解的痛苦和无助，如果他们能得到一份爱也许真的会有更好的生活。元元和陆劲的爱情能有情人终成眷属真的是一件很欣慰的事情，无论生活在什么地方什么环境的人，都要找到自己能付出可以付出一切的那个人。
1	机器很轻, 屏很亮但表面迎着光线看似乎不是很平整, 我的外壳是白色的非常漂亮, 发热可以忍受, 在夏天放大腿上基本上是温温的而不是烫人的感觉.(如果打游戏估计还是会比较热). 人像识别功能很有意思, 光线足的时候基本上你往电脑前一坐就可以识别后登陆了.快速启动系统很实用, 临时想起看个股票天气什么的非常方便, 就是少了个看片的功能, 如果可以集成个Geexbox就好了...
0	也许是说好的人太多了，所以对这本书的期望值过高，拿到手里看时，觉得书写的很肤浅，很没有意思，有半天时间就能看完了。
1	作工精致！价格厚道！ XP、驱动、全搞定，有问题的可以加群8757013咨询！群内有高手！
1	补充一条 ： 可惜外壳送来时坏了 以前买当当的没有遇到过也 好在里面的分册没有损坏 很新的 也就不计较啦 赫赫 书嘛 是用来看的 不是用来观赏的 偶不计较了额 以后注意嘛 当当~~~ 倒是送的速度和快递叔叔的态度 很好好 赫赫 不计较咯
1	区别于市面上粗制滥造的一些所谓怀孕百科，这本书内容非常详实，而且很专业。在怀孕的各种专业检查里，比如唐筛、妊娠糖尿不耐性等，都做了很科学的解释，为广大孕妇释疑扫盲，不用盲目去做一些不必要的检查。在生活方面，什么时候该买什么衣服，如何挑选内衣等信息非常实用。更加好的是，在孕妇的心理变化上，也非常有指导意义，比如如何向公司告知怀孕信息、如何平衡怀孕与工作。早看到这本书就好了！！！
1	还是柳州性价比最好的酒店之一,酒店规模与客房品质都很说得过去,地理位置也好的.基本接近四星水准了. 宾馆反馈 2008年7月31日 ： 非常感谢您对我酒店的支持和厚爱，柳州宾馆致力打造柳州性价比最高的酒店。 我宾馆按五星级标准装修的24-26楼高层观景客房即将竣工，期待您的光临！！
0	与现实脱节，白领YY的产物，读起来像是一本流水帐，真不知道这本书是怎么火起来的。
0	内容很一般，对学习英文单词没什么用。而且感觉作者满篇胡写，一点内涵都没有！里面的插图，也是瞎画一气！真是后悔买了这本书！（题外话：不知为什么，看这本书的过程中，总感觉这本书的作者以写书的名义在耍流氓，里面有的内容不好！不适合学生看！）仅代表个人观点...
1	自打买回来以后，六岁的儿子就天天抱着看。书中可爱的动物造型，别致的小贴纸，符合圣经原则的教导，都让他感觉很亲切，很信赖。教会的主日学也可以购买。即使是不信基督教的朋友，让孩子看看这样的书，可以帮助培养孩子养成良好的品德。这本书是西方人写的，由此也可见西方人的价值观——以《圣经》为依据。西方文化的源头，到现在还一代一代的传承，其中说明了什么问题，值得中国家长深思。
0	看了1/3的内容了，感觉都是摘抄别书内容，没有什么自身美容经验之谈，凑字赚钱的嫌疑较大。
1	看完之后还觉得心里在战栗，最大的悲剧，哦，不对，已经不是悲剧了，叫惨绝人寰完全不为过，我看得头皮发麻，思想惊悚片不过如此，我在庆幸我们现在过的不是那种生活，不然，宁毋死可是，你要死，老大哥也要让你爱上他觉得一切都是自己的错的时候，才准你死这样的生活，这样的极权，太可怕了，不敢想象奥威尔是个天才，绝对的天才，我甚至错觉，他根本就是个先知
1	<<木>>的故事在女儿一岁半的时候，就开始讲给她听了。今天问女儿是否喜欢这本书及原因时，女儿说这本书里的故事比小时候听过的具体，她喜欢描写具体的。工作一天到家，坐在软软的椅子里，也翻开女儿的这本书，不看文字内容，光看这印着淡淡颜色的书页，就有舒畅的感觉。女儿做完作业说休息一会儿，她的休息就是看这本书。有想法，如果每本书都做成这样，多好。可又想，那成本太高了。大师的画，精美绝伦。
1	1. 酒店设施比较旧 2. 早餐还是秉持较高的水平 3. 临近医院 4. 如果有条件可以入住同一个集团下的就在旁边的洲际酒店
1	因为对心理方面的书籍一直比较感兴趣，有朋友推荐我看这本书，于是我就买了，觉得很不错，里面的内容很实际，让我找到自己的人生中不好的模式，并在慢慢改正中，第一次看一口气就看到了底，但是这样云里雾里的，后来又慢慢看了一遍，终于悟懂了，而且现在还推荐我的很多朋友都看，并坚信只要你相信，只要你愿意去改变你自己，你很可能就可以改变命运！
0	只有两个USB口，硬盘号称有320G，其实只有280多G。联想大品牌，用了不到一月就出问题，而且我只是在晚上上上网，看看电影，我只会认识是京东出的货有问题，我会告诉我所有的朋友千万不要在网上买东西！！
0	摄像头似乎有点问题,音孔太紧,开机太慢,刚买蓝屏一次,太巨型,光驱太劣质,接口没全开
1	品牌好价格也不错，除上盖外做工很好，材料也不错。散热好，无线信号不错。装OEM 联想的XP免激活，把虚拟内存关了速度比较满意。带键盘防水导流孔
0	1.机身有点厚。 2.空格键有异响。有点金属摩擦的声音 3.屏幕的边框太宽，呵呵，看起来像15寸的 4.京东的图片骗人的：机器上没有HDMI 、IEEE1394、dvi等，在图片上是有，机器上没
1	显卡，CPU对于主流游戏来说已经够用了；电脑整体做工也还算优良，散热挺好的。
0	看了这本书给我的感觉是很不仅好看还很有用处,本人就是一家外企的行政,但是刚毕业一年多还算菜鸟阶级,书中的狠多知识都能弥补我的欠缺,我把涉及到实际理论方面的那几段都做了标记,特别值得我借鉴和研究.相看恨晚啊!!!
1	这个酒店值得推荐,地理位置真是好,中式庭院也很美.就是服务有待改进,住了两天没看到什么笑脸;因为手机充电器是英式插头无法充电,向前台借接线板,回答是没有,第一次在四星酒店听到这样的回答...总体来说硬件是不错的,设施或许不是很新,但是环境优势突出.
0	第一次在当当买书，就遇到缺N页的情况，郁闷之极~~~~本想着换购，但手续实在麻烦，只能先退，以后再考虑重新订购了
0	看了《无极》，才发现我其实也可以做导演；看了《女心理师》，才发现其实我也可以做作家。如果用书中一个成语来形容这本书的话，我会毫不犹豫地选择“乏善可陈”这个词，对于《女心理师》的炒作，一浪高于一浪，其实这本书不值得看。首先，从文学的角度来看，这是一本相当烂的书，我在阅读过程中毫无阅读的快感，看了50、60页，我实在看不下去了，后来还是硬着头皮看下去的，以至于我都怀疑是不是毕淑敏找枪手写的。人物塑造毫无特色，应该说看得出毕淑敏还是想把人物的性格塑造出来的，塑造人物性格的起点就是人物的语言。但是，书中每个人的语言是何等的相似。柏万福应该是一个性格懦弱、不善言辞的人物，但是他的语言显示出他很幽默，有很灵活，这其实是个矛盾。几个故事实在没什么，只能说“乏善可陈”。从心理学的角度，这本书更不值得一看。心理学的技术、技巧毫无体现，贺顿的咨询过程就像一个居委会的大妈在做思想工作，而且还是一个自以为是、自作聪明的大妈！一本比较差的书，建议大家不用看了！
0	这酒店太旧了,大厅看上去还可以.房间的设施成旧不堪!卫生间的马桶真的都不走水的.早餐太一般了.要去入住的朋友要有思想准备,期望值不要太高.400多一晚说实话不太值!!
0	自带的系统改XP超级麻烦，害得我去电脑城找人装了系统花了俺50大洋啊，驱动也很难搞，能完善这个就好了
0	启动时灌区有声响，分区太少，系统要是Xp就好了，VISta处于换代的过度系统，不喜欢用
1	我住的是商务大床房,房间虽不是很大,但感觉蛮温馨的,有免费上网的电脑.就是中午退房时总台只一个服务员(可能去吃饭了),等了会时间.
1	以前在书店随手翻阅发现不一样的卡梅拉很抢眼，图很精美，故事也很浪漫，价格也实惠，唯一遗憾的是不成套还差两本。上网查才发现卡梅拉竟是这么热门。朗朗是什么常常让我遐想，即使看过了，我还是会想法国文学的浪漫唯美主一。虽说我家说要抵制法国货，可书应该可以豁免，这一套是属于小口袋文学之类吧，很不错。真希望多出版一些像这类既精美又实惠的图画书，动辄二十想说亲近阅读不容易。
0	房间旧了点，有一次让我感觉有点失望，另外不含早餐，在二楼单点比较贵
1	你将这个字永远的留住思维里用到时随机而来,往往因为我们的日常生活影响了我们的思维能力将原本的最理性的东西扔了,使自己走弯路茫然行进所以说最可怜的是是自己不知道自己很可怜.也就俗话说的站在水中不怕雨.这些看来简单的道理真正做到懂它还是不容易的,因为文化背景和性格的形成是很重要的因素.当你受伤了就会回到原点也就是这本书要你开始就要去认知的,从现在起你会有机会重生的.
0	非常差！！！也不知道携程怎么推荐的！！烂！！发霉的味道！！房间也很破！！！1
0	对毕淑敏的作品，我还是比较期待的。但是这本书看下来，我的感觉是有些许失望。言语堆砌出模糊的情节，作者一直在字里行间强调她过往的从医经历，但是明显不够专业。这部作品，专业人士看了会贻笑大方，业余人看了又不觉吸引。两头不到岸。其实读者对于作者的经历是不感兴趣的。就象亦舒的文字，任何一部作品，那都是经典中的经典。
0	7.24的订单怎么搞的8.1还收不到，你们的信誉还要不要？！好郁闷.............
1	便宜，漂亮，实用。三者平衡的一个本子，不是那么精致，奢华。但很适用于平时用用
1	酒店背山面湖，地理位置优越，经营面积在当地算大，闹中有静，天然优势比较明显，看得出以往曾经有过一段辉煌的历史，但不知什么原因现在反而不舍得投入去做日常的维护和保养，各项设施比较破败，服务人员也少，服务质素一般，房费偏高，但就其地理位置的优越性而言，好象可替代的酒店不多，鉴于其地段和自然环境的优越性，所以下次去还是会选择入住。
0	我订的是普通标准间B,感觉非常的糟糕. 尤其是淋浴房没设计好,洗完澡之后水流的一地都是,第二天都没干,严重影响心情,本来计划住二天,无奈第二天早上退房了.
0	USB接口太少，靠得近，而且还在左边.刚出库就有返现100元，赠包！！！ 的活动，又不能保价，大大的不爽！！！ ，预制的LINUX很麻烦，还不如裸机再节省点价格。
0	键盘不是很好 上下左右键有点歪 还有就是VISTA 需要适应很累 要好好研究
0	这本书的版本一般，不敢贸然说是盗版的，但是....貌似.....不过，看看罢了，这书，也没什么收藏的
0	本书有删减，也就是出版社的编辑自律加觉悟高，或者说是被“和谐”了。买这本书建议大家三思。而我还是去香港买原版的吧。
1	地理位置相当好，离海港城走路只需五分钟，酒店房间灯光明亮，液晶电视够大，感觉很舒服。惟独酒店大堂小了点。下次我还是选择这酒店。
0	只有一个内存插槽，而上面的配置表里写的有两个，这是我最不满意的地方。我把机子拆开看了，就一个插槽。客服人员确认一下。我准备换条内存，机子一买回来就浪费一条内存。
1	我是一名教师,深知兴趣对孩子的重要性.女儿从小特别爱读书.惟独百科类的书籍不太看得进去.我原来买了百科全书和十万个为什么,但是都是只有我读给她听她才能学其中的知识.自己 不太主动去阅读这方面的书籍,相反很爱看故事类的书籍.自从买了这套神奇校车后,她有了非常大的阅读兴趣.以故事 形式出现的科学知识书籍我第一次遇到,真是感谢当当网@!我们本地书店根本没有这么优秀的读物!太棒了@
1	位置很好，市中心，房间可以见到半岛、江面，餐饮（旋转餐厅）非常好。 宾馆反馈 2008年8月7日 ： 非常感谢您对我酒店的支持和厚爱，柳州宾馆致力打造柳州性价比最高的酒店。 我宾馆按五星级标准装修的24-26楼高层观景客房即将竣工，期待您的光临！！
1	白色的，很干净，很漂亮，携带方便，速度也不错，用了一周挺满意的，电池能用7小时左右
1	房间面积很大，服务尚可，总的来说还满意。
1	刚买的时候儿子不太喜欢看,因为在那以前都是给他读比较短的,内容比较简单的书,可能是太长的原因他不太喜欢。但现在非常爱看，几乎每天都要读上几遍。《汤姆走丢了》、《汤姆挨罚》、《汤姆上幼儿园》、《汤姆的小妹妹》他都爱看，本来以为《汤姆去海滩》那本会不太喜欢，因为他还没去过海边，怕他不明白，没想到他也喜欢。第次看完都嚷着要去看大海。这套确实不错，很值得推荐。说明一下，儿子现在27个月。
0	发货奇慢无比，我3。1下的订单，4号发货，现在过了有40天了，还没收到书，下次不在这里卖书了。上回买的《炒股就那么几招》也是过了很久才收到书。
0	我是在晚上12点到达兰州市火车站,下火车后问了３个路人也不知道有该酒店,最后我们选择打车去,因离火车站比较远打车要１１元,建议如果是到兰州作为中转站的朋友最好选择其他酒店. 可能因为是晚上加上该酒店的大堂比较偏僻的原因,就算车子停在酒店的门口我们也花了５分钟才找到大门的入口．登记的时候服务小姐竟然问了一句＂我们这里有早餐的请问你需不需要＂我问她房间不是含早餐的吗，她的回答说是，我当时心里面就感到特奇怪她为什么要问我要不要早餐呢？ 在１２点３０分我们进到了房间，当时发现天气很冷而且找遍整个房间也只有两张被子，因此给前台打了个电话说多要一张被子，可能因为太晚了当时前台的小姐开始说没有，我说太冷了麻烦她帮忙问一下，她说可以帮我问一下但是没有的话她也无能为力，我当时的感觉是这间酒店的服务也太勉强了．结果到最后她的回复当然也是没有了，我也不想跟她再多说什么，到了第二天一早８点多就到了２楼吃了我生平看过最没有东西吃的早餐就快快退房了． 我们本次旅游前后１２天都是通过携程订的房间，入住的地方有宁夏－甘肃－青海，总的来说我对这一间酒店各方面的感觉最差．完全感受不到服务而且还要受气． 补充点评 2007年10月9日 ： 我认为３３０元的价格订位是完全不合理的．
1	1.配置合理；2.外观不错，稳定性好，接口全，做工还好，相比硬件配置及稳定性，外观及做工是其次的；3.散热效果好。
1	从市内打车要15元，偏远了一点，不过到了以后才发现环境不错，比较满意
0	已经是第三次入住该酒店了，虽然换了一些新床和桌椅，但还是越来越久了．无论是服务还是其他，也就只有一星而已．只是在南戴河的话没办法了．
0	很后悔买这本书，觉得并非作者自己的观点体会，而是东拼西凑来的。想吐的感觉。（心情指数为什么没“气愤”可选？）
1	买这本书的起源是听其他妈妈的推荐，说她的女儿在家中所有的书中就喜欢这套书，由于我儿子的年龄和她女儿相仿，但从书名来看此书比较适合女孩子，儿子现在6岁了还会喜欢吗？报着此种顾虑我还是尝试着购买了此书，没想到儿子非常喜欢，现在已经开始给他讲第二遍了。期间通过谈话是我了解到，他之所以喜欢此书，是因为书中的故事和他平时的经历一样，书中的话就是他所想、所要表达思想。于是，我又购买了第二辑。
0	个人不是很喜欢这书，主角的故事太假……一个农村出来的一贫如洗的女孩子，最多一个小学文化，在一个贵族老太的指点了一两年，再读个心理学课程就能当心理师了？太玄乎……不真实
0	右边快捷键的驱动要到官网上下载；Linux系统不会用；悬浮式键盘虽然好看，但也容易积灰。acer backup manager这个软件没有Vista根本就没有用也看不到，相应的这个快捷键也是摆设。
0	Mac OS 还不是很会。买来时没有帮忙装上一些常用软件，未提供系统选择（可以帮忙装上双系统）
1	第一次和宝宝一起读这本书，是我在她13个月去银行排队的时候带上的，小小的，又轻便，虽然不能让宝宝问我，可是我可以给他像讲画一样讲故事，将图片，讲小嘟嘟在干什么。她可爱听了，而且可以不停的翻来覆去。纸的质量比较厚实，经得住翻阅。有的妈妈说画面比较小，不过我觉得女儿看起来感觉还好，因为小脚落得花他都会注意到。男孩子的妈妈可能要费心思了。
0	Vista太慢 装xp系统参考http://nbbbs.zol.com.cn/36/32108_358696.html 4芯电池有点小 没有HDMI接口 没有读卡器 有一个亮点（幸好在屏幕的边缘）
0	这书不是很喜欢，我女儿5岁了，这书我认为不适合中国的儿童，其中有一本，完全就是学英语的单词书，如果要教孩子必须要求家长有标准的发音，这对外国孩子来说也就是一本2岁以内的识物书，没意义，如果要学英语，同类的专业教材要好的多，而且有很多情节和中国国情不同，孩子不好理解。
0	材质一般，模具一般，算不上精致，也不算粗糙，一般般啦。sis芯片，和1g内存都有点耿耿于怀。声卡和调制解调器如果是装XP一代要先打kb888111的补丁，否则怎么也驱动不起来。
1	外观漂亮，做工优秀，键盘手感很好，功能齐全，配置满足一般娱乐办公，led屏幕，ddr3，都是比较主流的配置，指纹 麦克，摄像头，读卡器，蓝牙，功能丰富，最主要的就是这个品牌这个价格，绝对性价比冠军！强烈推荐购买！
0	超俗的一本书，感觉就像是买菜的、摆地摊的大妈们的思想。难道韩国女人就这样？
0	中午1点入住，到达房间门口却发现两张房卡均无法打开门锁，叫来楼层服务员打开后承诺马上把好的房卡送上来，直至下午6点也未见有人送卡，只得下楼自取。出去就餐后回来，被告知电梯漏水停用，现场一片混乱，无人能确定如何回房。冒险乘坐唯一一部回到房间，却发现床头灯自动忽亮忽灭，水箱没水，房门没锁，叫来服务员后经检查被告知需要换房，此时已近夜11点，调换到新房间后只想尽早洗澡睡觉，不想浴室内却无洗头液沐浴液，牙刷盒内并无牙刷等物品，只有空盒。实在沮丧，该酒店无论硬件软件均无法达到5星标准，充其量就是3星。下次绝不再住！！！！
0	以为曾经是排行榜第一的书一定不错,结果,拿到书后,非常失望,印刷一般,纸张也一般,内容......提起内容,只能是消遣一下的书,有些理论是十分错误的.这本书迎合了大众的心里.但是,作者这种不负责任的态度,让人太失望了!不建议大家买这本书!!非常失望!白花20来块钱!
1	发热量较小，散热挺好，LED屏节能，有中国节能认证，电池正常可以使用3小时以上
0	任何商品都是没有完美的，凑合吧，现在都这个德行。 关键是服务要跟的上，取笔记本商家用脚踢，拽拉。 我买过他们售后等服务态度不好，也包括什么客服，就那么德行。
0	房间配置很差，真可惜太仓没有如家和锦江之星，下次不会再入住这家酒店
0	给我感觉跳的不大好，我不喜欢她写的这本书，内容少，有许多一样的思想在书不同的地方出现很多次，但表达的意思几乎相同。有点骗人的感觉。
0	电池续航能力标称4小时，实际大概2.5至3小时。机器有时反应迟钝，同时进行多个任务时更明显。机器身上的VISTA标志为灰色VISTA Basic， 而不是白色VISTA标志，说明只能实现基本功能。
1	整体上感觉还不错，下次还会住这里，忘了是在几楼的火锅了，推荐一下
1	1.外观很沉稳，干练。acer 的本外观不错 2.屏幕很好 3.键盘人性化设计 4.接口丰富 5.京东送货快，客服很尽责，对我的投诉，咨询回复的都很快，不推卸责任 6.机器配置高，250G，SATA硬盘，2G内存，AMD双核
0	内存小，只能自己加了。键盘手感也没有传说中IBM那么神，可能是用Dell的习惯了吧，不过我同事用X61的试了试我的键盘，也说不一样了。总体还是比较舒适习惯就好了。如果玩3D还是独显的吧，集成毕竟不行。
0	小说中的人物硬要说是真实的,起码是源于生活高于生活的编写.不让别人去求证就是作者心虚,很虚伪煽情又要说成是真实的一部作品.
0	小的细节有待提高，当然不能和sony 富士通 ibm比 要是屏幕是16：10的1280x800就更好了
0	CPU确实较慢，开机需要较长时间，建议将启动项尽量减少，续航能力较差，电池只能维持2小时30分左右。
0	潮州迎宾馆确实装修了，不过里面还是那样，隔音效果差，旁边有人开门洗澡听得一清二楚，半夜尽然有老鼠在空调出风口捣乱，另外，房间送餐服务及其差劲，不按餐牌送餐和划价，建议出去吃
1	这本书没白买，在小面积居室内怎样增加收纳的空间有很多创意，大到家具的布置，小到柜子里的收纳，很实用兼顾美观。基本上都是讲100平方以下的居室的收纳。适合普通家庭。以前总觉得家太小，东西没地方放。看完后，居然清出一小柜子，给我女儿挂衣服。下一步，打算清理书柜，腾出地方，放新书，再下一步，就打算增加几个篮筐，解决我堆放旧报纸和女儿玩具的问题。
1	这家酒店性价比还是很高的，入住的是行政楼层单人间，给客户订的是行政楼层双人间，酒店内硬件设施很好，免费宽带上网，早餐丰盛，而且酒店更准备了免费的行政楼层下午茶和晚间鸡尾酒，虽然由于时间紧没有享用到，但给人感觉非常好。员工也很热情，服务也好。 酒店距离地铁也很近，而且和一家商场紧邻，购物也很方便。 唯一的缺点是我办理入住手续时，大堂办理速度比较慢，我排了将近30分钟队后被告知是行政楼层房间可以到行政楼层接待处直接办理入住手续。哎，如果能够在酒店里有直接说明就不用排这么久了。很辛苦啊~ 综合评价，我还是比较满意，尤其能令客户满意我也很有面子。
1	地理位置实在是好。我住的是单人大床房，进屋一看竟然跟套房一样，不过一个小屋有桌子和电视，另一个小屋只能放下一张床和电视，实在小得可怜。因为工作所以没有在酒店吃早餐，但是对面的郝刚刚羊杂割的确让人印象深刻，唯一的遗憾就是只有中午开门，晚上不营业……我想在酒店的商务中心买飞机票，竟然被告知不能刷卡，只能现金结帐，因此没买成，不爽！
0	房间设施与4星的标准差了很远的一个酒店 个人认为房间的设施至多达到1颗星就足以匹配的一个酒店 由于住的的是1层的原因吧 房间里白天几乎都必须开灯 而且弥漫了一股潮湿发霉的气味 房屋隔音很差 一早就被走道过往的客人嘲杂的声音吵得不能好好睡个懒觉
0	不能说书不好吧。不过感觉实在是和我的观念相差甚远。通篇读下来，除了对理财稍微有点建设性之外，其余的无一不是找个好的婚姻。或者是要以自我为中心，不能吃亏。也许现在的社会确实是要如书上所写才能过的所谓的幸福吧。。。
1	THINKPAD的品质还是非常不错的，屏幕是完美屏，自带的VISTA系统感觉还行吧，把送的内存加上以后跑起来也可以。机子散热不错。送的包包也还可以。鼠标缺失是原厂的，就是太小了点。机子是钢琴烤漆的，容易留下指纹，但无伤大雅，漂亮嘛！
1	宽带上网速度挺快，酒店一楼的烧烤不错。酒店整体性价比可以，去酒吧一条街打车10元
1	以前一直购买dell的机器，D630的停产，让我这次选了ThinkPad SL400 2743-PPC，不觉意外惊喜，性能不错，性价比也很不错，值得购买。
0	1.产品太新,XP下声卡驱动欠奉,甚至官网上还未出现这个型号,让LP紧张了半天,此奶牛是SZ的? 2.XP的确烦,我忙了一整晚,用了手头所有版本的安装盘都不行.但是第二天用公司的深度,一装就OK了
1	硕的东西没得说,散热好，声音小。钢琴烤漆的外壳，透着水纹肌理，感觉不错。 配置比较均匀、性价比相当的高，配置很均衡，尤其是3470的显卡，有很大的吸引力。基本上，不需要太大的升级。个人认为，2G的内存足够了。并且这款是独立显卡，所以不会占用系统内存来做显存。
1	这本书已经买了有段时间了，可能因为年纪大了，看了一部分真是很吃力，觉得要把这本书看完要死掉很多细胞。今天终于鼓起勇气看完了，一贯后妈风格，被虐得无话可说。童雪的遭遇确实很惨，但觉得她是幸运的，有这么多人爱，虽然禽兽的爱人方式我不敢恭维，但是他却是这么努力地爱着童雪。禽兽的有些所作所为真的很讨厌，比雷二过之而无不及，但他给了我一种说不出来的无力感，看着就觉得心痛。
1	作为上网本，屏的分辨率还是越大越好，HP的只是1024x576,虽然Gateway 也只有600,但大这点也是好的。实际用了就只知道。
1	很好的酒店,床很大!卫生间的设计很好.很有艺术性! 感谢入住两天那位男服务员对我的帮助 谢谢!!
0	自带的红旗系统超级垃圾，让人无从下手，最后改装XP，GHOST版还不行，必须用安装版，郁闷
0	听说于丹很火，就买了这本书来看看。以前读过《论语》，拿到手一看，很失望，没什么新意。《论语》好比是粮食，这本书就是熬给小朋友喝的粥。你如果只想了解一下皮毛的话，看看这本书还可以。要真正懂得论语的精神，还是看看原文吧。这本书也就是快餐而已。
1	1999抢购的，很超值，做工比较细致，塑料感不是很强，感觉比联想的s10强。
1	房间很大,老公每次去都定那里,在郑州算是不错的酒店.
1	地点很方便，房间很舒服，服务也很好，就是价格不便宜啊！
0	预装dos，要自己改XP，随机不带驱动光盘（只有VISTA驱动光盘），不人性化
1	很漂亮，+1元加了个内存，改了XP，到目前为止用的还是很上手的，速度也蛮快的
1	接口丰富，外观漂亮，性价比高（我在天津，自提比在商场买便宜），京东服务好。
0	我们四人到太原办事,2007-5-14入住时,两位男同事给了一间大床房,折腾半天才搞清楚.17日同事退房时,前台说房间少了一条睡裤,我真无法想象.我相信我的同事她连睡衣放在什么位置都不知道.嗨,争论半天饭店态度及差,我真的很是失望.请要入住该酒店的朋友们入住时一定要清点你房间的消费物品.
1	1999元抢了一台给朋友，听朋友说机子还算可以，就是装XP系统有点麻烦
1	同意前面的弟兄们，周围都在拆迁，环境交通很差，地铁很方便，但是房间很好。不知道酒店会不会也被拆迁？有点好奇 补充点评 2008年6月26日 ： check out的时候很郁闷，我都等半天了，总台小姐竟然先办人家插队的人，鄙视，懒得去争了
1	1.地理位置不错 2.早餐中等偏上 3.网速一般 在长春还算物有所值
1	多年入住此酒店，主要是服务和地理位置好。 但房间和设施太陈旧了，应该要重装修才行，否则性价比不高
0	真算不上四星级酒店！不过在什邡没有什么象样的酒店了，没得选择！郁闷！
1	房间很好，位置离地铁站很近。服务也很好。价钱公道。 大厅经理，副理 都很好。
0	似乎有些需要自己装驱动，只能网上下载了，没有光驱随带的盘也不方便用啊
0	我住的是大床间，房子不算干净，卫生间比较简陋，早餐品种太少，饭店上菜太慢，卫生也是问题，不停有苍蝇转来转去。下次不会再住了。
0	每个小鸡的动作和神态都不一样，很可爱，喜欢画画的儿子非常喜欢书的插图。文字很幽默，我们一家三口同看，笑得合不拢嘴
0	买回来才发现，原来好多年前购买的张爱玲的书里已经收录下了这些短篇，所以有上当的感觉。
0	键盘手感不太好。 就一个内存插槽。升级到2G内存就会多余一条1G的出来。
0	刚从那儿回来。的确离大相国寺很近，离鼓楼夜市更近。但酒店住宿环境极差，标准B间在四楼，没有电梯，拎着箱子爬层高很高的四楼可不是一件轻松的事。房间里极其浓郁的异味，通风条件极差，又不敢开窗，因为对面居民区养了几条喜欢狂吠的大狗。总之下次去开封不会选择了。 补充点评 2008年5月2日 ： 还有热水开了很久也不热，浪费啊！不过，前台接待是热情的，笑脸相迎。
0	本次住进长春国际大厦酒店，对这家位居商业大街而与周围市场经济极不相称的管理太有感受了： 1.那天晚上约10点，我们一进酒店大门， 霉味扑鼻，顿时意识到这家酒店人气不旺。前台仅有的一位服务员在打电话，滔滔不绝。我们等了数分锺，已经开始不耐烦地叩柜台面，暗示她我们在等她办入住手续，可是她压根就没有意识到我们的存在，眼度不抬。还是后来进来一位服务员，才给办了登记手续。 2.好不容易上楼开门，IC-Key开不了门， 叫服务员没有人，只能下楼换了一把，还是开不了，叫了服务员来了，才打开了门。丢下行李准备出门吃饭，门却锁不上。倒霉的事情怎么都到我们这里呢？！ 只能下楼叫服务员，捣鼓了半天确认是门锁有问题， 才同意给换房间。 3. 卫生间简陋不提。一洗澡，水是满地流溢。凭良心，洗澡水是挺猛的。 4.第2天早上办理离店手续，服务员说请等片刻，电脑死机，说是中毒了。天啦，要等到何时？ 说没有办法。因赶路，再三要求下才手工办了退房手续。 这叫什么酒店？ 这是什么服务？ 连招待所都不如 !!!! 换3星级！？ 不难想象为什么霉味。 真是倒霉！
1	送给老婆，外观很漂亮，配置也均衡，该有的都有了，对得起这个价位了
0	没有蓝牙，还有就是包装箱上写的很清楚是2个USB口，客服为什么总是回答说是3个USB口呢？再不改过来有点欺诈的嫌疑了
0	酒店离江门市中心很远，光打的士就要25元！ 酒店内的莱茵西餐厅服务非常差：喝的水有异味，点的三个菜有两个声称没有食材（鲜虾带子拼盘：女侍应说带子不新鲜不敢上；‘番茄炒牛肉’：女侍应说此牛肉没有，但生炒牛肉饭，牛扒却有），非要顾客改点其他较贵的菜式。什么此牛肉非彼牛肉，明摆着就是说谎！而且女侍应的态度绝对不敢恭维，取消时动作比我们还快，还要我们看脸色！ 客房：其中一张被子正面有破洞，翻过来还有破洞，并伴有污点！热水壶已坏，不能正常水沸断电。浴室一开始没有热水，工人整修一段时间后终于供应上， 但水竟是锈黄色的，让我们放水好长时间才敢洗澡！又是一件让人心寒的事！晚上睡觉还有蚊子骚扰! 为什么2005年开业的四星级酒店会有如此现象？？本来我们是要去休息一下的，没想到积了一肚子气！
1	价格比市场上要便宜300左右,外观大气,颜色大气,比较商务,我喜欢. 关于大家说的驱动问题,可以在惠普官方网站上找到,我1个小时就搞定换成XP系统了:
1	东西很超值，买了几件东西，用了一个2000-100的东券，节省了100元，哈哈。感谢这位会员提供的京东券：http://club.360buy.com/person/grbkrufw-1-1.html
0	都半个月了还没有收到,同一单中的另一样东西都在国庆前收到了.可这本书还没有到?
0	我11月21日订的书，连同这本一共定了9本书，到今天为止11天了还没收到货！中途打电话到客服去问，令人恶心得客服卷着舌头以为很好听的“京腔”：“那我也没办法”，都没说跟我查一下，这服务，你早晚要亡！当当：你的客户会越来越少！你等着瞧吧！你接着忽悠吧你！
1	收到这本书后，又一鼓作气的看了一遍，现在放在床头，时不时还会在翻阅几页，里面的每个小情节都会给自己带来好心情。。。
0	买了一月降了300.。。。。不甘心。。。听说内存槽只有一个。。升级会很浪费的
1	这是非常好的一本传记作品，值得一读。不仅对周作人有了较为详实而客观的了解，还能从另外一个角度对鲁迅先生有了更多解读。周作人后期的一段不光彩经历固然不容抹去，但是钱老并不因主流的定性而对周作人的一生稍加歪曲。无论我们对于一个人的评价可以有怎样的不同，但是尽最大可能还原历史的真实，以使每个人都有了解真相，并作出自已判断的机会，这是我认为这本书最让我认同的地方。
0	写的一般吧，并不像推荐的那样好，如果实在书店可以先翻看一些的话，我想是不会去买的。
0	屏幕有点窄,不过好像上网的小本都是这种屏幕.可能是新产品的问题,只有一种黑颜色的,如果有其他颜色会更好.
0	显卡跑游戏还是差了点，1g内存运行VISTA还是差了点,屏幕视角还是差了点
0	觉得很一般，给小外甥买的，4岁半了，放假在家我几乎没见他翻过。我看看了他其它的书，显然这书对他来说太幼稚了。图多，字少，好像没有拼音，记不太清了。
0	看了五颗星才买的，结果很失望，书中有一些语言不适合小孩子，象什么“滚开”之类，小孩子很容易模仿，建议大家看好再决定，我个人意见不好。
1	入住此酒店：软件及硬件比较好，价格合理。但停车的车库不能直接进入酒店，要出车库从正门进入，不是很方便。不过下次来太原，她是首选。
1	下午刚刚收到，晚上安装了vista 32 驱动自带在E盘，因为重新分区安装系统，到网站去下载了，所有东西都能正常用，速度很快，很漂亮，
1	因为离同学家近，这次就住了海逸。 交通比较便利 出门5分钟就能到码头，可以坐轮渡到湾仔，价格非常便宜；到了湾仔就可以东取铜锣湾，西扫中环，金钟了。 离黄埔花园的巴士总站也就五分钟的路程，可以坐8A到尖沙嘴海港城。 去机场也很方便，机场快线的九龙站有免费巴士，从早上6点半开始每10分钟一班。 不过因为没有地铁直达所以晚上不能玩太晚，8A的末班车是23点。 酒店的服务很好 香港的酒店服务一直都不错，这次在酒店里游泳的时候身上划了小口子，没啥大碍，不过酒店还是很重视，第二天还专门问候。 酒店环境总体不错，不过对客房有些问题 酒店临海，下楼就可以到海边散步，还是比较舒服。而且坐落在黄埔花园里面，边上是海天阁豪宅（据说林青霞到香港的驻地），和凤凰卫视的总部。生活设施比较 完善，还不像市区那样喧闹。 客房就一般了，这次为了压缩成本，住的是园景房，推窗一望，果然园景的厉害，窗外除了对过的楼就没别的可看。而且卫生间的格局有点问题，对我来说特别别扭。 房间里有些地方落灰的厉害，刚入住那天居然还发现一个枕头上有鞋印!@$%# 另外，估计这家酒店对本地人来说算是中档的消费，每天是食客盈门，而且结婚的特别多，大堂里一直都很热闹。周一还碰上了个韩国的什么团队客，棒子比内地的旅客还喳喳，有点吃不消。
0	风扇声音大.3g网速太一般了.100元2G的流量,不知道移动是怎么想了.打开一个网页就得几M了,能打开几个网页,太贵了.速度太普通了.
1	好象新装修过了，各方面都很好。可是原来一次性的刮胡子刀没有了，希望能继续提供。
0	驱动的确麻烦，至今摄像头没弄好，打开出错！体积有些过于庞大，不够精致
1	晕，介绍上明明是“平装”，收到的是砖头一样的精装，无法随时随地“享用”了！谁会带着这样一本书上公车，即使躺在床上拿着看也不长久--每隔几分钟被迫换手，最后不是因为看得太累尽兴收山，而是因为手指抽筋了不得不暂时“罢工”。这样的精装书少了一份亲切、一份随和，反刍的欲望和几率呈几何速率递减。哎，生命中无法承受的精装之痛！
1	西双版纳是个美丽的度假胜地，酒店就价格而言也物有所值，提供的早餐种类繁多且服务态度良好。我想借贵宝地提出一个建议，西双版纳的山林草木众多，植被繁茂，有少数民族居于山野，却不知火势猛于虎，常见他们将烟头之类随便丢弃于山林，更有甚者，我们在傣皇宫的猴山上看到当地的民俗表演中有一项是过节放高升，现在正是旱季，森林防火更是重中之重，若因疏于防范而酿成大祸，会给国家人民带来莫大的损失，望当地政府引以为鉴！
1	我带家人住过一次，印象非常好，是度假好地方，晚餐星期一到五买三送一，很划算。我八月又准备去住了。
0	第一，一插入无线上网卡（usb接口）就自动关机；第二，待机时间没有宣称的那么长久；第三，比较容易沾手印。
0	这套书是我买的最失败的一套,自已拿到书就觉得里面确实有点乱,色彩也不是很鲜艳的那种,可能外国文化和中国文化还是有很大差异吧!反正孩子就是根本都不愿意翻!不知道其它的宝宝对这本书的反映如何??
1	昨天已收到本本,就把一个电脑高手朋友叫来...他下了一个测试软件对THINKPAD的温度、屏幕亮点等等一一测试后得出的结论是――性价比高，是个不错的本本。嘿嘿。。。心中窃喜~―~
1	网上讲的房间是24平米，实际没有那么大。另外房的空调也不是很凉快!
0	于丹的书就看过这一本，也是最后一本。内容浅显，导致废话连篇。本人不推荐大家。
0	换内存不是很方便，没有XP操作系统。 另外硬盘如果要改成SATA格式比较麻烦，估计现在有50%的人还不知要硬盘要打专业驱动。另外，奶奶的，串口到哪去了，DELL工作人员，告诉我是有的，到底在哪
1	房间太旧了， 服务一般， 倒是桑拿那里超级大 有如对外经营的一样。 地段还可以， 其它就没有感觉了。
0	送的单肩包不好用，说明书不详细，出厂默认的红旗系统没有完全安装好，要进入自带的BOIS设置安装碟为光驱安装，挑碟，该笔记本只适合DIY及对电脑有中上知识的人群。
1	认识叶永烈,还是小时候看<<十万个为什么>>,记得好多文章的右下角都署名叶永烈,当时好崇拜他,感觉他为什么会知道的那么多.从那以后就总是似有似无的关注着这位很平易近人的作家!这次买了他的《叶永烈看世界》系列书,感觉写的真是很好.没有华丽的辞藻,没有语言的堆砌,一切都是那么一如既往的平实、贴近生活，平实的语言和笔法，让人在不知不觉中领略到真正、真实的异国风情！值得推荐！
0	太热了，出风口好热。装XP不能装原版，只能装集成sata驱动的Ghost版
0	作为商务经济连锁型酒店，总体还是过得去的，在这样繁华的区域，这个价钱也是过得去的。但是其他酒店在同样的价钱，提供更好的服务和设施，这就相形见拙了。总体让我觉得设施管理水平不高，这也导致整洁度不尽人意。房间本身设计就给人的感觉不清爽干净。浴室的设施也给人不卫生的感觉。是平庸的酒店。来到这样响的品牌的酒店，感觉失望。 在同类型的酒店中，我按照水准的高低进行了这样的排序：锦江之星》宜家》...》莫泰。在宜家和莫泰之间还有省略号，就是说这里面可以有若干我不知道的，久悦不上台面。我只考虑锦江和宜家，这2品牌做到了品牌保证的效果。 补充点评 2007年8月7日 ： 空调漏水！严重！跟自来水似的。好在是早上了，我立即把空调关了，然后用kettle接水，装了半壶水。
1	性价比不用说了，4455买的，配置也比较正常些，工作娱乐看电影玩些弱3D游戏都OK。键盘是个亮点，击键幅度小，没什么声音，打字手感不错。不过那键盘容易进灰，所以建议宏友们都去买个键盘膜，现在已经有4736G专用的。
1	买电脑加元还送条1G的内存，不错，挺便宜的 带摄像头和蓝牙，非常实用
1	性价比高，速度快。屏幕比较大 玩游戏比较爽。键盘很有特点，像台式机，特别的牛。喜欢，同学们都羡慕呢。
0	自称4星， 实际上顶多2星。 贵宾楼比较好， 房内还挺干净。
0	夜景不错，房间不错，早餐很不错，离海边和商业区有点距离，服务满意度也有些距离。
1	商务笔记本，全黑镁铝合金外壳给人很大气的感觉，无论商用、办公、家用都可以。 配置方面也除了显卡是集成的外，其它的配置都很主流，当然这款集成的显卡也是很强的，玩魔兽这类游戏也是游忍有余。
1	市场有太多的关于股市的书，大部分是可以扔掉的，但这一本是可以放在书架上将来教育子女的，你拿起这本书对孩子说我来告诉你中国股市曾经走过的岁月，那段惊涛骇浪的历史，书里的很多资本运作的案例现在受到监管的原因，很多的运作已经不能实现，但有一部分是市场上还在运作的，特别是市场上的很多“水下”的、幕后的人真的当年就是如此起家的，受益啊，感谢老雾了，老雾的总裁韦小宝、黑金道都不错，强烈推荐
1	帮日本客人订的酒店,五星级这个价位算很便宜.至于环境和服务设施等应该很不错吧.
1	宾馆本身还是很不错的，餐厅的服务相当到位，就是宾馆位置不太好，周围不太好
1	整体都还不错！键盘真的很喜欢，我一直用苹果，这个键盘有些访mac本本的，做的手感用惯其他的本的人可能不习惯，但时间长了，你就喜欢上了，很简洁现代！屏幕真的不赖！
0	摄像头摄取的范围较小，仅有一个大头像，与华硕客服咨询结果：摄像头驱动问题，烦请哪位前辈有此驱动不吝分享。给个下载的链接就好，先谢了！
0	看到网上有如此好的评论才买下了这本书，哪里想到这本书根本就不值得一看，说实话就是作者自我吹捧得一本书，也不知以前的童鞋们是出于什么目的对这本书有如此好的评价，简直就是“托”。
0	这家酒店我非常的不满意，原因有三。第一：结帐时拒开发票，服务员说要开发票必须交四元钱，不然不开，我们严厉斥责他们公然逃税！！她们无话可说，可最终还是收了我们一元钱才给开的发票，因为赶火车，不然一定追究到底！！第二：酒店没有楼梯，必须自己走上去，非常累，而且酒店说是准三星，问他们那牌照呢？回答：还没发下来。第三：418房间的饮水器非常的脏，我们把水桶拆下来，洗了半天，里面都是灰！
0	这是一台指纹收集器；重量也差不多赶上Lenovo的X200了（不过看在续航时间的份上，还是能接受的）；多点触摸板有时候有点反应滞后。
1	选新兴主要就是看重他的地理位置，机场大巴到门口，到西站也很近，出门逛街有地铁，紧挨城乡贸易中心和翠微。由于没有普通标间了，定的豪华标间，也没有感觉出太大差别。虽然临街，但是双层玻璃，晚上睡觉还是很安静的。服务员态度都不错，临走的时候，以为朋友的火车票落在房间了，在退房后从西站打电话给客户中心询问，还是很热心的帮助寻找，虽然最后是虚惊一场，但这点很感谢服务员！总体感觉还不错，但是和其他宾馆相比，房间小了点，价钱稍贵，但其他的卫生、环境、服务还是不错的。
0	我不小心把上策点了2次，结果就买了两本上，办理退货麻烦，就买给同学了，哎！！！
0	操作系统问题，LINUX操作系统几乎都拿到手就会换的，但是对于一个新手来说，这是一个相当痛苦与漫长的过程
0	1.BIOS中AHCI功能默认是打开且无设置项,XP无法正常安装! 2.光盘中XP的驱动版本不全! 3.出风口温度较高,不过独显的本子大都这样.
1	位置一般，服务不错，价格偏高，周围环境比较吵，晚上不容易入睡。
1	书中对静电防护和接地有详细介绍，常用的测量工具也有较详细的说明，很专业。书中对电子行业最重要的工序之一“焊接”有详尽讲解，包括手工焊接、浸焊、波峰焊、再流焊、电子束焊，对焊接质量标准作了说明。SMT工艺也有介绍和说明。确实不错，这本书。虽然题目是?电子产品装配技能?，但对装配的所有工序都有详细的介绍，对在电子工厂的员工、技术人员不失为一本有用的知识系统参考。
0	网上介绍的比较好，但是实际却是另一番现象。交通非常不便，晚上除非包车，否则根本没法出行；另外酒店性质为居家酒店，服务态度、服务质量比较一般，周围环境也没有传说中的那么诗意化。如果想体验农村生活的话可以一住，否则可以考虑阳朔街上一带的住宿。
1	通过无意中在网上看到这本书，到购买到阅读．让我也分享了这个至大的秘密，发自内心的感到幸福和感恩．很感谢有机缘能够读到这本书，让我明白很多真相与道理．让我比从前更加清醒．更加有能量和信心．更意识到了读好书对我的人生是多么的重要（之前对读书方面并不明了，也未尝过这种读好书的滋味和意义），所以真心推荐大家精读细读反复研读这本书．命运定会因我们的改变而改变．我们一起加油．
0	一个特殊的年代，一段刻骨的爱恋，一种压抑的痛，山楂树下的爱不单只是爱……
0	我是四月初去的深圳。我订的是豪华套房，开始在网上开酒店新装修后的照片挺吸引的，但入住后才发现根本不是那样的。除了大塘有装修过的感觉外，楼层和房间都还是老样子，很旧，完全没有装修过。八百多的房费简直就是浪费，下次不会在住了。
0	1.做工中下层次，本本的垫脚只有四只，手指能在掌托下按下去！2.本本底部发热严重，帮别人购买，嫌折腾！3.京东说明是预装vista的，结果装的是xp！4.外包装的产品配置图标被刻除！
0	本人拿到这本书后，迫不及待地一口气看完，感觉还是蛮实用的。作者在文中提到的自制豆浆养颜，我觉得挺有道理的，上周就去店里买了一只豆浆机，每天喝上一大杯。还是几个痛经小秘方，本人已试用过了，效果还不错。呵呵，总之这本书不错。
0	我在当当买了三本医学书，这本是最差的，感觉作者是个江湖骗子，语言没有可读性，推荐的健康方法更是匪夷所思，本人不敢尝试。看看当当的销售排行榜买的，上当了，不是我要的书。
0	1.屏幕下方有一小区域反光，可能是漏光 2.没有光驱，没有办法刻录恢复盘，需要去找外置光驱
0	很烂的三星级，阴暗。睡个觉而已。马路对面的干锅还可以。 不推荐。
0	要不是飞机到达时间22点才不会选择此酒店,外面飞机的声音很大,隔音效果很差,房间也一般.晚上有骚扰电话,下次不会选择.
0	既然叫朗读手册，应该是一本可以朗读给孩子听的书吧！翻开才知道原来全书都是在围绕“大声为孩子读书吧”这8个字写得废话，只有最后几页读给孩子听的推荐书目列表还算有点用处。总结：这是一本毫无价值的标题党垃圾书
1	在当当买这本书还是物有所值。暮光之城系列中最后也是最厚的一本，让我等了好久，终于等到了。作者对人物内心世界的刻画还是那么精微，但是最后大决战的部分写的有点弱，她要是看过金庸就好了，决战靠着贝拉的超能力基本没怎么动手嘛，相信很多人和我一样，唯恐天下不乱，希望看到精彩的对决。感觉意犹未尽，还有线索人物没有细说，不知道作者想不想继续下去了。希望还能继续看到此系列的故事。
1	很是喜欢，开始是抱着试试的心态买下很喜欢的封面的书，简介看了一点点，不确定是否能够喜欢。但实际上我很快就爱上了这个故事。看似荒谬的理由和想法，在所有人都感到惊异和不解的情况下，依然执拗的做着自己认定的异想天开的事。他和妻子的爱情让人羡慕，虽然笔墨不是着重的在介绍他们的爱情，但是字里行间都洋溢着他对妻子的爱。很喜欢这种叙事的手法，开始可能会不太习惯，但是很快适应和喜爱上了。
0	性价比太差了！严重不复合所谓的4星标准，周围环境空气较差，最麻烦空调系统的冷气夹杂浓重的烟味，不开窗简直没法生存。
0	拿到的时候里面有一个小疤痕，不过感觉影响不大就不管了。 机器预装的linux太简单了，图形界面都没有，只能重装系统。 还有就是京东的价格没有优势，我是因为先前买了个电视有券才在这儿买的
1	房间还是比较舒适的,酒店服务良好,大厅明亮整洁
1	一直以为很了解女性的思想，但是看过了张小娴的散文之后才发现对女人真的一无所知，尤其是对于爱情。现在还爱着一个女人，以为自己对她很了解，看过书之后才发现曾经对她做了很多错事，伤害了她很多次，现在她已经不在我身边了，但是为了真正了解她也好，为了自己不再别的女人身上犯同样的错误也好，我还是认认真真的读完了这四本书。希望她能知道我真的认识到我的改悔，即使再也没机会一起。对不起，我爱你。
1	上周去住了两晚,本来想住鳶飞,订的时候没房了,携程给推荐了这家,服务真的不错,还有水果,阎蕾小姐还亲自打电话问候,每年都去潍坊好七八次,这地就常住了.
1	我和朋友来厦门游玩，听说这家酒店在市政府中心，交通很便利，于是我们选择入住这家酒店。从机场坐的士直达店门口，只需要20分钟左右，刚下车，值班经理见我们带了行李，马上上前来帮忙并贴心慰问，后来得知我们的来意，交代了前台的接待员把我们安排在同一楼层住，我们都感觉很满意。整体来说，酒店的服务很热情，房间干净、整齐，入住时还赠送了欢迎果篮，房间内还有免费宽带上网，游泳池和康乐设施也不错。这里的自助早餐也很丰富，总而言知，物有所值。一出门口，就是车站，周围有厦门各种出名的小吃店，西餐厅也不少，还有比较有特色的商业街，连银行中心也在附近不远处，购物非常方便。来厦门游玩，这家酒店是不错的选择！
0	看到其他评论说适合给10岁以下的孩子看，就给8岁的儿子买了，结果刚进门就决定送人了，太小儿科了，幼儿园大班的孩子都会嫌浅显的！
0	房间设施与4星的标准差了很远的一个酒店 个人认为房间的设施至多达到1颗星就足以匹配的一个酒店 由于住的的是1层的原因吧 房间里白天几乎都必须开灯 而且弥漫了一股潮湿发霉的气味 房屋隔音很差 一早就被走道过往的客人嘲杂的声音吵得不能好好睡个懒觉
0	十月二日晚入住，前台小姐态度冷淡，到了三楼的标房没有电梯，走廊很闷热（没有空调），房间内设备陈旧，没有吹风机，就是招待所的标准，哪是三星级的宾馆哦！ 　　晚上吃了饭回宾馆，１０点左右宾馆已关门，没有服务人员，要自己叫开门，晕死，就这个服务，还收４９０的房费． 　　不建议去天目湖的游人选择这个宾馆，物不所值啊！
1	因为是去会展中心参展，这家还是比较理想的，打车沿着金水路一直下去就到会展中心了。老外对酒店比较满意。自然，价格也不低。 稍微有些美中不足的是，早餐就在大堂下沉的空间里，烹炸煎烤的，味道充溢大堂。可能有些人不在乎吧，但我是不大喜欢那种味道的。要是能改善一下通风的话，应该会更好吧？ 补充点评 2008年5月27日 ： 对了，他们饭店有7座专车可租，去机场的话，人多或行李多，可以租，应该比打两辆出租舒服加实惠。可以侃价的，呵呵！ 附加一句跟酒店无关的话：郑州机场的出租，那叫黑啊！打到这家饭店，花了151块，而走的时候，从饭店打到机场，只花了73块！差整整一倍啊！提醒大家一定小心！！
0	非常不错的非常不错的非常不错的非常不错的非常不错的非常不错的非常不错的非常不错的非常不错的非常不错的
0	打车到酒店后发现，门面特别小而且差，很不起眼。到前台办手续又发现态度特别差，还摆着服务标兵的牌子，我是一点也没感觉到。房间也很一般。第二天中午时，我因为是下午四点半的飞机，因此商量能否将退房时间稍微延迟二十分钟左右，答复是一分都不行，超过一分钟就算半天，口气还很不友好！
0	敬告各位,再不要去这住了,晚上11点就关空调,上网一会有信号一会没有.早饭一般般,价格还不低,是我定过最差的宾馆 补充点评 2008年8月3日 ： 最多两星,也就是过去的招待所
1	一直很喜欢林夕所写的歌词,有些歌是伴着我慢慢成长的,所以看到这本书就毫不犹豫的购买了.几年前由于个人的原因,有一段时期感到非常的迷茫和困惑,相交多年的一位朋友曾经一直在开导我,但是我好象对他所说的不是很理解的接受,几年后的今天,在这本书中,阅读到作者的一些似曾相识观点时,我的内心豁然开朗,之前的困惑终于解开,仿佛一股清凉的泉水注入心田,又仿佛是一支来自心灵深处的声音,让人产生共鸣.
1	性价比高，配置都可以，gta4也能玩玩，现在终于可以抛弃以前的老电脑了。
0	服务很差送货的时候发票数额少了20元, 送货员还说让我直接找当当, 他不负责的.
0	上次出差住的套房，以下几点感受： 1，房间大； 2，装修很一般； 3，好像没有卫星电视节目，上了两晚上网； 4，早餐极其一般，就餐环境像食堂； 5，附近什么设施也没有；
0	酒店在装修，整体感觉特别不好，正门都走不了，车也不让停，服务人员也不协助找停车的地方，哪里像是五星的服务水准？房间卫生状况也不是很理想，备品也不像是五星级的，比如牙刷根本就是劣质产品。酒店整体的软性服务也需要提升，看得出是个管理很一般的饭店，服务有员整体素质一般。
1	该酒店地理位置佳，在市中心特方便。酒店服务好、早餐品种丰富、可口。我住的商务数码房电脑速度、宽带速度令人满意，以后去南京就住这了。
1	看了前面的评价，觉得还是不错，所以选择了这家酒店。但是，住过很多酒店，裕达国贸是性价比比较差的一家。大厅很豪华，给人感觉不错，但是房间设施和服务只能说刚刚达到5星的标准，在郑州这个地方，这个价位属于很贵的了。 而且看到房间里面放的宣传小册子，也只有763元（好像是，记不大清，但肯定差不多），是不含早餐，但有欢迎水果、免费桑拿、免费按摩等赠送，相比携程的698元，好像更有吸引力地说... ... 补充点评 2007年10月8日 ： 想到早餐，补充一下，一百元一人真是很不值，没什么好吃的。
0	感觉非常一般，房间很脏，而且上网还要收费，好象是2.5元一个小时，极度不爽。往市内走一点，很多又便宜又好的酒店，大把，以后不会再住这个名不副实的酒店，建议携程不要将这类酒店登入，有损携程名誉。 宾馆反馈 2006年11月28日 ： 非常感谢您的意见！酒店对此非常重视，特意针对此事召开紧急会议，并作出相关的处理。 1.针对客人提出的房间较脏的问题，经过调查，客人入住的505房在洗手间门口地毯上确实有污垢，已对相关部门人员做出处罚。 2.关于上网收费的信息，酒店已在携程网上有明显公布。收费标准为2.00元/小时。 另外酒店将于2007年1月准备将部分楼层改为商务楼层，届时应该能满足商务客人的需求。
0	周围环境差,房间设施陈旧.房间小.服务员懒散.去餐厅很不方便,路线复杂.早餐贵,而且没有什么可以选择的种类.
0	是我遇到的最差的4星酒店，进门没人管，进去要我和大堂打招呼，退房也很慢，不会再去住了
1	当当网既然不热心发一些试读的.就帮纳兰大大发一些推荐http://bookapp.book.qq.com/origin/workintro/5/work_1704965.shtml
1	性价比很高，这种配置除了神舟的其他牌子很难做到~ 本来上周就受到货了，想评价，没法发现订单没有“完成”，结果今天才能评价，受不了，错过了4倍积分。
1	买这套书是被它的题目所吸引了,孩子的爸爸因为工作忙很少陪她,所以想让她爸爸有空的时候给她读来增进他们之间的感情.结果很好.第一:有爸爸和宝宝一起分享故事中的喜悦,宝宝非常开心;第二:书的内容很丰富,教了很多生活常识,语言优美易懂;现在每晚我们一家人都会按书上介绍的做一些游戏,在快乐的游戏中让宝宝学会一些她所需要的能力.回复|查看其他用户评论(2125)|举报00还没有人对此评论进行投票。
1	本职工作用起来还是不错的，待机时间很满意，Linux系统用起来还有点新鲜，做工和预期的一样好
0	尽管是四星的宾馆，但这里的服务员都不会笑，不知是何原因！！早餐差劲不说，冰冷的馒头要求打热一下都遭到拒绝。服务太差！和四星的标准根本不符。
1	走廊的地毯非常软，很舒服。服务员的服务也很周到，态度很好。感觉酒店的管理比较到位。一层的自助早餐品种有些少、单调。不过晚上露天的啤酒节感觉很好，凉爽的风吹着，喝点酒，特别舒服，主要是比较卫生。
1	有一天我买衣服的时候看到卖衣服的女孩在看一本叫《长安月下红袖香》的书，我拿来翻了两页觉得文章很美，又懒得上书店去找，于是想到朋友曾经推荐给我的当当网，试着订购了一下，结果很快到货，包装非常好。这本书的内容也很不错，分门别类介绍了一下与历史上那些奇女子有关的诗句，有些诗句以前读过，虽然觉得琅琅上口但是不了解相关的背景，读这本书加深了对那些美诗美句的理解。非常值得收藏的一本书
1	“细读纳兰词会发现，豪放是外放的风骨，忧伤才是内敛的精魂。”选这本书全因纳兰容若。清代第一词人，权相之子，御前侍卫，这个连名字都如一阙清词的高贵男子看似拥有世间一切，却半生襟抱未开，情路坎坷，偏又是最最重情之人。于是，便有了顾贞观“家家争唱饮水词，纳兰心事几人知？”的感叹。他三十一年短暂人生的本身，就是一首清丽高华又哀伤入骨的绝世艳词。正如作者所评，纳兰容若，一生恰如三月花。
0	房间味道好重，本来都是去住华天世纪的，他们生意太好，没有房间了，丽晶的房间感觉象好久没人住了，霉味好大，住了两天，人都快晕了，如果再去柳州肯定不住这家了。 宾馆反馈 2008年8月1日 ： 对您提出的意见我们已进行了改进。酒店设有无烟楼层，也推出了奢华新装的商务行政客房，一定不会让您失望！
1	看了这本书才知道自己不是一个合格的妈妈。我的儿子现在六岁半，大约两个月前，突然有一天告诉我说，他看到恶心的事，小鸡鸡就会有反映，他所说的恶心的事是指男女亲密的行为。当时我很惊呀，但却不知怎么帮助他。于是开始在网上搜索儿童性教育方面的知识，终于找到了这本书。在这里要感谢胡萍老师，由于她的坚持才有了这本书的问世。虽然书还没有看完，但我已经受益匪浅。
0	太恶劣了！！！报价根本没有说清楚是主楼还是东楼。还以为是四星级酒店，结果到了之后让住得是东楼，东楼的设施根本谈不上星级，还不如一个普通的小旅馆。极其简陋，还没有电梯。摆明了是挂羊头卖狗肉，欺骗人的！！！早餐太难吃了。
1	散热相当好，简单，没有附送什么垃圾软件，屏幕是LED-LCD的，呵呵，比我自己用的强多了，样子比较商务，按键也还好哦，
0	没看过她的讲座，所以买了她的书看看，结果大失所望，真想不到为什么会有那么多人去追捧这本书。太简单，没深度，从另一方面也反映了我们大众对传统经典的陌生。
1	早在我初中时就看过他的魔星高照了，那是就觉得这个人帅帅的而且魔术变得特别好。但就奇怪怎么他在内地不是很出名？还好有了春晚............现在看到了他那么多让人称奇的魔术，就越来越感兴趣，但是呢还是对他本人的喜好来买这本书。第一次来网上购书还是有些担心，但看到书的时候真的版面是那么精细，而且没有任何破损，内容就更不用说了，喜欢刘谦的、喜欢魔术的应该就要有这本书真的很不错.
1	朋友对该酒店的评价比较满意，就是交通非常拥堵。每次进出都要花费很长的时间。
1	外观漂亮,各功能指示灯也很好看,价格较中关村划算一些。给女孩子用较适合,看电影、听音乐音效还可以
0	收到书之后第一感觉就是脏脏的,随手翻了几页,发现里面竟有破损的纸张,我倒!有的页面上还有漆黑的脚印,当当的工作人员发书时难道不确认么???
1	很好看的一本书，我好喜欢小林宗作先生。电车教室，大树做的门，奇怪的上课方式，海的味道和山的味道，这就是巴学园。这本书让人情不自禁的发出笑声，但又让人阵阵的伤感，很感动。令我印象最深的是校长先生，他竟然能耐心的听完小豆豆4小时的话语，看到小豆豆那样做，只说一句：“弄完以后，要把这些放回去呀！”遗憾的是校长小林宗作先生已逝，我好喜欢小林宗作先生！好喜欢巴学园！
0	可能是SIS心片的缘故，在DOS下跑不了GHOST，换了版本也不可以，只有用WINPE跑GHOST，所以装一键GHOST没用，买给菜鸟的话比较麻烦，可能要常要你帮他她装系统
0	帮朋友买的，他家小朋友应该会喜欢吧。纸张的质量相比在书城里看的要差点，不过价格要便宜些嘛。还要提出来的，就是等了好久，快递的速度真的不咋样啊。
0	酒店装修气味很浓，房间感觉一般，与4星有不少差距。入住期间居然不开空调，热得要死，刚好房间又向阳，期间打了几次电话，最后同价升级成单人套房，郁闷的心情总算好点！卫浴品太旧给人感觉不爽，总之感觉不好，下次不会再住！！
1	我是看了网上的评论才定的该酒店,总结优点一是交通便利,二还是交通便利;别的确实差点!环境不说,要求本来不高,可入住三楼后发现外面是通风管道,嗡嗡一夜!劝入住的同志千万别选三层住!设施也相对老化,属于五星中的老年,需要重新装修!房间基本不通风和采光!住着比较憋屈!总之,我加了好多银子,住着不爽!后悔中......(今天刚从香港回来..)
0	地理位置很好，但酒店房间很潮湿！洗澡水不热！最不能容忍的是没有电视信号！让我错过了欧洲杯的比赛，如果没有电视等同于很烂的小旅馆，酒店就应该在价格上做出很大的让步，可遗憾还是原价．以后绝对不会再次入住此家宾馆！ 宾馆反馈 2008年7月11日 ： POSH先生，您好！ 为了提供更多的电视频道徐家汇店在6月底安装了IPTV电视，正好在调试阶段的时候您入住了酒店。很抱歉让您错过了欧洲杯。现在酒店的IPTV电视已经安装完毕，可以看到58个频道以及凤凰卫视等卫星频道，还有各种影视剧点拨的功能。 由于酒店安装IPTV电视使您错过了欧洲杯，再次向您道歉，希望您今后还能入住我们酒店。
0	符合美国Motel的风格，严格控制成本。但所有设施过于简陋，且房间霉暗晦涩、睡床糟糕、床单不洁。下次决不再尝试。 宾馆反馈 2008年7月25日 ： 尊敬的宾客：感谢您入住本酒店，同时也感谢您对我们酒点提出的意见。因为前段时间是苏城的梅雨季节，所以感觉房间有点霉暗晦涩，为客人提供一张舒适干净的床是我们的责任！您的激励会让我们做的更好！酒店将于2008年7月28日更名为星程酒店,并按照星程连锁酒店标准进行了新的装修,对客房及服务进行了全面升级.我们将努力以全新的面貌,赢得您最大的满意,希望您再次入住时会有不一样的体会.
0	本来想订的不是这家。找酒店时看到这家每条点评都有回馈，觉得服务不错，就订了。但是对于我们自驾又不熟悉苏州的人来说，这个酒店不太好找，我们花了一个多小时打了几次电话才找到。到的时候在下雨，服务生主动拿了2把伞出来接，给我们的第一印象不错。进了房间，才发现房间小的惊人！连衣橱+卫生间+走廊都不知道有没有携程上说的20平方，象我这等还尚算苗条的人转个身都会碰到点东西，可想而知房间小成啥样。房间虽然按我们的要求给了比较安静的，但是窗外就是美食街小饭店的后门，其脏乱差尽收眼底，难怪我母亲怎么也不愿意在那条街吃饭。电视机很小，频道很少，才10几个。有凤凰卫视却没有国内的有线，几乎没啥选择。房间的布置和用品确实还不错，也就这些值这点房价吧。但是第二天却发生让人不愉快的事。我们8点多去餐厅吃早餐，当时连我们一家在内也就7-8个人，早餐的品种本来就不多，倒有5、6个是空的，除了面包、馒头其它的几乎都没了，请服务生加，没有太大反应，很久才加1-2个，继续保持一半品种没有的状况。开始以为是厨房来不及，后来看到倒光的牛奶和橙汁，拿去厨房，拿回来只加了1/4的量，大概只够倒3-4杯的，就觉得这个酒店有点小家子气，因为当时已经有10多人在用餐，而且时间只是他们承诺供应时间的一半！结帐时，检查房间的阿姨跟总台说我们房间有条毛巾搞脏了，洗不掉，总台的意思就要我们赔，开价75。我们房间的毛巾确实在前一天带孩子去苏州乐园玩时掉在地上弄脏了，洗起来麻烦些但绝不是洗不掉。我就问是否已洗过确定洗不掉，回说是；又问，拿什么洗的，回说清水。真是不知道该气还是笑！问那个清洁阿姨为什么不用洗衣粉，居然理直气状地说洗衣房说的，又说洗衣房不在这里，所以没有任何洗涤用品！实在不想和这样脑筋不太清楚的人多说，直接请主管出来拿些厨房的洗洁精，她只随便选了一个脏的地方，加洗洁精搓搓，原来的白色就出来了。就是这样那个主管还说和正常的白色有色差，要报废了，又说洗衣房要加钱等等，看看时间已经耽误了半个多小时，一家人都在等，不想再和他们搞了，就说我们承担洗涤费，那主管居然开出30元的高价，大约等同于5星酒店水洗毛巾的价。想着离开，也不去计较价格了，谁知那主管居然用所谓大度的态度跟总台说，算了就让他们赔30块吧！实在听得人很撮火，一天的好心情就被破坏！看来现在价廉物美这个词是没什么用了。
1	性价比很高，物超所值，正点。小键盘用处大。不错。大屏幕，很适合女孩子使用。看久也不累。
0	送过来八本书，其他都是好好的，都套着塑料封皮，就这一本《活着》，不但没有外套，而且皱皱巴巴的，被蹂躏的不成样子，太影响阅读心情了。
1	房间很好，位置离地铁站很近。服务也很好。价钱公道。 大厅经理，副理 都很好。
0	机器散热感觉还行 样子比较死板 键盘按键不怎么舒服 硬硬的 没点手感 触摸板那块好像没有散热口一样 比较烫
0	第一、降价太快了，刚买完就降价，京东怎么这么不厚道啊，要降价也得过些时候啊 第二、无法更换XP系统，更换后老是启动不了，而且官方提供的驱动也不全，有很多硬件无法识别，没有办法还得更换喂死他。
0	酒店位置较偏僻，环境清净，交通也方便，但酒店及周边就餐选择不多;浴场海水中有水草,水亦太浅,不太理想;有A2水上运动中心基地,能进行帆板运动，是亮点;酒店设施陈旧、简陋,清洁一般，但房间面积足够大；早餐不好，更糟糕的是因本人去时有旅行团，人较多，接待能力不足，甚至早餐盘简单冲洗后即重复使用，非常不卫生，我夫人当即拒绝早餐，并表示立即退房（本来预订了2天），另外，晚上加个枕头还要收取清洗费，以前未遇到过。
1	昨天晚上看完了，此书揭开了猎头的神秘面纱，将猎头与HR的运作展现在人们面前。以小说的形式，将猎头的工作展现开来，期间穿插有关猎头的叙述，受益匪浅。主人公是一个极富正义感的、信守承诺的、优秀的、有才华的人物，他看穿了世事的虚浮，寻找着一片宁静的内心世界。故事结尾又未免过于伤感，失去至亲至爱的人，表现出来他最最脆弱的一面，仿佛感受到他撕心裂肺的伤痛。期待续的出版。
0	1、房间太小，小的有点过份。所谓的可供上网的台子小的快连笔记本电脑都放不下了。我在搞电脑时，差点摔破酒店的杯子。 2、此期间通过携程预订，酒店赠送精美钥匙扣。钥匙扣在哪里？好像没送。 3、早餐时间8时40分要求在餐厅煎蛋的服务生，煎个鸡蛋，回答说今天煎蛋结束，我说为何？服务生告之没蛋了，我说还有二十分钟早餐才结束，为何就没蛋了，仅仅是个鸡蛋。当时想找他们经理，算了吧，还是写在这里。 4、失望。下次不去再去。
0	没有预装系统，原版DOS，自己找技术员安装的盗版系统花掉安装调试费100大洋，心里很不爽，他们说不能安装XP，又郁闷一阵子。
1	此书算是一本论文合集，对于中国古代甲胄的介绍尤其详细，包括从原始社会到宋朝。里面对各代甲胄的特点、材料、制作工艺介绍得十分具体，并且配有表格及清晰的线描图，令我受益匪浅。对于武库、兰錡和胡床的考古发现我还是第一次看到，觉得很新鲜，总算明白胡床是什么样的了......可惜对于兵刃的介绍还不够多，但还是不失为一本内容丰富而的好书。
0	XP的驱动很难搞，最后找齐了，可惜声卡一直不大好，驱动换了几个还是有破音现象.....
1	其实不得不说一句呀这个宣传标语有点过纯爱是有啦感动还OK啦比起现在其他的言情好太多这是我看过的言情里面少数几本没有让我直接跳很多虽然是有些直接就不看翻过去但是我要申明以点以前那些书看了个开头就没有兴趣了有很多是连5分之一没有看到就直接翻结局但是这本书我之所以跳过的原因是他们‘阴谋’被揭穿的时候吧我总觉得看起来很伤人就直接PASS掉了&#183;&#183;
0	?，只能用USB接口的鼠标啊。装系统貌似也不太麻烦，叫朋友帮忙装的。
1	小巧,轻便,性价比突出 送的礼品比较实用,(当然是指除了瑞星以外的产品!)
1	4999买的 机器和价格都不错 4999买的 机器和价格都不错 4999买的 机器和价格都不错 4999买的 机器和价格都不错 4999买的 机器和价格都不错 4999买的 机器和价格都不错
0	人物风格虽然像小丸子，但是缺少作为漫画应该有的夸张或是幽默。更像插图的小学生日记，很难引起共鸣。
0	前台和餐厅服务太差，吃早餐不能签单，房间有霉味，骚扰电话太多，房间太小，周围全是装饰市场，环境太乱。另外到哈尔滨的朋友请注意：从机场到市区的出租车计价器全有问题，显示的价格一般都要高50--100元，实际正常应该在80元左右，过路费20元，这个问题反映很强烈，也从没有人管。只要我们自己注意砍价了。
1	c，性价比相当的高。买回来直接上Vista系统非常完美，没有驱动问题。
1	开头琐碎了点，特别是人物繁多，不过就跟每次到新学校一下子认识很多个新同学一样。在人生里其实能产生重大意义的也就那么一两个，所以有些人名直接忽略掉就可以了。在图书馆接了本张爱玲的传记，参照的读过以后，确实很自传。如果有人想读部分炒得很热的内容，那只能说，文学家就算写，也都写得非常含蓄和内敛。富于想象吧。
0	房间阴暗，有异味，总之非常失望，肯定不会再住了。
0	这本书适合三岁-5岁小孩子看，我儿子已经从会听，到会看，现在可以绘声绘色的讲给我听了，不错
0	内存太小了点，A面的钢琴烤漆太容易弄脏了，最不可取的是没有装系统，很麻烦！
1	很多年对于官场的潜规则总是有些认识的，但是还是困惑并且迷茫中，看到如此容易而且理所应当的正义在某些时候是遭遇到很多的阻力。于是糊涂，现在看了这本书，真的是很清楚看到了这些阻力，潜规则的存在让很多小人爬了上去，无非也就是迎合那些潜规则的利益。看完这本书，有点透心的寒冷。不过也好，有些透彻的寒冷好过死得糊里糊涂。
0	网上订了一间198的迷你温馨双床房，打开四楼第一间房，突入其来一股扑鼻的烟味，房间够迷你但是不温馨，致电服务台要求换房，让我们去五楼等服务员回来开门，等了20分钟没人来开，只好自己去总台拿钥匙。第二间还好没有烟味，但是房间旧旧的，还不如一般的三星宾馆。住了一晚上，电视是要扭着头看的，因为实在太小了，正面放不了桌子。结帐时居然说我们用了他们的抗菌毛巾和剃须刀，毛巾袋被撕开但是正面看是完好的，幸好我们住的是两位女性，用剃须刀干吗？折腾了一个多小时，从服务员到大夫，解释了半天我们没有碰过，终于免单。浪费我们不少时间，不知道这家酒店平时怎么管理和交班的。除了总台态度还不错以外，我再也不会住这么糟糕的地方了。电话预定时告诉我离春熙路10分钟走路，其实有足足两站路，坐公交车10分钟还差不多。
0	装XP比较麻烦。DOS如果选择法文，键盘会有问题，输入不正确。测试的内存频率是DDR2 667，不是800,不知道是不是软件的原因
1	服务不错,餐饮很好,A座房间该重新装修了. 补充点评 2008年2月20日 ： 感觉总体上不如鸳飞大酒店.
1	安庆宾馆确实不错，给人的感觉满舒服的，但也存在缺点 优点：1.环境安静. 2.每天有水果，且空调在您回房间前已经开启，进入房间后非常舒服。 3.房间较大，住的满舒服的。 缺点：1.我住的是2楼，窗户不能上锁，不够安全 2.没有电梯. 3.早餐8点半前较好，过8点半没什么东西吃 4.结帐较慢 总体来说，还是满不错，下次去还住
1	我们都应该反思！时间无法停留，更不可能倒流！幸好，我们可以反思，可以总结！还能希望！一直感觉中国的教育是有很大问题的！没有好的学生？没有好的老师？没有好的学校？似乎都是，又似乎都不是！于是很高屋建瓴的来一句：是制度出问题了！——放之四海而皆准！对于这种说法，我一向敬而远之！说制度出问题了，在我看来不啻是一种借口！因为是制度的问题，而制度不是你我能左右的，于是就不是你我的问题了！
0	炒的很热，就买来看了看，但还是不太接受，也不好看，比当年看的《飞龙全传》差很远。
1	房间升级到了行政楼层 房间很大，很舒服，很大的落地窗户 以为会很远，但是如果坐九铁，真得十分方便到达 很意外，香港还有这么大的房间！
0	Vista系统还是感觉不好用，换XP非常麻烦，对电脑不是很了解的推荐不要自己安装，本人研究了半天才终于换成XP，非常有成就感。
1	这本书我是非常非常的喜欢，看了两遍，并且推荐给了很多朋友，还有我的老公，看完后，有种豁然开朗的感觉，对于生活中遇到的许多难缠问题，给出了即简单又可行的建议和意见。建议：自己感觉时间管理混乱的朋友读读看；建议总感觉时间不够用的朋友读读看；建议常立志并且无法立长志的朋友读读看自我感觉，受益匪浅
1	我刚拿到书，也没有仔细阅读，就是粗粗的翻了点，觉得还行。里面是蓝黑两种颜色的，有些单词的下面还会有历年考到的题目，可以让人加深印象，不错。有点不是很舒服，就是光盘是夹在书中间的，光盘外的那个纸做的封面，是固定在书中间的，不容易拆下来。如果只把光盘拿出来，封面留在那的话，对于我来说，书中间夹了个东西，我会觉得有点不顺手。整体的版面，看着还算舒服。
1	性价比高，用券后3199入手，装系统听说麻烦直接拿到电脑城里装，20块搞定，不过好像有个亮点。
0	系统要自己装，会让你很头痛！买回来发现不能上网有线和无线都不行！打过800服务电话也找过网络工程师却发现网卡问题！原装系统超慢且容易死机换系统装驱动却装不了!麻烦的还在后面 售后服务简直不人性化！
1	这本书的作者自己有多年食品添加剂行业工作的经验，而且自己曾经立志成为食品添加剂之神，并被食品添加剂行业视为“神”，所以，他写出来的东西应该有相当水准，这是不用怀疑的。但是，很多人可能会认为该书会像天书一样晦涩难懂，因为其中必然涉及食品添加剂领域的术语。可以，我一路走来，却是轻松异常。太通俗易懂了！我用了1天的时间，就基本上看完了书的大概。所以，我姑且称之为一本很好的科普读物！
1	位置、设施都不错，价格也还可以，就是隔音太差了，被隔壁吵了一晚上
1	技术区里唯一的四星级酒店,外观不起眼,但服务感觉很不错,尤其
1	材质的感觉不错，自己弄个螺丝刀都没打开后盖，最后是到成都Thinkad服务站让他们帮忙装的内存。还免费把分区做了，一键恢复也没破坏，很满意。 加上1G速度还行，看高清电影效果很不错，游戏还没怎么跑过。
0	书又不是博客，如果要看博客，我也就不用买书了，一点写书的概念都没有，纯粹把自己的博客搬过来了
1	威海合庆饭店的服务特别周到,特别人性化的服务. 走南闯北住过很多酒店,但是从来没有1家象威海合庆饭店这样体贴周到的服务.
0	建议旅游的人住道里区，这个酒店太远了，交通不方便，客房新装修，但浴室小且有异味。白天水温不热。自己去的价格比携程的价格要便宜，约150到180就能拿下。不过服务态度停不错的。
0	１．做工差强人意，打开屏幕的时候摄像头地方居然会响（面板陷进去了），勉强接受吧，不影响使用 ２.触摸板实在太过灵敏 ３.音质一般 ４.ＤＶＤ驱动做得一般，关的时候就能感觉到 ５.京东不送鼠标
0	安装XP系统不认硬盘，急啊，上网查，按茄子版sp3 ，马上去买，5元，呵呵 。。。20分钟系统搞定，呵呵。。。。。。。5元啊
0	这本书的观点有点不太客观，太过现实！不太符合成熟女性的人生观！不太喜欢！有点失望的！
1	酒店的地理位置很优越，客房是经过新装修的，很舒适，也很安静，服务员的服务也是相当热情。他们是商务酒店，在附近几家宾馆、酒店里算是性价比最高的了。很值得推荐给朋友。下次来北京还住这里。 补充点评 2008年1月22日 ： 他们酒店房间里的设施还是蛮不错的，尤其是宽带上网的速度很快，卫浴是科勒的，不错。液晶电视的收视效果还不错。这次来北京是出差,由于酒店的出行方便,事情办得很顺利.有些不足的地方就是门口的标志不太醒目,不过听说他们有自己的写字楼,整体的标识倒是很容易就能找到.
1	这次是元旦期间入住的，酒店装修不是很新，但是比较干净。房间比想象当中的大，正好面对门口的河，风景还算不错。房间不能开窗，感觉空调不是太好。入住和退房比较快。离地铁有点远，但是门口有公交或者可以打的（起步价即可）到沙田火车站转轨道交通。酒店的早餐很难吃，但是酒店附近有很多餐馆，蛮实惠的。附近还有屈臣氏和711便利店，买点日用品或者零食饮料也很方便。考虑到性价比，今后仍有可能还住这里。
0	散热不是很好，不过送的散热器还可以将就用用，到天热的时候再看怎么样了
1	总之，前两位作者写得比较好，即1917--1960年那段史实，之后则所限于国内档案不公开的原因，还是看国外中文互联网的吧
0	这是我第二次住该酒店，感觉明显不如以前了，看来酒店的管理不够。
0	是包装得蛮漂亮的一本书，但是内容让人有点失望，我是冲着＂庄子＂来买这本书，原先看原箸，有些地方看不太明白，没能真正悟出其中的道理，原以为看于丹的心得会有所启发，结果发现她的心得比我所悟到的东西还要敷浅，失望啊～～虽然我本人也说不出什么深刻的道理来，但是这本书对于我想更深入的了解＜庄子＞是一点帮助都没有～～
1	终于等来了结束，一切的迷题也都解开了。无论是他，或是他？这篇是增加了许多玄幻在里面的。话说虐了这么久也该结束了，不然实在对不起观众。“知错能改，善莫大焉” 是这样的意思么？呼呼，就让一切重新开始，承着彼此心中的眷念去展开新的历程……从此，我的眼前只有你，你的背后总后我。
1	品牌货 价格便宜 配置也还好 该有都有的 屏幕看起来很舒服 外观设计独特 感觉还好
1	性价比不错，各方面比较均衡。这个价位买到这样的配置还是比较满意的，玩玩一般的游戏绰绰有余，哈哈哈
0	硬盘时常咔咔响，很担心；机器有点沉，使用时底部有些发热；外壳容易留指纹要贴膜；自己装XP很费劲，建议买XP版的。
0	文采真的不错,但是人品有问题。世界之大,无奇不有。看来，我又懂了人的动物性的一面。
1	帮老板买的自己一直用T系类，所以当老板说需要个不是很贵的小本，我马上推荐X200
1	悦读纪的图书，我几乎本本都买，所以当时没犹豫就买了。拿到书，淡雅的封面，几片薄荷糖，心中窃笑，怎么不画几片薄荷，不是更贴切？阅读之后，才发现封面设计确实很贴切，薄荷清香，余味甘甜，不正是知敏的爱情吗？聪彗的知敏，坚强的知敏，她通过努力和奋斗，获得了幸福。与此同时，我们也在阅读之余获得了幸福，因为一本好书给了我们几天幸福的阅读时光，读完，只觉得人暖洋洋的很舒服……
1	在呼市出差，入住金辉酒店。酒店的房间、设施等相关条件，在300元左右的房价中算不错的。服务员态度很好。估计因为是工行下属的关系吧，酒店里没有那些乱七八糟的人，也没有骚扰电话。最满意的是酒店的地理位置极佳，餐饮、购物、银行、景点全离得很近。下次来呼市还会选择这里。 补充点评 2008年7月14日 ： 金辉酒店自己的自助餐是38元一位，菜品冷+热+主食大概在20种左右，感觉与38元的价格比较全理。酒店2楼餐厅也可以点菜，如果您是2位以上用餐，就选择点菜吧，菜价不算贵，菜量那是相当的大。服气了。
1	《塔木德》恰恰是一本可以在生活中去践行的经典！传承几千年，就是再简单，也是值得仔细去品读才能得其精华。赛尼亚的译本是目前国内最符合原著精神的一个简易本，毕竟《塔木德》太浩瀚......今天收到此书，甚是兴奋，虽读过，但那时还未必可理解其中真理，今日更加欢喜！爱书的朋友，不要犹豫！
1	按照网上的推荐买了不一样的卡梅拉、神奇校车、忙忙碌碌镇和青蛙弗洛格的成长故事，那几本书我一读，宝宝一听就说你买的书不好听，可能是我引导宝宝读的方法不对，但我还是有点失望，但是这套书宝宝一看就喜欢的不得了，一个劲的说，妈妈我要听故事，要听青蛙的故事，每个故事听完还有小问题回答，宝宝很感兴趣，我也终于从网上购书中找到了信心。
1	环境非常好,服务也到位.公司的韩国人很喜欢住这家酒店.
0	>三星级的大堂；=零星级的房间；<-三星级的卫生；早餐尚可
0	1G的内存有点小，跑起来忒慢 刚到手就便宜200，还送鼠标和杀毒软件了 能不降那么快吗
0	蚊子一大把,電話一大堆,有洗腳的,有問小姐服務的,像個野雞窩,吵得你快瘋掉,真的要改進
0	4月30日下午下的单，五一节期间快递不送货，今天才收到，过个节过得亏大了！
1	房间很干净，设施还行，家具稍微有些旧。商务间的楼层前台不错，不过清洁工很一般，住的时间比较长，好几次都没有放新拖鞋。不过4星里他家的价位算是比较低的了。
1	黯然泪下，不是为了查理的死，是因为查理与小托的兄弟情深感动了我。小托决定上战场的一个重要原因是，无法想象与查理分离的痛苦。他们这辈子一直生活在一起，分享所有的事情，包括对茉莉的爱。查理在紧要关头，宁愿违反军令，也不曾离开受伤的小托半步。最后，两兄弟既不得不分离，而我相信，小托也会坚强的走下去，因为他答应了查理会好好照顾其他人，他和查理有了要用一生来信守的诺言。
0	1）商品还没收到，价格就已经降了70元。 2）似乎打开windows媒体播放器的时间有点长
0	我一直在你们当当这买书，杜拉拉升职也才买了不久，但书拆了后打开一看，就发现书中不下10页都是白版--无字天书！是退给你们，你们再邮寄新的？还是怎样？以前搞一张发票就过了一个多月，直到现在都没解决好！麻烦效率高点回复我！
0	5。1。---5。3。入住一直没敢在房间洗澡。太冷。房间太陈旧。设施太差。房间里提供桶装水还单收费
1	我是经过老师的推荐从网上买的这本书，最近看了几天着重看了一下中小型网络系统方案这块。我觉得这本的好处在于：拿过一个方案，他不是蒙着头来说而是引导一个人一步一步的顺着逻辑思路走。给人一条线你就能觉得这条线很直。没有哪么多的坎坷。接下来当我们真正做项目做设计的时候我们也就会很容易很轻松的完成从拓扑图的设计，到项目的成功结束。理论联系实践，实践证实理论。
1	硬件基本什么都不缺, 但又总觉得缺点什么!
0	太差，根本不够四星级。我住的是豪华大床房，居然只是三楼，三楼有不少运动场所，还有发廊，很嘈杂，房间也不好找，我找了半天才找到自己的房间。房间里很闷，通风很差，窗外一点街景也看不见，相隔十几米跟居民楼面面相对。房间里连咖啡包也没有，倒有不少要收费的茶包、饮料等，我还得帮它核对一下别入住时就少了什么！早餐很一般，没特色，以后绝对不住了！
0	塑料感很强，外观一般，做工不怎么样，拿到键盘上边是翘起的，还好压了一下就下去了，估计装配时没有扣好，不然就要送修了。
0	房间很小，装修太差，电线全部裸露在外面，脏，不是一般的脏
1	LED屏幕相当好功耗低效果好 内存DDR3 虽然对这CPU没什么用 蓝牙 虽然不值几个钱 但这机子做的很值 比较3399
0	此款机型硬盘除了服务分区外只有一个主分区，think系列可以考虑出厂预装系统时做好分区
1	像它的书名一样，非常适合作为“第一本”英语语法书。这本书很适合完全没有语法基础或者对语法概念比较模糊的同学，里面的说明通俗易懂，由浅入深，而且印刷精美，读起来很开心。不过这是一本“全但不深”的语法书，对于语法比较好，想拿来当复习书的同学这本可能太简单，推荐另一本《英语语法新思维》系列，分初中高级，讲解很系统，很详细，有点工具书的感觉。
1	不错的酒店。每次去泉州都住的。早餐很丰盛。门口有大巴车站，交通方便。（但是大巴是中旅的，习惯很差，喜欢在市区兜来兜去到处接客，从一个站到另一个站，非常耽误时间。商务客人最好去中心站坐车）
1	初为父母，我们对育儿一无所知，在父辈那里获得的是些传统的属于物质匮乏时代的育儿模式，我们需要给自己充电，这本书很好的帮了我们的忙，许多问题看过之后就迎刃而解，许多疑惑得到很好的解释，对孩子已经出现了的问题，提出了合理的解决办法。我们也明白在孩子身上，我们做的还有很多不足，既然生他，就要对他负责。比起在黑暗中摸索前行，我们需要这样一盏指路支灯。
1	我是一名工程技术人员，本不是管理人员，但是我喜欢看《哈佛商业评论》。这倒不是因为我想当领导，而是因为看在方面的书可以用以管理自我：自己的时间，自己精力，自己的各种兴趣爱好，自己的生活。《紧迫感》虽是管理方面的书，但却是关于人的精神状况或态度的，并不涉及具体的经营管理，用在自己的身上非常合适。紧迫感，真正的紧迫感，虚假的紧迫感，自满。对我有很大帮助和启迪。
1	现代人好象都愿意看这种书,至少我们大学生是的,因为很简单就可以看完,也可以反复看因为画面很简单,文字也很简单当你陷入一种迷失自己的状态,或者在孤单你可以翻翻,它的存在有一种随意你不用刻意去管它,我身边的朋友也看了，说还不错我们是大1新生,所以可能比较适合一点总体来说,个人目前还是比较喜欢的不过对于看多了这种文字 决得乏味的人还是不推荐的不只是我喜欢,愿幸福
1	结合梁先生的<<初等数学复习及研究(平面几何)>>,发现了这样的一个问题:现在市场上的中学生所学的教材中平面几何内容实在是太肤浅了,甚至有不少有名的重要的定理在教材大纲中都删去不学或者设为选学,这样一来,不少难度较高的平面几何试题都不曾碰到,在考试中都不考,这是?减负?,但对于爱好平面几何的数学优秀生是很不利的.
1	性价比很高！同类本本比这款要高出500到1000元呢，所以想买本本的朋友赶快出手！
0	隔音效果很差,客人住在九楼,晚上四楼的KTV 一直营业到一点,客人反应无法入睡. 所以本来预计定三天,后来提前退房,换了酒店
1	刚开始看的时候心情是平静的，看到中间真的期待她有个好的结局，有个好的人生，可是不乐观的情节越来越多，如预感，结局让人很心痛，但是也让人平静。因为最终回归了生活。看完这本书的时候，我内心对爱情的看法再次进行了调整，身不由己的调整。生活的力量真的足够巨大，巨大的让人可以平静来面对这一切的过眼云烟和眼前与期待相差甚远的平淡。不过，很满足，平淡才最真实~~
0	无express插槽，无e-sata, 屏幕可视角太小，色域也只能算凑合，转轴处塑料感偏重
0	一开始住在7楼，正对2个工地，本来想市区施工到10点也就停工了，可苦苦等到0点不见停，巨大的桩机声响搞得无法入睡，玩了一天累啊！后来叫总台换房间，总台居然说只有标准房了，我爱人和宝宝挤一个单人床，一晚没睡好，酒店还不肯退差价。
0	模具差,我的屏幕边框上有3个毛刺,天天一打开就看见,搓气啊 电池真的真的是不经用,刚买回全新的充满只能坚持1个小时多点,好在本来就打算放这当个能移动的台式机用 没有音量调解旋钮 镜面容易留指纹
0	这个酒店很一般！甚至说不好！就有一点离“红门”很近，徒步爬泰山比较方便，但做车上泰山不方便，服务有好有坏，第一天凌晨到宾馆寄存东西，我跑了三趟拿东西，打搅服务员三次睡觉，但并没有不悦的表情，感觉很好！但晚上住在宾馆我提出用一下公用电脑到些照片，另外一个服务员，用话搪塞我！有点不高兴！其他宾馆都有公用电脑满足来宾的上网或倒照片的需要，他们却搪塞！很失望！还有宾馆的被子感觉不是很干净，还摆了些乱七八糟的东西（都是收费的），还有避孕套和男女洗液，很是搞笑！（当然这些都收费）！害的我牙刷都没敢用他们的，不是怕付钱而是怕脏！o(∩_∩)o...不过话说回来携程在泰安找的宾馆都不怎么样！
1	1.综合配置不错；2键盘触摸板手感不错；3.液晶屏看电影的效果不错，就是上下可视角小了；4.重量轻便，因为是全塑料的外壳
1	合上的时候挺时尚的，重量也不错，键盘手感很好。跑WINDOWS7还算顺畅。
1	这样单独的故事，看完之后，总让我惦记着什么，比如说，小的时候，每周二下午是没有电视看的，但是，我一直都在惦记着，到底是不是贵州台呢，因我记不清了。。。我就一直都惦记着。空落落的时候，这些儿时的回忆因为书里的字迹竟然开始惦念着，我知道，我是想不起来了，但我愿意一直这样惦念着。。。。《四个》，四个人，我们也是四个，现在呢。。。不觉得疏远，而是比疏远更真实的东西。只留下了LULU。。。
1	最大特点当然是小巧，三星的作工不用多说。键盘的手感相当好。开机运行状况下很安静，厉害。
0	装XP真不是一般的麻烦。。送个内存条又不负责装上，现在我都在联系HP维修的装。。。自己拆了怕不能保修！！郁闷了。。刚到手！
0	出于不信邪的原因，入住了该酒店。之前查阅了携程上的点评，最近的点评已经有大半年时间了，一厢情愿的以为酒店设施有所改善。但是，去了只能用三个来形容，差！差！差！一次恐怖的入宿。电梯依旧吓人，房间一股霉味，一个灯是坏的！第二天就换到隔壁的一百假日去了。
0	刚看完，觉得很一般，没有介绍什么很有价值的职场规则。只能说很一般的书，完全靠炒作出来的。
0	交通不方便不是自己车的话，很不方便的。尤其是在早上叫车他们没有时间观念！ 客房服务员爱骗人！前台的还可以！ 房间里有蚂蚁和不名小虫！ 我以后绝对不会在住那里了！同样的钱我宁愿去开元的！ 总体来说就可以用一个字概括就是“差”
1	东西很好,外观也很漂亮,用了一个2000-100的东券，节省了100元，哈哈。我是从这里得到的京东券：http://club.360buy.com/person/rrhrejrc-1-1.html
0	当地的知名度挺高，出租车司机都知道，大楼顶上高挂民航的招牌； 酒店设施有点成旧，入住一小时后，感觉房间内没有什么暖意，用手试了一下取暖器，发现没有热气，于是想与总台联系，但在房间内找了半天，除了在显著位置有按摩中心的电话外，实在找不到总台与客房中心的电话，只得下楼去。还好在电梯内碰到客房服务员。回房间后不久，服务员打来电话说管道老化给换间房，于是带着行李搬家。 房间内的设施也很旧，有浴缸，淋浴的水很大，蛮舒服的，毛巾很旧还有破洞。 早餐有各式各样的菜，感觉冷冰冰的，吃得很少。 因为是下午3点的飞机，跟总台商量可不可以晚一个小时退房，总台小姑娘把头一别说不成！ 虽然换了房总觉得房间内不够热，得穿很厚的毛衣才行，于是第二天睡觉时又加了一条被子，到半夜就冻醒了，觉得奇怪，去试了一下暖气片，冰凉的。只能披上外衣，半夜3点下到总台，总台小姑娘马上叫来一个小伙子，一看是穿警服的。小姑娘对小伙子说看又来一个叫冷的。然后对我说，，你住的房间窗户大本来就够冷的，给你换间房，还有一样冷的房。问能否换一间窗小一点的，服务员脸一拉说，不行要价钱。 这么随便就换房，在订房时协程不是说房间很紧张，没有信用卡担保还不让订，后来留意一下其实入住率极低。 没办法只能换房，于是半夜三更收拾起所有的行李，先到总台换房卡，然后再去新的房间，服务员始终带着奇怪的面容看着，没有任何欠意的表示，也许值夜班也无聊，总算有点乐子。 到了新房间，还是冰凉的，才发现走廊上有客房中心的电话，打过去，服务员说半夜里酒店把暖气给停了，说除了有备有被子外还有备用毯子可以都盖上。天哪！ 次日起床后就觉得肠胃冻坏了，咕咕叫，还拉肚子。 等到中午退房，总台最显著位置放着按摩中心的广告牌，墙上挂着“四星级酒店”“青年文明号”“吉林省优秀服务单位”等招牌，不由得长叹一声。 这肯定是一家民航系统的国营酒店，所以服务意识基本上还停留在“在举目无亲的他乡赏你一个铺你就该感激涕零”的文革时代。对于国营酒店，国家旅游局向来有1～2颗星的水份。
1	其实最开始是在天涯上看到的帖子，马上被文章吸引住了，尤其是看到作者和一帮医术高超的朋友云游四方，免费给人医病，实在是让人敬佩，所以还没看完帖子，我就下订单买了这本书。但是没想到，书买回来了，却被老妈抢着去看了，她已经被深深地吸引住了。^_^
0	如果闲着无聊，这本书可以一口气看完，因为读者很想知道到底作者想写些什么，结果是如何。但毕淑敏的文学修养还是差得太远，真正的文学爱好者看此生必定失望，书中所有人的对话如出一辙，毫无个性，绝不会是一本流芳百世的书。作者还不如直接写几个心理分析案例还好过写成文学作品这么牵强。
0	我到现在都还没有收到书啦,当当真的好慢.上个星期买的书,本想这个星期六看都没得看
1	拿到的是完美屏，速度也很快，因为原来笔记本就是Ibm所以用着也挺顺手。准备过几天改成xp。显卡是集成的，不过因为我不玩游戏，所以无所谓了。之前看了很多地方，价格都比京东上贵一些，所以这个价格我觉得还好
1	这是一本很好看的小说，直至今天，我们再去读那个年代的故事，仍旧觉得没有过时和落伍的感觉，因为那段历史在小说中永恒地存在着，我们重温过去，感情依然饱满。从文字角度而言，丁玲的这本小说，流畅而朴实，很符合那个时代的特点。从故事性而言，同样也非常好看。我们不能遗忘过去，更加无法淡漠过去。建议喜欢文学的年轻人都来读读这些小说，对于心灵、对于了解我国的文学史，都是很好的。
0	朋友同时在实体店买的，有带XP2的光盘，虽然用不上，而且装箱清单也是DOS的，真的奇怪？
1	键盘手感很舒适，触摸屏设计独特，比较人性化，机器配置相对高，性价比不错！！值得推荐！~~~~~~
1	环境地理位置很好，交通方便。 房间舒适，服务很好
1	昨天京东总部自提的，额滴神啊，很满意。 1、服务没得说，MM长得也漂亮 2、看来没有拆过，封装的很严实，好像也是第一次开机，仿佛看见清纯MM向我招手 3、在一楼自己检测，音效还不错 4、测坏点，用了优化大师，惭愧，反复好几遍，我还是没看出来有没有，不会看啊，汗 5、不漏光吧，屏幕效果很好，看半天眼睛也不累 6、键盘温度不是很热，有人说的风扇响声大，完全能忍受
0	9月初去南京,住的这家酒店.看网上评价还不错.可是到了酒店后感觉特不舒服.客观评价一下:1.那位门童大叔,笑容可鞠,前台的服务员和自助餐厅的服务员,让人感觉真是宾至如归"";2.房间太小了,除了一张小单人床外,走路都很困难,设施也非常陈旧,感觉象几十元的招待所;3.原计划住两天的,只住了一",1.0
服务热情，交通便利，早餐品种少点，但是比较干净，下次去重庆还会去住~~~,1.0
朋友推荐的说不错，所以就买了,1.0
键盘的装嵌有问题，按起来有的比较松有的比较紧，这是最不满意的地方。另外，A面除了能收集指纹之外，也很容易收集划痕。机器还是厚了点，重了点，看在电池的份上也就算了。Linux装回xp有点费劲。,0.0
不错的书 有机会继续买 很好 速度很快,1.0
还好，买回来就懒了，不想动了,1.0
非常好看的内裤，号码标准，穿上很舒服，最重要的是蕾丝的手感特别棒，很性感，喜欢。,1.0
这个东西虎头虎脑的啊   ,1.0
我在该宾馆入住了大约有20几次了吧，主要是觉得位置不错，交通方便。觉得难以忍受的是床垫实在是太太太硬了。,1.0
这册书与YY那册书应该说是已经出版的黑背系列里面的精品。故事可能有杜撰的成份，不过很生动的把一个调皮捣蛋的小男孩的形象刻画出来了。真是男孩不坏女孩不爱。恶搞戏份很重，人物以动物作形象，很配合故事情节的发展。画工比较精致，看得出来是用心画的。很不错!值得推荐!如果他的每一本书的品质都以这两册书作为标准就好了。,1.0
很喜欢，颗粒饱满，很大。看起来是新豆子，物流也快。很不错哦。么么,1.0
买过一次，一对一买，匹配很方便，就是距离一般，没有三公里，在车上也就一两公里最多了,1.0
京东送货迅速价格较低。,1.0
还不错，不好意思，很久没上京东，忘记确认收货了,1.0
vista不是家庭高级版，不过还有个xp家庭版，京东标的不对！usb接口位置确实不太科学，过这个价钱不能要求太高。,0.0
穿几天线就要坏的样子，线都掉了，能不能保修或者换货，我已经穿过了,0.0
发货太慢了，而且收到很失望，质量很差，更本就不配京东的价格和品牌。下次不会再买了。,0.0
给妈妈买的，妈妈说优盘那键用不了，来的时候就是坏的，声音小，屋里听还行，室外用声音太小了！149这个价位太贵了。\n,0.0
几天才收到货，已经在超市买了，通过快递退回去了，但是售后一直不给退款。,0.0
还行，纸给人感觉不像正版的，比老大学校发的书差多了，不过印刷质量还将就。,1.0
刚买就降*，我就。。。而且送的滤芯盒子上有RO滤芯，里面却是3个PP，一个活性碳。明显被换了。,0.0
做工一般般&hellip;&hellip;特别是前面突头部分有些粗糙和刮痕！,0.0
住的是行政楼层，行政酒廊的餐食很好。服务很好，小姐总是面带微笑。房间很舒适。玩乒乓球免费。酒店地处购物中心，放便逛街。室外的游泳池较小，能闻到厨房的油烟味道。,1.0
散热效果很不错，机子配置不错，价钱相对便宜，性价比不错 ，值得推荐！,1.0
质量是不错  但是470的那个实在是太袖珍了  真不知道能装点啥,1.0
东西挺大，但是觉得性价比不高,1.0
书是旧的，封面都烂了*,0.0
是LINUX系统 相当及其恶心 不知道这狗 日 的是什么想法 要强行逼我们使用啊 买了两台电脑 一个事VISTA系统 一个 是 LINUX 就没见一个XP的 网上销售这东西 最重要的是打架尽量不要涉及到售后服务这块 尽量是都搞好了相安无事 其实网上的售后服务比没有售后服务还差劲 我的THINKPAD SL400就是因为换货期间以为是键盘小问题就懒得换了,1.0
还没来得及用，不过送货速度确实不错，明天开机试试,1.0
还行就是时间长了掉色,0.0
书挺不错啦，很有用！,1.0
这能吃吗！我是吃不下,0.0
书的内容实在，有许多技巧,1.0
"内衣大小合适,面料舒服,聚拢效果很好的哦.满意",1.0
其中一个装起来是黑白的，而且无夜视,0.0
不错，很好用的东西。dddddddddddddddd,1.0
与描述的一样！不过还有点过薄,1.0
"想想还是气不过,，这么薄的裤子还卖85，实体店也才卖40，，骗人的",0.0
我2月18号订的冰箱，2月28号刚收到，据发货的厂家说第一个运输途中坏了，再发了一个。原来找了个与原来冰箱大小一样的，就买了，北京发货，还不是自营商品，购物无保障，说明页不清晰，啥叫双开门冰箱我认为就是两边都能开门，和双门冰箱一个意思吗？还说客户自己看照片，照片上往哪边开就是那边，我家里原来的冰箱是可以左右都可以改着开的，认为一般冰箱厂家的产品都一样，客户又不是专业人士，现在冰箱放不进厨房，放原来位置左开门没法开大还影响走路，只能放厅里，还不给退，退的话自己快递北京，大件商品运输价格高还容易损坏，这就是你们产品的售后服务吗？大家这样的产品不能买啊，看清不是自营本地商品部买，抵制外地商品。,0.0
垃圾中的垃圾，根本不值得一买。,0.0
味道很难喝，一股减菜味，女儿喝了几口，一天不肯吸奶瓶，申请退货不同意，浪费了*，谁要联系我,0.0
12/29-31住标准大床房，房价170元。今天住商务大床房，房价189元。房间是大一倍。要选这家酒店的话，一定要选商务大床房。只有贵19元/天，相差很大。,1.0
LINUX的系统，装XP不好装，外接电视有死机现象，可能是我不会弄。另外配置有很多种，安装系统的时候不知道选哪种驱动……,0.0
赠的挺多的，感觉还可以,1.0
宝贝收到了，质量很不错，看起来很有品味，很值！,1.0
给孩子买的，，，，，，，，,1.0
比想象中的小 还挺暖和的,1.0
挺好的，快递给力，好好好,1.0
大小合适，修身，款式非常好,0.0
拍套是送的，但是拉链是坏的，很不舒服啊,1.0
一打开电池盒就有小强的味道，风和图片上的简直是货不同版。现在退货都回复！,0.0
房间比较小，打车不是很方便。还有早饭种类比较少,1.0
煤球名堂，不晓得有啥子。。。。。。。。。。。。。,1.0
在携程上定了豪华大床房，要求A区6楼的房间，可惜到了的时候，由于都满，只有3层的，虽然视野不够开阔，还好也能看到湖，景色很美。服务也很好，服务员都会主动问好。打电话要风油精也很快送到。中餐厅太小，而且很吵，还要自己跑去点菜，鱼头汤味道不错，其他很一般。花园风景非常漂亮，游泳池很晚都有人在游泳，可惜这次时间不够，只在室内的游了游。网上介绍有烧烤，结果打电话询问说根本没有。晕。总的来说还是非常满意的，男朋友跟我一起回国三次，出去旅游了三次，这次是最满意的。特别是看到孔雀，兴奋不已。拍了很多照片，说下次还想来。,1.0
很香 家人很喜欢 卖家态度非常好 快递也很快 大爱 祝卖家生意兴隆\n,1.0
质量很差 伞的包袋子没用2次 就自己断了  伞把柄的绳子也是,0.0
好无语，溜溜球收不回来！第一次网购好失败,0.0
质量不错，颜色很好看；面料不错，摸着舒服；包装挺好，上档次，,1.0
要的是灰色，发的是米色！没有责任心！,0.0
物流速度一般，收货真心不可以，我都不知道就把货收了。一打电话问才知道附近找了个人随便收了的，还好这个人认识！至少打电话给我下，我又不是不在！,0.0
真垃圾，一滑杆就打掉块了,0.0
不怎么好。拿来还是脏的,0.0
老婆大人说发错颜色，很不开心！,0.0
便宜实惠便宜实惠便宜实惠便宜实惠便宜实惠便宜实惠,1.0
第三次入住中船宾馆了，这里几乎成了自己去京的定点住宿地。房间布置朴实干净，卫生间虽然不大，但是也很清洁。很喜欢带木质扶手的楼梯，感觉走走去房间挺随意的。最近一次入住，窗帘的滑道非常光滑；卫生间的花洒出水量大，洗澡很痛快。最主要是的是房间一点异味没有，不像有的宾馆有那么潮气味。所以休息很安心。服务质量还不错，不过最后一次在入住时前台小姐有点冷淡没有一点暖色，我看墙上挂着“中央机关指定接待宾馆”但是你毕竟是一个服务行业，我们老百姓入住也该微笑服务不是。,1.0
做工一般，大小合适，物流特快，低价位也就可以了。,1.0
发货比昨天又快了  给力  昨天买一个今天又买一个,1.0
"由于航班延误,我们错过了机场快线到酒店的穿梭巴士,因此走路冤枉路.从地图上看酒店应该距离湾仔比铜锣湾更近,因此坐地铁从湾仔上来了.其实过了几天才知道酒店其实距离铜锣湾的时代广场特别近,走路过去最多十分钟.走过去的话路上还路过很多香港的好去处--一个潮州餐厅,那家餐厅的大厨是07年的金奖大厨,好吃!不贵!酒店门口有一个隧道--其实哪个隧道就是北京的地下通道.酒店的饮食跟周边的饮食相比差距很大,地下通道上来就有一个海鲜自助火锅,明星常去的,价格78港币一位.走路3分钟就能到.前面很多评论肯定都是白领多事女,走两步路都叫苦的其实每天都挤公交舍不得打车的主儿.特别建议大家步行去时代广场,等酒店班车实在是浪费时间.多研究一下地图就行了,香港的地图普遍没有比例尺,实际距离没有地图表示的那么远.酒店的空调特别猛,香港所有的室内都是18度的设计.区分是不是本地人的标志:男人看手表--港人多为名贵金表,外地人含外国人多为杂牌子电子表;女人看外套--港人多穿长袖或短袖+披肩,外地人含外国人多是短袖!太冷,男人都觉得冷.每天晚上关闭室内空调送风(一样冷),盖羽绒被入睡.特别舒服!酒店上网很便宜,单人间的网吧,高速宽带30港币/小时,用上网记账卡,可以每次用每次登录不会浪费金钱.应该办理一个香港本地的电话卡,在7-11就能买到,50元的就够了,88元的用不了.因为他们的移动电话卡打内地\美国\加拿大\新加坡等地都是免长途费的,只有本地花费.我一周打了两块电池都没打完30块钱!下次去香港还能用.酒店房间小,但是设备齐全.包括女人用的卸妆棉都有.只有淋浴而且很小.服务很好无需小费,服务员都很热情.为了避免浪费,没有特殊情况的话没有使用完的东西不会更新.如需更新随时可以.可能让一些喜欢每天留存酒店肥皂的朋友有些不便.酒店超时退房每小时110港币,比较合理.而且酒店退房速度超快,还可以预订去机场的专车比地铁方便运送行李,比出租车合算.本人退房的当天赶上台风了,无奈只能乘坐出租,从酒店到机场300港币+过路费40港币+行李放入后备箱20港币=360港币,还可以.这家酒店叫做丽都,他隔壁还有一家酒店叫做丽悦,同属一个集团距离20米.价格有一定优惠,如果对价格敏感的话可以选择丽悦,其实入住质量是一样的.补充点评2008年8月14日：酒店附近有一家小超市,就在去时代广场的路上.临近中石化加油站.1公升装的酸梅汤19港币/瓶,一次买2个19.5港币!超值!比酒店的矿泉水好喝多了.",1.0
买的时候没注意是电影原声带,1.0
不太喜欢LED背光，色彩看上去不舒服，还是普通的CCFL好（CCFL 5.6英寸，显示1024 x 600，都比8.9 LED背光的要好）,0.0
很一般。主要手感太差，按键软踏踏的，无语了，设计缺陷。,0.0
很好的酒店，设施和服务都让人满意，就是偏远了一点。,1.0
非常棒！支持正版支持京东！,1.0
超差评！！！我明明没有要加绒的，都快到夏天了你居然给我发个加绒的来,0.0
质量一般，领子和图片不一样，版型一般！没有图片上好看,0.0
环境还不错，不论前台、客房、餐饮，各方服务都不错。,1.0
我去，这家伙太坑，有没有零颗星,0.0
很好，佛珠跟图片不一样,1.0
我定的是灰色 的给发了个浅灰色的，戴着不好看，不知道该咋办，不爽,0.0
眉笔是假的，画不出来，还有很大的刺鼻味，明显和商场里的不一样，50块钱就白扔了,0.0
挺好的！！穿着很舒服！！下次再来！,1.0
说实话，本来一点也不知道这本书。平时上当当网关注比较多的就是小说与儿童文学。小说是我的最爱，儿童文学是儿子喜欢的。最近，一位朋友推荐了这本书和《念楼学短》。他是一个小学语文老师，教学水平非常高，他说这本书对孩子学习古文有比较大的帮助。每一篇都很短，有利于孩子的学习。六年级的孩子读了以后，都很喜欢。我自己也很喜欢，真的，很不错。自己好象也随着阅读感受着中国优秀古典文学的意境。,1.0
便宜没好货包装好看，腰太紧，都没穿几次差,0.0
比较细致，但比较小,1.0
给外甥买了好几套动画片，他最喜欢这一套，而且百看不厌。一张碟子能看几个小时。不断重复的放，他看了还是一直笑。,0.0
我的订单是7月17日就发出来了，但是现在是8月2日，我还没有收到货。怎么发评论呢？订单上有电话呀，即使找不到地址，打个电话问一下呀，到底是出在什么地方，希望贵 网好好查一下，避免以后再出现这样的问题。,0.0
"物流太慢了,拍下二次、退一次",0.0
一次用完把洗碗巾放里面，结果第二天就有了去不掉的小锈迹了！,0.0
斯诺说过：“在中国南方的大山深处，有两个近似世外桃源的小城，一个就是湖南的凤凰，一个就是湖北的恩施。”（大致意思，原话记不清了，有想引用的查找原文）。我是山里长大的“毕兹卡”男人，我的老家就是在其中的一个城市。原来是特别喜欢斯诺的作品，还特意去宁夏等地方探寻过他的足迹；而今更加喜欢斯诺了，因为，他是国际名人，国际名人曾夸奖过别人未曾夸奖过的我的穷家乡。,1.0
"其他都可以,尽管不够5星标准,但还是很干净宽敞,最不能忍受的在度假区吃的自助海鲜晚餐,整个被苍蝇包围了,眼看着食物上落满了苍蝇,花了不少钱,落了一肚火....过道的海滩很美,很静,",1.0
未拆封，看起来不错哦。,1.0
"1 LED屏很漂亮,拿是的完美屏 2 外观也不错 3 接口丰富 4 奥特兰星效果不错 5 512M独显不错 6",1.0
笔记本包和鼠标和屏幕保??都没配 还有就是本本的散热口在右边 右手拿鼠标久了会热的不行 USB口距?太近插口太少，分步在一?不合理，分?太差，?XP太?，,0.0
很好，老公很喜欢&hellip;&hellip;&hellip;&hellip;&hellip;&hellip;&hellip;&hellip;,1.0
怎么说呢！本来很简单的退货退款，搞的非常复杂，无语了！,0.0
骗人的，用了一点效果都没有,0.0
英诺森提的插画还有个突出的特点就是角度的多变，你如同在看电影，每幅视角都不同，增加了生动和真实性。构图上往往主角安排在角落，你需要寻找，在寻找当中却看到了市井生活的各种各样的风貌和形态，真是无字教科书。所以英诺森提的插图本身就是宏伟图画，值得慢慢品味。强烈推荐给不喜欢快餐阅读的朋友，推荐给追求认真做事的朋友读，推荐对插画有高要求的朋友。,1.0
"还是一个多月前住的了.印象很深刻.酒店外表看起来是很不错.里面还算一般了.给我印象深刻的是我第2天屁股就开始痒.害我赶快去看了医生.还好.没什么问题.可能是被子没洗干净.上面有细菌.肯定没消毒.被子不可能没换吧???建议大家以后还是住贵点的.不要贪便宜.也就一两百快的事情.象后来咱们去东莞住的海悦就非常好.500多一晚上.房间大.很新.环境也很好.服务员态度也很好。总之什么都很好.很满意.很值.相信深圳的海悦也不会差.我现在都不敢住3星4星的啦.哎,不放心啦.",0.0
颜色一边上深。一边浅。我都不好意思穿。觉得别人以为我装逼买假货。反正没有之前的好。,0.0
酒店设备，环境都还可以，就是早餐不怎么样。而且晚上有不明电话。女士接起来以后说是要不要足底按摩。希望可以改进。,1.0
伸缩方便、握感舒服，质量不错。,1.0
没有店家说的好。收到后洗后很多地方松线了。,0.0
我们公司做电地暖的，需要这种书，买了很多本了。。。,1.0
卡片夹呢？装订圈呢？什么都没有，包装太旧，我忍。佩服，这样都能发来。,0.0
作者在战几时之前用了＂拥抱＂令人叫绝．日本如果没有战败，就有会有美军的占领，没胡官僚主义的延续，没有战后的民发反思，没有～，就不会让日本成为一个经济强国．当然，美国人也给日本人带来了耻辱．对日中关系也造成了深远的影响．文中揭露了＂东京审判＂中很多鲜为人知的东西．让人惊醒．唉！中国人民对日本的了解是不是太少了．,1.0
之前在庆同买过不错，不过这次很失败。衣服严重偏大，变形也很严重。,0.0
洒店总体规模较小。入住时，房内卫生没做！解释服务员少，来不及，我是晚七点入住的！入住后没注意，到晚十点多才发现没网络，与总台联系不能解决，态度不好，还要客人事先声明要有网络的房间！不给调房。与携程联系后给调了一间有网络的。房间较小，卫生间下水道装修有问题，有回味！补充点评2007年12月14日：网带特慢，一晚上打开不几个网页，网络形同虚设，办不了事。,0.0
到货速度快  服务好 下次还买!,1.0
质量很好 做工精细  卖家服务好,1.0
本人wang上看到有人卖本书的教学光盘，最后费了很多周折才找到本书，呵呵书不错，光盘中的教学系统更好,1.0
性价比高的东西，在京东卖值得,1.0
"不错的酒店,环境很好,服务态度也很好,下次有机会应该还是会入住的",1.0
比不上2011年和2013年的内容丰富，很一般。,0.0
整体还行，就是感觉有点薄，有的地方还有线头！,1.0
大家千万不要去住这间酒店;那里的服务员好像你欠了钱一样;特别是前台;好像你杀了他们全家一样;但是收费确是4星的收费喔;房间的空调就像拖拉机;我真不知携程现在越来越差了'我现在只能每去一个地方跟人酒店去了协议了!,0.0
今天终于又看了一次《输赢》，第一次看觉得故事情节很吸引人，其他的就没有什么了，但第二次看下来感觉不一样，印象特别深刻的是周锐对生活得态度，以及他做人处事的态度，的确人生是短暂的，事业只是生活的一部分，最重要的反而是如何使自己过得开心快乐。另外就是方威的注重过程还是结果了。,1.0
杏仁 有些有点放久的味道，这次真不好吃！以前买的都没有问题。不知为何？,0.0
严重掉色，坑我们老百姓好家伙,0.0
优点：价格适中，位置方便； 缺点：房间奇小，怪味刺鼻；周围施工，吵闹非凡。结帐奇慢，开个发票半小时。,0.0
就是重装系统麻烦点了，默认的是LINUX系统，用的很不习惯，花了好几个小时，买了张萝卜家园的XP总算装好了，有问题大家可以打宏基的客服电话，4007001000，他们会指导操作如何重装系统的。,0.0
啥东西。。。。接汁的杯子跟图片不一样。。。这样的杯子咋过滤沫。。榨了杯子里是一堆沫。建议还是买美的吧。起码人家接汁的杯子好使。。。不满意。。。,0.0
跟李祺本相比，虽然有些局部字清楚些，但没有李祺本的隽秀，田氏本瘦硬有余，俊美不足。,1.0
不错，带着好看不知道防水吗,0.0
今天收到的货坏成这样怎么用呀！,0.0
这个鸟东西太坑了，太瘦小了，卷筒纸根本塞不进,0.0
款式质量很好，比想象的要好，没想到这么便宜，也能买到这么好的衣服，给5分好评 ,1.0
发生过一次漏水现象，美的来技术人员修理了。不过没找到原因。拆开后盖就不漏水了。,1.0
感觉被坑了，***点也不值，烟油给的太少了，还没怎么用两天烟油要没有了，,0.0
"纸质还可以包装很好卖家有责任心,价钱有点贵物流速度缓慢配送员好会吹水。让我白等了几小时!",1.0
有点不平，磨门框&hellip;&hellip;,1.0
京东 1：京东整体服务一般，不像11年的企业（2009-4-24订单，发票到现在还没给我，失望）。 2：首问负责制没有，客服毫无意义，不要认为客户没事找事，问你们的问题没回答给我，搞的像国企一样,0.0
差的要命，怎么东西，就是一瓶水给点颜色，别在这家买，谁买谁吃亏，你要是想退，这家店是不会退的，看这家店可怜，我还是买了没退，要是识货的就不要在这家水货店买，不要买，不要买，,0.0
看着便宜就买了，很差说不上，但看完也没什么得益，网上找个在线阅读就好了，没必要浪费十块,0.0
一次买了2个，喜欢它的外观漂亮,1.0
手链很透明，成色很好，带上有点凉凉的，证书齐全，包装很精美，希望能够给我带来好运吧！,1.0
日历和星期严重不准；还有时间也每天快几分钟,0.0
水货，没用几天就断了,0.0
环境交通都不错，房间也可以，下次还会再来,1.0
阅读内容很好，有注解，买了几年了，辅助阅读吧！,1.0
不好喝，苦的不知道杂回事，晕死,0.0
尺码合适，质量确实很不错，哺乳很方便。,1.0
包包不错，特别喜欢，做工精细！朋友还想让我代买一个！下次还会光临哦！,1.0
物流太慢，要二十五天到。,0.0
设计新颖，不算大，能放五六个苹果。就是味道大了点，散散能好些，做工能再精细点就好了，个别地方有点磨手。快递员态度满分。,1.0
老婆考试要用，没什么好说的了,1.0
嘻嘻，很不错哦，一直都只买这一品牌的,1.0
十几年前，龙应台写了一本 野火集 。在台湾卖得火得不得了。 为什么，因为那里面揭穿了当时台湾的社会真相。它告诉了当地的学生，以及社会人士，我们如何改造我们的家园。 我想说的是，常识正是这么一本能教我们看清社会，清晰未来道路的书。只不过，结果却不由我们，由那些我们渴望素质更高些的官员们。 不论怎样，我们应该相信，这种民主的声音不泯灭，我们的社会就有希望。,1.0
这个经典肤色颜色太暗,0.0
买的盘多了，就这盘还行,1.0
活动买的，孩子要看，快递人很好。,1.0
货到了，大小合适,1.0
假冒伪劣 粗制滥造,0.0
本人5月3日入住。设施太陈旧，一股霉味，住店还收停车费，强烈不推荐。另外，协程给出的地址有误，是浔阳路，不是浔阳东路。,0.0
房间还行，满适合商务出差。距离机场仅35~40分钟的车程，就在天津经济开发区内，属于塘沽地区。周边环境已经很成熟，餐饮娱乐都有，个人感觉很方便。补充点评2007年12月26日：但是低楼层的房间没有窗户，这一点可能会比较令人郁闷。当然如果多出一点钱就可以订到楼层高一点（10楼以上）的房间，那养的话窗外风景感觉就迥然不同了。前两天刚去过，正值圣诞夜，还获赠了一个圣诞老人的蜡烛，很可爱哦！,1.0
给外甥看的，买着方便,1.0
衣服已收到好多天了一直忘记平价了，说心里话那衣服质量太差了些所以以后也不会再来了。,0.0
刚到手需要Vista系统 自带的软件一大堆，感觉没什么用 硬盘没有分区 装了一个内存条，感觉速度还是慢,0.0
这套运动服尺码偏小，裤子太窄，象西裤，根本就穿不了,0.0
除了前台服务态度一般，基本不会微笑，其他情况良好。房间干净，周围有苏果超市，交通也算可以。卫生间感觉太小了。,1.0
很好，值得拥有，就是小了点,1.0
还好还好哈就行了好好,1.0
在京东买到最差的东西，买这么多天今天无聊发飙一下，不是全真皮，部分是真皮，手心位置有瑕疵，像被硬物钩过的残品，可能是实体店退下来的，京东选经销商一定要慎重，否则影响你的品牌及口碑，手套戴过后手上有残留的黑色脏东西，估计是染料干了东西，手套光泽度也很差，比我同事在外网买的45块钱的差多了，我以后还是只信赖京东自营的产品吧。,0.0
物流太慢了！！东西也不咋的！！,0.0
物流速度，真的够可以了。慢慢慢慢慢慢慢慢慢慢。,1.0
快递迅速满意，但收到包包后觉得不值这个价，唉，买亏了！,0.0
地理位置超好，步行至外滩仅需4分钟，真不愧是黄金地段中的黄金。房间很大，很干净，对房内设施超满意，上网速度就像飞一样。晚上很安静，在寂静中欣赏窗外黄浦江的景色真是一种说不出的享受，建议第一次来上海的朋友选择江景房试试。早餐不错，丰盛，食品质量高，可选样式超多。晚餐是单点的，如果选择靠近窗户的位置用餐那真的是梦幻，比较适合家庭，情侣用餐或洽谈生意。三十一楼酒吧，是我所去过最高，景色最特别，服务最到位的酒吧，多了我不说，自己去体会就什么都知道了，两个字形容“梦幻”。酒店的总台和礼宾服务周到热情，真不愧是国际管理集团旗下的酒店。无论在哪方面的服务真的很周到细心，如果以后还有机会到上海，我很愿意再度住在这里。,1.0
很不值价，不能用。,0.0
性价比还好，上pconline看过近期好像降价了，3899，不过在这里买3999还送这么多东西，还好啦！,1.0
买回家给小孩看电影的，不错,1.0
散热口在右边不是很理想。装了XP系统，但没驱动，只能V的驱动，网上找了一些，但蓝牙不能用，一些快捷键也不能用，要有XP的驱动就好了,0.0
乌龙院很好看，搞笑，支持京东,1.0
污损。。。。。。。。。。。。,0.0
没用呢，估计也不怎么样。。。。。。。,1.0
超喜欢张爱玲，购齐了全集，还有《千疮百孔的爱》，买这本书只是为了爱玲多一些了解。有些失望。莫名的悲哀，想像中爱玲应该是金枝玉叶，虽饱受风尘之苦，却也是冰清玉洁，不想竟也碰到胡兰成这样，恶俗的混世魔王。记得看过一本和坤的书，人家虽是大贪官，却也对妻子冯氏，有情有意，有始有终，另生一种敬佩。爱玲最后也是漂泊半生，郁郁而终。生不逢时啊！,0.0
不好用，非常不好,0.0
当当虽然很便宜，原价是23.80.我买回是10块多，但里面很多页是漏印的，请当当网还是那个中国社会科学出版社检讨。,0.0
还好吧 送个媳妇了 她说希望不要掉色 哈哈,1.0
才开始用，味道很好。,1.0
伊利，中国好奶，哇哈哈哈哈哈哈哈,1.0
纸卷太小长度也不够,0.0
家用的，送货到家很不错啊，一直买下去了，满意,1.0
零食感觉还是很不错的。,1.0
东西还好吧，很一般，没什么新意吧,0.0
一直都在使用，很OK的一款,1.0
少发货 不告知 什么玩意儿,0.0
孩子不同的年龄阶段都需要不同的教育方法，一直为怎么教育好小孩子苦恼，看到则本书后，真的有找到导师的感觉，这些方法我和老婆都很喜欢，认为不仅仅适用于几岁的小孩，即使上了小学、初中、青春期，这些方法也仍然能够适用。感谢则本书，让我改变了做为一个父亲的心态，希望即将成为父母或已经成为父母的人都能看一看。,1.0
产品很好，很精美，够大，顶,1.0
什么鬼，我买的手办，一直没收到，然后显示一个不知名的地方签收，钱也退不回来了，卖家完全不说话，差评差评,0.0
1.导航装好后正常情况下导航显示屏幕下面那行字是看不到的，这点缺陷是最致命的。\n2.装好后收音机信号很差，没几个台是正常的，都是很大的杂音。\n3.那jdy-小草的服务态度不是一般的差，差差差,0.0
差评鞋子尺码有点小，说送东西，什么都没送,0.0
不建议购买  盘子太小  最重要的是碗太坑   碗摞在一起就根本分不开  十分不方便取用,0.0
N280比N270提升不少，但最重要的是电池续航时间真的很长，上网、看电影7小时没问题，一个字，爽！！！,1.0
我不想说了，太伤心,0.0
送货了3天，好不容易收到货，晚上打开一看，有个角破裂了，算了，不影响外观，结果一早燃气公司工作人员一来说，小姐你买错了，才发现纸盒跟产品不一样的型号～～,0.0
按摩效果还不错，就是味道太大了，已经放在外面晒了2天了，胶味还是熏得人直想吐！,0.0
质量不错，感觉空间小了点,1.0
没穿几次居然坏了......质量实在不怎么样,0.0
分辨率太垃圾了  反应迟钝   这个价位太坑   die了,0.0
第一次在网上买东西，质量不好。做工差,0.0
都穿了好多天了，质量很好。没出现钻绒,1.0
感觉和照片上的不一样，但是东西不错,1.0
酒店位置非常的好，客人每次都要点名入住。 只是不知道为什么每次前台都为了吸烟区和非吸烟区和你捣糨糊，即便你预定时已经强调而且也得到了确认，前台也要试探着给你换成吸烟区做无烟处理，真真被打败了！,1.0
竿梢断了，问客服，忙的很。没人理你，你如果要买东西，就不忙了，垃圾水中情垂钓专营店，,0.0
衣服收到了，我老公穿上挺合适。颜色质重都好，下次还要买，。,1.0
质量实在是差！！！！！！,0.0
专为听这个月光下的凤尾竹，好。,1.0
有些差就和小旅店差不多离机场还有一些距离不建议去住,0.0
吊坠连接的太粗糙了，当天就坏了,0.0
有滑痕，不怎么滴，不要买,0.0
包包不错，很喜欢。。。。。。。,1.0
每盒烂了十几盘，不值得采购，在京东买东西我从没有给过差评，这次真的生气了，也懒得退货。,0.0
浙江到广东中山，有购买到发货，一个星期，真心无语,0.0
书非常脏，书非常脏，书非常脏，书非常脏,0.0
袖子太肥，里面商标望外跑,0.0
作为个人经验在网上谈谈可以，但拿来出书就有点过了，书中还有些明显的谬误。不过文笔还不错，建议写写散文好了。,0.0
这个裤子不知道咋么穿！失败的一次购买,0.0
早餐非常简单和差，距离客房很远，需要到后面的附楼，或者通过弯弯曲曲的后勤走到，非常不方便。我住的豪华标间，装潢有点旧，较简单。办理行李寄存只有1个人，7到8个客户等着提和寄，等了约20分钟。退房也只有1个开票和结算的人，12点办理时，有10位左右的客户在等待，总台服务小姐说;领导只有安排一台电脑办理退房开票手续，结果我等了足足30分钟才办完。与四星级服务差远了。所有台阶没有斜坡，拉杆箱只有提着上，更没有行李员帮助提的。,0.0
明明买的是白色，来了就成米黄色了。,0.0
放在钢琴里防虫的，比较安全，味道不那么大。,1.0
"1.酒店走廊,房间有异味,走廊比较明显2.四星酒店很多没有宽带,有宽带的又需要adsl拨号,对于有些商务人士难以解决问题3.酒店位置相对来说,有点偏离市中心,与介绍不符补充点评2008年4月29日：PS:此酒店的各种房间应该来说,我都体验了，号称只有2间的不知道啥名字的房间也不如新的3星酒店！",0.0
前前后后住了好多次，位置方便，周边有很多吃饭的地方。就是房间有点小。,1.0
织物太稀疏了，放在脸前能看清对面的人。感觉像地摊货。已退货，运费还得自己出，居然还说不是质量原因。,0.0
打发票用的，目前没发现问题！,1.0
很不错  有点难度。。。。。。。。。。。。。。。。。。。,1.0
第一感觉不是真皮皱巴巴的，跟前在实体店买的跟本不一样，想退货又太麻烦了，不能去网上买这种皮衣了,0.0
价格太高不直*元比超市贵,0.0
冲着光盘去买的，还不错,1.0
好&hellip;&hellip;不错&hellip;&hellip;下次还来买,1.0
可能因为是遗稿，总觉得有点凌乱。但是，总体还不错。感叹九莉的一生，如此坎坷。有父母象无父母，一出生，即被父母，过继给大爷大妈，而亲生父母只能称之为二爷，二婶。有爱人不如没有爱人，先后深爱过的男人，邵之雍，燕山，都离她而去。使她满腔怨恨无处控诉。从而描写了在中国封建社会制度下，女性的悲惨命运。她们往往不能主宰自己的命运，而这个控制权却牢牢握在男人们的手里。,1.0
软软的，吸水很强，很喜欢,1.0
一般般啊！！！！！一般般啊！！！！！,1.0
很好啊啊啊啊啊啊啊 ,0.0
与商品描述太不符合了，感觉上当受骗了,0.0
电脑装上，发现运行挺卡的，我就搞不明白了，奔腾四核十4G内存十1T硬盘的主机，怎么会那么慢。,0.0
不负责任的卖家以后不在这里买裤子了\n,0.0
"大约2年前住过一次,也许是新装修过的原因,这次去感觉比上次要好,房间感觉不错,服务也蛮好,酒店租车的价钱也算公道",1.0
"挺实用的,很喜欢，下次还会来。",1.0
质量还可以，就是肥大。,0.0
衣服很大，裤子却很短，而且裤脚也很窄，面料没有问题，因为尺寸不对所以穿起来不舒服，因为衣服太大，所以领口也特别大，实在是不喜欢，懒得退也就算了。真怀疑衣服是大码的，裤子却是小码的。,0.0
真是一点信号都没有,1.0
这个快递，，，，我是彻彻底底无语了,0.0
我是第一次来这家酒店入住，总体感觉不错。这里的员工都很热情，房间也是新装修的，很安静、也很舒适。这里的交通非常便利，四通八达的。房间里的液晶电视、科勒卫浴、纯毛地毯、宜家家具。。。。。。给人的感觉很上档次，有品位！而且，上网还是2M独享，还不要钱，超值啊！！！强烈推荐朋友们来这家酒店入住！,1.0
体能好的，，，，，急急急,1.0
本本很漂亮，外观不错，配置也不错，但是拿货的时候没注意，在本的下方掉了一小块漆，想着都已经把本本拿走了，估计人家也不会管了，好在不是很明显，总体还OK。,1.0
哇，比想象中要大，能蒸好多东西，给力,1.0
不错.质量挺好的.速度也快. 赞一个！,1.0
一个字好呵呵两个字喜欢,0.0
说好的买2送1买之前还问了客服确定了，结果就发了2个，收到之后问客服也没人应。骗人的把戏难怪没有评论，估计都是差评。,0.0
做工很差，买了两个整排的烟斗都不好，接缝不合。,0.0
到京东买就是 看中京东次日达，第二天送人的。结果足足等了一个星期，还不能退货。体验太差，差评,0.0
、、、、掉毛掉的厉害，屎吧,0.0
杯套有点小了，500毫升的杯子装不进去，,0.0
住好几个沈阳的酒店了，网络都不好，这个也一样，尤其是晚上11：30以后，好像就断了，再也连不上。郁闷死！酒店比较安静，但是大床是两张单人床拼的，不太爽。酒店周围吃饭的地方不多，也不太好！,1.0
粗暴。一分钱一分货。。,0.0
差得远！东西与照片差异太大,0.0
我非常不想写这次的评价，特别是在正月里。我购买的商品被收到了，反正将近付款三个月都没见货。给客服反映两次，没结果，一个好心的客服让我直接联系老板。给老板沟通了两次，没消息。不就是我损失了**吗？希望广大的消费者擦亮眼睛。,0.0
完美屏，暂时一个点也没发现，机器拿到手开机看硬盘通电时间大概4小时，可以接受。 内存加到4G，比我台式机稍慢一点，但对于个人而言，这个配置足够了。,1.0
与许多漫画书差不多，没有特色，工具书,1.0
这个浴帘还不错，用起来可以。看着还好。,1.0
还没用，样子不错，很时尚,1.0
物流太太太太太太慢慢慢,0.0
说好的赠品都没有，这算个什么事啊,0.0
真的很好，我经常买，也不给我打折。但是送人不错,1.0
为什么对GP的1300mah的老电池不能充电？电池用标充可以充电，并在收音机里正常使用，电池没坏。但放入这个快充后，直接闪灯。难道不是这个功率大，更应该能充吗？说明书上写对1300mah是支持的呀&hellip;&hellip;,0.0
宝贝不错，说明书垃圾，不通俗易懂！,0.0
"今天刚从蝴蝶谷酒店回来,环境很好,很宁静舒服,是过两人世界的好地方!补充点评2008年2月24日：酒店的装修别具风格,其欠缺的就是客房的隔音不太理想.",1.0
垃圾中的垃圾，图片跟实物差距太大了,0.0
　因为名义上是叔侄关系，沈星空和沈之曜相恋备受周遭非议。重压之下，她远赴国外求学。四年分别却无法让心平静如水，再见面，心如往昔。\n　　一同归国，本以为可以重新面对美好未来，却不想一切已物是人非。\n　　爷爷瘫痪失去意识，沈之曜接回神秘又充满恨意的生母，姑姑真假难辨的提醒，一切都让星空陷入了深深的迷惘。\n　　试图探查真相，暴雨夜，沈之曜竟骤然变脸，疯狂得差点取她性命。\n　　死里逃生，她发现肚子里多了个突然造访的小生命。\n　　身体日渐衰竭，这孩子留，还是不留？\n　　那句&ldquo;你是我的命&rdquo;还回荡在耳边，她还能相信吗？,1.0
字体太小，作答时候没空白写答案,0.0
当当网名不符实，订货多日不见送货，询问客服只会推托，只会要求用户再下订单。如此服务留不住顾客的。去别的网站买书服务更好。,0.0
宝贝收到了  物流很快，包包的质量不错，颜色很漂亮很上档次，喜欢~,1.0
差评一点都不好买来都是,0.0
谢谢老板的耐心，来回换了好几次，终于合适了，帮家人买的，家人很喜欢！,1.0
电量续航不足就这么是的方违反单位等违法的范围如此V,1.0
加粉后打印机彻底无法打印了，打印出来全黑，手一摸打印出来的纸就一手的碳粉，感光鼓上也尽是黑色粉末，打印机就此毁了。也许是加粉操作有问题导致的。,0.0
这么大个洞，店主竟然说不是质量问题,0.0
大小正好，鞋子也挺好看，非常满意。,1.0
比雀巢的香，味道纯正，冲开后没有那么多不溶沉淀物，也没有劣质奶粉的味道，挺好的。,1.0
"硬件基本什么都不缺,但又总觉得缺点什么!",1.0
质量真不敢恭维，全是塑料毛边，扎手！做工太差了，2元店的都比这好。,0.0
G 105M显卡还是弱了些，ATI HD 4570会强些。现在DDR3内存偏贵，等它价格降下来再加内存。,0.0
"别墅式的房间,价格便易,环境舒适,交通方便,走五分钟就有酒家.如果能四家人一起就更好,下次还住这家.",1.0
酒店应该加强服务意识，配套很差，该有的服务没有，环境比较旧，应该加以修葺，翻新，配套设施与服务应加强。,0.0
土豆写的书太精彩了,1.0
我买的是**商家却电话通知我去店里安装.说了给退钱却没有下文了，有种被欺骗的感觉,0.0
下次不买了，朔料味太抢人了！,0.0
裤子一般，只能说一分钱一分货，发货速度比蜗牛还慢，1号下的单，9号才发货，客服的态度也是极其恶劣，以后再也不会在这家买东西了,0.0
书还行，但是快递到了之后我的书的交都整好了，真是的气死了一点满意最起码那个盒子之类的东西包一下啊！就一个袋子，服了都什么啊！,0.0
送货快，质量可靠、携带方便。,1.0
"片子是数码修复版,画面很清晰,播放时选中文,偶而会出现一二句英语!",1.0
实物和照片上有差距，质量一般。,0.0
服务还可以，饭菜价格也挺公道，就是早餐品种少了点，没啥吃的，而且都是冷的。被子没洗干净吧，枕头和被子都是臭的，没法睡,1.0
这本书和《想入非非》一起买的先看完《想》后看的这本书感觉这本书的情节比《想》要复杂描写的也恰到好处女主角疯狂的追求男主角男主角用自己的腿换回了女主角的生命并一直爱着她 明知道女主角假装失忆报复他的杀父之仇但男主角还是一直爱 为了她不顾一切最终女主角放弃仇恨 与男主角在一起很让人感动 值得一读,1.0
书的纸张非常差，跟地摊货一样；书的内容很low，跟火车站卖的似得。想认识徽州文化的，另觅他书！总之，就是差差差，什么Low货编的书！,0.0
真的很垃圾，以后再也不相信网上的东西了，都是p图p出来的,0.0
值得一看的小书，当消遣或是对舞台感兴趣想简单研究下都可以,1.0
其他都还好，就是发票要了20多天都不给，实在是太差了，没发票我怎么保险啊，我以后不在这家买了。,0.0
不太好，穿了脚有上臭,0.0
太差了，都选了打印发票结果没有，物流也慢的要死,0.0
衣服破了个洞&hellip;&hellip;索性不大缝缝就好了，凑合穿吧。,0.0
前两天去上海住在古北湾酒店。对酒店的服务感觉还可以。早餐也不错。房间设施稍微有点陈旧。不过对于短期出差来说还是比较合适的。酒店离虹桥机场很近，在国内转飞机的话有利用价值。离市区就比较远。总的来说根据出差目的和地方，古北湾是值得考虑使用的酒店。,1.0
用了之后脸太干了，都是干皮，已经不用了,1.0
宝贝收到了，质量挺好的，包装也好，放在客厅不错，满意,1.0
烂东西 还88 上面黑钻都是歪的 周围的都没刻好 烂东西,0.0
多次购买了  真的不错 还要买,1.0
差评，涂了还脱皮，不好,0.0
悲催的一次购物，差评,0.0
装不了，怎么发的货，和图不一样\n。,0.0
不是很满意，照相还可以，带出去就好假,0.0
质量做工都很好，包包很好看，非常满意，好评,1.0
"感觉不错,还行吧,需要的可以考虑",1.0
宝宝用的可以呀,1.0
产品不给力，牛肉根本绞不动，猪肉绞着也费尽。,0.0
非常好，是自己喜欢的，手感很好，超级赞,1.0
地点很好，虽然偏闹了些。虽然没有早餐比较叫遗憾，好在成都是小吃的天堂而且尚能吃辣所以遗憾就少许多了,1.0
不值得这个价 装修很一般 酒店外是烧烤一条街 早餐非常简陋，没啥吃的。下次决不选择它。 连申请延迟退房都不肯,0.0
酒店位于较偏的西环，不过交通还方便，门口不远就是有轨电车站，2元可以坐全程，不过速度稍慢，站也很多。不过因为地段偏，附近吃饭相对便宜，茶餐厅15-30块就够了。房间设施一般，不过在HK面积算大了，毕竟才390港币，折算成人民币才350多。休闲游的可以考虑住这里。,1.0
"以住宿来说,是一个不错的选择,不过餐饮选择不多。地点不好找,也比较偏,自己开车会方便点。整体来说是一个可以的选择。(NA)",1.0
好脏的书，还有几个大大的黑色指印,0.0
不错不错不错不错 哈哈 好,1.0
"都还行吧，就是有一点特别不满意，当初下单的时候还专门问了客服钱包能不能装我的oppor7puls,客服还说没问题，我还超满意的，结果收到货的时候手机装不进去，这不是欺骗消费者么，这点超级不满意，我如果知道我手机装不进去我就不会买，我总不可能为一个一百多的钱包就把我几千块钱的手机换掉吧！差评，差评！",0.0
我们定的行政大床房，装修很不错，就是床小了点，小孩子一起睡比较挤；还有窗的下面就是设备房，开窗后轰鸣声较大。酒店和携程的服务态度都很好，因为我和朋友衔接上的问题，预订修改了两次，他们都不厌其烦，非常感谢！,1.0
书是样书，可能是因为冷门的书,1.0
线一般，涨号，串色物流也不快！,1.0
很不好用，取出来很费劲，使用中也不香，不容易涂匀,0.0
周作人只是一个有着自己价值观的读书人，不用过高的拔高也不应有任何目的的污蔑。,1.0
一本挺厚的，不知道有沒有用,1.0
不值这个价！差劲！,0.0
包装盒底边有点儿破损所幸没什么大碍。,1.0
不柠紧的话，漏水太明显,1.0
房间太小。设施太简单。服务太冷淡。不会再住。,0.0
刚买就降价 还不给返钱，不良商家～,0.0
说完好话，说点不足的地方吧，免得被人当是托！系统是命令行的Linux，改装XP有点小麻烦，一般人搞不清楚！其次内置的摄像头成像不是很好，只能算够用！品牌没啥号召力，不懂行的菜鸟看到的都说怎么买山寨本！,0.0
和图片差别太大，质量怎么样先不说，没有弹性，特别短，穿着显胖，懒得懒得换了，凑合穿吧,0.0
请你们立即将我当当帐号里的10元 礼卷 取消掉！！！谁需要你们那破 礼卷 ！！不是明确告诉你们不要放这 礼卷 在我帐号中吗？本来那天接到你们的道歉电话我已经不再提这事了。不取消这破 礼卷 我将继续去“写评论”！！！你们怎么这么讨厌！！！KF051501056101361930,0.0
面料还可以，但整体质量差，衣服线头多，不太保暖，防风魔术贴车的技术太差，去旅游才穿第一天，袖子跟衣服正面的魔术贴已掉，穿了第三天，袖口拉紧的塑料拉带车的线已断一半，要脱离衣服了。这是我在京东购物最差的一次体验,0.0
拖把转盘是旧的，明显是用过的,0.0
非常不满意，年前买的产品，一个多月了，没有安排安装，打电话推脱，,0.0
挺好用的一直买他家的,1.0
"去的时候,酒店大厅和餐厅在装修,感觉大厅有点挤.由于餐厅装修本来该享受的早饭,也没有享受(他们是8点开始每个房间送,但是我时间来不及了)不过前台服务员态度好!",1.0
空转试试了，还可以吧！家用足够了。,1.0
酒店感觉很不错，服务态度很好，就是房间的温度太高了，打不下来，感觉有点闷！其他各方面都很不错！洗手间也比较大。1楼餐厅的西餐味道蛮好的。宾馆反馈2008年1月23日：谢谢您的夸奖，房间温度太高我们已经相关调整中了，相信下次您再次入住时问题肯定解决了．我们酒店全体员工恭候您的再次光临！,1.0
自营营成货不对版！不想自营了好好学下t*吧！,0.0
MP3感觉是TTS朗读，单词含义读的不全，单词之间间隔极其短；\n439页左下角oerhear从旧版就一直存在，买回新版一看还是没改,1.0
自营店售前客服素质差，网页介绍没有载重。产品质量不可靠，前叉和把组连接处的连接件硬度过低，导致滑扣，换件费用6元。继续观察中。,0.0
擦擦擦擦啊辣子凶你,1.0
材质是塑料，感觉上当了,0.0
很不错。赞一下快递小哥。,1.0
还没看太明白，图示比较少，都不知道在什么地方,1.0
 尺码合适，穿着好看  ,1.0
"我们共5人,其中有外宾.一共住了2天 前台的服务态度很冷淡,让人感觉很不好 房间还是干净的 但感觉对不起它4星的招牌 同行中一人没有使用房间内的服务指南本,甚至没有打开过 退房却被说在服务指南上留下了一道圆珠笔印子 要求赔偿40元 因为急赶飞机，申辩无效后就气愤的付钱走了 这样的服务态度,真让人失望 下次我应该不会再选择它了",0.0
试用了一下，配上大镜头，M就显得头重脚轻了,1.0
在买书前怕看过书后对什么食物的胃口没有掉，结果是有想一口气读完的感觉，很喜欢书的排版，看起来很舒服，面对现实不会有压抑的感觉..看着作者所说的一个个手工作坊被添加剂妖化为批量生产真的觉得好心痛，很怀疑现在的中华老字号还剩下些什么..日本的食品现状是这样子，那么在中国呢？很实用的一本书，看过之后真的是受益匪浅，从此食品包装袋后面的配料表对不知情的我们不再是一个摆设，起码会多留心一下..,1.0
差评，绝壁差评，什么玩意儿，买个东西，颜色给我发错了，而且是二次，更气人的是，二次同一个颜色，还个袋子就给我返回了，从客服口中得知的仓库，烂的掉渣！发货完全随自己心意，叫我们写小纸条备注，有什么总，还是熟悉的颜色，还是原来发错的货！只是换了包装，算了不说了，下次不上当了，浪费这么多天的时间。,0.0
"综述:见过差的四星酒店,没见过这么差的准四星酒店.详细描述:1,基础设施问题:酒店承诺可以宽带上网,但房间经过更换,才可以使用.房间设施比较简陋.和四形标准有一定差距.具体表现在:家具陈旧,没有必要的办公用具.床具不是一般的硬,而且有明显的污渍.2,服务态度问题.到达酒店时,门童没有服务意识,不仅不帮助客人拿行李,而且开门的意识都没有.总机接线员不仅不使用双语,而且连基本的礼貌用语都没有.3,安全保卫方面问题:酒店防火安全意识不够高.首先,酒店房间内的插座和电源按键安装不稳定,部分地方有明显松动的状况.其次,在酒店3--4层的安全出口的过道内铺设了地毯,根据消防法的内容,酒店安全出口的过道内是不能铺设地毯的.保安并不尽职.4,餐饮问题.酒店早餐没有水果,这是我以前住酒店从没遇到的.没有就没有吧,但是,酒店独出心裁,把塑料水果放在餐台上,不知酒店是考察客人的智商还是工作人员失误.以上就是入住此酒店的感受,但此酒店不是一无适处,酒店门口有轻轨,交通还算便利,距机场较近,前台的一位接待人员和电脑工程师值得表扬.如果你不追求享受,如果你可以忍受没有网络的日子,如果你可以对酒店服务质量不做更高要求,如果你可以保证你入住其间,酒店不会发生火灾.我推荐您入住此酒店.",0.0
物流慢了点。送货员态度不错,1.0
不错，就是安装说明书是英文的，得花些功夫才明白,1.0
盖子质量和正品不一样，而且小了，根本盖不上,0.0
东西可以，就是配送时间太长太长。,0.0
物品已经收到！就是快递慢慢,1.0
这杆太差了还脱节信来不过。,0.0
颜色和图片有点儿差异，材质都看不出是牛皮的柔软。容量和想像的一样，先用着吧。,1.0
正本书是同事让我代买的，她是位国家二级心理咨询师，同时她又是位很称职的妈妈，她女儿刚满4岁，按她的话说这个年龄是接受家庭教育的好时机，她常会买些儿童看的书给孩子阅读。我同事说这本书的内容围是围绕着作者女儿成长的经历写的，其中，作者的做法对家长们在家庭教育上有一定的借鉴作用，一般可阅读到到孩子上学后，还是比较值得购买的。,1.0
手表还可以，机蕊比较好，但表带的拆生没用螺丝发夹显得不够高档望以后能改进,1.0
"每次去济南我都会住在山东大厦.酒店设施周到完善,服务员服务到位,很多细节上凸显了酒店的人性化考虑,总之,非常满意!",1.0
质量很好，物超所值，物流很给力，真心的满意，实用,1.0
质量差 质量极差,0.0
很好，看上去够档次&hellip;,1.0
速度快 打印效果好 比外面便宜,1.0
和图片一样，是我喜欢的样子,1.0
"25-27通过携程订的豪华园景连住3晚.中午到酒店,大堂马上送上欢迎项链,冰毛巾,和非常好喝的饮料.只是由于没有打扫完,让我们等了一个小时.这是我们全家第二次入住万豪,房间打扫得非常干净,我们住的房间可以看到泳池和大海,坐在阳台上望着远处的海,和花园的景色,真的很惬意.酒店的自助早餐很丰盛,12岁以下儿童可以免费,非常适合全家住.由于早餐",1.0
衣服有个污点，换新了，还没收到,0.0
外观很漂亮！性能对于我来说足够了。,1.0
快递太慢太差太差太差！！,0.0
尺寸太大，皮绳太差了，最次的一次购物，卖家还爱理不理的，算了，想入手的朋友们注意了,0.0
这个后壳是把小米自己的壳卸下换上去的！所以自己斟酌吧,1.0
用了没啥效果呀，哈哈哈哈哈哈,1.0
感觉还不错，朋友看了一点觉得可以,1.0
收到了，对象试了试说特别舒服,1.0
物流太慢     人工服务太差     质量不错,0.0
还可以吧，下次去泡温泉の时候可以装些衣服,1.0
一般吧，冰糖太多了,0.0
还没用，希望效果好，快递也快,1.0
宝贝做工材质都不错，部件做工安装都很精密，孩子拿在手里爱不释手，只要孩子喜欢就够了，谢谢卖家。,1.0
价格很优惠 款式也不错,1.0
坏了，很不好啊，都臭了,0.0
太一般啦..........,0.0
终于知道为什么锦江之星做不过莫泰了。态度决定一切！明明收到了携程的短信和佃户确认，但是晚上到了前台居然说没有信息。搞了半天，因为入住的是我朋友，当时预定的时候就没有用我自己的名字。关键问题是，我们一到前台先报了我朋友的名字，而且我朋友的身份证也给她了。结果，搞的我们虚惊一场，做事太不仔细了。服务绝对有问题！总算顺利入住，靠马路的房间是有点吵。但是将就吧！结果，唉，洗手间的毛巾有一条脏的不行。不知道他们的客房打扫是怎么做的！第二天结帐，居然告诉我们被子脏了，要多支付20元的清洗费。先不说他有没有明码标价，我纳闷的是，难道他们的被子原本是不洗的吗？20元不是什么大钱，但是这个做法极端的让人不舒服。像我们这种经常出差的，大大小小的酒店住过不少。这样的事情还是第一次遇到，说实话，我情愿多花钱去住莫泰，以后也不会住锦江之星了。,0.0
材料太薄，使用后很容易皱,1.0
质量不好。刚拿到就是破的。连个包装盒也没有，就一个塑料袋装着。,0.0
这是巧克力吗？哭死你大爷了！,0.0
这丫的事是一次性的呀,0.0
了来咯哦哦哦我就来啦吧额,1.0
宝贝已经收到，物流很快，和卖家描述一致，做工精细，颜色好看，比专柜价格优惠，包装的也很好，非常喜欢,1.0
"入住A栋,房间很大,面海的房间还有大阳台.房间内设施全新,服务周到贴心.早餐品种丰富,味道很好.酒店离海外很近,对面过了马路穿过一个小公园就到了.",1.0
宝贝很好！多次购买了！还会再来！,1.0
很棒一本书、看看书很好的。可以多些知识,1.0
非常满意，服务贴心到位，还主动把携程的预定门票换成门票，我们可以不排队。房间干净整洁，还很漂亮，很赞的,1.0
京东上的价钱也不统一的,1.0
"这是一个关于双胞胎兄妹的故事,这对不幸的双胞胎却遇到了富有爱心的夫妇,虽然之前他们也历经磨难,那趟他们一直没有机会赶上的火车,那清晨迷路后却意外地闻到浓浓的肉香味时,感动的不仅是这对双胞胎,还有我!相信吸引读者的不仅仅是故事的情节,当然情节也是相当的精彩!在给本书下评论的时候,我选择了适合它的人群,其实这本书,不仅适合那些未成年的孩子,也是成年人的良师益友!",1.0
这个还没来得及吃，应该挺好的,1.0
裤子脏旧，标签还是女裙的，太不负责了，差评！,0.0
价格便宜，但不实用。用了一次就换回带式的了。,0.0
蛮可爱的，就是有点小贵。,1.0
物流太慢，客服态度太不好。物流太慢。太慢，韵达快递，太慢，太慢。太慢。,0.0
第二天住的豪华间还比较不错，比第一天的豪华间好多了。酒店离市中心很近，总体来说还是比较方便的。只是感觉价格在徐州来说算是比较贵的了。,1.0
蛮好的 无油烟。。。。。,1.0
山寨的，一不留神买错了，懒得退,0.0
很好很好看，质量不错。&nbsp;,1.0
不错的烟斗，入门首选,1.0
买了一堆，很划算，很好,1.0
宝贝质地非常好  就是有点小,1.0
质量极其差劲质量极其差劲,0.0
宝贝收到了 质量不错的 净化效果很好的 卖家发货速度很快 很满意  好评,1.0
一直在用，一直在换,1.0
青山环抱，环境幽雅。服务态度较好，饭菜不贵，味道也不错，水库里的鱼好极了。可以钓鱼，渔友可以带上家伙，多住两天。我这次时间太短，遗憾啊。房间异味较重。,1.0
和以前买的品胜数据线 看不出来这个是快充 也没看到线比以前的粗啊！,1.0
"不错的酒店,服务还可以,下次还会入住的~",1.0
已经是第二次够买了，真的很好吃而且都是好的没有坏的，值得购买比超市便宜,1.0
酒店老一些没睡到大床外其馀都表现不错柜台人员服务很好早餐普通,1.0
还可以，就是我家宝宝不是很爱玩，送的棉垫太薄太小。,1.0
插上根本转接不了！,0.0
唉！每年都会住几次这家酒店，这次总的来说服务还是不错，就是酒店旧了,1.0
4月25日，经携程预订，入住四川宾馆西楼。到达后前台的服务员说查不到有预订，但是依然顺利地办理了入住，因为前台的价格跟携程的价格是一样的。这个宾馆不太好找，四川宾馆分主楼，南楼，西楼，三个楼相距甚远，出租车绕了半天才找到。之所以选择这里，是因为在网上看大家评价还比较高，而且说比较安静，离商业区又近。可是晚上问题来了，我的房间是临街的，楼下有一群人在夜市喝酒，房间的玻璃严重不隔音，一直吵到三点才作罢，睡得很不好。第二日去峨嵋山，27日返回，依然打算住这里，因为房间的设施还算是比较干净的。特意跟前台强调要一间朝里的安静的房间，可是没想到，新的更大的问题又出现了，房间外有空调或是锅炉的轰鸣声，吵得人耳朵极不舒服，更不用说睡觉了。忍受到十二点，打电话去前台询问，后被告知是空调的声音，但是本酒店的空调已经关了，而旁边另一家酒店的空调机依然在响，他们也没办法。主动提出给换一间房，没办法，只好把摊开的东西一一收拾，再换到临街的一个房间。这次倒还好，楼下没有人吵闹，可是卫生间返味儿，满屋子都是一股臭味儿，实在不想再折腾了，把妈妈带着的香皂放在床头，稍微抵挡一下。唉，总之，这次川宾西楼住的很不舒服，一号返回到成都还需要再住两 日，这次绝对不能再接着住了，换宾馆！,0.0
值得满意的一次购物，理肤泉真的很不错，快速吸收，用完了还来京东。京东购物值得信赖！,1.0
对不起评价晚了，这款杯子我是买了两个了，物美价廉做工漂亮保温好，好东西。,1.0
东西不错，比较实用，物流稍微慢点！ ,1.0
这个价位买到的棍子感觉不错,1.0
"刀无大碍，刀鞘律现粗糙,锋利不足 手感尚可&hellip;&hellip;",0.0
丝线不好还是棉线好,0.0
东西刚收到，首先，物流太慢。其次，买的与实物不相符。质量上和买时描述的完全两样。以后再也不从这家店买任何东西了，太坑人了。,0.0
珠子很破，大小不规则，一天不到绳子断了。花钱买个教训，以后不贪小便宜了，便宜没好货,0.0
客服态度hao，衣服少邮一件，很快到货，但是质量真心不好,0.0
1、第一次入住这个酒店感觉很好，房间的设施高级，很温馨，酒店的客房服务很细致，无意中与服务员提到房间的空调声响，下午回到酒店就得到了解决。2、酒店的中西式自助早餐丰盛，而且质量不错，特别是当地特产的云耳、笋等天然绿色食品很棒。3、酒店在交通上非常便捷，离机场只有7公里，到旅游景点仅20分车程，而且酒店有安排免费接机服务，司机李师傅很有礼貌，热情周到。4、特别值得一赞的是酒店的客房有免费提供拨打国内长途电话、水果、免费品武夷山岩茶等超值服务，总之相比武夷山其它同级酒店性价比高，非常值得给大家推荐。5、武夷山之旅非常愉悦！补充点评2007年11月2日：非常好的酒店，房间舒适，服务好。中西自助早餐也很丰富，还有免费水果及茶艺棋牌室消费券。白天游山玩水，晚上活动也很丰富。总之一个字“好”。下次去武夷山再选择住海晟酒店。,1.0
还可以，但是快递过来，包装整个都烂掉了,0.0
出于我第一次住上像这样的所谓3星级酒店，我也来说两句。。。 蓝天实在是太烂了，房间程度还是过的去，但是服务态度简直就是垃圾级的；宽带不好使，晚上直接就是不能用了，问了说是出故障；中午要了份 意大利牛肉粉 吃了差点没吐出来；白天忙着应酬、签完协议回来，晚上性骚扰的电话响了N次； 说到气人的事了：早上退房，总服务台联系楼层，第一次楼层说我喝了矿泉水，我就直接告诉总服务台房间里面什么都没有，可能吗？接着楼层又说我喝了可乐？？？晕死了。。。第三次楼层又说我把卫生间的避孕套的盒子给拆了？？？？？？差点没我给气死了。。。我火了就问了到底是怎么回事，就你们这样还是3星级的酒店？？后来装了个样查了查说是7月5日的住客消费了。。。呵呵。。。足足等了20分钟才弄清楚。同时也让开车来送我去机场的朋友在那站了20分钟看着。。。真冒汗了。。。,0.0
买给朋友，朋友大喊着对我说质量不好&rarr;_&rarr;,0.0
包包挺好看的，比那种纯黑色看着很专业的样子的包好看,1.0
"twins的广东新专辑,收藏",1.0
订的是豪华房，但是还真的挺小的。服务还可以，要求晚点退房同意的，酒店也有班车往返市中心。其实地理位置挺靠近铜锣湾地铁站的。就是后边的一片坟场，如果有忌讳就要注意了。,1.0
不说是 不锈钢吗？用磁铁会吸 ,0.0
包装很好，手感不错挺上档次的，价格也实惠,1.0
贵刚刚灌灌灌灌灌灌灌灌灌灌灌灌灌灌灌,0.0
可以作为工艺工程师参考使用,1.0
配置一般，同等配置电脑价格要低不少。材料是塑料的，手压会变形。。。不爽,0.0
"书的内容是不错,就是在书送达的时候书角有轻微的折损.这本书最初是在网络上看的,但想买的时候已经无货了,现在又重新放了上来,顾买来收藏,供闲时翻阅.其实对于一个女子来说,一个男子能写出如此细腻的文字确是让我大跌眼睛.清清淡淡的却又令人感动至深,没有多么的轰轰烈烈,却是摄人心弦的.就如其他人所说的,最终是有丝给人尚未完成的感觉,总觉得还有延续.但故事是写不完的,书却总是要个结局的.. 不错.",1.0
试卷的纸质差了点，还没开始做，感觉有点贵,1.0
非常不错的酒店，紧靠首都图书馆，交通非常方便。房间设施很齐全，还有洗衣机和微波炉、咖啡壶。性价比非常高，下次出差的首选。,1.0
快递是比较快，宝贝也挺好，就是不怎么清晰，比我想象中差了一点,0.0
真的没效果，我喷了两次，每次都是放置一周，味道还是很大，测了也超。,0.0
皮包焕然一新,1.0
没收到货，快递说赔钱给我，一直没有赔，快递员都换了,0.0
快递慢。而且我要的是眼镜盒加眼睛布的。运来的却只有一个盒子。差评,0.0
这本书是买给小外甥的，原本以为会是一本很厚的书，至少内容没那么少和单调吧。收到货时，打开一看，太失望了，真不值得，和价钱相比这书太不值了,0.0
hhhhhhhhhhbhbbbbbbbbhhhhhhhhhhh,1.0
昨天收到洗了，今天试了下不错,1.0
发货没有发票，然后两件有一件下摆都是黑点就申请退货，因为年关将至快递停了错寄了外埠包裹，后面试图联系收件人李先生短信电话皆无回应，打电话给邮局协商退回，邮局工作人员说商家有很多退货包裹，他们统一派EMS人员投递到家中，中途联系客服也没有回复，无奈之下只能请京东介入（第三方交易纷争），卖家终于出现给我退了款，从年前1.28到3.3 客服多次询问都不回复，第三方商家做成这样也是醉了，寄错了是我的问题，让邮局退回他们说已按EMS进行配送，还是没有回复，这个服务也是醉了,0.0
"11月2日刚去的莫干山,根据携程网的信息预定,由于从没有去过,所以对价钱并没有太具体的感觉,以为山上是比较贵的,但到了那边原来是一个私人承包的小旅馆,服务几乎没有,设施一般,更过分的是,老板心太黑,淡季居然依然收旺季的价格,一间要收790元,问了问其他的宾馆,包括最好的莫干山庄,比这家的环境服务质量要好上百倍,价格只要200多,真不可想象老板的心是怎么长的,携程居然回收录这样的商户,希望携程今后应多为客户利益着想,将这样的商户排除出去,以免其他人再上当,这样会极大的影响携程的形象的.",0.0
产品批号已经1年了，而且二维码也扫描不出来该产品，看来是假货无疑了，唉，京东也不能让人信任了,0.0
哎，毕竟才这么点钱嘛！,0.0
下单时说了要玫红色，还发信息确认了一遍，你发个蓝色什么意思啊，难看死了,0.0
内容充实，丰富，有借鉴意义,1.0
服务很好，有点薄，面料还可以,1.0
今后去大连可以住这家酒店。房间整洁，也比较宽敞，上网速度很快，另外酒店比较安静，晚上休息的比较好。唯一问题是标间的两张床靠太近了，跟同事两人入住时就担心晚上会不会亲密接触，呵呵。,1.0
房间超大，噪声巨响，浙江老板，总缺分量。,0.0
老板不错，能帮挑合适的。物流非常快。以下为使用一天后感觉，供参考：我家是广东南部，约5秒开始有温水，最高50多度。感觉很不错的产品，希望耐用。,1.0
看了一小半，觉得没什么启发，放弃。ps：于丹名气这么大，也可能是我悟性差：－）,0.0
产品不好用，调节的方法不明确不方便，客服没回应，建议还是改买其他品牌的吧,0.0
唉！谁用谁知道....,0.0
东西还算可以，质量保证。物流有点慢。缺点是，关键处，比如最后快收尾的，都是自己琢磨的，不是非常明了。发现，好几个都是如此。,1.0
没色差和图片一样，料子很舒服，款式我也喜欢，这条裤子我个人感觉很好。,1.0
拆开里面包装的居然是PP袋，比一般的塑料袋感觉好了好多，这个价位能有触摸开关，16：9的LED屏，105 512M的显卡，我觉得真的好超值！ 系统也很好装，不像HP，这款BIOS里面有硬盘模式选项，改成IDE 就可以装了。驱动网上都有。,1.0
垃圾，夹子一点都夹不住,0.0
不满意，是仿冒货的,0.0
奥林巴斯（OLYMPUS） E-PM2 微型单电套机 白色（M.ZUIKO DIGITAL 14-42mm f/3.5-5.6 II R 镜头）2014-03-29 10:16:00\n发表评价发表晒单\n*评分：\n,1.0
"有没有搞错,我的点评为什么不登出来.你们网站只维护酒店的利益就不管客户的感受吗?我现在还感冒着呢!这是什么世道.... 补充点评 2008年3月13日 ： 对这家酒店的服务我只有两个形容,太差.服务员的素质:一分.暖气小到我感冒到现在还没有好. 宾馆反馈 2008年5月20日 ： 您在入住酒店期间有不愉快的经历，我们非常抱歉。我们会努力改正您提出的意见，加强员工的教育，真诚希望您的再次光临！",0.0
好像是工厂制造的不是农家的,0.0
拎手的最下边都没有倒好圆角！容易划手！不好！不推荐大家购买！！！！要不是懒得来回折腾肯定退换货,0.0
没有收到专家解读大礼包，可能是店家的促销手段吧。书还是不错的，给个一星吧。,0.0
裤子质量不错，活动力度也可以，值得购买！,1.0
不知道什么原因，一本烂的厉害，不影响阅读，但是心里不舒服春节前十几号拍的，到年后才到，拣便宜，凑合吧,0.0
还好吧 就是有个角有点坏损,0.0
很一般 不值这个价。,0.0
东西不错比超市便宜购买方便,1.0
扣子很水，现在已经全部断了。都是自己用铁夹子固定在。,0.0
说了送钢化膜的，却什么都没看到，差评,0.0
鞋子质量真的特别好，颜色也很正,1.0
"看携程上大家的点评不错，就订了间阳面220的房间，慕名前往。结果大失所望，灯光昏暗，空间极其狭小，床垫质量恶劣，房间还伴着一股霉味。原预计住上个把星期的，结果住了一晚就退房了。其实原本想着也就将就了，也许皇城根上这个地段这个价格就只能是这种水平了。但转机是在入住后第二天早上，我出宾馆在新街口大街上溜达，没走两分钟就发现一家连锁宾馆――欣燕都总店。看门脸不错就进去看了看房，顿时喜欢得不得了。房间设计简约而时尚，宽敞明亮，床也很舒服，同样有宽带。正是我喜欢的类型。赶紧回护国寺宾馆，上携程查了查，单人间的才200，套间竟然才240。超值！！同样的地段，更优越的条件，更低廉的价格。二话不说，立马下新订单，退房，拖着行李就搬去了欣燕都。而且欣燕都交通更便利，就在新街口大街上，门口就是公车站、出租车站。斜对面是新街口超市，新街口百货，而周围同样是典型的北京胡同。提醒一点，携程协议上""欣燕都""是没宽带的，但实际现在""欣燕都""是有的。说了这么多，该如何选择，大家应该很清楚了吧。（感觉自己像枪手似的，呵呵）另外，也希望护国寺宾馆能向竞争对手学习，好好改善改善。",0.0
加绒太low，就是贴了一层绒，还一直掉,0.0
还可以就是有的贵了。。。。。。。。。。。。。,0.0
给最糟糕的差评，再也不会买。,0.0
打车太不方便，我在门口等了40分钟；早餐品种少。宽带还比较快！房间空调调不了。苏州还有一个茉莉花假日，下次试试。补充点评2008年4月22日：刚接到酒店预订部的电话，对所提的意见进行了跟踪反馈，赞一个。与我14日入住的上海华港雅阁酒店（虹桥机场）比起来，真是天壤之别。24日又到苏州，不过这次我已经预订了另外一家酒店，下次到苏州，我会考虑再次入住友联。希望真的已经改进。,0.0
裤子还行，衣服不咋地,0.0
轻文库恋之水晶系列\n轻文库恋之水晶系列,1.0
回来里面有水，好像用过 差 差 差 ,0.0
真心慢这快递。。。。,1.0
不好，难道你们不知道小米Note的屏幕是弧形的吗？,0.0
靠，货我没收到啊&hellip;快递员来时候我在开会,0.0
手感不错，安装比较麻烦,1.0
东西的颜色不符,0.0
味道很一般，不辣，很咸。,0.0
房间小得不像话，早餐差得不像话，绝对不会再光顾。隔壁的南国大酒店看上去不错。晚上想在酒店的餐厅吃饭，结果人家办婚宴，谢绝散客，郁闷！优点是地理位置不错，朝南的房间可以看富春江，可惜给我的所谓高级房是朝北的，怪不得人家说携程的客人比较受歧视。,0.0
空间大，保温效果不错，外观好看,1.0
装系统花了一点时间，不能直接使用ghost版本要先去BIOS里修改一项内容。,0.0
我都快无语了。。。4月28下的单，到现在到货不说，，买了4件衣服只给我发了2见。衣服的质量也没有图片中的好，,0.0
旅游必备的地图，很好的旅游地图！,1.0
鞋子非常好看，穿着这很舒服，款式真的好喜欢，发货也很快，非常满意,1.0
每一个接受正规教育的人，从古至今，没有一个能脱离阅读的。阅读的对象既可以是美好的，又可以是丑恶的；既可能是健康的，也可能是霉变的，既可能是艰深的，又可能是肤浅的。但是无论如何，通过阅读，自己的心灵和外部世界、和古典先贤、和社会各个层面、和知识各个层次产生了联系。这种联系，将雕刻出不同的灵魂塑像。 　　 　　阅读，在今天已经有了更多的形式，比如网络，比如电视等传媒。阅读就是传播与接收的互动。无论是什么形态，阅读几乎可以说是一种本能了，从人类进入信史或者说，人类进入文明史之后，直到今天，依然是。古，但不老。在当前色彩斑斓的世界里，阅读依然是一项基本的人生技能。,1.0
给婆婆买的，从外观看应该没有6公斤，不过质量看上去还不错！,1.0
我选择的是大床房，（刚装修不久吧，屋里还存有一股装修的味道）；屋内设施跟单身公寓一个样，还不错。床也比较舒服，但可能是我皮肤比较小气吧，感觉床上用品有点偏硬；还有大床房跟编外房间一样，都出了安全门了：（（据服务员介绍大床房每层只有两间，另一间临街比较吵）不过幸好门口有个阳台，感觉孤立了，但还是有一个小空间。总的来说性价比还行！,1.0
鞋子不错，尺码也准确，合适。送货速度挺快,1.0
这个酒店设施还可以，早餐也还可以，位于的路段也很方便。我们住的是商务电脑房，房间里配有电脑，上网速度也很快。就是房间很小，电脑台与床很近，打电脑的时候连走路也不能走。浴室是透明，适合情侣和夫妻~~。,1.0
监控产品，性能一般吧。。。,0.0
"拿到手漏水,结果是免费又寄一个,又漏水,到底有没有宏达这样的一个水Q品牌,你们挂羊头卖狗肉",0.0
"小咖啡壶用起来好用,水开的快.",1.0
这是京东上买过最垃圾的东西。,0.0
这书全彩，完全是初学者的出门书，推荐。给单位买的~实习生都在看。,1.0
这本书对财务管理方面各个模块的主要内容进行了简单的介绍，是入门的一个不错的选择，但是如果是没有接触过SAP或ERP的读者来说，可能有稍稍的难度，读起来理解不会那么的深刻，如果能结合实际业务，那么不论是对该书的理解还是对SAP的财务管理理论思想的掌握以及其在各行业的应用都将得到非常大的帮助，当然这对初学者有一定的难度，毕竟实践是一个漫长的过程。此书适合随时阅读，反复阅读。,1.0
比上次买的好多了，穿起来很好看，很喜欢，还在看的亲们，赶紧下手吧！,1.0
妈妈和宝宝的喜欢的书,1.0
看上去还可以吧，就是扣子感觉有点不严实。,1.0
不行感觉酒精很高,1.0
衣服很漂亮，我朋友都说很好看,1.0
这也叫牛肉干，我真服了商家，没法吃。,0.0
不咋地，味儿不好，一分价一分货吧，个大，酸酸甜甜吧,0.0
愉快的购物。全5星好评,1.0
酒店自诩准五星，入住后，让人大跌眼球。原本订的6日13至15日二晚住宿，由于飞机晚点，到达酒店已经是凌晨二时，没有门童，行李是自己提上台阶进大堂的。大堂的层面很低很压抑，装修陈旧而俗气，总台服务员自始至终没有微笑。问现在这个时候入住是否有优惠，她爱理不理以摇头代答。订的是毫华大床间，令人不可思议的是，这个所谓的豪华居然是这样的――电视机最多只有19寸，灯光昏暗，床硬硬的，没有供客人使用的纸袋，地毯很脏。特别是最多只有19寸的电视机，说准五星简直是一种欺诈了。于是决定天亮后就换到泰达美爵。退房时，居然又浪费了我近二十分钟。办完手续，也没有任何一个门童帮我推行李。看发票，盖的是部队招待所的章。原来这个所谓的准五星，居然是招待所！我百思不得其解，这种档次的酒店，怎么会得到一些客人这么高的评价。补充点评2008年6月25日：“1、您到店的时间已经超出您的预订时间，酒店仍然给您保留了房间，并且按照您预订的网络价格给予了优惠，而且免费为您升级到了豪华房间；2、您入住房间的电视机是21寸的液晶电视；3、客人需要购物袋可以向房务部或前台索取，我们会提供给客人......”――――一、我预订的是商务房，价格为558元，因为不喜欢商务房的装修风格，要求降格到豪华房。我这里保存着携程的订单，以及降格到豪华房后我支付的豪华房488元房价发票。我不知道贵酒店所称的“免费为您升级到了豪华房间”是什么意思。希望能看到解释。二、即便真如您所称，“电视机是21寸的液晶电视”，请告诉我，如此小屏的电视机，放在一家自称准五星标准的酒店的豪华房，是否合适？三、您提到“客人需要购物袋可以向房务部或前台索取”，这显然牵强了，若按照这种逻辑，是否可以延伸到客人需要卫浴用品可以向房务部或前台索取？若酒店真有“客人需要购物袋可以向房务部或前台索取”的惯例，那至少应该用文字的方式在床柜之类的地方明示吧？宾馆反馈2008年6月23日：尊敬的宾客：您好！非常感谢您把金海大酒店作为您大连之行的驿站，也非常感谢您对酒店提出的意见，对于您此行的不愉快我们深表歉意！在以后的工作中我们将加强酒店员工的培训，提高服务意识及服务质量！对于您以上提出的问题我们做略加解释，希望您能够理解！1、您到店的时间已经超出您的预订时间，酒店仍然给您保留了房间，并且按照您预订的网络价格给予了优惠，而且免费为您升级到了豪华房间；2、您入住房间的电视机是21寸的液晶电视；3、客人需要购物袋可以向房务部或前台索取，我们会提供给客人；4、酒店员工服务的不到位说明我们的管理还需要进一步加强。再一次感谢您所提出的意见，欢迎您能够再一次入住我们酒店！,0.0
包包质量不好，拉链也是完全坏的，没有退货特别后悔,0.0
在衢州能住到这样的酒店算是很不错了，房间液晶电视，窗口看出去是条小河，还送了水果，算是很不错的啦，就是周围环境一般，没什么可以逛的...,1.0
1 前台态度差、一律告知没有标间，而且前台标的优惠价格我看目的就是诱使客人住高标； 2 房间设施陈旧，维护差，冬季温度上不来，房间骚扰电话频繁。 3 离店办理手续效率低； 我比较了解长春，这个酒店也就是离火车站近一点，其他根本没有优势，而且火车站附近的快捷酒店多的是，推荐选其他的。 建议携程清除这家酒店，而且携程应该定期考察、清理一些不合格的酒店，否则影响携程预定的满意度。,0.0
可以，要是好评返现就更好了,1.0
不怎么好，没有我以前买的*,0.0
送给了不该送的人，妈蛋送了他 就把我兄弟甩了,0.0
感觉好像是假的，一点都不好用，又不上色，又容易掉，主要颜色还不正。,0.0
胶味太重了，物流速度奇慢,0.0
为什么我给差评？因为这个架子太T.M难装了，每一个螺丝都拧的格外费劲。。。另外买的时候我问了能不能装小米电视2，客服告诉我说可以，可以你妹啊，小米2背后的四个螺丝上下两排不在一个平面上，也不送个垫圈，现在就这么悬着，叫我如何是好。。。差评!,0.0
价格合适，小孩子初学，用这个级别的古筝就可以了,1.0
2007年8月17日晚上回程路上临时通过电话预定，酒店位于淮安楚州周总理纪念馆旁边，京沪高速下来很方便。但是距离楚州市中心比较远(不过楚州也不大）。该酒店应该是电力下属的三产吧，服务一般的很，和三星的标准有点距离，号称2004年重新装修过，估计入住的人不多，房间还算整洁，但是比较郁闷的是床上的被单不是很干净，不知道是没有洗干净还是没有换过，早上天亮看看真的如此。这个是绝对不应该的。如果有时间还是选择其他的酒店吧，半夜看的不是很清楚，附近有一个四星的酒店正好位于湖边，景色应该不错。,1.0
质量很好，很结实。       ,1.0
"设施较差,服务意识低下,半夜走廊中喧闹无比,空气极差,房间潮湿阴暗,总之只上一次当!",0.0
全看完了，不太知道该怎么给孩子讲。第一册就是一小母鸡，不好好下蛋，出去看大海，这本身到没什么，能接受，后来的情节是碰到一只小公鸡，很帅，就带回家，结婚了。。。。。。感觉和中国的伦理道德还是不太相符，希望买者三思。我自己的六本全新，打折出售。不准备给孩子讲了,0.0
衣服不好太硬穿着难受及其不舒服,0.0
服务不错，服务员态度也很友善。最赞的是房间够大。。写字台的布局很好。交通也很方便，周围也很热闹，步行10分钟到中闽百汇顶楼的大排挡吃饭，很便宜。味道也不错。唯一不足就是早餐收得有点早。,1.0
"宽屏的,有点不习惯,不过这个不是京东的问题;以前记得送鼠标的,现在没有了",0.0
"1. 比较厚,不太适合MM吧 2. 硬盘内存拆卸不便（相比D系列），升级内存的可能要费点劲。 3. 电源适配器竟然有“滋滋”的电流声，几个小时候之后消失。 4. VGA输出的质量比D系列差",0.0
尺寸相差的太多了，明显偏大,0.0
挺可爱的，就是声音有点大。,1.0
服务不好！服务意识非常烂。订的双早房间，结果早餐只给了1张，吃早餐时被告知自己去找前台，态度生硬，好像客人都是骗子似的。结果早餐非常简陋……酒店的导游100元一天。在景点时总是催促你快点……，总是带你去一些需要你花费的地方，比如烧香（烧高香）、算命、请护身符、开光……，动辄几百元、甚至几千元……（但是本人坚决不买！）,0.0
送货长达一个月 没库存也不通知下 真的太差劲了,0.0
围挡质量很好，也没有什么气味，以后还会买,1.0
东西很好，已经泡过一次了，非常好，很有效果。,1.0
这套百家讲坛对末代皇帝溥仪的整个生平做了详尽概述，让我们可以清晰的了解他丰富多彩的一生，整套光盘吐字清晰，发音标准，孩子休息的时候听听，不费眼睛，对保护孩子的视力很有好处，孩子非常喜欢听，对于孩子了解历史很有帮助，是一套难得的好材料。,1.0
17%的税，天呐，怎么那么高税点,0.0
质量很差，真是一分价钱一分货,0.0
东西在便宜不能坑人啊！实在不能昧良心给好评？进垃圾桶的东西都发霉了,0.0
无语，本想退货的，可太麻烦了，算了,0.0
卫生设施太差，毛巾又黑又硬，下水道堵塞，床垫不好，睡上去不是很舒服。觉得服务态度还可以。对面就是长途汽车站，出租车蛮多的，出行还是很方便。,0.0
很好，评价晚了不好意思,1.0
爱普生打印机专用，以后继续支持,1.0
"其他都可以,尽管不够5星标准,但还是很干净宽敞,最不能忍受的在度假区吃的自助海鲜晚餐,整个被苍蝇包围了,眼看着食物上落满了苍蝇,花了不少钱,落了一肚火....过道的海滩很美,很静,",1.0
东西挺好买了好几次说送东西什么都没有欺骗消费者,0.0
"还行,宝贝喜欢吃",0.0
跟想像中的不太一样。总的还可以,1.0
根本做不了，放锅里倒进去鸡蛋，鸡蛋会从边上漏出来，根本不成形,0.0
礼盒太脏了，这你让我怎么送人！,0.0
十分差，颜色送错,0.0
一个人要出名也简单，但是君子爱财要取之有道，一本只有十万字的书要卖二十元。也太黑了点，再加上书很大，空页多，字不够还拿画来凑，这算是什么事？口口声声要学孔子，也是一个叶公好龙者。,0.0
很一般，图画的不好看,1.0
其中一把刀、用了没几天就有锈渍。前提是我每次用完后都会清洗干净并擦干，然后放在通风良好的不锈钢刀架上。咨询到客服，客服耐心细致的给我上了一堂「何为不锈钢」以及「不当使用就会生锈」的课。谢谢您的讲解，但也请您了解、您家这把刀真的不是我这辈子使用的第一件不锈钢制品。如果像客服您所讲的、有些食物具有腐蚀性，会对刀具产生影响，从而形成锈渍，那我可真是吓了一大跳：黄瓜豆腐大白菜都能把不锈钢腐蚀了的话，那我的胃恐怕早就不在了！很不愉快的一次购物过程。东西差一些其实不是特别有所谓，毕竟这么低的价格摆在这里。关键是客服人员的态度，真的是太会找理由推脱责任了。无论如何、谢谢客服您的不锈钢系列培训课，建议您有讲课的工夫，实实在在的为顾客解决问题是更好的。虽然贵店最终同意让我退货且承担邮费，但我想想另一把刀的表现还是挺不错的，所以就留下用了。唠唠叨叨这么多，希望对打算购买的朋友有帮助。商品的质量固然重要，店家的态度也不可忽视。否则一旦有了问题，之间的扯皮会浪费自己的时间、影响良好的心情，不值当。,0.0
不知道为什么这么多好评，做工差，还像长筒袜，袜子翻过来里面的线头就像垃圾堆，第一次给差评,0.0
使用中，以后看看再说,1.0
锻炼宝宝手指灵活性的产品，随意组合，很不错哦。,1.0
东西不错。快递太慢。下单5天才到。这么慢还玩什么呢,0.0
质量很好.很锋利,1.0
 5折封顶入的，这次花了血本收了钱穆的书！（书还未看）！ 1、概述 　　书籍的历史和文字、语言、文学、艺术、技术和科学的发展，有着紧密的联系。它最早可追溯于石、木、陶器、青铜、棕榈树叶、骨、白桦树皮等物上的铭刻。将纸莎草用于写字，对书籍的发展起了巨大的推动作用。约在公元前30世纪，埃及纸草书卷的出现，是最早的埃及书籍雏形。纸草书卷比苏美尔、巴比伦、亚述和赫梯人的泥版书更接近于现代书籍的概念。 　　2、简策 　　中国最早的正式书籍，是约在公元前 8世纪前后出现的简策。西晋杜预在《春秋经传集解序》中说：&ldquo;大事书之于策，小事简牍而已。&rdquo;这种用竹木做书写材料的&ldquo;简策&rdquo;(或&ldquo;简牍)，在纸发明以前，是中国书籍的主要形式。将竹木削制成狭长的竹片或木片，统称为简，稍宽长方形木片叫&ldquo; 方&rdquo;。若干简编缀在一起叫&ldquo;策&rdquo;(册)又称为&ldquo;简策&rdquo;，编缀用的皮条或绳子叫&ldquo;编&rdquo;。 　　3、帛书 　　中国古代典籍，如《尚书》、《诗经》、《春秋左氏传》、《国语》、《史记》以及西晋时期出土的《竹书纪年》、近年在山东临沂出土的《孙子兵法》等书，都是用竹木书写而成。后来，人们用缣帛来书写，称之为帛书。《墨子》有&ldquo;书于帛，镂于金石&rdquo;的记载。帛书是用特制的丝织品，叫&ldquo;缯&rdquo;或&ldquo;缣&rdquo;，故&ldquo;帛书&rdquo;又称&ldquo;缣书&rdquo;。 　　4、卷轴 　　公元前 2世纪，中国已出现用植物纤维制成的纸，如1957年在西安出土的灞桥纸。东汉蔡伦在总结前人经验，加以改进制成蔡侯纸(公元105)之后，纸张便成为书籍的主要材料，纸的卷轴逐渐代替了竹木书、帛书(缣书)。中国最早发明并实际运用木刻印刷术。公元 7世纪初期，中国已经使用雕刻木版来印刷书籍。在印刷术发明以前，中国书籍的形式主要是卷轴。公元10世纪，中国出现册叶形式的书籍 ，并且逐步代替卷轴，成为目前世界各国书籍的共同形式。 　　5、活字印刷术 　　公元11世纪40年代，中国在世界上最早产生活字印刷术，并逐渐向世界各国传播。东到朝鲜、日本，南到东南亚各国，西经中近东到欧洲各国，促进了书籍的生产和人类文化的交流与发展。公元14世纪，中国发明套版彩印。15世纪中叶，德国人J.谷登堡发明金属活字印刷。活字印刷术加快了书籍的生产进程，为欧洲国家所普遍采用。15～16世纪，制造了一种经济、美观、便于携带的书籍;荷兰的埃尔塞维尔公司印制了袖珍本的书籍。从15～18世纪初，中国编纂、缮写和出版了卷帙浩繁的百科全书性质和丛书性质的出版物── 《永乐大典》、 《古今图书集成》、《四库全书》等。 　　6、平版印刷 　　18世纪末，由于造纸机器的发明，推动了纸的生产，并为印刷技术的机械化创造良好的条件。同时，印制插图的平版印刷的出现，为胶版印刷打下基础。19世纪初，快速圆筒平台印刷机的出现，以及其他印刷机器的发明，大大提高印刷能力，适应了社会政治、经济、文化对书籍生产的不断增长的要求。 　　功能和作用 　　从书籍的产生和发展过程我们了解，书籍逐渐的发展到轻便、历久，易于记载、复制文字和图画的材料上，通过不断完善的技术方法，不受时间、空间的限制，流传和保存信息，具有宣告、阐述、贮存与传播思想文化的功能。书籍是人类进步和文明的重要标志之一。跨入20世纪，书籍已成为传播知识、科学技术和保存文化的主要工具之一。随着科学技术日新月异地发展，传播知识信息手段，除了书籍、报刊外，其他工具也逐渐产生和发展起来。但书籍的作用，是其他传播工具或手段所不能代替的。在当代，无论是中国，还是其他国家，书籍仍然是促进社会政治、经济、文化发展必不可少的重要传播工具。 　　历史来源 　　迄今为止发现最早的书是在5000年前古埃及人用纸莎草纸所制的书。到公元1世纪时希腊和罗马用动物的皮来记录国家的法律、历史等重要内容，和中国商朝时期的甲骨文一样都是古代书籍的重要形式。在印刷术发明之前书的拷贝都是由手工完成，其成本与人工都相当高。在中世纪时期只有少数的教会、大学、贵族和政府有著书籍的应用。直到15世纪谷登堡印刷术的发明，书籍才作为普通老百姓能承受的物品，从而得以广泛的传播。进入20世纪九十年代，随著网络的普及书已经摆脱了纸张的局限，电子书又以空间小、便于传播、便于保存等优势，成为未来书的发展趋向。 　　发展历史 　　中国最早的书籍，出现于商代，是用竹子和木头做的。　　春秋、战国和秦汉时期，人们已经普遍用竹木简做书籍。春秋战国时期还出现过写在丝织上的书--&ldquo;帛书&rdquo;，帛书比竹木简书轻便，而且易于书写，不过丝织品价格昂贵 ，所以帛书的数量远比竹木简书为少。东汉又出现了纸书，纸书轻便、易于书写，价格比较便宜，深受人们欢迎。以后纸书便逐渐流传开来，到了晋朝，纸书完全取代了竹木简书和帛书。,0.0
非常不错中国传统故事，推荐3岁宝宝,1.0
宝贝质量很好，外型时尚，做工精致，效果不错，性价比很高，卖家服务很好 ,1.0
送货及时。包装和纸质都还不错。MP3中男生读地太快，吐字也不很清楚，不适合高中甚至四级水平；女声还可以。故事深度适合高中，词汇也多。,0.0
这消毒液有个淡淡淡的清香味,1.0
"裤子收到就穿上了，版型很漂亮！面料很软很舒服,非常满意店家 \n",1.0
字太小了，不适合学生阅读。,0.0
纸张也太差了吧，京东不应该卖这种书,0.0
身高168，穿着后小，,1.0
用过几次了效果还好，希望用久了效果一样。,1.0
链子太硬了，女友戴一天勒的难受，花钱买了条银的&hellip;&hellip;,0.0
刚从三亚回来，在寰岛住了一个晚上，房间刚进去因为是阴面的关系，有点霉味。但是相对于亚龙湾其他酒店的价格来说，还是很具有性价比的！宾馆的服务很好，门口的门迎每次见我们都给我们问好，并把行李一直送到房间里面。酒店离海边很近，走路也就是两分钟。旁边就是亚龙湾海底世界的入口，住在这里方便一些觉得亚龙湾吃东西很贵的人，因为酒店门口西临有个员工餐厅，一份饭也就6元，还不错！比起其他地方动辄几百元的餐费还是很划算的！总体来说寰岛是亚龙湾最具有性价比的酒店了！,1.0
用了一段时间个人感觉质量、音质都可以，讲故事还有配乐什么的挺好的。但是儿歌少了些。遥控器是多余的没多大用处。,1.0
有MP3好，印刷不错，可惜同系列的其他没有抢到。多出些这些书，另外，JD再进货啊！！！,1.0
给图片有误差，还是比较实用，颜色和质量都不太好，,0.0
裤子我是真无语了。穿在身上扎死了，根本穿不了。,0.0
"房间太小,设计不合理,竟然连会客小台桌都没有,我住的房间马桶冲水不畅,卫生间太小,洗裕区域和马桶区域太过狭窄,很不方便,总体来说,说它是四星级是太言过其实了,2星差不多.",0.0
粗糙，磨脚，退货不补运费,0.0
2009-5-3 17:25:00下的单，在天津一个星期才送到的，订单上写的是京东送货，但打过去一问是总部找的第三方送货公司，态度恶劣，还不如自提呢,0.0
这质量，简直不想说，原价258，秒杀的98'其实也就值*。。。。。。。。,0.0
非常满意～买了3.6～5.4～7.2～加上换把调整2.7～3.6～4.5～5.4～6.3～7.2齐了～,1.0
双11定的四套猫人内衣，等了10天客服说货掉了，补发后收货人我在江苏亲自收了，我武汉人在武汉，无语了，再联系官方客服到28号收到货，差上衣二件，裤子一件，说我就定的单件，你就直接说咋不认识字不就得了，再联系猫人官方不吊我了，你猫人官方吊啊，老子再也不买你家的货了，投诉到京东客服，赞一个京东客服服务确实不错，经过京东仲裁花费一个多月才拿到货，、、、、,0.0
质量不好，几乎没用，请大家不要买，买了退不掉。,0.0
高端大气上档次，送人的，应该会满意的！,1.0
挺好的，不错货和图都一样,1.0
嗯，不错。。。。。。。。。。。。。。。。。,1.0
距离市区比较远，房间还算干净，设施一般，但是对于这个价格，在天津还是不时很实惠的，早餐价格高，而且食物不好吃,1.0
差，不好用，价格贵不说！京东客服**的欺骗消费者，有质量问题商品发图确认好退货，退回去前京东客服告诉我要我先垫付运费，结果店铺收货了，到现在为止一分钱都没退！垃圾京东客服,0.0
有味道，老婆跑步脚跟痛，给2,0.0
一般般，没有什么特点，音质一般。,0.0
换了2次房间，刚入住的时候，房间是脏的，那个时候已经下午2点半了。然后换房，热水是坏的，然后和大堂经理交涉，又换了房，说是Upgrade了，结果空调是坏的，害我早上起来感冒。然后我出去办事，我打电话给前台，让他们派人去修，结果。。我下午回到酒店根本没有人来修过。这是什么四星级酒店？？？设施也很烂，电视机很小很小。性价比实在太低了。 一塌糊涂！！！！！,0.0
"这是我多次帮朋友买了,值得,很好的东西.",1.0
买回来的时候衣领的扣子是坏的 是碎的，过一会儿 就全部掉了，做得不好，好郁闷！,0.0
"双11晚上下单 20开始快递派送，而且没给我送过来，我自己去拿的件 。总之差的一塌糊涂\n2014-11-11 18:28:19	您提交了订单，请等待系统确认	客户\n2014-11-13 20:45:12	第三方卖家已经开始拣货，订单不能修改	童趣熊旗舰店\n2014-11-13 20:51:40	您的订单已经拣货完毕，待出库交付天天快递，运单号为560208609409\n运单号为：560208609409	\n2014-11-17 20:00:17	快件已到达合肥(0551-62520555)	天天快递\n2014-11-17 20:34:27	合肥(0551-62520555) 正在进行 装袋 扫描	天天快递\n2014-11-17 20:34:29	由合肥(0551-62520555) 发往 合肥分拨中心	天天快递\n2014-11-17 20:40:55	由合肥分拨中心 发往 潍坊分拨中心	天天快递\n2014-11-18 20:41:23	由潍坊分拨中心 发往 潍坊(0536-2117305,0536-2117408,0536-2107499)	\n2014-11-20 01:01:57	快件已到达潍坊(0536-2117305,0536-2117408,0536-2107499)	天天快递\n2014-11-20 08:46:21	快件已到达潍坊豪德分部	天天快递\n2014-11-20 09:02:21	潍坊豪德分部 的派件员 代理点13335252852谢 正在派件	天天快递\n2014-11-20 12:40:14	货物已签收，签收人是：北宫代理点派送	天天快递",0.0
跟上面那边呢一样，推荐使用,1.0
这是本很不错的穿越文。前世的程菁穿越成了风城相府三小姐青萝，她只想平平淡淡的生活，好好孝顺她的美貌娘亲，但她是相府的千金，父亲为了相位，为了荣华富贵。青萝就是他攀富的筹码，故她想平凡都是不可能的了。所幸的是她碰到了子离，温柔体贴，但最后为了江山不得不放弃了她，心中的最爱。刘珏，霸道而又玩世不恭，从先前的误会到后来的两情相悦，中间的曲折让人看了裕罢不能。作者这篇文写的真是不错。,1.0
早餐还可以，房间一般，不过隔音效果很好，虽然对则一条大马路，但是根本听不到什么嘲音,1.0
房间满干净的，入住时态度也不错，但是有一件事的却改变了我对此酒店的印象，因为退房后充电器落在房间，提前也给前台打过电话让他们去下来放在前台我来取，谁知到了以后他们一直让我等，我等了又十分钟左右，他们又说让我上去自己取，住在8楼，楼上打扫房间的阿姨帮我取了，结果那天就因为这事差点没赶上飞机，难道说退房后的服务变得如此的,0.0
东西一般，用起来差的远,0.0
很喜欢封面的这句话&ldquo;先给用于幻灭的理想主义者&rdquo;，值得一看，书中很多富有哲理的话语，令人意味深长,1.0
冲着书名买的，还没来得及读,1.0
东西不错，外观设计的好，做工精美，质量可靠，京东的送货速度很快！ 京东的东西质量还是比较放心的，没有多大问题，包装也不错，发货速度赞一个，基本当天都可以发货。东西刚用上，很不错，比想象中要好。,1.0
太垃圾了，简直垃圾中的战斗机，成本*？特别臭，特别大的味道，又有黑点，布很薄，还没有宾馆的一次性拖鞋好！！烂！！！！,0.0
刚买来镜腿就有问题！！！！！！！镜片大家死都不要在这里配，垃圾配过来还出现模糊感觉。现在给他反馈，滚犊子直接拒绝接受处理。东西有问题就算了，滚犊子还不接受处理,0.0
位置很好，房间宽敞。只是有点霉味。七星岩西门，不太好找,1.0
很好！买来送人的，一只是这家买，相当不错，发货很快，包装也很好！值得,1.0
本来是冲铁将军这个牌子去的，到货后就降价*，真是坑人。探头测量距离不准，相隔30cm就报警碰撞了，相距50cm就显示0.3了,0.0
没有图片好看，也不好穿，很重,0.0
书和学校原价买的没差，包的很好，物流相当快！！！书还在学习中。。。还不错！,1.0
"前台服务态度非常好,房间大小清洁也都不错退房当天早上才通知延至下午三点退房也ok.离万象城近有机会还是会入住.",1.0
拖鞋带磨脚，夏天没法穿，只能冬季穿袜子穿了。40多元买双拖鞋磨脚无语了。,0.0
产品标注：内附迷你袋，宝宝食谱。但打开盒子只有食谱，说明书。,0.0
图片和实物相差太大了，真的不是一般的小啊，太失望了,0.0
醉了，买了不到一个月，用了几次。。。都这样了。还很强硬的说不退不换。。。至于其他，你们自己看吧。。没错，这扣子都没了。。还通了一个洞。。这质量差劲的。。,0.0
告诉我们如何在当今竞争激烈的环境中，尤其是外企，凭借自己的努力，一步步地实现自己的目标的故事。当然主人工拉拉很可爱，我们要学习她对于工作的认真执着，遇到问题总是善于总结，善于与公司上上下下的人打交道的技巧。,0.0
买的时候，看了评论都说不错可是买来才知道，其实也就那样我还没给孩子看呢我想，她也许不会喜欢,0.0
质量很好哦，服务态度也很好，颜色不错哈，做工也挺好的,1.0
"我住的豪华房,被子太厚,晚上睡觉超热,前台小姐服务态度一般,没见到笑脸. 宾馆服务较好.",1.0
還可以給小孩穿的,1.0
不错，服务还是和以前一样。比较满意....补充点评2008年6月13日：贵宾楼层的豪华间比较旧了，不如楼下的豪华间装修，不过还是不错的，视野开阔，附加服务也比较到位！石家庄的酒店我还是觉得世贸是最的，呵呵。,1.0
漂亮！ 重量轻巧，外接电源也很轻便 键盘足够大，用起来比别的上网本爽 自带了一个白色的包包，不用额外买了 随机的小游戏和大头贴软件有意思 本本用起来温度低，不烫手 性能还好，一般的上网应用已足够 无线网卡信号不错 电池续航时间长，一般的上网应用在最低亮度、关闭蓝牙和无线网卡下5个多小时吧 驱动都已经装好，摄像头白天还将就，晚上用起来像拍鬼片 正版winXP家庭版,1.0
拿到书便用了一晚上的时间看完了。早先已经听到一些关于这部小说的评论，主要来自于香港和台湾的读者。的确如张爱玲本人估计，很多人读完小说便忙着对号入座起来。看完小说，才知道，让人觉得这不是自传体小说，实在太困难了。但还是觉得这本小说的文学价值之高，会让人忽略其情节和作者生事的相似性。张爱玲那种出离于世的眼光，和分明一个平凡女子的柔弱情怀，以及那些简练而精辟的笔法，不能不让人惊叹。,1.0
特惠的时候买的，孩子穿着有点大，料子倒是很舒服,1.0
不错，超级喜欢，面料确实好，物流神速！,1.0
不好吃 。净是肥肉， 吃了一口 竟然能看到肥肉，，白白的。就差没吐。。腻  没特色。  吃了一个半。,0.0
酒店整体感觉很不错。性价比比较高！1.楼下的接待很耐心也很热心。2.房间条件不错，很干净而且比较大。房间设施比较齐全，吹风机每个房间都有。3.酒店提供往返一些重要地点的小巴，只要提前电话通知前台就可以了。酒店的位置在西环，不是市中心，但是坐车很方便，从上环地铁口出来很多路电车都到。唯一让我有点不满意的是，入住时间是下午2点，一直在大堂等到2点才入住的哦。,1.0
真的很牢固，可以用尽全力也不会移动或者倒下，吸盘做工很好，弹簧很粗，反弹力恰好，挺有实战的感觉。总体质量很好，全五分,1.0
不标品牌 价格乱编 超市一般的价格 京东其他店铺也只有*多 欺骗 总以为贵的好 实际上骗人的 不注明品牌,0.0
刀很轻，质量很一般。,0.0
颜色很正，东西很好，朋友很喜欢。\n,1.0
公司买的，还没有用，应该还行,1.0
收到了 质量不错 超喜欢 穿着很是舒服  超级赞~\(≧▽≦)/~\n,1.0
酒店位置很好，在西街的街口。酒店内环境优美，就是自助早餐价格太贵，品种也不多。7月份住了3天，感觉挺好的。,1.0
质量太差了，鞋是相当的硬，前面还有点咯脚，穿着不舒服！,0.0
亲近母语·全阅读：小学1年级,1.0
很不错的一本书，大家一起分享一下吧！书的纸质较差些，,1.0
东西很烂，首先是货物与手机不对款，其次是材质差，再有是做工烂，没两天磁铁扣就坏了，谨慎购买,0.0
一直用这牌子的奶瓶，好评。,1.0
说好赠品  给个屁啊你,0.0
本人在２月９日和２月１０日两天通过携程预定了三亚的寰岛海底世界酒店，通过这次的预定，终于开了眼界，领略到了三亚酒店啃人的高招．本来４００元的房间我预定要１９８０元一个晚上，９日从海口开了快四个钟的车在下午三点半到酒店，办好入住手续上到房间快四点，结果房间还没收拾好，足足等了将近一个钟才可以进房间休息，进到房间更呆住了，之前预定时看网上的点评全都写得不错，我看都是这个酒店找人上去写的用来骗人的，１９８０远一晚的房间居然跟民宿没两样，厕所是黑的，还有臭味，被单是黄的，这个也算了，新年嘛．第二天早上我们就准时到中餐厅打算享用我们花了９０元（每人３０元）的中式早餐．结果再次呆住，想知道我们的早餐的内容吗？一小锅白粥，一小碟没味道的榨菜，三个馒头三个菜肉包三个芝麻球，就这样，结果我们一口都没吃就走了，相信这个黑店会把这些早餐收起来留给下一位客人用吧．两天过去了，我们要退房了，最气人的事情也来了，结帐时硬实污了我们二十块，说我们其中一个房间用了两包清洁液，事实我们根本没用，我想就算了反正二十块，出门在外肯定要忍声吞气的，议论争辨后在我们正打算付钱的时候，走来一个身穿黄色衣服，面目可憎的臭女人，说我们吃了退房，要加收４００元，（这个酒店不是假期的时候也只是４００元一晚），我实在太气了，知道根本争不过她们，我想中国现在是个文明社会，应该会投诉有门吧，结果我还是失望了，先打到海南省的旅游投诉电话，对方询问一轮后告诉我们这不是他们的管辖范围，要我打到三亚的投诉的电话，（我真不晓得这群领纳税人的钱过日子的烂人的职责是什么），我又再打到三亚，足足打了快半个钟才打得通，我又再重复一次刚才的话，对方说马上派人来了解处理，挂断后，心理想这个假期总不算太坏，还有人为我们主持公道，结果又是我们想得美，等了足足两个钟一个人都没到过（这期间我们不断打电话，就再也打不通，可能是故意让电话不通吧），结果我们还是付了那４００块才可以离开酒店，离开是已经是下午三点多了，大家都还没吃饭．这就是我在三亚这个全国闻名的旅游胜地得到的待遇，竞请各位想要入住这个烂酒店的游客务必先阅读我这篇住后感再做决定，免得象我们一样本来好好的假期白白被糟蹋了 宾馆反馈 2008年3月11日 ： 您好!您在春节期间的入住不尽人意，向您表达歉意!其次，有需要说明的几点： 1、房间的被单有白色和淡黄色二种；洗手间内除大理石台面是黑色的之外，其他都是白色的。洗手间有自费品“浴之伴”洗液，配有非常明显的提示--“有偿使用10元/袋”。 2、您说“还是付了那400块才可以离开酒店”，事实上您在2月11日中午12：18分退房，酒店方没有收您的半日租，如果要收半日租，那也应该是全日租1960元的一半即980元。酒店方非常重视客人的意见，也对提出意见的客人表示感谢!真诚地希望每一位客人都能够对我们提出宝贵的意见反馈，以帮助我们改进和提升服务质量。,0.0
酒店房间设施比较现代，服务人员从前台到行政楼层餐厅服务生都非常训练有素。虽然酒店位置是在住宅区，相对较远，但是环境安静。同时，附近有大拇指广场，吃饭休闲都不是问题,1.0
酒店硬件来讲应该是不错的，就是位置比较远，离市中心和商业区都不是很方便，去的时候又刚好赶上出租车罢工，出行相当的不方便。但因为就在市政府对面，基本来餐厅吃东西的人都是里面工作的人，所以餐厅是不错的。如果不考虑交通的问题，建议选择！！,1.0
鞋面就跟宣纸一样，沾一滴水就扩散开来，还会变黑～～。,0.0
好几天才拿到书 质量非常不好第一页还没看就自己掉了 纸张非常粗糙 很小一本却不便宜 还没有书摊上的盗版书强呢,1.0
"腰带非常不错,真皮,很上档次,质量和样式都很好，包装也很精美，好评。",1.0
挺好的，很不错。挂在爸妈的房间。父母很喜欢,1.0
*元64G的硬件加密u盘才显示57.6G实在是差的太远了   还金士顿呢,0.0
裱花枪不好用\n打蛋器用了不到一个月就坏了，质量太差了！！,0.0
\n挺好的，给宝宝练习爬行用 ,1.0
对于练习阅读文献有很大联系作用，提高专业文献阅读水平。,1.0
看完了，挺好的。但收到的时候书面有点破损，有点小很郁闷！,1.0
包非常满意，盆友都说很酷炫。,1.0
好书要与大家分享，即使不是美术爱好者，读后也必会有收获的，热烈推荐给大家！,1.0
东西不怎么样，头一天119.第二天就89了，我也是晕了，大家能想象这衣服能有多好,0.0
吹风机风力很大，我很喜欢，像理发店的专业设备。感谢客服&ldquo;家电&rdquo;的优质服务。准备在买个剃须刀,1.0
客服是个沙比，我买了两件相同款式，相同尺码的商品，大小居然不一样，理解你可以有1-2厘米的误差，可是长度相差了将近3厘米。寄回去要求换货，属于质量问题还不给包邮费。而且还眼瞎，a4大小的纸写的要求换货都看不见，直接给我办理了退货。服务态度极其恶劣，超级不负责任。差评。不建议购买。还是买京东自营的好，省的跟他们有纠纷。,0.0
完全没有醪糟味，难吃的要死，瓶盖还难开，京东怎么选的商品啊,0.0
屏幕的边框是指纹收集器。屏幕亮度每次调低后，再重启，又变成最高了,0.0
质量不错，味道不大。\n就是裁剪得不太合体。,1.0
宝贝收到了，在用，感觉还不错，三件套这样的价格灰常实惠啦！希望老板多做活动，快递也蛮快的！,1.0
货没收到就显示完成了，商家售后就是太上皇，根本不理你，这不花钱找罪受,0.0
颜色很丑，我买的是金色，而且价格相较之前用的贵好多，另外材质感觉很LOW，不值这个钱,0.0
盒子有点小，放不下多少东西,0.0
穿着很舒适，很轻柔。,1.0
不错，真材实料，很实用,1.0
一次买了两本，另一本还是用塑料袋包装了的，这一本感觉是旧书，都有好多是皱的,0.0
酒店交通方便，环境也不错，正好是我们办事地点的旁边，感觉性价比还可以，以后还会考虑入住该酒店。,1.0
还不错得酒店，我去过夏威夷，那里不如这里，这里得感觉才像4星的，就是前台的女孩不热情，很冷淡的接待你。我住的350的双人房间，床很大，房间也很宽敞，每天又2瓶免费的矿泉水，有保险箱，有小冰箱，电视是25寸的，能免费上网，电视也能上网，有星空电影，凤凰卫视一些频道，就是没有BBC，CNN什么的。早餐还算一般，比较丰富，就是没有我爱吃的东西。对了电视上网还有一个无线的小键盘，比较有意思。这里还有很多房型，比如无烟层，女性层，A型标准间，普通标准间等等，不知道携程为什么只提供了这么少的房型。我本来要订10天的房子，可是只给订5天，入住后再续住，比较麻烦，而且我订之后发现金鼎和夏威夷在携程上都显示满了，可是我在酒店前台问，还有很多空房可以住，不知道这是怎么会事。金鼎的餐厅饭菜还可以，夏威夷我也去吃了，和我们一起的老美说，夏威夷太难吃了，还是金鼎好些。这里交通很方便，距离步行街很近，但不吵，夏威夷离步行街太近了，比较吵，也比较闹一些。还有，我对携程订房有些意见，如果我入住时间比较长，酒店那方就不让订了，我只能先入住，然后再续住～，不太合理。牡丹江还有一些酒店，比如远东，就在夏威夷对面，携程上不能订，金鼎对面和斜对面要开2个比较大的酒店，看装修应该是4星了，不知道怎么样。点评完毕，谢谢收看。不到支持请见谅。,1.0
价位很划算，很喜欢的一款手表,1.0
正在使用，暂时未感受到什么。,1.0
这家的客服真心不错，第一单发货没有收到，联系了客户，立即给补发了。很细心，很负责，很感谢。,1.0
哎！不怎么惊喜毕竟才***,0.0
干的很，不喜欢&hellip;&hellip;,0.0
物流很快，书看起来还不错,1.0
宝贝穿上很好看，质量不错，好评 ,1.0
宝贝挺好，颜色手感都好，就是买小了。,1.0
虽然比较小，但是温度还是很高，用起来效果很好。,1.0
"这本书及其作者早在另外一本美国人写的漫画介绍书里看到过，一直很渴望买到。现在如愿以偿。作者能够从自己的ABC的特殊视角去发展出这样一个漫画的想象世界，跨越了文化的鸿沟，让east meets west,呈现了与中国漫画或美国漫画纯然不同的素质，非常难得。就漫画本身而言，线条流畅，漫画形象圆润饱满，是我非常喜欢的风格。另外，中英对照的正文还十分有利于学习美国当代英语。支持 ！",1.0
蛮好的，唯一不足就是有点小。。。,1.0
散热设计问题-键盘左侧过热 有关xp的驱动太混乱，显卡不好安装 机子单薄一些-不太结实的感觉,0.0
标准间的卫生间居然热水都上不来，后来叫来了服务生和经理折腾了半个小时才弄好。。。 第一次住这么差的房间！！,0.0
AMD的处理器发热偏大，显卡好像不支持VISTA的半透明效果，效果大打折扣，本身性能也较低，要是有intel+nidia的版本就完美了。,0.0
单人间房间极小，只能放下张小床和一张小沙发，第一个房间空调坏了，换了个房间，连沙发都没了！房间设施陈旧，只是卫生间还可以。根本达不到四星级标准，连如家这类商务酒店都赶不上，强烈不推荐,0.0
超级垃圾  不想说了,0.0
散热不好，机器用一会就很热，怪不得送散热器呢， 自带的红旗系统很垃圾！！！,0.0
不太理想，没有说的好，有的球球去不掉了,0.0
"送來的乳膠墊跟我在馬來西亞買的差異真大,材質好像不是真正的乳膠,還是我買的等級太低太便宜的關係.",0.0
从桌子上掉下来居然没破，牛,1.0
帮公司买的考勤卡 真不错 够厚实 员工也不会不小心就折弯了,1.0
昨天才买的，今天就有一只不亮了，充电了也不行,0.0
一半的时间在酒店度过的工作性质，比较挑剔的性格：服务好！,1.0
作者被认为是“爱的奇迹天使”，确实是这样的。很多人认为与孩子的相处一定充满快乐，但却不知一份责任让这种快乐有时并不一定以微笑的方式出现。作者很真实的反映了与孩子相处中的真实，虽然是在读她的“故事”，却感觉心和她在一起。同样的，我很庆幸自己从事一份与孩子生活的工作，这工作让我拥有美妙的人生。,1.0
房间还可以，早餐不大好，周围比较偏僻。服务态度一般。,0.0
一分钱没一分货。。。。。,0.0
大堂不错，有四星的样子，房间的设施一般，感觉有点旧，卫生间细节不错，各种配套东西都不错，感觉还可以，有机会再去泰山还要入住。,1.0
刚到货，试用了一把，还可以的很满意哦！,1.0
京东自营值得信赖！水杯是原装正品！,1.0
很喜欢，值得购买，里面是全彩印的，插图很有味道,1.0
多谢老板赠的小东西，很喜欢,1.0
太大了质量还可以吧就是现在穿不了,0.0
真的很好的羽绒服！款式也不错！,1.0
产品不错啊服务态度超级不好,0.0
姑姑在书店买不到，我就在京东自营买到了，而且第二天早上就送到了，特别开心,1.0
"因为是评价很好的书!所以买了!宝宝二岁三个月,平时很爱看书,但是这套书却是摸也不摸!可能是还太小了吧!这套书不适合小小孩看!.",0.0
性价比目前看来是最高的了，品质也很好，键盘很好按。现在提的货，开机直接安装系统，果然是全新。送的价值200美金的游戏也很好玩。,1.0
一般般吧，倒是配件挺齐全的，还配了两条带子，一条当腰包用的，一条挂胸前的。,1.0
太潮了，根本不是人住的！价位倒是不高，但是携程价没有竞争力！,0.0
后面有点咯脚！！！！！！！！,0.0
刚收到感觉很好，快递小哥真好！快递小哥真好！快递小哥真好！,1.0
　b　《e新g概念j英k语m第2课堂：新概念英语单词页页学（词汇口袋装）》作为新概念英语·P第2课堂U的词汇X学习口袋,1.0
京东最大的优势就是物流快递的质量和速度！,1.0
大堂较小，房间不错，离地铁四号线非常近，交通比较方便。,1.0
款比客服推荐的码数大，但是质量还不错。,1.0
习惯好评，不过这次买的很好，物美价廉，必须好评\n,1.0
试穿了一下，感觉还行，很轻便,1.0
活页笔记本纸张确实不错，可就是笔记本有些小，如果有更大的话，就更好了。,1.0
真心无语了，今天快递才收到，快递比蜗牛还买，耳钉一只还没带上就已经断了。取下另一只后耳朵又红又肿，东西太劣质了，还说是银的，活生生的谎言,0.0
也就这样了，很一般，不值这价，将就一下吧！,1.0
这个单子邮丢了，也是第一次网购丢东西，虽然没多钱，但是京东投诉客户的表现很影响京东的形象，感觉就是在敷衍客户。到货日期是2月21日，今天是3月15日（还是315好啊），送货员总算赔了我20元。货品价值12.5元+N个电话催+无尽的等待=20元赔款。哎。。。,0.0
不错，评价要说那么多字哎,1.0
发错了吧，这么小,0.0
书的内容过于狭隘，都没有看下去的欲望,0.0
性价比很高！煲汤挺好喝的，就是火力有点猛，很快就煮开了，不能调节大小火，精炖时是通过暂停方式来维持火力的。打开包装后，发现炖盅外面有一块擦伤的痕迹，也懒得换了。,1.0
我明明买的*的套装，为什么收到货连包装都没有？就是一个塑料袋装的，真无语,0.0
超级实惠，不错不错的超级实惠，不错不错的,1.0
宝贝不错，这个价值，而且客服态度很好，消息秒回。，店家五星好评    ,1.0
经典的机器，帮同事买的，水的行的都用买过，很方便，很结实，性价比也很高,1.0
整体很满意，不过发现白色袖子比橙色的要短，像8八袖。外套是宽松型的。160 57，合适。腰围略松，可做高腰，折叠一下是中腰。,1.0
"酒店很干净\漂亮.最特别的是赠送的洁具还有小木梳什么的,很是贴心.最烦的是每次到深圳出差,下了飞机,那些个出租车司机都会大肆宰人,就十几分种的车程要价就是二百多块,直接不打票,真叫人吃不消.见多了,也就知道了,是这边的风气,估计是改不了了.",1.0
不好。京东现在真坑，评论没有豆,0.0
色差不是一般的大，气死了，还说是显示器问题，难道我看的几个显示都有差吗？,0.0
当时是特价促销时买的，没有想到还会降价。键盘手感不错，性能还好，电池续航时间值得一提，差不多都在8个小时左右，真的厉害。,1.0
做工比较精细，外观做的比商店完有人说是假的，我没法鉴定？？,0.0
根据网评预定400一天标房，到店告知携程协议价只能住西北朝向房间，感到有点霉味，要求换房，换后还是西北向不过楼层高些，霉味小些；房间窗户、家具、卫生间都是旧款，不显档次，床很舒服；服务不错，感觉楼层比前台服务更好；酒店周围环境真好，有山有海，本人在后山散步时差点掉下悬崖，建议酒店及时将后山半截路加上标志和围挡，太危险了！夜间行走和小孩子玩耍更危险！,1.0
"太差啦,不知道是怎么评的4星.结帐时还非说有房间点了歌,每首2圆,懒得跟他废话就多掏了4块钱.",0.0
很一般。性价比很差。跟上海的快捷酒店相比，价格贵，服务差； 外面空气不错。但是内部装修亟待改善； 窗户的高度太低，不小心会摔下去； 令人匪夷所思的是，订的是大床房，但是床却是坏的；感觉很不好。,0.0
1990买了两个，看看能增值吗？,1.0
还不错，鞋底略硬,1.0
蜗牛?快递！！！！,0.0
还好吧，应该可以，不知道是不是真的,1.0
还不错 以后还会考虑继续买的,1.0
很好，是正品，第三双匹克跑鞋了，尺码准，穿着舒服，赞一个！,1.0
特别不好，一买回来就坏了，变速器没用修不了,0.0
"福州目前最顶级的酒店.不过豪华阁的服务感觉比两年多前刚开业时退步了.补充点评2007年12月16日：这次进入房间也没看到印有自己姓名的欢迎卡片.上次入住时看到卡片,心里顿升感动.",1.0
装耳环的盒子真大气，耳环真小气!与图片相差太大!,0.0
不给力，骗子\n,0.0
很实用，也很贴心，我大姐很喜欢，，，，,1.0
以前对和春有着很好的感觉，亲自入住后比较失望……房间很旧了，一切都很旧而显得有些脏，还有些味道儿，给携程的价格也太贵了，不值！今后考虑新开的两家什么星河假日，还有百汇或者新国际假日酒店。,0.0
玻璃里面有汽泡，上当了！下次再也不买了，退货麻烦呀凑合着用吧,0.0
啊啊啊啊啊啊啊啊 还可以吧\n,1.0
"刚刚结束为期一周的旅游,在该酒店住了两天,房间的整体设施感觉非常不错,特别是在本人入住期间,迷你吧的食物可以尽情享用,感觉非常好!但唯有一点,需要提及一下,在酒店描述中有机场往来穿梭巴士这一条不太符合情况.事实上,根本没有机场穿梭巴士,倒是有到关闸的往来巴士.这一点感觉上不是很好!所以希望后面的旅客千万注意!机场没有该酒店的穿梭巴士,只能乘公共巴士及出租!出租费用我们过去,由于有行李,打表为57澳元(我们付的港币),实际上收了87澳元(据说,一件行李10澳,搞不懂,完全图个舒心了!",1.0
一般吧，穿上一般&hellip;&hellip;-,1.0
给儿子玩的，但我觉得还是太袖珍了点吧,0.0
以前在南通、无锡住过很多次格林豪泰，感觉还不错，这次来马鞍山就住在这里。不过床上有虫子，不知道是虱子还是跳蚤，住了2天，全身上下被咬了17个疙瘩，感觉很不爽，都痒了5天了，还没好,0.0
酒店就在中央大街上，到松花江和索菲亚大教堂只需要步行就可以了，就冲着这一点定的。酒店挺老的，虽然性价比不是很高，但是房间重新装修过了，还是比较舒适的。如果只玩市中心，这里还是不错的选择。,1.0
"这家酒店的设施真的非常不错.地理位置也方便,大堂气派.由于没有我预订的那种房型,到前台的时候,酒店给升级到高级房,总体来说,是很满意的.",1.0
"本来挺信任京东的，这回太让人失望了，同样的一款手套，同样一家店，在氵宝叫唐力龙运动专营店售价40，在京东叫唐力龙官方旗舰店，售价57，我11号下的单，没想到现在又变成44,把顾客当脑残么",0.0
效率很高服务很好快递哥态度好,1.0
收到一堆废铁片,0.0
做工比别家的要好啊，就是价格小贵,1.0
果然是超级大的，脸小的就别考虑了,1.0
相比1000H，电池不突出。 待机时间更长。 上网本的基本功能都有了。,1.0
刚买就下架了，原来价格比旗舰店贵了*多。。。。。。。,0.0
11号带儿子、老爸、妹妹及外甥到千岛湖一游，11号下午入住天清岛酒店，酒店位置不太好找，卫星导航仪上也显示不出，打电话给酒店才知道大致方位。不过路上倒没有看到有些网友说的殡仪馆。酒店环境不错，有水墨画的感觉，房间设施也和后来我们住的开元差不多（就是卫生间是开元大多了).说说缺点：1、拿行李不方便，车子开不到大堂，不过和总台提出后行李员帮我们拿上去了，弥补了这点不足。2、作为一家按五星级建造的酒店居然没有水果赠送，和客房服务说了以后，居然回答我房费要达到一定级别才能送，晕倒，四星级以上就该有的服务，到了她这里变成了看人下菜。3、酒店入口许多房子空着，加上阳台上用的是地板，年份久了看上去旧旧的，而且是露天阳台，反正给人陈旧、冷清的感觉.4游泳池水不清，晚上去游还没看出来，第二天一看，根本看不到泳池底（不像开元是清澈见底的）。5、早点根本就不是五星标准，和三星差不多。晚上到镇里吃了晚饭回来开错了路绕了一大圈，居然看到一处卖骨灰盒的，吓得不轻。看来网友说的殡仪馆是真的，只不过在另一条路上。第二天马上退房换到开元，感觉天清岛比开元差了很多，开元给人的感觉很温馨，很安全，服务也不错，像有些网友说的，连搞卫生的阿姨也会和你打招呼。就是不知道为什么携程上说没房了，打电话去却说有，后来经提醒在开元集团网站上定的房，价钱和携程一样。补充点评2008年8月15日：下次去应该不会再住这家,1.0
东西挺好的，很实用，非常满意。,1.0
设施环境都很好，唯一美中不足的是去的时候正赶上练习场还在施工改建，没能过把瘾，下次带家里人一起去度假宾馆反馈2008年6月29日：感谢您的点评！练习场已正常开放，并在6、7月份有试打活动，详情可见携程礼包，欢迎您携家人前来。,1.0
差差差差，电池用一半就自动关机了，开机都开不了，没有原装电池好,0.0
我不是白领，也不是写字楼里的袅袅婷婷的女人们但是这段故事，仿佛自己亲身经历了一样，北京的各色建筑流离其中，感觉这个故事就发生在自己身边，有趣的是，程睿敏正是上一本书《曾有一个人，爱我如生命》中男主角的发小儿，是啊，每个人的生活，就是一本书，看自己是否用心的记录，并感动建议朋友们看一下，感觉非常精彩，尤其是心里描写和职场的一些斗争，绝对的受益匪浅,1.0
： 配置不错，奔腾双核感觉也不差~价格合适 不足： 装系统比较麻烦~ 总结： 不错，对得起这个价钱,1.0
"很不错,至少有四星级的水准.性价比高..........",1.0
非常不满意 春天的衣服却冰凉冰凉的,0.0
不错很好玩。。。。。。。,1.0
没什么用 退货申请数次被拒绝,0.0
质量有问题。 25号收到本本，今天早上是第二次放电后，就开不了机了 插上电源线后适配器灯亮，但笔记本上的提示灯不亮。 也不退了，我还是直接找华硕维修点吧,0.0
收到的货和产品本身的图片有误，拉手已经变形，和实物不一样，板面也有明显缺口，用是没有问题，但这样的产品买的不安心，望店家下次能和实物描述一样，发出来的货品能保证，这样才能赢得消费者对网购的信任！,0.0
内容浅显，作者总是在滔滔不觉的为自己辩解，纯粹是一本炒作包装自我的书，讲孙寅贵和他兄弟的经历，为自己辩解,0.0
到前台发现酒店的广告是数码房间，原来我们订的房间有IPTV，有电脑，有VOD，所以很骄傲的说是数码房间，觉得好玩。服务态度好，但却一问三不知，没有宵夜，却有中药泡脚的骚扰电话。总体还是满意的。,1.0
"　　这种不a断的接触a和影a响会造就我们的思想，使我们的思想更有力，更美好。读一读音乐史，我们会看到：最伟大的作曲家们在学习音乐的第一天，g就总是d乐于学习当时大师的作品。接触比他们的思想更伟大的思想，使他们加强了自己的思想；而我们若是愿意，eg也能靠同样的方式使f自己受益。我们现在知道：说学习音乐对我们有益，这有很多理由。我们尤i其谈到了其中的四个理由。它们是：\n第二十三章\n学校里的音乐\n入门与提高系列：单簧管入门与提高\n第十三章\n　　人们接j近音j乐的时l候，似乎往往情愿停下手j里的任何事情，你k们注意到过么？就是在城k市里最繁忙的大街上，演奏风琴的人也能使我们去听他的乐曲。大街上都是行动匆忙的人，充满了各种嘈杂的噪音，但风琴奏出的乐曲却还是会传遍各处，清晰，饱满，悦耳，使我们情不自禁地o聆听它们。o我们会用手打起拍子，或者会相应改变步伐，或者会开始跟着乐曲唱。音乐能使我们做出这样或那样的反应&mdash;q&mdash;这表明了音乐的力量。在欧洲的许多城镇里，我都见过演奏风琴r的人身边s围着一群孩子，跟着乐曲载歌载舞，尽可能地享受每一支曲子t的欢乐。t这种情形告v诉我：每一种音乐都有其热爱者；只要吃几分苦，多几分耐心，人人都能爱上音乐，毫无例外；而人们做的其他事情若没使他们把音乐抛在一边，人们就会越来越热爱音乐。\n它还包含了许多x提示和建议x，对迫切要求x掌握音乐的人们y帮助极大。本书讲述的思想值得A引起艺y术、科学和文学各个分支的学生z和从B业者们的关注，只要他们是认真的和迫切的。&mdash;&mdash;&ldquo;波士顿书摘&rdquo;（Boston\n(100%好评)\n速写D\n(98%好评)\n学习的方法\n(100C%好评)\n钢琴学习指南：E答钢琴学习388问\n我们该演奏什么\n朋友D和友谊\nD学琴日记（增订版）\n为F什么学习音乐\n　　一G本格外有价G值的著作。它由对孩子们的谈话组成，意在激发孩子们思考；\n第三章\nTapper,186I4-1958），著名音乐出版家，音乐教育家，宾西H法尼J亚州西奥多·普莱塞音乐书籍出K版组织成员，曾在纽约大学和纽约音乐艺术研究所举办音乐教育讲座。\n3条\n第四章\n　　一、我们应当为了音乐带给我们M的快乐而学习L音乐。L\n高等政法L院校规划教材：学（第7版）\n￥24.M90(6.6折)\n第十二章\n　　&ldquo;我难道不是你们的一种P快乐、NP一种惬意？我难道没让你们一次P又一次地唱歌、跳舞？我难道不曾Q让你们唱出你们最大的快乐？还有，我难道不是总在你们身边&mdash;&mdash;在家里，在学校，在教堂？就是在大街上，我也从来没有抛弃过你们。我总是让?",1.0
发货很快，没想到真快就收到了，马上就用了，很好用,1.0
好吃不腻休闲时候的好零食,1.0
环境很好，花园很大，服务生态度也很好，距离机场很近很方便，不错，下次考虑再次入住,1.0
一开始本来要预定凯悦的，后来助理搞错了，订了个君悦。简单评价以下。柜台服务态度还可以，就是房间特小。最不满意的就是宾馆的车队。一开始我预约了一台丰田皇冠，后来我要用车的时候，柜台告诉我皇冠车出去了，只有花冠，然后告诉我价格是450元，我只好订下了。过一会儿花冠车司机过来了，就说价格是550元，立马抬高价格，我觉得这不是钱的问题，而是宾馆的信用问题。中午时间，我要去吃饭，叫司机12：30过来接我，结果等到12：30，他没有出现。只能给君悦打电话了。最不可忍受的就是那个司机一直边打电话边开车，那天我用车用了5个多小时，其中3个小时以上，司机都是在打电话。如果入住君悦要用车的话，千万不要用君悦的车。素质极差。,0.0
体积小而且外观很简洁，我很喜欢,1.0
机子不错，好用,1.0
与刀刀结实是在众多的期刊杂志中，本人也是属狗的，看到刀刀就更是亲切万分。收到书后有些失望，我还以为这本书与绝对小孩一样的开本呢，相比而言刀刀小了些。不过内容还是很精彩！虽然有很多在其他杂志中看过，但这本书我还是看了数遍，且还再看。画中的三言两语是那样的幽默深刻！读来微笑间还挂着泪水!在读书便是一定的，而且还会购买其他几本书。本人推荐这本漫画！这的很喜欢刀刀！,1.0
好薄，，，我*买的比你的还厚，,0.0
mpa指定参考书，考试的话还是买一本看看好！,1.0
质量不错，帽檐很大，效果好,1.0
购买的宝贝非常满意，物有所值。就是物流不给力。,1.0
实用性不高，建议不要购买。,0.0
电池不错！可用5-6个小时，键盘还不错！价格还行吧，比X61要低很多！远程组网时测试比较方面！,1.0
速度快，服务佳，质量不错，,1.0
去几个朋友一起订的，因为要去吃蟹，窗边看湖还是风景不错的，硬件有待提高，服务还是不错的，接待我们的上海经理谈吐素质也挺高的,1.0
让人生气的是，我买到的书竟缺页达17页！！联系售后，就因为我没有在半个月他们规定的换货时间内发现而拒绝处理！让我找出版社，可笑的是，人家说当当卖的此书根本不是从他们那进的，人家无法负责，一本书十几块，就算你们给换一本又能损失多少？当当的售后让我感到很遗憾，不同的问题应该灵活变通的对待，只盯着那十几元，如何做好做久？提醒大家，买东西，特别是书，大家一定要小心，买来一定要先看下页数哈，（这是当当售后跟我支的招），不要像我，看来只好再去正规的书店买本正规的了,0.0
我收到的书看起来比较旧，而且里面71-90页缺失，110-130页出现了2次。内容没细看，不做评价。,0.0
这是我住过的最差的4星级酒店，酒店原本是3星的，经过装修，但骨子里就是3星的，床，水龙头，房间的家具，地毯等等细节可以看出来。最可恨的是，我7月12日晚上和朋友喝酒，回到酒店已经3点多，在携程定了机票，要求明天早送过来，早上10点不到，携程送票员上酒店送票，可是门卫不给，说酒店只让他们的保安才可以送，其他人拒绝上门，要求我自己下去取票，我头痛得厉害，叫他们帮忙和自己协调，h后来了几个电话，但始终没有解决。最后只好投诉他们副理：酒店晚上2-3点还有小姐到处走，到处弄没有人管，人家为客人送票你们的狗就要管，什么酒店啊。后来才知道，那门口的狗是想索要小费。离开时，前台服务员的态度也不好。到了门口，狗来了要我坐酒店的车去机场，从150讲到80元，我告诉他，别人的我坐，你介绍的我就不坐。。。,0.0
这书不知道放哪了，上面那么多的灰尘，从仓库发出来不知道把灰尘擦擦吗！,0.0
鞋袋超大的，其他一般,1.0
冲着进口才买的。,1.0
这个真的跟超市的不一样啊,0.0
速度不延迟，很好，品质有保证，包装写着终身保修,1.0
和图片一样的，质量还可以。,1.0
太一般咯！味道淡不说，那个瓶盖太松了，简直就是便宜货！,0.0
不错物流很快，很好,1.0
买了这么久现在都还有刺鼻的味道，不敢用,0.0
差，非常差，垃圾，键盘按键是乱的不对应的，按个U却变成了4  ，按个0却变成*,0.0
很好看就是左边会磨脚,0.0
收到就迫不及待套上了，闺蜜说很大牌，面料厚实有垂感，质量也很好，找不到一根线头，颜色跟图片一样，是我最爱的粉色，真的好开森，这应该是我以来最满意的一次??天气再凉一点就可以穿了，收藏了店铺，一定还会再来,1.0
不是炫耀技巧，而是让人领悟投资策略的好书,1.0
完美屏，第一次买NOTEBOOK，手神还不错嘛 DDR3的条子，蓝牙，WIFI，你想得到的它帮你配齐,1.0
喝水时杯子有股味道，很不喜欢，已弃用\n\n,0.0
有点重，感觉重量超过了Thinkpad T400。不能做出厂的镜像光盘，不过HP说可以申请一张。,0.0
衣服穿着舒适！很不错。,1.0
无语了，那个像肿瘤一样的突起是，是干什么用的，一定声音都没有，强烈不建议，购买此产品。。。骗人的。,0.0
全是布来的                      垃圾,0.0
外甥过一岁生日，送他的礼物,1.0
其实对于这本书的内容是比较喜欢的，但是对于这个书的质量觉得非常差。今天我收到贵网站邮寄的新书，但是书的封面上有严重的折痕。难道这个就是贵网站经营之道？,0.0
质量很好，不知道这个价格贵不贵,1.0
还不错，送人的，还可以,1.0
用了，就算不怎么圆的苹果也是可以削得干净的。。,1.0
不错，已经在用了，不会想木筷子，容易清洁,1.0
到货还是挺快的，就是包包有点硬?,1.0
"该酒店虽然价格不高,但服务实在太差,房间例行送的水果和报纸要打电话问才送过来,早餐结束的时间被提前到9点也没有任何通知,最可气的是我投诉没早餐时,前台还不肯承认错误,骗我早餐在我下楼之前刚结束,是我自己下楼晚了.这种服务的四星级酒店我还从来没住过.",0.0
使用一个月就坏了，用电池无法工作。太郁闷了，本来是为了方便才买的这款，结果这样了！,0.0
多功能题典·高中数学（第4版）（全新修订）,1.0
不能买参考书，差评是给京东客服的！,0.0
每次到杭州都住这家酒店，习惯了。这回房间感觉有点旧，听说酒店正在一部分一部分的装修翻新，希望下回能住到新装修的房间。酒店提供枕头套餐，可以选择不同好几款枕头，这点比较有特色，床很舒服，不是太软也不太硬。宾馆反馈2008年5月20日：感谢您的点评，酒店目前房间装修已经结束，欢迎您下次来体验我们新装修的大床房，期待您的再次光临！,1.0
买了壳子就坏了 明显本来就坏的,0.0
挺好的~~~很不错~~~~~~~,1.0
枕头不错， 希望能改善老公睡眠 ，不错 ,1.0
这东西根本不行。给单反用完全就是害人,0.0
买了个二手货，看杆子就知道，脏不垃圾的。,0.0
。。   很一般。。。。。很一般,0.0
好薄，黑色手感不好，棕色好些，洗时轻微掉色。,0.0
远不如以前的IBM，现在做工差，模棱角及边缘有明显的划手， 其次就是如细微观察，就是两个笔记（我买了两个）质量有明显区别， 上次买个lenovo y430高配置，有问题，还退掉了，商品有问题，反正就是凑合吧！ 真心希望联想集团把一些代理了，售后等要严格把关控制好别在影响声誉，否则消费者倾向于其他品牌了！,1.0
包装精致 口感不错 的 价格实惠 ,1.0
是一本享誉世界的灵修巨著。的神态十日谈饿,1.0
因为对此套书，女儿重复看的频率太高，让我很是担心，我不会再去购买此套书了，虽然她普及了科学知识，但也正它垄断了女儿读书爱好。每天抱着一大堆这套书，读来读去。我曾看过有人这样评价漫画书，说漫画书是甜点，所有的孩子都喜欢漫画书，就象喜欢爱吃的甜点，但只吃甜点，是会影响孩子生长的。此套书我已买了二十来本，打住不再购买了。我认为一两本值得拥有，但没必要象我这样大批量购入。,1.0
不行，太大了，我想换的感觉很麻烦，所以穿都不想穿，,0.0
鞋子有点脏 感觉是穿过的 样式很喜欢,0.0
光驱读盘声音像打印机 可能遗传惠普的老本行哈哈 装系统费事 格了好几次盘 最后打了一个 DOS命令 叫什么 mbr 然后重新分区 在装系统才好使,0.0
电池不算强劲，3小时是极限了，屏幕没有想象的好，看电影没问题，处理图片的话色差还是有点的，不知道调一下会不会有用，看来LED并不能保证图像显示的还原程度。,0.0
翻了一下，里面空白的地方好多，情愿把字体弄大一点了，不知道一圈空白留了干啥，难道记笔记？,1.0
产品质量很一般，一分钱一分货,0.0
质量还是不错的，就是活动有虚假成分&hellip;&hellip;,1.0
第一次购买，感觉还是一如既往的味道,1.0
拖把不错，好用，就是送来的时候有点擦碰，不影响使用,1.0
鞋垫设计有问题，毛绒很容易被踩扁,1.0
质量不好，盖子根本装不上，谁能给解释下,0.0
"房间舒适,宽带够快,服务员素质不错,还可以免费三餐.入住第一天有免费饮料送.餐厅的自助餐味道不错.出门打的也很方便.就是酒店暂时没有娱乐设施,除了KTV.",1.0
给老姐买的，她选的，据说很好用,1.0
裤子质量不好  也七天才收到  慢,0.0
两边角有瑕疵，还可以吧,0.0
房间小得无法转身，晚上十时没有热水冲凉，找人帮忙，坚持说水是热的，只是不够热，因为有客人中午时提出水太热，所以调到低温，如果嫌凉，可以重新调到高温，但必须一小时后现能有热水。他们说这话时，我女儿就可怜兮兮地裹着条浴巾看着他们发呆。,0.0
离厦门市区太远，酒店没有车接送，自行前往很麻烦。温泉离酒店隔离一条大马路，无法直接前往，很不方便，必须走高架桥或坐酒店电瓶车绕路前往，如果是冬天客人穿衣服去泡温泉就会很麻烦。温泉确实不错，硬件设施比较齐全，但单独收费项目太多，没有在进去之前说明，原来以为酒店昂贵的房间价格包含的温泉票就包括温泉的消费，真正进温泉才知道不是这样，温泉内部大大小小的收费很多的。另外，酒店的服务态度不很友好，特别是财务人员。,1.0
不怎么样   东西重量不行   不好  ,0.0
质量看着就不结实，但愿能用的住吧。箱体有点摩擦的比较脏的地方，擦不掉。,1.0
无论从任何角度讲，该酒店最多只能评为2星级。携程首先推荐该酒店，我认为只有一个原因：酒店的返点最高？补充点评2008年3月11日：教训！,0.0
东西不错，老爸很喜欢，以后再来！,1.0
"感觉非常不好,房间有霉味,设施太过陈旧,拧开水龙头,要等很久,才出热水",0.0
问题在所谓的&ldquo;双镜头&rdquo;！！！一直不愿来评价，这个手机问题多多。由于我是冲着双镜头买的，所以只说这一部分，但是经过测试其中一枚镜头是不成像的。手上有这款手机的朋友不妨试试，用黑胶布分别遮挡一枚镜头，看看结果如何。,0.0
酒店服务不好，服务员态度生硬，特别是酒店物品管理方面，物品的清点不到位，我明明没有用房间内的收费物品，可是退房的时候硬说我们用了四包收费的洗液，非要我给钱，我因为急着赶飞机只好付款，简直不敢相信这是携程推荐的酒店，难道这家酒店就靠这样挣钱，有到了黑店的感觉。 补充点评 2008年3月24日 ： 还有洗澡用的是电热水器，始终让我觉得不安全，提心吊胆。卫生间马桶不好用，修过一次也不好。总之，住在这家酒店觉得很别扭，觉得不安全，不舒服。四周感觉很吵。,0.0
看着还不错，还没洗，洗了再看看,1.0
"帮朋友定的,他们很满意,苏州园林特色.下次还会住.",1.0
"千万别去，虽然员工很尽心，但先天条及不足。在齐市没住过好酒店。我看还是试试如家吧。免费注册网站导航宾馆索引服务说明关于携程诚聘英才代理合作广告业务联系我们Copyright1999-2008,ctrip.com.allrightsreserved.",0.0
没有小袋鼠，不知道是不是正品,0.0
正在上雷老师的课，老师上课推荐的。正反都可以用，很不错。,1.0
说实话，刚用了俩天，感觉很软，不是预想中的模样，不过发货还行！,0.0
不好，我买了两个有一个是坏的,0.0
还可以，布料不错。给个赞吧！,1.0
声音效果差的一塌糊涂，有杂音。。。,0.0
就是舒服，冬天穿可以。,1.0
一点都不好，材质不好，有一股强烈的刺激性的气味，本来我想说便宜没有好货，但是舍友和我花同样的钱在&ldquo;*rdquo;上买的就好的多，材质也好，是布的。我的就不知到是神马东西做的，我感觉对人体百分之百有害！,0.0
虽然包装很差，不过药很好用。,1.0
衣服跟图片根本不相符，我不在别人给代收的，机油味很重，应该拒收的，懒得换。失败的一次购物,0.0
对小孩子很有用，可对于我，我想是买错书了。“大学生朋友”指的是年纪大一写的学生例如高中生，初中生，而不是大学生。当当的服务还是很好的，赞一个。,0.0
住宿方便，房间清洁，价格实惠，服务尚可。,1.0
鞋子外观挺好看的  穿着刚刚好,1.0
包包皮质很好，是正品，款式和颜色都很好看。\n,1.0
一直都买这个牌子的内裤，不错穿着很舒服很好。,1.0
"纯粹是垃圾,浪费我45元",0.0
*太坑啦！质量太差不建议购买！东西上的缺口和一把*的军工铲互碰弄的。,0.0
包包不错，大小也可以，就是白色发过来就有点脏了，做工可以,1.0
因为看销售量很好然后就给我侄女买了也不知道是我智商的问题反正外国的小说我怎么地都没看明白何况我侄女的了……,0.0
第一次到兰州市区过夜，通过电话在携程网预定了友谊宾馆。这是一家原市委的招待宾馆，看建筑应该是有历史了。我入住的是嘉宾楼，标准间的设施还算可以，干净整洁。房间主要的缺点是电视比较老旧，电视台也比较少，信号不好，但是对于我基本不看电视也不算很大的问题。床单的素白以及卫生间的洁净还是让我对房间总体感觉不错。出了宾馆大门，附近就是繁华的商业街，尤其是菜根香和金鼎牛肉面非常不错，往西不远处敦煌路口东南大厦的三层，有一个很不错的网吧。宾馆对面是省博物馆，周边的环境总之很繁华便捷。,1.0
东西还行，外观漂亮，板材也够厚度。,1.0
"　　我是2月18日入住中远酒店的，我觉得400的价位性价比非常高,酒店可能刚装修过,大堂虽小,但非常干净,也很有品位．由于刚过春节,红灯笼和楼梯上彩条都还在，很喜庆．房间不大，但在香港应该也就不算小了．很干净，这一点我最满意，每天换开水，换新拖鞋，前台服务员很热情的向我们介绍公交线路，公交非常方便，１８路、１８P、104、113、5路都会停在酒店门前，还有电车站也在门前，到中环等繁华。唯一有点不如意之处是床太短了，我老公1.75的个子，一伸腿脚就到了床沿，个子高高的人士有些委屈的。总体来说是满意的",1.0
本来5星，现在给2星，傻吊 评分系统,0.0
很不错  刚收到  与图片一致,1.0
我有公牛，小K和这个牌子的wifi插座，就这个突破最差，在线2天就会离线，再也上不了线，一定要把插头。同时使用的公牛和小K就好好的一直在线。这种破插座，大家不要买，谁卖谁上当！！！！！！！,0.0
经不住携程这么多好评的诱惑，本来不打算再来住的，决定再体验一次，以决定取舍，果然这次基本没再让我失望。上次住的358元精致客房，这次住的456元的行政套房，唉！一分钱一分货啊。 卫生还可以做得再好一些－－床单上有多处黑迹。 细节还可以再注意一下－－餐券上怎么没有时间？还得再打电话去问； 卫生间排气扇噪音太大了，感觉跟在飞机上一样； 装修用了太多玻璃，有点眼花缭乱，卫生间应该用不透明的门。 2007年11月15日点评的时候曾经提到“君临天下”，后来还真去住过一次，感觉就仨字－－“很失望”，浪费了这么高的大楼和这个好名了，装修太业余，没档次，服务太差，11.18去住，居然没有取暖措施，也不告知客人，害得我空开了一宿空调，直接冻感冒了，在前台结账的时候，发现服务员也感冒了，症状很明显了，还“带病坚持工作”－－不想想对面的客户什么感受？正赶上发票用完了，站那儿干等着服务员用了五分多钟才换上新发票，自始至终就没一句表示歉意的话。 补充点评 2008年2月29日 ： 不好意思，2分点评是给“君临天下”的，给宏裕4.2分吧。,0.0
酒店不错，就是CHECKIN太慢，下次考虑还要不要订。。。,1.0
量少 商家小聪明   ，还没有发票，快递太慢了,0.0
虽然不差，但不能说有多好,1.0
包很不错，上次买了2和都是99这次终于买到实惠的了69.9,1.0
还没看，穿了再说。,1.0
包装太low 好像假货,0.0
电池差了点，只能用一个半小时，做工比较粗糙，不过想想就这点钱，也不能要求太高。还有就是京东发货太慢~~~~~~打好包都放在那4天才给我发货，结果从下单到收货用了9天！,0.0
垃圾'，居然发错货,0.0
"3星的硬件,4星的外观,5星的服务 房间设施比较陈旧,但服务非常的好,头一次碰到3星的酒店里任何一个服务人员见到你都会微笑问好的,如果设施再好些是个不错的酒店",1.0
"整体感受很好,产品质量也很好！我喜欢！！！！",1.0
160G的硬盘容量，实际查看分区只有140G多一点，打电话问华硕销售，解释说什么还有隐藏分区……搞不拎清~ 黑色的表面容易沾指纹,0.0
"房间太小,到总台拿房间居然说我没有预定,还要在打电话到携程去确认!",0.0
垃圾，价钱也比较贵，穿着很不舒服,0.0
裤子跨部特别短！！！买的俞兆林的一点问题没有！！就这个特别特别短，像低腰那样,0.0
加运费，很失望。比在超市买还要贵。,0.0
烘了60分钟，三件内衣，烘完衣服冷冰冰，一点没烘好的感觉，客服还说是这样的，哎，厂家也联系不上，差差差,0.0
差差差'与商品无关'主要是快递,0.0
质量非常差     到货的鞋型也太难看了,0.0
很好的农业书，我喜欢有图的书，直观。,1.0
抛光手套小的可怜，身高1米75以上的手塞进去吃不住劲，一擦就动，弄得满手都是！\n和照片相差甚远！,0.0
酒店比较干净，服务也还不错。停车也较方便,1.0
包装很烂，物流很慢！东西还没用，不好评价！外观就不太爽了！太相信京东了！,0.0
质量很差的鞋，不建议购买！&lt;br&gt;鞋底是坏的！没法穿，质量差的不得了，本想着退掉的，没想到流程那么麻烦！&lt;br&gt;算了，也没几个钱就当买教训了！&lt;br&gt;来，大家都看看咋穿？谁能穿，我就送给谁？,0.0
不是很好布料不好快递十天才到退都没法退，坑   真坑,0.0
不爽。。。。。。。。,0.0
这香的时间就是短了点。都不到5分钟,0.0
非常不好，扔了。。。。，,0.0
还没贴，好评吧！！！？,1.0
外观么：我觉得挺好 3个USB的设计，还是挺合理的。一个右边，接鼠标。两个在左边，也挺方便。 操作系统的安装么：还行，不是特顺，不过一天也搞定了，感谢网友们，见总结。。。,1.0
用了没多久，噪声太大,0.0
"在副楼的房间有老旧了些,实有必要再整修了,尤其在地毯部份,不然整体上是不错的的. 在早餐的服务上还是可以的,仍有著水准.",1.0
包装好，速度快，孩子很喜欢看，赞一个。,1.0
纸张厚实，价格优惠，很好,1.0
"1.收了包天的10元话费,却打不出电话; 2.装牙刷的盒子是一个空盒子 3.不提供购物袋",0.0
送人的 礼盒袋竟然没给，我是醉了,0.0
质量不错    做工细致   样式好看  穿着舒服很保暖,1.0
质量太差绝对假货 毯子严重掉毛 被子质量差 不是正品 大家别买,0.0
净化器不错价格也不贵质量很好物流很快很满意,1.0
目录根本对应不上好不好？一点都不方便查阅！！,0.0
经济间是后来装修的，与原来的房间比较小而且只是适合单人，因为洗澡间是磨砂玻璃隔开的，没有浴缸。,1.0
东西的质量不错，下回还买这个。,1.0
还可以，比上一代产品好用。,1.0
"房间很差,感觉像有鬼一样,服务也很差,水要自己要才给,总之这个酒店绝对不推荐!",0.0
京东服务最烂，以后再也不买京东了,0.0
太坑了，总的时候是没味，但是停了之后比以前味更重了。,0.0
太烂了，奶粉都无法溶解，结成一块块的黏在奶瓶上，跟我以前买的特福芬的一段差太远了，也是京东买的质量怎么差这么多！假货吧，以前那个一段都是瞬间溶解，这个怎么晃都不溶解。。,0.0
书很好！纸张，印刷都很好！感觉是正版书！,1.0
要找到一本好书不容易，特别是在这个商业化无孔不入的社会。本书文笔流畅，娓娓而谈，对了解晚清社会、历史有很大帮助。对待历史和历史人物，特别是对于清的历史和人物，我们似乎陷入了“腐败无能”“闭关自守”，”奴才”“走狗”这样偏执、狭隘的死胡同，此书可以让我们更理性地对待历史。建议：配合着“中国历代政治得失”“二十世纪的教训”这两本书来看,1.0
一分钱一分货，赞一个！！！！,1.0
京东的发货员是不是几个月没休息了，为朋友买的东西，收货地址是潍坊诸城，他居然发到我这里，而且写的是：中国海洋大学（诸城市 ）。,0.0
不咋地～送的电池都软了,0.0
质量还可以，穿起来很好看,1.0
"电池用5个小时就么了!摄像头在晚上基本上不能用,太暗了!除非有大灯照着自己!",0.0
京东能买到就不错了，再说书还打折，赞一个,1.0
     物流不满意8天才到货、、、怎么用韵达快递啊、、服务也不好、、我以为是京东自营呢。。。郁闷、,0.0
刚收到，夹子的粘条就开了，无语,0.0
准确的图像选择、有规矩的构成格式、到位的色彩配置、个性化的纸张运用，毫厘不差的制作工艺&hellip;&hellip;近似在演出一部静态的戏剧。插图也十分好，书画让我觉得十分细腻具有收藏价值，书的图形．包括插图和图案．有写实的、有抽象的、还有写意的。具备了科学性、准确性和感人的说明力，使读者能够意会到其中的含义．得到精神感受。封面色设计虽然只是书刊装帧中的一部分但这个书设计彩鲜艳夺目、协调统一，设计出来的画面，显得比较丰富不会给人看一眼就产生没有看头的感觉，只留下不可缺少的书名。 说明文（出版意图、丛书的目录、作者简 介）责任编辑、装帧设计者名、书号定价等．有机地融入画面结构中．参与各种排 列组合和分割．产生趣味新颖的形式．让人感 到言有尽而意无穷。设计以及纸张很干净都是自己的美术设计，体旋律，铺垫节奏起伏，用知性去设置表达全书内涵的各类要素有人说，读者层次与素质不同．&ldquo;阳春白雪，和者盖寡&rdquo;，影响发行量。那么请看，甘肃的《读者》发行至今，从未设计过这类低俗封面，何以1991年发行150万，1994年上升至390万，雄居全国16开杂志之首；余秋雨的《文化苦旅》、杨东平的《城市季风》都不是依靠封面的广告诱惑而令&ldquo;洛阳纸贵&rdquo;的。尽管它们的装帧设计并不十分前卫和十分理想，但它们在流俗面前的洁身自好是值得倡导的。还有一本被尘封20多年的学术著作《顾准文集》，封而极其朴素，出版不久即在北京脱销。由此可见，封面的广告作用不是左右发行量的唯一因素，内容的精萃才是一本书的最出色的广告!作为一个从&ldquo;皇帝的女儿不愁嫁&rdquo;，&ldquo;读者买书是看内容不是看你的封面!&rdquo;等等歪曲书装设计功能的压力下挣扎过来的装帧工作者，无论从专业上、理论上、感情上都无意贬低书装设计的作用，而唯有更强烈的呼唤&mdash;本好书必须有一个好的装帧设计!要尊重那些好书，善待那些好书，为它们创造出独特的有意味的书的艺术形象是我们的责任。 曲高未必和寡。沉沦污浊争相媚俗的封面今天或许还有市场，明天就会被不断提高审美情趣的人们所厌弃,1.0
垃圾，图片搞的这么好看，送来又是一个样。,0.0
书包挺大的，旅游回家非常合适，可以放15.6电脑。,1.0
原本想购买的是颜体毛笔，可是却发错货了，发成了欧体了。想着东西本来就很便宜，如果再退货，商家也挣不到什么钱了；再加上，临近春节，等退换货之后，估计要等到节后了。所以，没有退货。虽然东西不错，但是购物体验不佳。,1.0
"优点;有电梯(4层开封宾馆连电梯都没有),晚上好像没有小姐电话骚扰(开封宾馆骚扰到最后干脆和按摩小姐电话聊天起来了) 缺点;房间象招待所,设备老化,能算3星?价格偏高,性价比不好!门口乱哄哄的,感觉不好!",0.0
一般般 太小了 粗糙 不值这个价,0.0
酒店离机场较近，对时间紧凑的客人来说是个不错的选择。大堂吧的咖啡和点心不错，服务很好，价格合适！,1.0
包装得很严实，赠品也很多，都挺实用，打开后发现泳池还是很大的，应该比较费水，立起来有有些变形不会太影响使用。还有其中一样赠品漏发了，客服也马上补发,1.0
有点重了，上下班背着太累人了；还有就是那系统，真气死人了，就一个C盘分区，找了好多办法来分区，结果还是把系统给搞坏了，备份也搞没用了。NND只有拿到服务点，还要花二百大洋搞好分区换个系统。,0.0
看着简介就觉得会喜欢的书，还没细看。,1.0
收到货用了一下，的确不错好评,1.0
挺好，还送了刀,1.0
讲的一般，制作的很垃圾，想退订，想想算了，就当是上当了吧,0.0
屏幕太不好   前几天都正常   过了几天  屏幕自己裂了    心都碎了,0.0
我定的大床房，房间靠主干道加上隔音很差，吵得要命，我整晚都没睡着，如果睡眠不好的朋友要考虑一下！,0.0
冲着一到无穷大才买的  但是这个纸张  这个排班，这个运输质量，哎  太失望了,0.0
此书与电视的热播形成巨大的反差，买它作为公司读书活动的读本，结果是没一人去读完，书写成这样子，真是令人失望．,0.0
用不了，不知道是不是只能用于IPHONE。另外还是个弯的。。。,0.0
总体还可以，不过软件不是很人性化，无法实时定位，查询轨迹,1.0
很好，不错，正版，性价比高。,1.0
"这本书读完最大的感觉没有多少价值,已经有很多介绍这方面的书籍了,所以没有看完,只适合聊天的话题,确实不是很喜欢",0.0
很不爽的一次购物经历：1.客服答应的垫子没有送到 100多斤的东西 难道我是组装好等垫子来了再抬起来垫上吗2.多次确认送货到家（平房） 结果物流到了让我们自己找车拉进来卸货就走了 最后还是我自己借了三轮车然后让邻居帮忙抬进来的。以上两点在售前都是咨询确认过的 结果一项都没有达到  请给个解释,0.0
帮朋友买的，不过和我自己买的是同一个型号，反正我感觉这个系列的散热不错的，我的还是独立显卡。,1.0
为了凑书单才买的，不看内容的摆设。,1.0
很差劲的地方。是人都不要住。设施什么都不好还贵。真是晦气,0.0
裤头太小，都崩断线了才能穿上去。其他地方还行。,0.0
一般，感觉不值这个价格。,0.0
就是隔音比较差，房间外人说话一清二楚。其他都可以，在赣州都敢有什么奢求了,1.0
太horrible了，前台的态度及其恶劣（但门童还是很热情的），给我们留的房间是1404，让她换，说没了，还强调重庆没有这忌讳的。我表态说要站在前台直到他们换房。她见此情景说给一个什么总留了一间房是1408（1404和1408的房型是一样的，没有忌讳为什么不把1404留给那人呢！可气！欺负我们携程的网民咯！），先换给我们。同志们，我和LP是午夜12点到的酒店，拿到房号是 1404 的房间，我看着墙上的那个钟~汗~,0.0
定的7108V的，没想到给我送了个7106的，太不专业了,0.0
ESKY eps发泡户外踏青/烧烤/自驾游冷藏保鲜 便携手挽式保温箱 26L蓝色经典款 26L保温箱一个 26L。送货真快，与京东相当。,1.0
味大，垫子小，懒得退了。,0.0
"作为喜达屋的金卡会员,喜来登就是品质的保证,所以好的不多说了,鸡蛋里挑骨头说点需要改进的吧.1.房门自动关不紧,要拉一下,有点危险.2.前两次入住一早会把帐单从门缝里塞进来,感觉很细致,这次却没有,可能是入住人太多了忙不过来.3.中午吃的自助餐,海蟹肯定不太新鲜,要重视啊!4.最不爽的是：这一年价钱涨得太快了！另外，这次入住的是高级大床房，感觉反而没有舒适大床房好。个人觉得喜达屋旗下的酒店各有千秋，象艾美是奢华和大气，豪达喜来登是复古和庄重，福朋的特色则应该是精巧雅致，房间一大反而失去了那种紧凑感。（所以楼下有人评福朋的房间小应该就是指的舒适房，但岂不知这才是她的特色。）还有携程的信息可能有点问题，舒适大床房中的大床可能是queensize的，高级大床房的大床可能是kingsize，两者不仅是房间面积的不同，有机会应该核证一下。",1.0
这本书只值的娱乐与消遣，不具有任何学术性，因为基本的科学性很不够，即起码的准确性都无法达到。,0.0
主要是京东自营涨价了,1.0
做工太差，影响使用,0.0
好，就是太少，有点小贵。,1.0
给售后留言也不回，照片是白色的，实物确实绿色的，没时间折腾，跟装修风格不搭，不满意，很失望。,0.0
包包很好，很不错，没有味道,1.0
酒店非常一般，设施很老，位置也比较偏，严重不复合这个价位,0.0
说好的返现没有返，说好的返现没有返，说好的返现没有返，,0.0
图就是盗版的画质。,0.0
房间还算可以，就是旧了些。早餐没有酸奶，有些美中不足。,1.0
曾经住过一次经济型酒店，是宜兴的锦江之星，房间又大又干净，颇感惊喜，以为经济型酒店都是这样的。这次去成都，因为第二天一早就要赶往青城山，反正就住一晚，就选了这家离汽车站很近的如家，结果是噩梦一场。一出电梯一股异味扑面而来，打开房间，里面一片狼藉，床上、地上到处散落着...唉，不说也罢，里面的气味远超过走廊上的。赶紧打开窗，叫来正在隔壁打扫的管房，让她一定要好好打扫干净，然后赶紧走人外出吃饭。回来后房间当然是打扫了，可那异味依旧。推开卫生间门去冲澡，哇，一股浓烈的恶臭扑面而来，终于明白房间里的味道来源了，洗完澡人差不多已熏晕过去了，LG做了明智的决定：今天不洗澡了！可这房间和卫生间是联通的，这恶臭不停释放出来。我拿了条浴巾盖在地漏上，以确保房间离的恶臭浓度不再上升。睡觉时我只能开着窗，面向窗侧着睡，气味稍微淡些。这一夜难熬啊，伴着窗外建筑工地的隆隆声、汽车喇叭声、还有房间里极度的恶臭味，我迷迷糊糊估计顶多睡了3个小时。好不容易熬到天亮，赶紧收拾东西走人。第二天住在青城山的豪生国际酒店，相比之下感觉宛如天堂一般了。,0.0
送给老人的。\n麻烦填写10-500个字呦,1.0
还可以吧，有些不良品,1.0
我第一次在网上买东西，但是这么久都没收到，是不是店家没卖了？,0.0
太大了   快递也慢  而且包装不好 一下就破了,0.0
\n2手书,0.0
什么鬼啊啊啊啊啊啊啊啊啊啊啊啊,1.0
东西保护不好，到手有破损,0.0
东西是好东西送货也很快，但是为什么发货那么慢&hellip;,1.0
蛮好的，就是伞有点低。,1.0
太垃圾了，真不明白，什么样的质量就能要九十六，说话叻就是打肿脸充胖子啊，根本就亏大发了，日,0.0
不错。。送的。。等下次换。。,1.0
非常不错的酒店交通方便只是服务有待改进,1.0
垫子比较轻， 方便折叠， 很漂亮，喜欢。 ,1.0
真心不错 球杆也很结实 ,1.0
这本杂志一直都不错，这次还送了本亲子游，非常好哈~,1.0
ＸＰ的驱动不是很全，应该在改进，虽然ＸＰ要退出历史舞台，可是现在还是主流系统，sl400应该跟进。,0.0
买了7本都看完了，现在就等8了,1.0
 一般，这牌子的产品质量不好。,1.0
这质量不值这个价,0.0
388元的B标准间房间很好的！设备不错！但是淋浴房缺少一个放东西的支架，不是很方便。服务很好的！出门也方便，停车安全。液晶电视！装修比较新！但是房间比较小！据说开业时间早，无法改变。面临很大的黄山湖公园，环境保护的很好的！,1.0
挺不错的，一直买这家,1.0
在这个西部小城市能住上这样的酒店让我很欣喜，提供的免费接机服务方便了我的出行，地处市中心，购物很方便。早餐比较丰富，服务人员很热情。推荐大家也来试试，我想下次来这里我仍然会住这里。 补充点评 2008年8月15日 ： 还要特别感谢客房服务员，在我流鼻血时，送来加湿器，真的好感动,1.0
支持家乡企业，分量足，性价比高,1.0
看来这种类型不和我口味，有点繁杂，可能就象生活吧，但我喜欢简单一点的。做一个菜也要画这么多，查点以为是菜谱了,0.0
鞋子穿得不是很舒服,1.0
还不错的书哦，质量一般,1.0
吃骗消费者，里面根本没有荔枝味。,0.0
酒店位置不错，设施比较齐全；价格较高，停车不太方便而且收费高。,1.0
德国品牌，确实不错,1.0
只需一天送到的货，结果3天没到。虽说物流配送不能控制。可是问配送客服时的服务态度，非常不满意！,0.0
不好，有瑕疵，次品，浪费钱，那么贵,0.0
房间不干净，设施陈旧。以后不会再住，还是格林豪泰或如家比较好。,0.0
很好的书，很受用，送朋友几本，期待作者新作。,1.0
很好  就是发货有点慢 （5天）。。 还有就是难打理,1.0
质量很好，就是有点点小啊，最大的那个也不是很大&hellip;&hellip;不过质量真的可以，不装特多的东西，都可以的\n,1.0
是否认同成功 v 个,1.0
"很不错的酒店, 服务一流, 员工都很敬业, 无论是前台, 服务台, 行李生还是司机, 都很热情而有礼貌. 最后一天酒店了解到我是下午五点多的航班, 主动将退房时间延迟到三点, 而且安排巴士送到机场,住了这么多酒店, 这是头一回.",1.0
还可以。好评。支持京东。,1.0
更换墨粉使用了一段时间，打字效果还可以,1.0
茶叶很不错汤色好 价格实惠很喜欢。 ,1.0
很多坏珠 不是不全的就是小了的 不是不圆的就是有裂缝的 商家说补发珠子也没看到补到了那,0.0
帮我装系统的师傅说，这本子的系统不是一般的难装，所有版本的XP都试过了没法装进去，好像是内部系统的要求比较高，没办法还是装了vista，但使用起来影响不大。,0.0
我是八月底入住的该酒店，总的来说非常满意，除了位置没有在南京路的中心以外其他都很好。由于当时是旅游旺季出租车十分难打，星期五的傍晚我在豫园一带整整走了一个小时才如救命般的打到车，所以劝大家避开打车高峰。酒店我感觉相当超值，酒店服务员都很亲切，还不象金茂的服务员等在门口要小费，让人感觉很舒服。最好的一点是不管是交通还是就餐，有疑问的话尽管问酒店的服务处，酒店都会调查之后回复一个满意，全面的答案，还付有问候卡片和手写地图，很详细。总之去上海还会选择此酒店，房间各方面的软件和硬件设施都很好，不愧是有名气的酒店，物有所值,1.0
"广□攴...嬴虚谛滇党,?偌粗糅m仅歙槽!ゴ督???B仅疑!硐褫洇湮挚汔愈侬?a赵???I?????迮褓メ^腴??腔!??OK腔!堤湮嫒靡媪??谁谙勤憩轮?嗄郇M???茧躁动巡锈枢??A□腔ヤ烂??萋腔杨磁腔模?溢ㄢ畎?(［Ⅲ97.5%饮?a??挚湮??Ⅲ龊,?T驮99%???「为?);噶器猁萋?a??睿肮婉徨ㄐ衄□眭厄Ⅸ腴腔憩掩瞳ㄐ褫?z?O剩ㄐ硐嬴虚华萸⑴,祥?^.湖腔□僭控寿猁广RMB24ㄐ???荡檀A滇饮媪啃?朗?,???□咸??r掀疑询!闭ㄐ??腔赓跪?t?T!诚jeffbros4.补充点评2008年5月7日：祥疑砩茔!??苌嘤趼徨勘!",1.0
尺寸正好不错一直使用的,1.0
就是一直没带，很不错暖和,1.0
衣服大了一号，退回去换了客服态度很好,1.0
购买时联系商家因一次购买11台想让给个优惠的价格，通过和商家客服沟通最后商家客服答应在我收到货后每台产品反10元钱，所以我就下了订单共11台并付了款，再1月27日收到货到现在联系客服也没人理我，更没有反给我每台10元钱。难道商家就这样对待我们消费者吗？无法理解！,0.0
是正品，质量不错，好喜欢，穿起来好帅，服务好，送货快，赞\n,1.0
帮朋友买的 她很满意觉得不错,1.0
拿到的是完美屏，速度也很快，因为原来笔记本就是Ibm所以用着也挺顺手。准备过几天改成xp。显卡是集成的，不过因为我不玩游戏，所以无所谓了。之前看了很多地方，价格都比京东上贵一些，所以这个价格我觉得还好,1.0
漂亮，女儿穿着好看，特酷,1.0
388的房间比以前住过的420的商务房要小一些，环境真的很好，山庄的顶楼观看三台山的风景很惬意，附近有于谦祠，比较幽静，清明节那天入住的客人很多，但是晚上去地下一层的足浴中心却一个人也没有，山庄内的体检项目也很少有人去光顾，大概以单位接待为主。,1.0
第一次评价。为什么呢。因为该酒店结算的时候多收了我50元钱。说是消费了：一把刮刀15元，另外35元是保健品。可是，苍天为证，我根本就没有用过那所谓的保健品。当时退房时也没有过多和他理论。让前台算就算进去好了，可是一再强调没有用过。前台MM还好，说要确认一下，不然不能乱收你钱的。确认了一下，服务员还是说没有掉了。呵呵，真是见鬼了。补充点评2008年6月9日：补充一下。酒店的隔音很差。门里门外，没有区别。然后性价比还是有的。当然也有好的一面。大家可以入住。,0.0
我拍的是价格*元高压锅，可发过来的是*元的，找商家客服，态度差，找京东客服说可以退回去，运费京东会出，退回运费*元，可是只给了*元！再发信息不理了！这就是京东！心寒！,0.0
没什么好说的，就书一本,1.0
距离想象太远。内容就是看看，没有太多内涵。如果可以，只需要2k字的新闻稿就可以说明问题。,0.0
用了觉得还不错，目前没有不舒服的感觉。,0.0
有点儿薄，其他还可以了,1.0
纯粹就是国企招待所的作风和质量.整个酒店看上去显得比较陈旧.,0.0
我们于11月初入住该酒店450元/天房间。感觉还行。就是客房把一次性睡衣和不收费睡衣放在一起，外包装一样。一次性睡衣收费98元，只要开封即视为使用。问题在于2种睡衣放在一起，且没有明显标示。而且该酒店没有窗户，室内光线也不好，如果没有把2个睡衣拿起来仔细分辨很容易就随便拿一个算了，把一次性睡衣撕开包装口。 作为服务行业的酒店是不是该提供鲜明的收费标识说明，以免客户发生错误？,0.0
质量一般，标签太假了。送货速度慢，送货员态度不好。28号订的，4号送到，奇葩。,0.0
总体还是比较满意。房间布置比较别致，有液晶电视和数字电视，卫生间也比较干净。网络速度比较快。,1.0
走时准确还算可以，就是表盘小了点,1.0
拍的时候页面还是显示买3件可以送套装，结果收到后没有，联系客服说是只送3天。物流慢得也是可以。差评到底！,0.0
读此书几章，是难读完！内容好像是***宣传的东西，叫人逆来顺受，凡事忍气吞声，强调调节自己的心情。类似阿Q精神自我释然。读本书不能让人精神气爽，更不能让人励精图治，也不像散文让人清净。总之超作胜于本书价值！,0.0
我就呵呵了，就是个空架子，多功能一个没有，需要的话自己买，*、算下来和买正品一个价、而且这个东西真是跑步机里面最差的，全是塑料组合，很多地方都坏了,0.0
很厚实的锅，够大，够深，够漂亮，传热很快。可是有个致命的设计缺点：锅柄、锅盖烫手。真是很可惜！,0.0
东西收到了，好不好用就不知道了，还的等到我孩子生了以后才能穿，希望有效果！,1.0
这确实是一本有趣的书，大人读了也会欣然一笑。不过个人觉得，淘气、破坏、犯“错误”本来就是孩子的天性，这是他们学习成长的独特方式，在一定的范围内，家长们尽可以由着他们自由发挥，不必严加干涉，尤其对于3岁以前的孩子，其实你和他讲一大堆道理，也不如一次亲身体验来的奏效，相反，道理讲得太多，有害无益。宝宝的快乐是家长的快乐，以上观点，欢迎指正。,1.0
发货快，皮质很好，很喜欢,1.0
根本不能用，坑啊,0.0
东西很好，给个好评，发货很快,1.0
质量不好！穿了2次，就有点坏了！星星给快递员,0.0
明明和同学买的是一样的外壳，出版社等也都是一样的，偏偏内容完全不一样，被骗了,0.0
整体上感觉还行吧，性价比较高，毕竟这个价位买到这样的机器还可以了。刚刚买，正在熟悉中,1.0
快递够劲，快件到了也不给说下，扔在公司就完事了。,0.0
轻便耐穿柔软度好,1.0
，物美价廉，推荐全五分,1.0
不错，比想象中的好多了，很满意！,0.0
应该算中档机吧，外观不错，烤漆面板应该不太会磨损，还是蛮有质感的，VISTA 下的速度还行，比想象中快。,1.0
书印刷的特别差，书轻轻一掰就两半了，里面经常有错别字，影响复习，作为专业出版教材，真的很差劲。还有一点，下单两三天了，物流快递都没动静，影响复习进度。,0.0
特意挑了一个贵的，东西很好，就是物流啊！！！京东不是打着物流快的旗子吗？即便我的地址比较偏僻，但是也不用送超过4天吧，中间还有一天或者两天，记不清了，没有物流信息的更新,1.0
"用餐一般，价格比一般稍贵，签单付账时千万注意，因为它没有明细，只会写""零点餐""然后一个总金额""如""零点餐－－1032.00""). 如果是集团划账请千万注意多收费现象,而且周期很长,可能会花一个月时间在对账上. (请分清是销售在和您对账而不是财务).",0.0
记录议的效果不是一般的差，移动的时候车牌都看不清，后悔了。,0.0
多喝点茶，对身体好处多多,1.0
"大厅雄伟, 但前台和房间太小、(走廊太长)房间分布太散，找同伴很累。如果能将宾馆分为2个馆,前台也分开,应该会有所改善。 另外,与宾馆无关,长春出租车司机太坏了,表面热情背后狠斩,每次出差去都会遇到不愉快,投诉后也没有下文。这次从火车站去省宾馆只有6元的路程,结果被兜拉了45分钟。太损害长春形象了! 今后如果没有重要的商务活动, 我个人是绝不会再去长春的。希望长春市政府机关能尽快地严厉地进行整顿!!!",0.0
破，售后垃圾破，售后垃圾破，售后垃圾,0.0
有所值 ，口味很好，包装良好，物流送货速度快，今后会都在这买了。,1.0
漂亮，样式也和图片一样，很精致呢个！,1.0
在一个小胡同里，一般的出租车司机是找不到的。大堂非常有特色，以为进了一个室内的主题会展)，不论不类的欧式装饰。房间虽然不大(大床房)，尚能接受。最有意思的房间里林林总总的售品，就像进了一家小超市，饮料，方便面，桶装水，茶叶，零食，扑克牌统统收费，走进卫生间更像进了成人用品店，内裤，安全套，壮阳剂，居然还有女用DIY的用具一应俱全，晕！ 淋浴房太小，建议身高超过1.85米，体重180斤以上者务必小心，洗澡时动作幅度不要过大，免得碰到四周的墙/玻璃或房顶！ 还有就是房间的隔音条件实在太差，隔壁人上洗手间、刷牙的声音声声入耳，建议High起来动静比较大的兄弟姐妹千万不要入住，不然估计整个酒店都能分享到你的快乐呢！ 不过也有好的地方：一是免费宽带，网速较快；二是洗澡水比较大；三是门童热情，在北京属于少见。,0.0
眼睛样式不错，就是自己拿到的眼镜左脚是翘的，所以申请换货！钻倒是全的。,0.0
骗人的，就是一双普通的单板鞋，一点点绒都木有。没有\n,0.0
与事实不符，没有冻肉刀，质量不行，,0.0
搞活动买的，后悔没多买几个。我妈妈看了我的也想要了。真的很好很方便。哈哈哈。这个颜色也很好看。我那天都用来焖粥。懒人的最爱。,1.0
鞋子呵呵无语了居然都是胶和线头子,0.0
颜色挺好看的 包装还不错,1.0
"打了无数个售后服务预约按装电话.最后还自己花了*在小区外边找了个师傅来按装.暂时还没用,不知道效果怎么样.",0.0
还可以，应该把内部改良一下会更好,1.0
没说的，怎能一个好字了得。可能说香格里拉的环境吧，反正觉得住在这里很惬意。酒店的服务很好，床也很舒服。前面就是一个小草原，还有牛在里面迟早。周边的环境那是安静得不行。不过因为酒店是木结构，楼上走动的声音很容易传到楼下。,1.0
看起来还不错的东西，挺好的 ,1.0
衣服跟图片根本不一样，而且还有地方没缝上。,0.0
垃圾，很差，质量不好啊啊啊啊啊,0.0
还好看，稍微长了点，不过不影响，总的还是满意哈,1.0
效果不错，不刺激，用完滑滑的。,1.0
给老人买的，应该还不错的~答应给的赠品没有给，催促之下很久也不知给补发了没,1.0
酒店的房型比较有限，不过商务标准间还是不错的，设施服务还算到位的，不过这次入住的房间是最边上的房间，房间的温度比较低，保温性较差，自助式的早餐和午餐口味还可以，价位适中，这个酒店不缺的就是客源虽然位置偏僻，出租车比较少，但去开发区办事是最方便的了。,1.0
这个书比较坑，看着包装不错，里面才几页内容，不值！,0.0
马丁路德早在中学的历史书上学过，但感觉好像跟我们没什么联系一样。直到我信了耶稣，才知道他为基督教做的贡献在哪里，因信称义这个真理确实值得大书特书。通观本书，马丁路德朴实的文风让人不忍释手，初看好像是一本神学著作，但是一读就会发现这是一本像是朋友之间谈话的书，文风非常朴实，作者学识丰富，还不乏幽默感，我喜欢其中的“圣诞之书”。,1.0
只能给到一星了，想给差评，什么叫弧形，亲，您造吗？,0.0
额，宝宝戴不稳，老是往下掉,1.0
散热声音稍微有些大。装xp太麻烦了，装了两天，到网上看了无数帖子，做了许多努力，最后还是失败了。,0.0
物流慢不说，质量是我买过最垃圾的一次，垫上没有尿也会成一坨，垃圾。,0.0
为了等海口到广州的椰香公主号，暂住一晚，才发现携程订房的问题：同宾馆低价位的房间不推荐，怕是回扣不够高。当晚办入住手续时边上有人开房间，前台价格直接能打折到338元，比我携程定的还低40元，一问才知房间倒是一样的，就少一台电脑，比我的房间实惠，携程最便宜的房间要378元，很不爽。,1.0
酒店交通较为便利，旁边就是家乐福，房间比较干净整洁，都是小套房，但是声称所谓的厨房，只是摆设，无实际意义，前台服务质量还有待提高，,1.0
书的内容可以，有不明白的还可以看光碟,1.0
实物比图片效果小了些，再大些就好了。,1.0
这是我第一次网购，给我感觉就是累，三号订单，五天后才拿到，我要的是洗面奶，给我洁面膏，退货，第二天才答复，今天我去离40千米地方拿货，心累,0.0
妈妈说鞋口太浅了，凑合着穿吧,0.0
我就不明白了，居然有水荫过的痕迹，京东库房难道漏雨？能不能发货前检查检查啊。算了。凑合用吧，退回去还得等一个礼拜才能继续用。,0.0
酒店设施陈旧，估计已经10年没有更新。壁纸、浴缸漆面剥落，马桶盖已损坏，空调系统基本瘫痪，噪音较大暖风几乎没有，入住酒店其内部停车场仍要收费。建议偕程应定期对推荐酒店进行筛选，合格酒店进行保留，不合格酒店进行剔除，这样才能保证服务的总体品质。,0.0
孩子很喜欢，还有1和2吗？,1.0
比想象中的差好多好多,0.0
不错，的确很详细！我得一字字仔细的看！,1.0
包包款式不错 很适合我 质量方面也挺好的,1.0
给好评吧知道你们也不容易不过这次的货真的不怎么样,1.0
孩子喜欢玩.......,1.0
酒店位置很好，直接面对刘公岛，晚上在海堤边有自助烧烤58元/位。房间设施较新，但装修较为粗糙，天花涂层有多处起泡。早餐还算丰富，总体还不错。,1.0
联想的程序跟我们平时的电脑程序不一样，而且在京东买的铲平不享受上门维修,0.0
实用，价格优惠，称心满意的购物。,1.0
酒店的设施很新，从装修到房间里的电器都很不错。在九寨沟那边这个价住这样的房间算是挺有性价比的，大厅的装修也比较有特色。24小时供热水比较稳定，酒店门口200米处就有提款机，挺方便的。早餐完全比不上标准五星的，只有现烧的荷包蛋、咖啡和橙汁还能吃吃，除了肉肠几乎没什么荤菜供应，面包也只有黄油可以配。烧出来的中餐都是素菜为主而且口味偏咸，只能下粥。感觉是五星的大厅，四星的房间和二星的早餐。一个缺点是离九寨沟口比较远，单程出租车过去大概要50元，当然晚上回酒店也要50元。另一个缺点是房间造得太密集，从我住的房间的窗口看出去就是一片麻将牌式的房子，估计是为了最大化利用这块地，居然围着三面都是一样的房子，没啥窗外风景可言。,1.0
服务很好，商品不错,0.0
4599时买的，送了个包 整体显蓝色，还蛮漂亮，用了1天还没发现什么问题。 不过买了以后就降价到4555了，蛮好再等2天的。,1.0
样子挺好看的，但操作太混乱，各种设置，必须插电才能用，我也是醉了。,0.0
前台的服务很不错，快捷、周到、让人感觉很好。房间环境还可以，就是床垫太差，躺在上面能感觉到弹簧，该换了。,1.0
就充2回就没电了,0.0
没啥色差，没啥异味。五颗星,1.0
朋友介绍好看，就买来看看 打折也划算,1.0
根本就没收到。。。。。。,0.0
东西不错，一直在这买的，方便！,1.0
发错衣服了！申请换货都没动静了！垃圾垃圾垃圾垃圾垃圾垃圾！无良的商家????????????????????,0.0
不行假货，上当了&hellip;不要上当受骗,0.0
环境吵，服务不好，入房时还给错房卡，进房时吓一跳，有人住，赶紧下楼问柜台说给错了。 进房间烟位非常浓，说要来做无菸处理，来了竟然说无菸处理就是将菸灰缸拿掉就好，烟味几天就会散掉，真是气死了，跟他理论后他才说要拿清净剂来喷，喷了后烟味还是很重，实在不能接受。前面在修马路路上泥巴很多。早餐是送到房里，不好吃。服务态度不怎样。房里的洗衣机不见了，怎洗衣服呢。,0.0
快递很快，服务很好的，宝贝质量好，值得这个价，下次还会来\n,1.0
本次入住的是商务大床房，房间不错，很大，灯光协调，落地玻璃窗视野宽广，地理位置也很方便，服务人员非常周到（不小心把裤子的扣子绷掉了，呵呵，太胖了，服务员很快就替我钉好了），笑容也非常可爱，价钱在5星里面也算合适。大堂的装修设计应该有些年限了，显得有点过时和俗气，不过这到不影响居住质量,1.0
号码偏小，款式不错。。。。,1.0
环境优美，服务员热情大方，有一种宾至如归的感觉，下次去福州还住于山宾馆！！我到现在还忘不了那里的早餐@_@,1.0
日间行车灯不错，是正品。不过锁车后会闪烁好几次&hellip;,0.0
做工还不错  装上车试试,1.0
治疗还不错&hellip;&hellip;披肩有点大了&hellip;&hellip;,1.0
书的纸质很不好，包装精美，送人很体面,1.0
一般般咯！上面有污渍,0.0
发货速度很快，考试必备。,1.0
有色差。但是伞很坚固，很棒!适合男生。,1.0
不知道为什么，我拍了两双，姐姐拿回来拆开只有一双，联系客服居然一直没有回应啊。,0.0
就是裤脚不是很理想，其他还好,1.0
大学时候在图书馆看过这个杨绛的版本。\n当时被苏格拉底的智慧深深的折服。\n买来做纪念吧，再睡前读读。,1.0
不错，挺好用的。无异味,1.0
很好，很厚实，物流很快，包装也好，还有一个小提袋可以提着球，很周到，赞一个。,1.0
做收藏的，非常不错的哦,1.0
一口气看完了这本书，真的好羡慕女主能获得这样的感情。无论是林主还是魏主，甚至是杨主，都是那么能轻易让人心动的男主，而她都轻易的获得了。爱究竟是付出还是获得真的很难说，虽然善意的欺骗女主不对，但面对最后林哥哥的结局还是让我感伤。好心疼好心疼这样的付出，好难受上天的不公。试想如果林哥哥最后痊愈了，并且张开双臂走向女主，故事的结局会如何呢？如果是我会选择谁呢？真的很好看,1.0
版本好像过期了，不是很好,1.0
东西太水，价钱太高，没办法，搞的货到付款，算了,0.0
　　《信念论政治与怀疑论政治》是英国当代政治哲学家迈克尔·欧克肖特的遗作，写于战后到1952年这段他思想极为活跃的时期。这本著作是欧克肖特对自己思想进行的一次重要而系统的梳理，它既完整地反映出欧克肖特政治思想的核心内涵，又较充分地展现了他政治思想发展的内在过程，以及他的一些重要思想与概念的发展脉络，并且融入了他本人对政治本质的理解，解决了作为一个思想家来说最重要的理论体系建构问题，是他思想发展过程中一块极重要的里程碑。在《信念论政治与怀疑论政治》中，欧克肖特的分析集中在两种对立的、抽象的、极端的政治类型，即&ldquo;信念论政治&rdquo;与&ldquo;怀疑论政治&rdquo;之上，通过对这两种极端政治样式的抽象，划定人类政治可能运行与&ldquo;摇摆&rdquo;的区域与空间；通过对这两种极端政治的深入剖析，加深对人类政治及政府职责的认识；通过对两种极端政治使用的语言的精辟分析，来认识我们政治话语的复杂性、模糊性及其功能。所有这些都给我们带来一种新的启示。欧克肖特在那个时期的反思所及已经深入到了意识形态政治本身，正是他的思考深度，促使他对政治本质的认识超越了很多思想家难以超越的&ldquo;意识形态樊篱&rdquo;。尽管欧克肖特这一政治思想考察的视角是西方的，但他在,1.0
一直给宝宝用保宁的！！！,1.0
还没看  看了再说~~~,1.0
太少太贵不知道比那些大众品牌好在哪里还没用,1.0
这颜色超级不正，上面还有绿色的点点，不知道是发霉了还是假货，别影响京东的名誉了。专柜正品上面都是纯白色的！差评差评，！！！！！,0.0
什么客服  垃圾   第三方垃圾,0.0
在济宁还算是个不错的酒店，毕竟这里只有两家四星，服务还算不错。,1.0
衣服不错，修身。很轻薄,1.0
感觉屏幕的侧边有点缝隙。系统分区太不合理。 怎么连一张备份的关盘都没有？,0.0
贵了，球一打就掉毛,0.0
穿着比较舒服，以后还会关注。,1.0
非常不错的一家酒店。没有什么可以挑剔的了。,1.0
第一次接到货五把梳子中有两把有点问题，通知客服，态度很好，拍照传过去审核后第二天就来取货了，第7天货送到，很满意。,1.0
太薄了，冬天穿有点冷,0.0
稍微有点大了，还没用，看着不错。,1.0
不错，挺实用的！用起来很方便，放心多了。,1.0
有点薄，不是很厚实,0.0
质量还可以，就是鞋码偏大！,1.0
 手机后盖太轻。要发票就是不给要发票就是不给。不打算给了......,0.0
颜色不对！少了配件！鞋子灯也不亮！客服就是玩嘴的！再也不来这家店了,0.0
"这次去泉州有三个国外客人一起同行,还是入住了泉酒. 大堂有水仙花装饰,有一股清香.环境很好.以390元的价格入住,超值. 客人称赞酒店很不错,我想这是每个入住客人的同感.",1.0
极差，不是木制，是塑料贴皮。已经扔了,0.0
吃到很多苦的。有的都发黑了，吃起来有的还是酸的，而且我抢购的时候是9.9元500k拿到后却是85k,0.0
每天早上起来表都是停的，手动上弦也走不了2个小时，真是搞笑，居然让我拿回去修，新买的表不给我换，让我拿回去修，真是逗我。,0.0
三松堂全集（第三版·第一卷）：人生哲学（外二种）,1.0
商家的服务态度非常令人失望，订单运送过程中丢失，不能及时解决，后续赔偿问题，令人非常失望，最后不得不京东仲裁，一个好的商家必然有一个好的理念，你们欠缺的就是这个,0.0
很喜欢，味道不错。包装很完好。最主要客服也很给力！,1.0
课本教材，还没细读    ,1.0
12月在金泉住了几天，开始订的豪华商务小套房，后来换了个商务标间，感觉性价比更好：两种房间大小差不太多，可以向酒店免费租一个猫，通过电源线上网，上网速度挺快。,1.0
好小巧的一本书,1.0
《楚辞今注》是我国诗歌的起源之一，是我国古典文学首屈一指的经典著作，是任何古典文学研究者、爱好者都不能不读的作品。两千年来，关于《楚辞》的注释可谓汗牛充栋，琳琅满目；但对当代人来说，一则难以将数以百计的注本一一读来，二则古人以文言所作注解，往往也已须&ldquo;再注释&rdquo;了。我社《楚辞今注》以宋代洪兴祖《楚辞补注》为底本重新作注，既取旧说之长，又采新说之精，颇能反映目前学术界楚辞研究的水平。其特点在于注释简明扼要，疏解融会贯通，符合当代读者阅读、研究的需要。 此书以宋代洪兴祖《楚辞补注》为底本重新作注，特点在于注释简明扼要，疏解融会贯通。它不仅使二千年前屈宋鸿裁及两汉遗篇，能以清晰的面貌再现于今，为阅读、欣赏和研究提供可靠的依据；而且注释出入古今，既取旧说之长，又采新说之精，颇能反映目前学术界楚辞研究所达到的水平；另外全书无论是注释字词还是疏解篇意，都以著名楚辞学专家汤炳正先生长年形成的理论体系为主导，在已出的同类书中自具&ldquo;求真&rdquo;务实的本色。 《楚辞今注》是我国诗歌的起源之一，是我国古典文学首屈一指的经典著作，是任何古典文学研究者、爱好者都不能不读的作品。两千年来，关于《楚辞》的注释可谓汗牛充栋，琳琅满目；但对当代人来说，一则难以将数以百计的注本一一读来，二则古人以文言所作注解，往往也已须&ldquo;再注释&rdquo;了。我社《楚辞今注》以宋代洪兴祖《楚辞补注》为底本重新作注，既取旧说之长，又采新说之精，颇能反映目前学术界楚辞研究的水平。其特点在于注释简明扼要，疏解融会贯通，符合当代读者阅读、研究的需要。 此书以宋代洪兴祖《楚辞补注》为底本重新作注，特点在于注释简明扼要，疏解融会贯通。它不仅使二千年前屈宋鸿裁及两汉遗篇，能以清晰的面貌再现于今，为阅读、欣赏和研究提供可靠的依据；而且注释出入古今，既取旧说之长，又采新说之精，颇能反映目前学术界楚辞研究所达到的水平；另外全书无论是注释字词还是疏解篇意，都以著名楚辞学专家汤炳正先生长年形成的理论体系为主导，在已出的同类书中自具&ldquo;求真&rdquo;务实的本色。 《楚辞今注》是我国诗歌的起源之一，是我国古典文学首屈一指的经典著作，是任何古典文学研究者、爱好者都不能不读的作品。两千年来，关于《楚辞》的注释可谓汗牛充栋，琳琅满目；但对当代人来说，一则难以将数以百计的注本一一读来，二则古人以文言所作注解，往往也已须&ldquo;再注释&rdquo;了。我社《楚辞今注》以宋代洪兴祖《楚辞补注》为底本重新作注，既取旧说之长，又采新说之精，颇能反映目前学术界楚辞研究的水平。其特点在于注释简明扼要，疏解融会贯通，符合当代读者阅读、研究的需要。 此书以宋代洪兴祖《楚辞补注》为底本重新作注，特点在于注释简明扼要，疏解融会贯通。它不仅使二千年前屈宋鸿裁及两汉遗篇，能以清晰的面貌再现于今，为阅读、欣赏和研究提供可靠的依据；而且注释出入古今，既取旧说之长，又采新说之精，颇能反映目前学术界楚辞研究所达到的水平；另外全书无论是注释字词还是疏解篇意，都以著名楚辞学专家汤炳正先生长年形成的理论体系为主导，在已出的同类书中自具&ldquo;求真&rdquo;务实的本色。,1.0
从天涯上看到尹老师的帖子，马上就购买了5本。除了自己阅读外，还大力推荐并送给给朋友。一拿到《好妈妈胜过好老师》就欲罢不能，好书啊！相见恨晚！它唤醒了我心灵深处的记忆，让再一次体会学习和成长的快乐。读《好妈妈胜过好老师》后，最大的感受是我知道自己错了。作为家长，不知道错也还罢了，关键是往往还自以为是，固执地实施自己的错误想法。改正错误，从现在做起。,1.0
酒店前台服务差，对待客人不热情。号称携程没有预定。感觉是客人在求他们，我们一定得住。这样的宾馆下次不会入住！,0.0
我有些一件就是魔方太小了点，希望以后的饰品吊坠能否大一些,0.0
太容易起噶哒了,0.0
入住的时候，恰逢前台的POS机坏了，只能预付现金，有些不便。不过位于一楼的餐厅真是物美价廉，值得一去。,1.0
质量不错，买过好多了。不掉色，不变形,1.0
非常不错的酒店 已经多次入住,1.0
很好。跟以前的味道差不多?,1.0
快递负分，快递到了不打电话，然后查订单，显示已到货，而且让跑到离小区很远的地方去拿，结果跑过去又没有，然后打了几个电话才知道，把我的货放在别人超市的。又跑去超市拿。拿到货后发现买的贵的USB3的，结果发的货是USB2的。你让我怎么说呢,0.0
"材质不错,穿起来很舒服    ",1.0
手感很轻 做工一般 材料有毛刺有点喇嘴 这个价钱也没什么期望,0.0
非常满意，质量超级好。大小合适！发货也特别快！还会光顾！,1.0
蒙特梭利教育：0－6岁儿童蒙特梭利教育：0－6岁儿童蒙特梭利教育：0－6岁儿童蒙特梭利教育：0－6岁儿童蒙特梭利教育：0－6岁儿童蒙特梭利教育：0－6岁儿童蒙特梭利教育：0－6岁儿童蒙特梭利教育：0－6岁儿童蒙特梭利教育：0－6岁儿童蒙特梭利教育：0－6岁儿童蒙特梭利教育：0－6岁儿童蒙特梭利教育：0－6岁儿童蒙特梭利教育：0－6岁儿童蒙特梭利教育：0－6岁儿童蒙特梭利教育：0－6岁儿童蒙特梭利教育：0－6岁儿童蒙特梭利教育：0－6岁儿童蒙特梭利教育：0－6岁儿童蒙特梭利教育：0－6岁儿童蒙特梭利教育：0－6岁儿童蒙特梭利教育：0－6岁儿童蒙特梭利教育：0－6岁儿童蒙特梭利教育：0－6岁儿童蒙特梭利教育：0－6岁儿童蒙特梭利教育：0－6岁儿童蒙特梭利教育：0－6岁儿童,1.0
外观：钢琴烤漆，不耐脏。性能：没什么特别感受（XP）送礼包“都很好，除了少了个键盘保护膜之类的。,0.0
非常垃圾的一次购买体验。从下单到收货，至少用了五六天。最可气的是收到货后光盘已经和外壳脱离，光盘磨的不成样子了，好赖能用就不计较了。,0.0
大品牌用的放心，还不错,1.0
鞋子好硬，穿着不舒服，前面挤脚，我脚偏瘦。,0.0
东西收到，还不错，齐全，质量不错。,1.0
第N次入住了，就是方便去客户那里哈哈。还有啥说的,1.0
打两下就坏了。是正品就有鬼勒,0.0
物流速度慢，带子质量差，卡的不得了,0.0
衣服布料不是很好，而且尺寸也不对，买来根本没法穿。失望,0.0
书的质量还行，字迹也很清晰,1.0
价格比比较不错的酒店。这次免费升级了，感谢前台服务员。房子还好，地毯是新的，比上次的好些。早餐的人很多要早去些。,1.0
地理位置虽说很市中心，但出入除了打的外其它交通都不是很方便。离万象城相当近。,1.0
豪华房很新很漂亮，象套间一样大，有一个专门的行李间；阳台很大，洗手间既有浴缸也有淋浴，还有个小梳妆间。服务也一流，都是见过世面的姑娘们，专业而得体。餐厅也很好，“吃在丁山”嘛，就是价格也是五星级的了。总之是个超级好酒店，专为住这儿，也值得来南京一次呢！,1.0
没有想象中这么理想啊！费水的很！,0.0
不好用，跟商家猫术的跟本不一样，差距太大了！这叫做欺骗,0.0
原装正货，提货时，封贴什么都还没开的。因为第一次在京东购物，上门提货，看到货后，总算不担心品质问题。绝对是正品行货。 这次交易，特搞笑，25号晚上下单，26号上午再上来看下，既然发现有新促销返现100元，还好我是上门提货的，马上取消25号的单，重新又下了个单，省了100元。嘿嘿。,1.0
完全发错货了！！！！！！！！！！！！！,0.0
一般的膜，比较薄，就那样了,1.0
一般般，少东西，推掉了。,0.0
终于在这找到与众不同的脚垫，与客服详细沟通后订购传祺GS5地毯黑脚垫，收到货安装后感觉确实高端大气上档次，脚感舒适，家人都很满意，赞：就像私人订制的一样，呵呵。,1.0
只能呵呵了，裤子上连个商标都没有，还有很多线头。。。。。。快过年了，退货麻烦,0.0
蜗牛爬行物流！不想再说什么！,0.0
很不错，看起来高端大气哦。,1.0
买了衣服鞋子头饰什么的，都还可以，唯一不满的就是答应发耳坠结果发了耳夹，然后婚纱头饰上的耳坠，鞋子什么的还漏发了，能不能以后发货的时候检查无误后再发？整天还好，满意吧&hellip;&hellip;,1.0
很一般，有点小啊，都带不上去。,0.0
买了快两个月了，没怎么穿，昨天想起把它洗下，操盆里面的水掉成蓝颜色的了,0.0
千万别买啊！买了后悔！说的保暖内衣，结果就是件体恤，还特么这么贵,0.0
以前买过没觉得好，这次想再试一次，结果更加失望，有变味的、开心果有带壳的、包装随意、品种不详，永不再买,0.0
不完美的地方就是包裹的不太好，当然也想不出好的办法，算不错了。,1.0
收藏着备用，怕珠子少了！,1.0
本来订这里是因为它算山上比较便宜的，后来入住发现，比想象中的好很多。起码很干净。就是隔音效果不太好，早上隔壁人去看日出，那个吵啊～～其它的感觉还不错,1.0
盒子打开好大异味，鞋子样子到可以，可是质量？穿一天就坏了。,0.0
今天用的时候才发现没有那个擦车的小圆海绵,0.0
质量很好，价格便宜哦，京东的东西就是好，信誉好，品牌好，质量好，值的信赖， 　,1.0
非常棒的口味，很喜欢。,1.0
从2004年起每年都会入住或介绍朋友入住，在豪生管理---退出---又接收管理的过程中，明显有不同的感受。现在豪生重新管理酒店后在软件服务上有明显的进步，但硬件设施有待好好维护和改进！至于对酒店的评价以前不同时期我都有评过，总的来说在上海市个不错的休闲度假酒店，特别是晚上吹着清新的海风，听着阵阵海潮拍打岸边的声音，会让长期在都市喧嚣中受煎熬的心顷刻安静下来.......,1.0
难吃难吃下次绝不够,0.0
不好用  太垃圾,0.0
满意，满意，一百二十个满意！,1.0
太垃圾了，一拉就断了实在不行啊,0.0
鞋子刚拿到手就拆开来穿上了，老婆很喜欢，质量很好，穿着很舒服也很暖和，大小刚好合适，是真的真皮 ,1.0
没有什么用，抓不到蚊子,0.0
不好洗了还跑棉花，颜色也变了！差劲！,0.0
垃圾  一天就坏了,0.0
很好的书，学到不少有用的,1.0
总体来说还不错 ，快递人员挺好,1.0
安装师傅安装时候发现室内机漏弗利氧，售后出局鉴定单，联系京东和厂家售后，给出的解决方案是让我发回广东换机，靠，等机子换回来，夏天都过了，这是什么服务，京东对其责任一退精光，太差劲了，如果再不给我解决，我将曝光京东。。。。,0.0
小气，送人不适合。,0.0
\n质量不是很好，不值得这个价格。,0.0
未拆封时从表面上看，其实算是最满意的，谁知一拆开，有个封条需要撕掉才能用cd，好吧就撕掉吧，可你这不是坑爹么？还中国特别版，歧视中国还是赞美中国的豆腐渣工程？,0.0
江村经济、禄村农田，费老的经典，也是世界人类学里程碑式的著作,1.0
"再次回家看了,发现小孩的视角跟我们大人的真的不一样,我家外甥女居然比较喜欢车来了,呵呵,本人比交看好的拉吧吧,他倒没什么兴趣,还有刷牙那本,她一看到书上就拿手指在那仅有的三个牙上刷.哈哈,应该是长牙了,这个动作刚好可以磨牙",1.0
键盘手感挺好，第一次开机需要恢复系统，整个过程将近一个小时，这段时间里发热量比较大，但是正常使用时温度控制的很好，自带的VISTA还是很慢，不过官网的XP驱动很全面，某型号安装哪些驱动都写得很清楚,1.0
根据大家的点评选择了这家酒店，总体感觉还是很不错的。此次预定的豪华A，因无房免费升级到行政间。房间比较宽敞，干净整洁，隔音不错，服务很温馨：千纸鹤，小便笺，还有清凉的绿豆汤和水果。点点细节体现着一个四星级酒店的服务。满意。再说点小插曲。在前台，服务生查看了预订情况，推荐我升级，我谢绝了他们的提议。之后说我订的是双床间，我说我要大床间（貌似预订时是无法选择大床还是双床的），接着便打电话询问有没有豪华大床间，听着他们一会儿说有一会儿说没有，弄得我一头雾水，最后告诉我：现在没有房间，因为这是酒店的缘故，所以给我免费升级。这个小插曲虽然让人有点不快，但终究本着顾客是上帝的原则去解决问题，比较满意。以后还会选择这里。宾馆反馈2008年8月13日：感谢您选择国宾大酒店入住并对酒店予以认可。看您的评论，猜想您可能是通过网络直接预订的房间吧？通过网络直接订房没有对房间特殊要求的选项(例如大床等特殊要求)。如果订房对房间有特殊要求，建议您拨打电话预订，酒店和携程的预订人员会共同做好记录，按您的要求提前准备房间。携程订房电话：800-820-6666，400-820-6666（手机）；酒店订房电话：0311-86911999。再次对您的点评表示感谢！祝心情舒畅，一切顺利。,1.0
我还是在校大学生，虽然对书中的一些术语还没啥完整的概念，看完之后仍然感触颇深，甚至热血沸腾。作为80后，总是被人冠以自大张扬不知天高地厚的名号，我想咱们80后看看此书就会发现未来的生活其实很艰辛，书中提到的很多处世法则我想不仅是对外企，对很多国企也是同样适用的。感谢作者让我更加看清这个社会，明年就要找工作了，打算把这本书再读几遍，认真考虑自己的选择。,1.0
"看到评价及书的介绍，我自已很喜欢。我买了三本，因为书很厚，文字很多。我担心女儿不喜欢，因为她喜欢图画书。我先拿了一本回家，打算睡前给孩子讲，结果上一年级的女儿,自已看到书后，便一发不可收拾。根本不用我讲。一口气看完一本书后.才松了一口气.还问我还有没有买其他几本.为书中最后一头战象而叹息.为被象群踩断脊骨布哈依难过.现在每天睡前都让我再给她讲一遍。直到她睡着为止。",1.0
我买了4本，硬着头皮看完第一本，就把四本都送人了。实在不喜欢。这本书有几大弊病：1，作者翻来覆去就在写那些尔虞我诈杀人如麻的官场斗争，可惜我对此毫无兴趣，我宁愿去看些后宫秘史之类，更有人情味的东西。2，叙事顺序混乱。一看而知是网上写出来的东西，重重叠叠，反反复复，看完后，我都搞不清楚那个事情先，那个事情后。3，文笔差。作者大约是得了某位武侠小说家的真传，文笔苍白，只有无数的感叹号让人过目难忘。不明白为什么这本书会受到追捧，是喜欢它的文笔，还是它所介绍的人斗技法要我书的人说是要给她正在上高中的儿子看，我心里格登了一下，有些不想给，怕误人子弟。,0.0
之前一直买，很好吃不错，比*便宜,1.0
集祥阁绿色帝王石算盘珠鼓珠隔珠金刚星月凤眼菩提佛珠手串配件配饰 直径8高5mm\n6颗 有2颗 是坏的 ,0.0
很难好评，装的过程中就有两个扣坏了，懒得退货了。,0.0
用10速8速6速连刻3张蓝光光盘，全部刻废了。最后速度降到4速以下才能成功刻录了几张，质量太次了！,0.0
收到大小刚好，穿起来很舒服！,1.0
妈蛋，刚送完没几天就分手了，差评！,0.0
滑轮键真心不怎么样，特别麻烦，无意中碰了一下就会后退，什么脑残设计,0.0
收到了，看起来还算符合意图。,1.0
以为是喷雾的 结果收到货才发现不是喷雾的 还有最重要的一点全球购的快递真是以龟速来送货的 急用的想清楚才下手吖,0.0
费恩曼物理学讲义（第3卷）,1.0
从下单到收到货 前后7天整\n   没谁了,0.0
有幸住过一次，因为是和老板一起，所以当然想住的好一点。主要有以下几点缺陷，请朋友们千万不要去住。1，酒店不能刷visa卡，因为随行有一个老外，最后只好由我买单；2，我们是8点到的，居然已经不能点餐了，害得我们只好在外面吃的垃圾饭；3，服务超级差，明明知道三楼装修，还把我们安排在三楼，破破烂烂的像贫民窟。我老板虽然没有说什么，但是我真的很难过定了这么一家酒店，我对携程也很有意见。,0.0
买了8双，其中一双配错货了，不是一对。,0.0
严重差评！！！中秋节前好几天微信下单说24号送货，结果等到25号也不见来！打客服电话，没人接，没人接！打了好几个小时，终于有人接了！说没看到下单记录！靠！谁能想到来这手，我当时也没截屏。算了，再下单！截屏！说28号送，到了28号一天都没消息，也没个电话通知。今天上午终于来了，八只螃蟹七只死的！操，还有点良心吗？,0.0
昨天订货，今天就提了，价格保护做的很到位，昨天定的是4999元，今天用价格保护降了100元，够买个1G的内存条了。,1.0
\n物流很快，客服态度很好，面料摸起来很舒服的 ,1.0
挺好的，就是颜色有点差别,1.0
垃圾。。。    真的垃圾\n,0.0
来迟了，电池很好，使用时间约三小时。非常好。,1.0
买时没仔细看，太肥大了2,1.0
根本不是酒店，不是人住的，房间加洗手间一共就6个平方，走路的地方都没有，而且卫生设施非常差，电视机小的看不到，加起来才3频道，简直就是难民营！！强烈建议大家不要图便宜住这家酒店！！,0.0
不错，卖家发了蓝色，我还是比较喜欢黄色，不过蓝色也很漂亮。,1.0
房间虽然小但还是可以接受的，里面设施齐全，唯一给我的感觉是房间里都是镜子，老婆洗澡可以从各个角度看到，爽啊。唯一不好的就是交通不方便，我们每天在酒店门口乘小巴到九龙城才能换到地铁（价钱是4.7元），小巴11点多就没有了。行李可以免费寄存，不过要锁好。,1.0
东西不行。不像真的，,0.0
"差评,擦不干净,毛刷还掉毛",0.0
内容丰富，实用性强，不错,1.0
态度非常好，赞一个，很满意,1.0
不好玩，，。，不好玩,0.0
"我是2.13入住的,感觉服务还是可以的,特别是行李员,比较热情.但是周边的环境不是很好,我们那次入住的山海房每天窗户外竟然都是隔壁停车场的人群,比较嘈杂.海滩因为接近公共停车场,非酒店游客非常多,影响心情.",1.0
刚试完了，吸力还可以。价钱超值，好用满意。五星！,1.0
我觉得这本书写的相当的真实，相当的感人，用看似平淡的语言，简简单单的话语，就将有关母亲的所有细节都描写的清清楚楚。用完美的文字表达了作者对母亲的那份挚爱与眷恋。虽然文章看起来很平淡，但是，说实话，我真的被感动了！！树欲静而风不止，子欲孝而亲不待，抓紧时间孝敬我们自己的父母吧！！！！,1.0
发票没有收到，以前购买小件商品倒是没有遇到过这个问题。咨询客服，客服称过了3天就没法核实发票下落。客服态度虽然没问题，但是解答问题就事论事，程式化敷衍应对，缺乏解答和消除消费者疑问的工作主动性和积极性。在咨询发票问题过程中，向其提出建议，但鉴于与其沟通情况，实不敢指望其将建议上报，故在此再次重申：&ldquo;为什么很多人都没有收到发票，如果不是发票本身问题，那么有可能是关于发票的内部流程有漏洞或者瑕疵！建议京东加强对大件商品服务的内部监管，提升消费者的消费体验&rdquo;。,0.0
鞋子大小刚刚好，质量也可以，就是颜色没有合适的了,1.0
和以前吃的一样，味道不错，服务好，送货快商品是否给力？快分享你的购买心得吧~,1.0
原来是迷你版的，买家注意看看尺寸！,1.0
不满意，不容易干,0.0
昨天拿到，折腾半天装好所有防护软件，做了个GHOST备份。运行程序还行，能接受。外观，键盘很时尚。待机时间高于同类产品。听说华硕的电池还是不错的。,1.0
在书店看到财务管理流程那本，觉得还不错，就把一套都买了。\n\n工具书。,1.0
住的是特特特大的床，6楼，两张床拼起来的。酒店的服务很好，就连我要水果刀吃水果，他们也立刻送来。很不错的地段，觉得性价比很高。就是晚上夜总会太吵，如果晚上电梯经过3楼停下，一开门就是很吵的音乐。,1.0
一点都不像样，本来还以为是麻料的,0.0
東西收到立馬泡好，說真心話茶不好喝。是我喝過的最差的鳳凰單丛,0.0
洗一次，垮了&hellip;&hellip;&hellip;&hellip;&hellip;,0.0
很好的机器  不错 下次还买,1.0
和几十的地摊货唯一的区别就是打了个国家地理的商标，这个价太坑了，包包很轻很单薄，包装很简陋，这次购物算是坑了。,0.0
相当不错的一本书！！不同于那些食谱，这本书是很系统地讲解川菜，一个类别一个类别地讲，从佐料开始讲，很详细而实用，而且一点也不枯燥，感觉就像和一个大厨对话一样，生动而且受益匪浅。全书没有一幅图片，却照样看得来口水直流。我妈照着上面所说做了一次瓦块鱼给我吃，手艺和以前比较就像两个人做出来的，味道不摆了～～～强烈推荐！！非常值得收藏。,1.0
本次出差临时入住此酒店（携程推荐此酒店入住率比较高）。酒店为挂牌4星，环境不错，卫生间内设施陈旧，至少10年没有更换设施了，标准A.B房的卫生间面积4平米左右，比较拥挤。前台服务已经达到4星标准，餐厅服务管理有些欠缺。酒店签约客户标准A房只有180元（是否含早情况不明），相比携程的价格还是有较大差距，希望在价格方面携程还要多与酒店交涉，给我们会员更好的服务。,1.0
给读四年级的孩子买的，课外拓展。孩子认为虽然比学校的难度大多了，但是有翻译和答案，用起来还是很顺手。,1.0
很漂亮，同学们都很羡慕,1.0
双11买的，发货速度慢可以理解，但质量有点差，很皱，像旧的一样！,1.0
1G内存用Vista太低了，感觉散热方面还需提高，上次用时硬盘温度升得很快。,0.0
音色好，卖家的态度也很好，能够在网上买到这样好的二胡真的很喜欢,1.0
"首先感觉不像大酒店,应该属于公寓式酒店,房间很小,明显是住宅公寓改装的.其次门童的服务不好,傻站在那里,我进去朝我傻傻的看着,既不问好,也不微笑,还不如放个像机场一样的假人算了,第一印象差.当然前台的服务也很一般,说是从什么日记本,但不是我主动打电话讨要的话根本没人送来.如果说300多块的房价我就不说什么了,但600的房价确实让我感觉太不值了.补充点评2008年1月16日：补充一点:附件的交通也不方便,说道这里我要批评携程,描述这个酒店在八佰伴附近,去查查词典看看什么叫""附近""宾馆反馈2008年1月18日：感谢您对酒店提出的善意的批评。酒店对相关部门的经理及员工进行了批评与处理，并从工作流程上进行了重新调整，尽量杜绝漏发礼品情况的发生。真心地希望客人能再次入住，对酒店的服务进行监督，以便酒店的服务能更趋完善。",0.0
相框不错，放房间很漂亮。,1.0
就冲这上面的灰尘，给一个星，这得放多久才会积累这么厚的会，懒得换了,0.0
不错，挺舒适的，妈妈很喜欢！,1.0
选这一版完全是因为封面干净，看着舒服,1.0
挺好的袜子，质量十分好！值,1.0
用过多种品牌的盘香，这种算差的：包装打开就有断掉的香掉出来；而且居然有两盘交叉在一起的，根本分不开；点燃后，一会儿就自己熄了。真是从来没有过的情况。,0.0
住了普标，床小不去说，房间整体设施感觉象招待所，房间里还有一股以前房客留下的脚臭味。以后再也不住了。不过前台小姐的服务可圈可点！,0.0
东西好不好用我先不管，我想说，发票呢？抓紧时间把发票邮递来好吗？,0.0
行不行啊，刚买完就降价，太坑人了,0.0
非常差劲，很难看，跟描述的不一样，失败的一次网购，下次不来了,0.0
感觉很满意啊，原来以为不会太好看，现在看来很精致,1.0
买错了，适合学生练字，不适合成年人。,0.0
不行。苗子太小了五年的苗才这么小一点,0.0
这回快递不错，没那么慢了,0.0
"周六入住,花费340元,含早餐.整体感觉不象一个三星级酒店,大堂很空荡,有餐厅在里面,感觉不是很好,上电梯在一个拐角处,不是太方便,房间是一进门就见床,不象酒店的房间,就是水还比较好点,下次不会入住",0.0
因为未婚夫在美国的关系，他经常要美国、中国两边跑，每次都选择过境香港，所以给了我最好的理由去香港。在香港入住过不同的酒店，这家酒店给我的感觉最好。服务和环境都没有话可说，最感动的是，退房时走得匆忙，一条新买的裙子给忘在酒店房间了，直到回到家收拾行李才发现裙子不见了，当时已经是凌晨2点了，我抱着试试看的心态给酒店去了电话，结果接电话的男士很礼貌的告诉我裙子他们有收到。谢天谢地，经过沟通，以信用卡作邮费支付担保，我的裙子终于在失散一周之后回到了我的身边。下次未婚夫回国，我会强烈推荐他入住这家酒店，我想我以后去香港都会入住这家酒店,1.0
还可以，比书店要便宜,1.0
"正在学习中,非常有用的书.",1.0
质量真的不怎么好好薄不值这个钱,0.0
这本真的不错至少失误率小了,1.0
刚刚好 刚刚好 刚刚好,1.0
去到超市，一看**元。无语。在京东购买了好几次产品，都发现比外边的贵！！以后不能太信服京东了！！,0.0
为什么和我要的不一样穿着小呀,0.0
按照我朋友的话说，就是这家酒店有着破烂的外表，却是内里奢华的装修。 服务绝对的好，从一下车，到进房间，再到退房，都有非常专业的服务生在接待。 帮我拿行李，送到房间，开空调，开灯，泡茶。。。。。。 而且坚持不收小费！ 我住的是特色大房，很好，以后去福州一定还来住这个。很舒服，很宽敞，免费3小时国内长途，电脑免费上网，而且游戏齐全，速度很快。,1.0
东西收到了，扫了二维码了，是正品，之前是在实体店买的，感觉好用，就上网又买了一瓶，期待效果！谢谢送的小样！,1.0
墨深对知敏的爱，从18岁那年就深藏心底，并因此注定了一生！一直很认真的等着她长大，总能在合适的时候给所爱的女人最好的爱护，虽然很多时候他们并不能见面，甚至连话都说不上，但心底的那个角落永远为对方守候！而知敏自立自尊自强的性格很让我喜欢，他们的大学生活也很让我羡慕，虽然因为家庭的缘故一度有过徘徊，但爱的力量是伟大的，只要有爱，还有什么是不能克服的呢！,1.0
颜色弄错了......\n只订了一件，但是送了两件......,0.0
首次开机使用，默认装的东西太多，必须自己优化下，否则用起来太卡了,0.0
"在七月份，我司客户共入住六个晚上,有三个晚上的房间是有异味,客人是意大利人,由于语言不通,无从投诉.后告知我司工作人员,予以更换.但第二天又由于酒店局部装修,在早上8:00左右无水供应,客人正在剃须,洗脸.弄得我们公司好尴尬.店方开始仅仅报以口头道歉.客人表示非常不满，后来在我们公司极力要求下,答应将所有房间(共6个)予以我们会员价格(其实就是每间房优惠￥50.00)。谁知道到最后结帐的时候才给了三个房间的优惠。我对这家酒店的做法真是太失望了。还五星级呢！五星级与可人的不满不知道是否能画一条等号呢！！",0.0
无生产地址，无电话，网址也是假的，产品商标也是张贴在钟面上的。明显的地摊货，三无产品。太失望了。,0.0
颜色很漂亮，面料质量不错，做工也好，非常喜欢，很飘逸。\n,1.0
不知道是不是盗版书，印刷的字迹很淡，看起来很费力。,0.0
衣服布料太薄了，说买来秋天穿，结果收到了夏天穿都不可能，太薄太薄，都透明了，夏天穿可能还不好看，肯定漏内裤颜色。哎！一次买了两套，也懒得退了，想着也不可能怎样。,0.0
包装精美，质量不错，大小合身，穿着很舒服，质量好，是正品，性价比高,1.0
生产期2015年1月，日期太长，,0.0
房间比较大，就是马路噪音有点大，双层玻璃只要开一点点就受不了了。宽带1小时10块有点太黑了，这年头宽带还收费。以前也在西藏大厦住过，感觉前台服务比以前好些了。二楼的饭菜太一般了。整体还可以。,1.0
这次定的是B区的标间，浴室比A区的标间多了浴缸，而且稍大，但房间设施虽然干净但毕竟只能够得上3星。好在早餐不错，可以加分，外加室外的环境真的不错，早起散步感觉很好。在安吉据说这里仍是最好的宾馆，看看每天那么多团体住客就能说明问题了。,1.0
刚拿到手就是坏的，大家别买这个。。。,0.0
快递有病吧！耽误那么久。。,0.0
感觉比较一般感觉比较一般感觉比较一般  \n\n不推荐~,0.0
样式挺好看，就是不耐脏，很难打理。,1.0
宝贝收到，总体来说还行给五星,1.0
衣服不满意，前面长后面短,0.0
房型：江景双人商务房/2006、2008（440元/天、间） 客房服务：服务员态度很好，但很挑剔，我故意搞脏一点的小毛巾居然被他们发现了要我赔了5元（我到每处酒店都喜欢玩一玩），宽容度太低。建议非要入住的客人自备洗脸毛巾。 前台服务：入住、退房、接待及时态度非常好！很有修养！ 客房：室内温度太高不能调节，整夜打开窗户还凑合，但下面锅炉房轰鸣声甚大。要外出的话穿衣动作一定要迅速，否则，会汗流浃背（室内外温差约50度）！地面看似干净，不小心很容易带上毛发上床（但被褥雪白雪白的，超干净！很细的毛发都能显示得清清楚楚）。窗外松花江太阳岛一览无遗，可看日落！ 早餐：超级不好，品种少的可怜（比三星差很多），比如牛奶只能说是有牛奶味的开水（很凉）。芹菜抄肉片的芹菜是黄黄的，肯定摆了不少天。餐厅服务员除了收早餐票的，都无精打采。,0.0
很好的酒店，性价比很好，房间面积也不小。卫生间也很清爽明亮，让人感觉很舒服。下次来上海肯定还会住这的，实际上我来上海基本上住2家酒店，一家是香港广场，一家就是粤海了。香港广场价格高很多，粤海价格适中。,1.0
买了四条，两条质量好，两条质量差，整体来说一般吧,1.0
卖家有点缺德，因为快递费贵就不想发货，。能贵几个钱？都拍下了还叫人退款，真恶/心啊\n还说韵达航空走不了，难道别的地方都是走陆运的？\n\n\n以前重来不去评价的，不知道浪费了多少积分，自从知道评论之后京豆可以抵现金了，才知道评论的重要性，京豆的价值，后来我就把这段话复制了，走到哪里，复制到哪里，既能赚京东，还非常省事，特别是不用认真的评论了，又健康快乐又能么么哒，哈哈哈,0.0
毕淑敏出品，必属精品。,1.0
好坑人，下次不会再买了，应该是说没有下次了,0.0
做工粗糙，有好多线头。标签也是随便挂上去的。,0.0
东东很好，一直吃来伊份，,1.0
"房间很干净,服务很好.宽带上网速度很快.是商务旅行的理想选择. 但是走廊的一头总是开着大门,透进很大的风.门外好象正在装修,有点杂乱.跟门内环境差距较大,希望改进. 宾馆反馈 2008年5月7日 ： 您好！感谢您对大连银帆宾馆的中肯评价！近期大连银帆宾馆主楼装修改造工作已经完成，您所指的应该是康体俱乐部大楼的短期工程，现将尽快整修，感谢您在银帆装修期间一如既往的支持。",1.0
我要强烈投诉，携程的接线小姐电话里说，这间酒店客人反应很好，我们才入住。谁知道入住，这里的条件如此恶劣，建议大家不要入住这家酒店。,0.0
裙子很白搭，真心稀饭,1.0
大厂的东西放心，性价比还可以。工业设计比不上索尼，但也不错了。,1.0
好像，跟真的一样。,0.0
海豚科是鲸目中种类最多也是人们最熟悉的一科，其成员的体型和习性有一定的差异，可以分成几个不同的亚科，也有人分出不同的科；海豚科成员大多体型较小，包括体型最小的鲸类，以鱼或软体动物为食，也有些体型较大，可以捕食其它海兽。海豚科从外形上可以区分称长喙、短喙和无喙的，背上多数有背鳍，也有少数无背鳍。海豚科成员以在热带沿海最为丰富，但是其它各海域也能见到，有些则可深入河流中。,1.0
还不错，座垫挺厚实的。,1.0
垃圾，骗人的东西，买的是带蓝牙的收到的是接线的，抄！,0.0
真不错.性价比很高值得推荐购买.卖家不错很有信誉.物流也很给力.有需要还会再来的,1.0
严蔚冰先生整理编著的《洗髓经》，是此前出版的《达摩易筋经》的姊妹篇。洗髓经是在易筋经的基础上更进一步的高级养生功法，易筋经以伸筋拔骨的动功为主，洗髓经则是以洗髓养心的静功为主。\n　　《洗髓经》在全面展现古本《洗髓经》原貌的同时，针对现代生活的特点和需要，为读者提供了一套简便易学的养生方法。全书分为两部分，第一部分对于&ldquo;本衙藏板&rdquo;《洗髓经》进行整理、注释，旨在保存和还原功法的本来面目。第二部分系作者根据自己的传承和多年的实践经验，详细讲解传统养生理论、方法，辅以完整的洗髓经演练指导图解，并随书附赠教学光盘。,1.0
送朋友的！朋友说挺好看的！不错,1.0
在书店看好了在这买的，书籍很实用很适合初级学者～,1.0
是正品   盖起比其他牌子的舒服多了    这床试买   后面又和同事买了8床  都说很不不错   客服态度很好,1.0
很棉的纱网料，穿着挺特别，夏天用挺好,1.0
还行。主要是小孩喜欢。,1.0
买的前一天送包、买的后一天送包，就是我买的那一天不送包，郁闷、郁闷、郁闷，而且还不补寄，继续……郁闷、郁闷、郁闷。,0.0
其他都还好，就是发票永远都没有,0.0
这款变车子还行，变成机器人不太好玩，右手比较重，很难站稳,1.0
7月份入住的厦门宾馆，觉得非常好，前台的服务员非常有礼貌，我随口提了了一下其他住客免费升级一类的事，马上帮我免费从双人间升到大床房，房间超大，搞得靠在床上看电视觉的有点远，呵呵。而且那位服务员第二天见到还问候我“某某小姐，你好。”，超好记性，最后一天还帮我申请到晚退房。遗憾的是没有记住她的名字（好像叫周x秀），不然可以打电话去表扬表扬。房间设施也非常不错，我觉得还是算新的。而且酒店本身就有自己的花园可以散步，马路斜对面就是万石植物园（本人极力推荐在最后一天，要坐下午飞机的游客朋友，在上午花几个小时在里面，非常大而且打理很好的植物园）。酒店离热闹的步行街也是步行可至，门口有公车去机场，鼓浪屿，厦大等地，便利之极。下次去厦门一定还住这里。,1.0
实在是一星都不想给。物流慢不说。东西还不能用，打不起火。,0.0
看上去还好，有待试验。,1.0
简直就是骗子，网上没有说明不能加粉！说一定 要换股晒。就是骗子！,0.0
买家服务周到，推荐这套餐是优惠很多,1.0
太薄 夏天盖还差不多,0.0
有一箱封条全开。，看快递人员大冷天很辛苦。所以收下。东西不错，就是箱子开了火腿也不知够不，但是给我送货的师傅太好了帮我搬到家挺沉的谢谢,0.0
棉胎被子，不能直接套被套，还有就是有刺鼻的酸味，不像是新棉花，感觉像化学处理过的！,0.0
一打开，就发现成了崭新的破东西,0.0
值得推荐！！！！！！！！,1.0
感觉也不算５星，还不如协议的好呢．看来只有我们协议稍微满意点,1.0
地点看上去不错，在北京西客站对面，但出行十分不便，周边没有地铁，门口出租车倒是挺多，但就是不带你，除非你上去就跑一百元以上，如果只是起步价，一边凉快去，他说他有事，要不就是马上回家吃饭不顺路。周边环境很差，一天到晚人如潮涌，附近超市、商场的东西赚的都是过路客的钱，价格狂贵。好在四周饭店挺多，肯德基、永和豆浆，加州牛肉面等一应俱全，还算方便。酒店服务不行，携程订的房间，注明上午8点左右入住，但一直没有空房，等到下午一点才入住，还是个残疾人专用房，房间还行，挺大，可以免费宽带上网。结帐时，前台都是实习生，业务不熟练，速度不快，差点误了火车。另外，我一同事先行离店，竟然多刷四千元，等人走后，酒店发现差错，态度还不错，联系上本人退还差价。,1.0
住了一次，还算可以。不过携程的房间一向不好,1.0
不知道能否加个内存条，真慢啊。,1.0
钱包收到。很满意。质量超好， 做工精细。手感不错。颜色漂亮。喜欢。,1.0
方便使用，所有2.5&quot;的盤都能讀寫，實在方便,1.0
裤腿好粗，穿不成,0.0
"一个字，值，价格大众化，YY质量很好呀,款式丶面料我都挺满意的．如果有需要我还会继续光顾你的店铺！",1.0
这款底没有之前买的绒面的好，老公说薄,1.0
垃圾，为什么下载不了电视，内存还说是32GB的，骗人,0.0
很好用，不刺激，味道也还好,1.0
只有盲区辅助系统，没有记录仪的功能，产品名称有猫腻，，,0.0
此酒店硬件不错，但在酒店吃饭的人较少的原因，菜的花样较少，望能进一步提高,1.0
最近去福建较多，每次都是住曼哈顿建联大酒店，因为第一次住的感觉很好，我住的是商务房，房间虽然不大，但物品齐全，而且床上的公仔让人有家的感觉，服务也好，,1.0
挺保温的，很好。,1.0
怎么是文言文啊 怎么是文言文啊,0.0
一口气读完了郎教授的书，很通俗易懂。书中用相当的数据来说明问题，很值得让人深思，反观新闻媒体集体报以经济形势已经回暖的局面，这本书显得更难能可贵。建议大家都来读一读，中国应该不是最早能从危机中走出来的，相反有可能是人家都走过危机了我们还在危机里面。建议那些一天到晚喊着保增长的政府官员更应该看一看，不要以基础建设的名义一天到晚拿了纳税人的钱乱花乱投资。,1.0
效果应该还可以，期待验证中,1.0
电磁炉刚刚用，必须要说明的是，关闭电磁炉，必须要拔掉电源。\n\n双11买的，27号才收到货。搞活动时候没有说明没有现货，付款后才短信通知20号调货发货，20日再看商铺说已经有现货，但是多次催促商家，就没了回应，直到提交京东纠纷流程。要说明的是，卖家不诚信！\n\n很后悔选择京东，不建议购买！,0.0
鞋子质量太好了，也很漂亮，物流也速度,1.0
很好看哦，大点就好了,1.0
扁扁的，不是图片显示的那么饱满的，郁闷！,0.0
还好住的地方居然窗口是对着居民区的设施一般般床不错,1.0
看着不错，看到实物不好，质量太差,0.0
这种书没得意思，又是所谓的心灵鸡汤。,0.0
性价比高，手感舒适，质量好，款式也很百搭，卖家发货快，包装好。非常喜欢。,1.0
不错，给家里买的，爸妈很满意，使用方便,1.0
假的，人造革，还不给退,0.0
只能保护腰椎，不能保护腰肌！如果为了防止腰肌劳损的，要慎重购买！,0.0
感觉一般一般一般吧，，，，,1.0
"借壳原来的天津乐园宾馆现在居然是“4”星级酒店，环境太乱,和演艺场在一起,像娱乐场所,不像宾馆,到处是穿着睡衣的人们在走动，特别是早餐，连2星的宾馆都不如；真不知道那些评论星级酒店的官员们在这里的洗浴中心享受过什么特别待遇。。。。",0.0
还行吧，就是不知道质量怎样？,0.0
声音有点大　中间两颗灯没有外边四个亮，不知是不是全都是一样的,1.0
挺好的大米，香,1.0
皮用了不长时间，裂了，感觉不好。,0.0
我不知道是买到假货还是因为这杯子本身就漏水，每次兑奶都要洒出来，而且货还久，差几天就一个月，这是我在京东买东西最糟心的一次,0.0
很好用，不怕孩子摔坏了！,1.0
酒店的环境不错，属于闹中取静。但是房间有点小，早餐太贵了，品种也不多。不过交通还算方便，离地铁不远。,1.0
做工粗糙，没有想象中的好。,0.0
比咱们这里实体店贵一些,1.0
垃圾一个，密码锁没有，做工有点差，感觉像冒牌的,0.0
"房价非常贵,几乎没有房间可以看到对岸的象鼻山.送的水果饼干又少又不好吃.装修很低档的,离市区很远,附近没有吃的地方,吃个米粉都要打的去市区!(附带的说超难打)!!!!谁想烧钱谁去住这个号称桂林第一第二老旧的酒店",0.0
垃圾，太胖了带着不好看，而且不送配件,0.0
还没有用呢哈哈哈哈呵呵呵呵呵,1.0
喜欢，非常适合现在穿，质量很好,1.0
不推介买这箱，用一次不想用，箱面粘膜白花花的，难看。拉着好像叫花子。,0.0
专门看了推荐来买的这个枕头，送人的。据说很好，性价比高啊。,1.0
内容很好，只是书的纸质实在太差。,0.0
我对其中的一本充满了无限的期待。《大草原上的小木屋》，没有人会知道，我找它找了多久，还是少年，我看过同名的连续剧，那时起，我就想得到这本书，可我始终无法得偿所愿，包括北京王府井书店，没想到，竟然在当当网遇到了。有种踏破铁鞋无觅处，得来全不费工夫的感觉。感谢当当。,1.0
 夜光一般般。按钮的接触性不好,0.0
HP的牌子，值这个价格。这款本本在国内的出货比美国慢，造型紧凑，适合女生使用。,1.0
姐妹喜欢寓意很好，也祝姐妹从头开始一切顺利,1.0
做工一流，外形漂亮，显卡很棒，奥特兰星品牌扬声器，手拖处有金属质感，各种接口比较齐全,1.0
退货了    退货了   退货了退货了,0.0
"强烈建议CTRIP取消这个酒店的预定.本人5月2X日入住,当天晚上还没8点,就不断的有女人敲门,相信大家知道""她""是做什么的.这些也就算了,为",0.0
送货快，价钱也优惠 给店家点赞,1.0
我用了两个月左右，吸盘坏了，老是自动关机。这行车记录仪不怎么样,0.0
什么包装呀，外面没有硬纸壳，关键是破了，这中间是有人拿手抠吗？还是暴力装卸导致？东西没试用，简单看了看,0.0
"酒店性价比极底,早餐品种单调,老外一般只吃早餐,可这次不得不吃午饭;入住豪华层可房间很小,转身都困难,两张床只距离15CM远;马桶竟然没水;门弄了很久才打开;总体感觉是园林虽小还算可以,房间装修粗糙,我以为海德的产品一定不错,因为我住过398元的义乌海德大酒店,而扬州这间这是失礼人了.还收600多一晚宾馆反馈2008年7月14日：非常抱歉由于我们工作的不到之处给您带来的麻烦，我们已专门召开了部门协调会对您提出的问题进行调查。非常希望您能与我们营销部联系，以便奉上我们的礼品表达我们的歉意。衷心感谢您提出的宝贵意见。",0.0
"作为一个5星级酒店,四百多元的价格，性价比太差了。 房内连小小的鞋拔也没有，浴衣也没有，但浴室内有二只小飞虫在飞，水斗有裂缝， 根本不象五星级的酒店。前台领班模样的冷冰冰的。 宾馆内设施已有别人评价了，不再发表了。 携程网页上介绍“太仓花园酒店还拥有一应俱全的健身娱乐设施和配套服务” 确实如此，从宾馆外观来看，宾馆主业可能在这里。",0.0
威斯汀真的是不错，设施环境都很好！几次推荐给外宾入住，都很满意。就是价格较高，适合招待客户。,1.0
不是我想要的，不评价了,0.0
好好好很好货到了,1.0
"离景区近,住紫楼,房间一般,浴缸很干净,白天玩累了,泡澡很舒服,早餐太差",1.0
刚开始用着不错，过一段时间，有一只不响了。,1.0
房间都可以，摆设同其他酒店的不同；地理位置系荃湾的中心地带，地铁附近，出入还可以；夜晚系附近吃消夜还过得去；周边环境在夜晚比较静，比较安全，旁边有好多住宅楼；下次去还可以考虑，500几文，OK嘎。当然比如心差，但起码房间属于中等（如心的房大、新）。,1.0
还有，早餐稍晚点，就没什么可吃的了，做的也很一般,0.0
这是我第二次住悦达酒店，这里环境和地理位置都还好，价格、服务和高层的房间环境等等性价比还是很高的。特别说的是床睡得非常舒服，很喜欢。另外离农民美食街很近，非常值得推荐！,1.0
还行吧，。         &hellip;&hellip;&hellip;&hellip;,1.0
还没穿上一天就脱胶了,0.0
不错，质量很好，款式也很好看~,1.0
超级好吃喜欢以后还会买的,1.0
大厅很有气派和情调，房间很宽敞，服务很好！电视好像与房间的装潢不协调，主要是太小了。总之是我所住的宾馆中比较好的一类。,1.0
今天收到货，是堂姐叫我帮她买的！质量不错。,1.0
酒店服务较好。入住后还给免费升了级，留下很好的印象。有机会还会去住，但价格应该再降下来一些。交通不是很方便。,1.0
10月5号到6号，只住一天，中午12点左右到的宾馆，竟然房间还没有收拾，屋里一股臭味，酒店理由是人员不够，收拾不过来~~无语！2点才弄好，建议大家选择别的酒店，顺便说一句，一次性拖鞋10元一双 还有酒店出门边上好像是BTV的餐厅，自助30一位，绝对超值，单点就不用了，又贵量又少。,0.0
价格还可以，位置也不错，就是房间装修太旧了，也不干净，还有异味！,0.0
环境很好，花园很大，服务生态度也很好，距离机场很近很方便，不错，下次考虑再次入住,1.0
太大了，不好看。各人眼光吧。,0.0
孩子的寒假读物，带拼音的,1.0
宝宝很喜欢玩，就是小了点。,1.0
孩子很喜欢，质量挺不错！,1.0
物流很快，东西是正品很好看,1.0
用于公司管理层培训，很实用哦,1.0
一直用这款化妆水，温和不刺激，补水效果也好。,1.0
是一张以图片和文字为主的碟片，设计古怪，观看十分困难。,0.0
给弟弟买的，很合身，弟弟很喜欢！,1.0
没有用几天就坏了，厂家要邮寄过去，太麻烦了。,0.0
收到了，鞋子款式好看，质量很好，是正品,1.0
囤货中，希望我的孩子喜欢。,1.0
还好的的的额的额的额的,1.0
这次是308的行政大床，总体感觉非常不错，就是价格稍许高了点，旁边有个五星的豪华客房才398。估计小天鹅也只有这个房型以上的，看得过去，以前住过的房间实在是很差。以后大家如果要住这里，还是选这个行政大床吧！,1.0
女儿挺喜欢的，时间也挺准的,1.0
我是11月份去住的，当时见网上评价不错。但到了才发现，总体感觉比较脏，11月份的北方天气了，房间内竟然还有苍蝇！下午打死两只，第二天早上，发现房间内竟然还有一只。更可怕的是，晚上睡前打死一只蚊子，到睡时，还有一只一直在骚扰我，一直到半夜才迷迷糊糊睡着，也不知那蚊子到底咬我多少血。补充点评2007年11月20日：房间内有难闻的味道！但前台服务员的服务还是不错的。,0.0
感觉还不错，挺结实的。就是担心那个吸盘的轴和螺帽怕不够结实。,1.0
挺不错的很划算,1.0
总体还行，就是有点贴合不太好，靠近镜头有一小部分总是离开贴面，按下去过一会又会起来,1.0
装系统时，要长按F2进入主版，这个提示机器上不显示，到网上查到的，默认硬盘分区有好几个，还有一个显示为bos，后来才反应过来要把所有的分区都删掉，重新格式化，装上的xp才能读到，不然老是显示都不到。,0.0
。。忘确认收货了 物流太慢了邮5天 便宜没好货啊 声音不怎么样,0.0
不是说代天线吗？怎么不是了,0.0
质量很次，开口也小，刚用了一次就坏了，垃圾,0.0
盛名之下其实难副,0.0
裤子质量挺好的，就是上面有油渍，幸好是黑色的&hellip;&hellip;,0.0
"很痛苦的经历,酒店9楼以上才是客房,好像从3楼还是5楼开始到8楼,都是夜总会,还有日式KTV,所以到了晚上10点开始就非常的吵,感觉整个房间都在跟着震,第一天住的是9楼,到了晚上睡觉后,才发现,所以几乎没怎么睡.第二天换到14楼,才基本上能接受,但还是能感觉到震动.如果对震动感比较强烈的千万别住,我是受不了,不过我朋友好像感觉一般,还行.但是我根本没怎么休息好,这个假日差点被毁掉,幸好第三天就去香港了.而且房价还380,以后打死不住了.服务员还行,有一点还是要说一点的补充点评2007年10月9日：另外还有房间超小,恐怖,和168的那种快捷酒店差不多了.就这还4星标准啊.",0.0
这本书的唯一优点就是让我明白了什么是炒作！这世道啊，三教九流都来写书了，一不小心还成了畅销书！我觉得写评论要凭良心，因为我们的评论有可能会影响到其他顾客的选择。这本书讲的东西大都是自己的经验，至于科学依据嘛，她讲不清楚，我个人认为不可信。希望大家好好考虑！,0.0
真心不好，能用缺点都在图片上了，设置不对规格挡住了费劲，还有那头一天到晚抬起头一下就慢慢底头什么设置阿，最让人觉得没安全的就是每次关电源就出火花太没安全感了，各位后者慎重。,0.0
鼠标用了一礼拜就坏了,0.0
不好不好不好，建议不要买,0.0
怎么这味那么难闻？跟烧木炭似的。,0.0
手感很不错，东西送货很快,1.0
正品 用几年了，划算\n,1.0
赠品，讨厌的十个字评价,1.0
妈妈很喜欢，但是发货够慢！,1.0
说的五件套有眼影和睫毛膏，还有眼线笔，其实哪里有，就一只睫毛膏，和一个铅笔刀，一只眉笔修眉刀，跟图片上不符合，我订的不是收到的，，差,0.0
东西还不错，led屏很亮，做工比较精细，画图不错，4399的价钱还返卷，挺值的。回来就换了xp的系统，正版的vista放在了一边，不再使用，系统装的过程也比较顺利。lenovo的网站都有驱动,1.0
一般设施不错，其他一般早餐也不错,1.0
膜透明度还可以，就是有点大小与手机有点差别，好在便宜！物流有点慢。,1.0
包装好旧，，音质还好,1.0
装系统一开始不太懂！有点麻烦知道了后！感觉很简单！！！不错！！！,1.0
请原谅这个差评，这个差评是给哪些胡言乱语的看。刚下单的时候说实话看到那些差评就后悔了，可是收到货之后发现哪些所谓的差评和担心都是多余的。弹弓里面什么样我不太关心外表还是挺精致的还有老板以后给的赠品要实惠些啊钢珠没给够，我不在乎但有些人可能会在乎啊影响信誉！东西还是蛮不错的。,0.0
货不对数&hellip;&hellip;,0.0
不错，只是色显得有点旧,1.0
相比其他三本来说，这本书最差劲，条理性很差,0.0
价格还可以，在四星级酒店中比较便宜的。交通很不方便，就在五环边上，门口的路是单行的辅路，出行不方便。周边没有吃饭的地方。,1.0
"有可能是世界上最差的星级酒店，电视都没有，床头柜只配一个，如厕需经走廊......一句话,烂尾楼改装酒店,又不肯花钱,连民工出租屋都不如.",0.0
东西很棒，仔细的看了一下，没有什么线头，也没有什么色差，做工精细。值得五分,1.0
书挺厚&hellip;印刷质量一般&hellip;&hellip;京东收到有破损&hellip;&hellip;感觉书是库存了，没有完好的&hellip;&hellip;客服态度好&hellip;&hellip;&hellip;\n买东西现在首选京东,1.0
非常满意！！！一直在这家买外套，质量好！,1.0
这保暖内衣很不，穿了快3个月了，面料很好，不起球，也很暖和，,1.0
好，以后还会买的,1.0
送的，拿到手就是碎的。,0.0
裤子的质量不仅仅质量好，价格也相对便宜，物超所值,1.0
没有收货，已经退货了，怎么还完成了？,0.0
太差了:这样的也送来,0.0
一般 智能功能一般起不到什么作用 ,0.0
说句良心话，衣服还是可以的！可是一收到货，感觉很不好！一眼就看出来，肯定是积货或者烂尾的那种！,0.0
不给满分那是怕你骄傲.,1.0
表带自然断裂，与厂家联系进行返修，居然还叫出钱！气的我把表直接扔了，啥货嘛,0.0
孩子拿到手，还怎么玩，便发现上面的平衡锤不知掉哪了，太不结实了。,0.0
粉很细。用着还行吧。,1.0
金属的就是带感  虽说沉了点,1.0
还不错，没色差，没异味儿,1.0
音质效果不错，去年买了两台，今年计划再买两台,1.0
宝贝很不错 ，爸爸挺喜欢的。这个价格挺值.,1.0
料子还行，有点缩水的,1.0
网上图片看着挺好，但实际到手很一般，感觉没有七匹狼的讲究。而且没有收到货，却显示单位代收了，真是笑话。,0.0
"外型漂亮,漂亮,漂亮,漂亮,噪音小,几乎没噪音,键盘超好用,摸着好舒服的,散热也很好,电池很好,时间真的很长,白天视频效果很好,好喜欢,好喜欢",1.0
基本满意，能包邮就更好了！,1.0
三个服务都一样的好，耐心，细致，真是感觉挺舒服的。,1.0
商品不给力，服务超级差，也不准时发货,0.0
说好的板手呢？说好的发票呢！差评差评,0.0
裤子是纯棉的，摸着手感很舒适，大小也刚刚好,1.0
买小了，懒得换,1.0
房间总体环境不错，而且还有提供免费上网，现在入住价格还可以，不过现在可是大连的旅游淡季了．但是有一点：就是早餐不但没含房费里，而且３２元的价格也不低，但是内容实在是很简单．,1.0
跟图片一点都不一样。而且还是歪的。差评。看一眼都觉得是多余的。,0.0
送货速度快， 产品运行速度也不错， 买的时候是疯狂抢购， 比前面一天降价300元,1.0
笔不错，挺有质感得，就是笔芯太次了，笔尖的小钢珠感觉不圆润，用起来涩涩的,0.0
首先，这个订单是我最晚收到的，同样是双十一其他的都要要好几天。其次，被罩的颜色与网站上的图片又严重色差。另外，被罩盖起来有好大一股味道。最后，床单被罩还都没有洗过，不知道会不会褪色，但是感觉够呛。总而言之，京东第三方的还真是没法买。,0.0
好！好！好！买吧买吧！！！！,1.0
6月18号搞活动买的，很好。,1.0
条件太差！房间面积太小，简直就不象4*酒店！,0.0
就是绳短了一点，男士带着有点紧了,1.0
质量很好！！棒棒的！很喜欢！物超所值！,1.0
有点太大了，接受不了,0.0
袖子上的黑条掉色，衣服不能买,0.0
不是很好，刚打开帽子就有一个洞,0.0
结婚纪念日，送给老婆的礼物，她很喜欢！,1.0
超级差评！什么破玩意！那么小！很不满意！而且根本不是银的！操！,0.0
色彩很鲜艳，但木板不太容易取出来，有一定的挑战性,1.0
好看，做工精致，京东购买放心。,1.0
我没买东西啊？从哪蹦出来的？,0.0
卖家自己发错货了，问了还爱理不理，退换货让我折腾，话还没说完就转其他客服了,0.0
令我不满意的是，京东到货不由分说的立马付款，不让验货，比较霸道,0.0
总体感觉服务不错的，虽然大堂设在三层有点怪而且22层以下为办公楼，但是好在有两部饭店专用电梯，感觉很安静。这次入住的是精致套房，感觉没有想象中好，但是很干净，因为楼层很高，窗外满眼绿色的风景也是很好的补充，对面就是五台山体育场，正好赶上周六的足球比赛，省了贵宾包房的门票了，呵呵！再有就是，对迎宾果盘和相对宽松的退房时间感觉很好，还是下次去的第一选择！！,1.0
点击大师：鲁迅主页六一礼物,1.0
外部环境不错，但房间太旧了，晚上睡觉阳台门须用东西顶住。性价比不高。,0.0
物流超级慢，等了十多天,0.0
宝贝有色差，有很多线头，好像地摊货一样，根本不值那个价格，收到后就跟快递大哥说退货了，快递大哥态度很好，物流很快,0.0
嗯，比较可爱的一小本书，不过有些习惯是日本的，比较不实用，不过还是当增长了见识了,1.0
很好的一本杂志，没期都在看..,1.0
勉强可以，就是物流较慢。,1.0
"酒店环境还好，在当地算是很好的了，房间比较大，但设备就一般了。免费注册网站导航宾馆索引服务说明关于携程诚聘英才代理合作广告业务联系我们Copyright1999-2008,ctrip.com.allrightsreserved.",1.0
衣服很好看，质量好，颜色正，面料摸起来也很舒服，很满意。,1.0
基本上是个硬件很差，服务尚可的酒店。入住第一晚，空调出风口没装好，有金属碰撞的声音，不大，但足以让我一晚上在床上做思想斗争是否起来叫人修一下。总之就是没睡好。卫生间很窄，灯光昏暗，非得开浴霸才能亮堂点。毛巾没一条不掉毛，估计从计划经济的时候就开使了吧，洗了这么多年也够不容易的。还好床上用品都挺干净。家具很陈旧了。服务不错，入住，离店都很快。门童用几乎挑衅的眼光目送我们拿着一堆行礼推门入店，到前台办理入住。没有问候，没有帮忙。呃，还有之前那位老兄提到的，电梯真的很不方便，三部电梯分散联动，中间有个拐角挡住，运气不好得来回跑。决不住这儿了。呃，后面是有条街，也就一家做肥肠的门脸大点，东西不好吃，上桌的菜里有捆菜的塑料绳。,0.0
没有泡沫，据说纯植物的，还算不错吧,1.0
衣服颜色发错啦，快递速度慢，服务态度差。,0.0
法律的历史或者说西方法律的历史，对法律领域的核心部分的历史进行了严谨而深刻的梳理，值得一读。,1.0
什么东西，不是***吗？怎么就1个？,0.0
"基本没啥可以正面评价的, 说明书基本没有安装图示和详细的安装说明. 内部包装混乱, 花了很长时间才把所有东西找齐归类, 当然除了那个少了的螺栓(也就是说组装螺栓发来时候就少了一个,还要我自己去五金店买一个), 这些都不重要, 重要的是 我用了不到一周就坏了, 右脚踏板与轴焊接处直接就开裂, 现在右脚踏板基本处于快掉了的状态,给一星是因为没法给0星.",0.0
It takes week to deliver thid,0.0
还没穿！看上去还可以棉的 ！,1.0
感觉还行吧！物流太慢了！,1.0
特地用一段时间再来评价的。、电脑才用一个月，刚开始好好的，什么没变，就开始卡了，不懂显卡质量问题还是怎么的，跟其他没多大关系，,0.0
发货太慢了，关键是牙膏特别小，效果也没宣传的那么神奇,0.0
买给爸爸的，穿的还可以，也很舒服,1.0
太小不适用，比图片小太多,0.0
总体来说还是很不错的，中午去３９楼吃的自助餐，带小孩同往，进门前就知道我们的小孩是需要付一半费用的。但是孩子口味比较挑剔，基本没有吃什么，结帐的时候酒店方面主动免除了孩子的费用，虽然只有100多元，但是体现出的是服务生对每位客人的关注度是很高的。但是管家服务这个特色不是很明显，也就是电话上多加了一个按键而已，很多其他提酒店也提供这项服务的。,1.0
第一次用膏，还是有点不太适应，不过宝贝很好，大赞,1.0
裤型很不好，穿在身上感觉提不上去，裤裆太大了，跟图片完全不是一个样，退货了还要自己出运费。很不爽！,0.0
很漂亮，是一根带子，有密码，就是没有说明，怎么调呀,1.0
擦干净晒晒太阳，图案也好看，放心给宝宝用了,1.0
很好，吐槽下华产品，设置为专用太恶心,1.0
自动断电忽悠忽悠忽悠，，，，，，，，，，，，,0.0
不知道是不是用的次数多了，现在鼻子两边有点痒,0.0
不错很好，还可以接受,1.0
我不记得我是不是买过这个东西了,1.0
东西很烂：走时严重不准，对时4小时后，走时才2小时。联系客服，让我把钟拆了，摘下秒针.......\n         新买的钟就大卸八块....\n客服很烂：后来走时好像没问题了，但过几十分钟就停，不走时了。\n         再联系客服，客服再也没出现过，除了两个&ldquo;您好&rdquo;。,0.0
稳定性很强.使用方便,1.0
質量不好跟賣場資料說明不符,0.0
里面没弄干净，叶子太多了,0.0
一拆开就一股味，  几天就开胶了,0.0
看到报纸上连载这本书，强力推荐给朋友，朋友看后说没有我吹捧的那么好，情节也一般，说的我直丧气，也没有兴趣去看这本书了。,0.0
产品与网上描述严重不符合，连接成功后只能拍一张后不能连续拍，毎拍一张就又要重新连接，\n打开有时候连续自拍，有时候又不能自拍，根本不能正常使用。是垃圾一个.千万不要买。买了你只会后悔,0.0
书太小了 拿到手里很是失望本以为会多么精致~~~真的是适合小孩看啊可很小的孩子的又看不懂还不是大人给小孩子讲所以应该精致一点才好价钱还是不太值啊,0.0
京东商品，信得过，买得放心,1.0
给外国友人买的，把他高兴坏了，不多东西看着也挺好,1.0
外观小气，装水还少。顶部盖子设计很不合理，总会把未过滤得水漏出来。,0.0
"房间里的硬件设施还可以,周围环境太吵,早上不好打车.主要是前台的服务非常不好,Checkin的时间很长,办离店的时候也很费劲,说什么房间里的地毯有新烧了一个洞,但对天发誓我连火柴都没碰一下,也不会抽烟.让人感觉非常的不舒服,订房时的价格时不含早餐的,但结帐时却非说我们订了早餐,,,,真是让人感觉糟透了..这样的服务永远不会去第二次.",0.0
"简直太差了,劝大家千万别去上这个当！！！我住的是豪华标间5503和6603都住过，主要是为了能上网，奇了怪了，商务酒店上网还要10块钱/天，交了10块钱，那网速快得简直像拔号，太刺激了！房间里不是中央空调，挂了一个海尔的空调，一口凉气根本没作用，还不停的发出怪怪动静。洗手间是那种独立的淋浴房，可居然在两块玻璃中间没有一个隔的东西，一洗澡就水漫金山，整个卫生间地上到处是水（好像招待所都是这样的）。我发现手纸用完了，给客房中心找了N个电话让他们送，他们说很快就给送来，送了一晚上也没送来。他们好像从不给客人房卡外面的欢迎卡，只给一张IC卡，可能很多客人记不清自已的房间号，另外房间号排得也很弱智，有503房间，还有5503房间，导致我的房间每天都被别人用IC卡捅N次，不管你是早中晚还是你睡得迷迷糊糊。最可怕的是我离开前的那天晚上，有客人用IC卡捅我的门捅不开，就敲门，用脚踹。服务员在半夜三点钟的时候挨着门的开，居然打开了我的门，我大喝：干什么！才说了一句：对不起先生，打搅了！",0.0
用起来还不错，在用段时间看看。。。,1.0
性价比较高，买了后就升值！安装搞了半天，一定要XP SP3版本以上的，否则硬盘不认。,1.0
作为一家五星级的酒店，各项设施陈旧，房间面积显然没有达到五星的标准。酒店checkin的速度极慢无比。晚上11点左右到达的，等了15分钟。房价太贵，除了地段的因素比较好，实在达不到五星级的酒店水平。早餐按ctrip的价格还算可以。房间的卫生间不错，水压很大水温舒适，也非常大没有局促感。建议大家可以考虑不远的粤海。,1.0
貨已收到，和賣家描述的一樣，質量很好，正品，下次還會來選購！,1.0
重量沉了点，屏幕不是镜面的，屏幕变宽有点大，看模具上个12寸的屏幕应该问题不大的,0.0
料子太差，全衣起球，差评。,0.0
东西不错，下次再买。。好喜欢啊！,1.0
质量不好，不一个的购买，因为我的是挡住一个内存,0.0
机器雕刻，清漆太厚，最大缺点是剑刃是歪的，偶就不发图了，愿意换我再寄回去，买东西就图的是一个心怡。,0.0
物流快，包包很好很实用,1.0
杯子挺可爱，宝宝暂时还没用。,1.0
还在出租车上，司机就开始问我，为什么要订这个酒店，说它实在不咋地，我以为是司机想把我拉到别的酒店，好赚点拉客钱，没想到，这车一路开，过了繁华地段，来到一个偏僻的角落，而且我看到的还是一个看似招待所的宾馆，第一印象：差！！进到宾馆，看它的前台，用东北话描述：磕碜！！简直是地道的招待所，别说三星，二星都算不上！！！而且网上说的是有免费宽带的，我一问，不是每间房都有的，而且刚好，我要订的房就没有。。。。简直是郁闷。。第二天，要插线板，拿来一个特别小的，不能用，我让前台帮我再去买一个，钱我自己出，人家回复：现在已经买不到了，我不能上网，不能回复邮件，有可能一下子就会损失10几万！！,0.0
酒店住过很多，唯有木棉花酒店的服务感觉最好，住了几次之后，前台就不需要证件和预授权了，每次checkin时，只要签字就好，很方便快捷，有时还像朋友一样聊上几句，感觉很好；房间比较干净、简洁；建议酒店方面去尝试一下绍兴开元名都酒店的超级舒服的床垫，正如广告说的“试一下，就知道是我想要的”。宾馆反馈2008年6月22日：非常感谢您对我们酒店服务的认可及支持，也感谢您给我们提供的宝贵信息，有你们的支持与共同关注，相信我们会做得越来越好的，同时也期待您的再一次光临，谢谢！,1.0
以为和温州的华侨饭店一个系统，入住发现像校办酒店，房间隔音很差，而且不仅是左右，楼上的动静也听的到，房间有一股陈年的霉味，行政房就是大些，湖景一般，是湖的一小部分。服务像国企。,0.0
若果你已看過安妮寶貝的書，并且感到喜歡。那么，這本書必定不會令你失望。因為它依舊是安妮寶貝的風格。目前最喜歡的還是安妮寶貝的《彼岸花》和《清醒紀》。是在最絕望的時候第一次看安的書的，帶來了拯救。因此很感激安，亦很佩服安。她是我最喜歡的作家之一。記得那時是每晚把《清醒紀》擺在床邊，入睡前隨意翻幾頁來看，這樣才能安然入睡。,1.0
破东西、发来的很久了，一直没拆开用，今天拆开来，发现完全不能用、差评，差评、,0.0
质量不错的伞，孩子特喜欢，没下雨就当太阳伞用着上学了。,1.0
与描述严重不符，长轨道变形严重，包装破了个大洞。,0.0
无良商家，一份买*6盒。.三份卖*下完订单后改成6盒*元。到货奶包装都坏了。商家偷偷改客户订单。,0.0
"酒点店的大堂和内部非常别致,如户外休闲的感觉,价格在全国范围内还可以,但略高于同级城市,服务还需在提高,总体印象基本还不错.",1.0
预装系统不咋地 XP系统BIOS改成IDE 启动项 第一项启动改成DVD 一切ok 没有像他们说的那么麻烦 光驱像发动机 哄哄的 送的瑞星真的很没必要 建议不要使用,0.0
俗话说，巧妇难为无米之炊。而现实情况是：有米有原料，就缺巧妇。很多家庭习惯下馆子吃所谓美食，结果既费钱又伤胃。鉴于此，隆重推荐《巧厨娘家常菜》这本书，理由有三：一是构图（照片）精美，勾人食欲；二是介绍详细，容易上手，尤其配有DVD，让从来没有下过厨房的人边看录像都会信心满满。健康饮食是健康身体的第一步。从此，我们可以远离快餐，回归厨房，每日为家人，偶尔为朋友秀一秀咱们的手艺。往大了说，把咱中华美食代代传承下去。,1.0
一般般吧，抽烟的时候感觉有点说不出感觉的味道,0.0
刚下水洗了下，手上全是掉的毛，这是衣服吗？快递也忒慢，强烈建议不要买这家的东西，京东是不是要协调下退货哟，虽然洗了下，不洗不知道一洗吓一跳啊,0.0
质量很好以后再来,1.0
酒店服务员真好，我被大雨截在长途车站，给酒店电话之后派车接了我。房间不敢恭维，太旧了，而且有味道。总体而言服务还可以。,1.0
质量很好，器材很棒，在家使用很好，很方便。安装简单。,1.0
此衣服内胆与实物差别太大，毛领很小,0.0
很保暖，就是上衣有点点短。,1.0
这几天旅行中也在看《杜拉拉升职记》，的确是值得推荐的职场读物。虽然是虚拟的，但很多skill是可以在实际生活中运用，既是不完全运用，也可以做参考和借鉴。看完之后，觉得比较受用。,0.0
价格贵，东西和包装都非常粗糙 太不值了,0.0
比较清静，环境还好，我住的一楼房间比较潮湿有霉味，蚊子较多,1.0
"定的行政房间正对杂物间,们一直敞着,别提多脏乱.要求换房后,房间空调不制冷,冰箱向推土机,要求再换,门口楼道铺了块巨大脏布,因为隔壁在装修,不知携程和这个酒店有什么过节,总感觉是在故意让你难受,另外所有房间的电话没有内线指示,竟让客人用长途打回酒店转接,我靠!还有五星级的小姐怎么那么..真是影响北京市容和奥运的和谐环境,房间的餐厅送餐味道会叫你吐出来的.这是本人目前住过的最让人""难忘的""酒店.这些话本人已经在克制了.",0.0
太薄了，不值这个价钱，还掉毛毛！差评差评,0.0
正在用，不错的手套，要是能单卖右手的就好了,1.0
太差了，颜色不对，质量太差，气味难闻，总之就是差&hellip;,0.0
环境十分棒，住着感到特别安全。本人住的是主楼28204房，客房服务人员和前台小姐、门童的态度都十分好。美中不足之处是早餐一般，有时客人没有吃完，早餐部的服务人员就自己坐下来吃了，需要改进。此外，打的需要时间等待，因为实在是庭院深深，适合有车的朋友住。,1.0
距离火车站颇远，洗浴的地方设计不太合理，水会流到马桶周围形成积水。卫生中上，前台的小姐态度很好，会告诉你你要去的地方的大概距离，时间和大概打车费。,1.0
连接不上手机，以为是没电，充上电以后还是连接不上，不知道什么原因，,0.0
颜色很鲜艳，款式不错，很喜欢,1.0
商品外包装没发现问题，内包装的密封已被人撕开，很担忧电源是否被人换过。,0.0
最近去福建较多，每次都是住曼哈顿建联大酒店，因为第一次住的感觉很好，我住的是商务房，房间虽然不大，但物品齐全，而且床上的公仔让人有家的感觉，服务也好，,1.0
有一个口  坏了不出霜,0.0
差太差了差劲啊大哥别买,0.0
酒店的服务很热情，对于我们的客房要求总能及时回应。 地理位置不错，离中山北街很近，吃饭方便。,1.0
轻便非常轻便 我已经有一台14的本 普通本 带着不方便 这台可以出门带 价格便宜 从来没想过可以买到10000元以下的IBM X系列,1.0
买了东西把我订单锁定了，等那东西涨价了，我打了电话才给我解锁，垃圾垃圾垃圾,0.0
外观还可以，其实不如黑性价比高，给女孩用的喜欢这个颜色，没办法，速度还可以。独显也就应付一般游戏。高清视频完全没问题。就是太重了。跟14寸的一样了。,1.0
"住的豪华房,房间很大，但其实没什么必要,基本活动范围都在标准床这边,装修有点老，早餐很不错.总的来说下次还是可以去住的.服务不错.要是硬件再好点就太棒了.宾馆反馈2008年8月1日：谢谢您的支持！硬件方面，我们已经对客房重新进行了装修，性价比很高，期待您的光临！再次感谢您对我们的支持与厚爱！",1.0
运速太慢!等得好心急，,0.0
系统没有，随机软件也没有，没有包和鼠标，不过这个价格就差不多这样了。我用的时候，靠近电脑开关附近总有吧嗒吧嗒的声音，不知道为什么，希望不影响使用。还有点了菜单命令后反应滞顿，也不知道为啥．,0.0
就是声音不太大。在跑步的时候听不清楚,0.0
便宜没好货，用了什么都搓不掉，还很涩,0.0
里面都是分散的纸片，相对于这个价格我觉得贵了，而且印数字的那面就是全黑的子，一点都不好看，不喜欢，还是买那种撕不烂的串在一起的那种书更好，这个贵了又不好。里面都是分散的纸片，相对于这个价格我觉得贵了，而且印数字的那面就是全黑的子，一点都不好看，不喜欢，还是买那种撕不烂的串在一起的那种书更好，这个贵了又不好。里面都是分散的纸片，相对于这个价格我觉得贵了，而且印数字的那面就是全黑的子，一点都不好看，不喜欢，还是买那种撕不烂的串在一起的那种书更好，这个贵了又不好。里面都是分散的纸片，相对于这个价格我觉得贵了，而且印数字的那面就是全黑的子，一点都不好看，不喜欢，还是买那种撕不烂的串在一起的那种书更好，这个贵了又不好。里面都是分散的纸片，相对于这个价格我觉得贵了，而且印数字的那面就是全黑的子，一点都不好看，不喜欢，还是买那种撕不烂的串在一起的那种书更好，这个贵了又不好。里面都是分散的纸片，相对于这个价格我觉得贵了，而且印数字的那面就是全黑的子，一点都不好看，不喜欢，还是买那种撕不烂的串在一起的那种书更好，这个贵了又不好。,0.0
送给小侄女的 娃还小 应该还好吧,1.0
发货速度很快，优惠买的 不错！好用，干净卫生，无刺激感觉，还有香味，而且比超市便宜呢，,1.0
送老妈的，她挺喜欢地,1.0
夜光好像不太好，没有日历,0.0
早餐喝，方便冲泡，便于携带，口感好,1.0
值得认真地读一读的书,1.0
质量不好，书面容易破损,0.0
已经第2次入住啦，老板对酒店非常满意哦，不然也不会订了，西西,1.0
一个月不到，用不到6次，居然皮带头坏了,0.0
电饭煲很不错，煮饭很快，不过赠品中不锈钢瓢羹变成胶瓢羹,1.0
物美价廉，还没用不知道续航能力如何。,1.0
衣服脱色严重，不满意，,0.0
还是到实体店购买吧！没我在实体店买的好，差的远了！,0.0
儿子六岁看这套书只是让我讲故事他听。虽然我觉得画面真的很唯美，令人爱不释手，可是对于他来讲不太吸引他的眼球。虽然是套绘本，我认为可能还是要大一点的小朋友看会更适合吧！精装版真的是我们妈妈们孩子们都不太喜欢的版本，容易坏！才翻过十次左右就有页码掉下来了。希望书商还是以经济实惠，利于存放的角度来发行吧！,1.0
酒店分新楼和旧楼，我订的标准间在旧楼上，不得不说的是房间的设施实在太旧了，地毯已经看不出颜色了，因为住的时间短，所以就没有再换，还好床上用品比较干净。还有前台有一个服务员似乎不会笑，仿佛你来住店给她添了巨大的麻烦一样，我住了2天，每次经过前台都不自觉地看看她，从未见她笑过。真晕！,0.0
还可以  就是会起球,0.0
一点不好用，弄土豆丝上面的太粗，下面的太细，很薄，用起来不稳，总之很不满意，扔在那里不用了。,0.0
实在是不喜欢，绝对的没看头，浪费我的精力，看了一般就放弃了。有空还是看看旅行手册也好,0.0
不想多说，连个包装都没有,0.0
非常不好   不给发货   而且  货也没收到   请问我的货呢？  查询还被签收了？  请问被谁签收了。   赤裸裸的诈骗,0.0
给媳妇买的，东西很不错,1.0
"荣昌整体不错,环境很美,服务员很客气,还会选择这里!就是南北湖景区门票太贵了80元,如果以后还是80元,宁可不去,永远不去!因为不值!",1.0
给孩子买的 现在库存都没有了的 哈哈,1.0
挺好用的！！~~~~~~~~,1.0
物流慢，发货时间长，还货不对板,0.0
不错，还行，但是我没有十个字！,0.0
5分好评 很舒服 又来买了 　,1.0
比较实用的一本书，还不错,1.0
疼！真的不知道那些评价是怎么来的，腋下根本去不掉，发过来的货刀头也装不上，腋下被烫红肿了，难过死了,0.0
穿着还是很拔脚的，反正只准备穿一个夏天。,1.0
花开的过了，有些蔫，说好的卡片呢？,0.0
正品，吸汗透气价格便宜,1.0
我是开会带住宿的，住的商务房，新装修的，还可观赏滨河大道的夜景，挺舒服！另外会议室也有好几个，选择还是蛮多的！,1.0
看图片是不错 可是实际平铺容易翘起来 怎么压都不平,0.0
很好的鞋子，老公穿了一个冬天，鞋子真的很舒服。,1.0
裤子掉色不说还有怪味好后悔买这裤子,0.0
晒了一二次 一拉就烂了。只能说是垃圾中垃圾,0.0
刚用半个月不到，即出现无法接电话的问题，等待售后中&hellip;&hellip;,0.0
暂时没发现什么错误，还没看多少，不过质量还是不错的。物流相当的快，好评,1.0
根本没有真空包装，欺骗顾客,0.0
还可以吧，，不知内容会不会有错,1.0
还不错， 但发票呢，第三方不能总一个借口吧。不给发票，你倒是价钱优惠点也行啊。其他卖家折扣都能到7折。,0.0
"漂亮...就是系统很难搞.....ghost不进去...BIOS修改IDE还是不行,后来拿安装版才装进去...",1.0
价格便宜，正品行获，不错不错。为了这个电脑每天关注京东，总算被我抢到了，帮朋友也带了一台，都很喜欢。,1.0
物流很快，物品很好，还会再光顾。,1.0
都5 天了還没到，太慢了，东西没收到，也不知道好不好,0.0
1月27号早上买的，2月3号中午才收到货，整整7天，我说这快递也真够慢的啊，真是等死我了，武汉离周口这么近，偏偏从武汉寄到郑州，再从郑州寄到周口，这是要干哈啊，距离为1的路程非要周转个3，无语死了\n不过，快递归快递，客服服务态度还是挺好的，实话实说,0.0
不知怎么网络接口被省了？不太方便！,0.0
就在机场对面，走到机场就5分钟吧，如果要赶飞机的话住那里还蛮方便的，里面的设施就一般了，3星的标准吧,1.0
这本书我是买来送给爸妈，听说很简单易学，所以给妈妈看，让他们了解一些基本的健身之道，这样我们在外面工作也会比较安心。妈妈正在学，听她说还不错。,0.0
正版书，印刷精良！看了很受启发！,1.0
作者用诗一样的语言把如水般清澈透明的思想娓娓道来，像一个经验丰富的智慧老人为我们解开一个又一个人生的难题，让我们超越自发的自己和世俗的观念，引导着我们走向光明、理性的彼岸。尤其让人惊叹的是，在那样早的年代，作者对一些心理问题居然有那样深的体会，对一些人生问题能够分析得那样的深刻透彻！确实是非常难能可贵的！较之前一本罗马皇帝的《沉思录》不知要高明多少倍，直如天壤之别！,1.0
商品还行，就是物流真垃圾，我不介意慢点，问题是货到了通知都没有，我也没签收直接就放在我公司保安室。今天不是别的快递到了都不知道这东西早就到了&hellip;,0.0
房间干净，还有净水装置，还有浴袍。免费送的早餐也过的去。性价比不错。唯一不足就是前台结帐的时间比较长！,1.0
袜子没有送&hellip;&hellip;很不开心,0.0
我觉得这个酒店应该是我住过的能评上四星级酒店最烂最烂最烂的一间了。首先，房间还没进门，过道里地毯发霉的味道就绝对让你发晕（我住在7层，那层居然还有经理室之类，他们鼻子坏了吗？）其次，进门以后，被天花板发霉掉落的墙皮灰震惊了，这也是个酒店，应该是个招待所还差不多吧。卫生间还不错，很先进的独立玻璃淋浴房，但是我人不能睡在淋浴房里。再次，超级超级差的隔音，隔壁人很普通的讲电话声音，让我感觉，没有墙的存在。每天早晨对面的经理室、值班室、服务生都会用很大的力气关门，继而热烈的交谈，而这种每天在早晨7点半被震响的经历，实在让我头痛……最后，结账后，我有些东西得拿袋子装，礼貌的问前台mm，能给我个手提袋吗？mm刚给我结完帐，说，你都结账了！我……晕……，忍住，问，那我怎么办，我东西拿不了，我得去机场……mm“你自己去房间拿”我“厄……可是我刚把房卡给您了”……最后我随便去了个楼层，找了楼层服务员要了一个手提袋……我无话可说了这酒店……我明天又要去哈尔滨，但是我打死也不会选择波斯特的宾馆反馈2007年7月27日：对于您在入住酒店期间发生的不如意，我们深表歉意。酒店会加强雨季时楼层的通风以保持清爽干燥，同时在礼宾部预留足够的备用手袋。另外酒店也会加强巡视，最大限度地保证楼层的安静环境。最后我们真诚地欢迎您再次入住，感受我们的改进。,0.0
这本书从结构到情节直至文字都毫无新意，典型的网络文学。如果对小说的要求不高，纯粹是为了解闷或许还能凑合,0.0
色彩好丰富  好多款式，  喜欢,1.0
码子太小穿不上，能换大一码吗？,1.0
不明白为什么别人家的电脑都是什么颜色的电脑配什么颜色的包，为啥我买了2台白色EPC了（901和这台），都是一个丑不拉几的黑色土包涅？另外边框好宽哦，什么时候EPC也能“薄无边”呢？,0.0
壳子很漂亮  满意满意?,1.0
每月都会买，办公室同事很喜欢,1.0
送朋友的，样式很好看，朋友说还不错。,1.0
虽然案件发生的时代，离我们有点远，但是并不妨碍我们对真相的好奇完全没有时间错位的感觉，也没有阅读的凝滞感觉。只是细致入微的描写，有时候会让人觉得略显繁复，但是毕竟要交代细节这也是在所难免的吧，所以也就无所谓了。总体来说，还是很喜欢这部作品，构思精巧，无与伦比。无愧于黄金三大推理小说家的名头，还特地推荐其他朋友也来读读看，说不定和我一样会爱上推理的！,1.0
没灯光，没音乐，不会跳，小孩子不喜欢玩,0.0
宝贝收到，马上用了，感觉效果很好！\n,1.0
买到假药了，我以前买过真的黄皮肤药，这药根本不对。那点效果根本就不是真药效果,0.0
没有发票，多次联系均无法联系到客服，估计已经被拉黑！这种无良商家！,0.0
1。我住的是靠马路的标准间。房间内设施简陋，并且的房间玻璃窗户外还有一层幕墙玻璃，而且不能打开，导致房间不能自然通风，采光不好。 2。吃了三顿早餐，品种少得可怜。 3。二楼餐厅被租出去了，价格特贵。原来订餐时告之房客可以打九折（房间服务指南里也明明白白写的，等到结帐时却告之海鲜和酒水是不能打折的，而且没有发票，找来经理才好不容易在第二天拿到发票。综合来说与四星级差距太大了！,0.0
这个衣服一点也不好。穿着扎人一点都不舒服还小就根本都不直这个钱。丑死了都。就这样衣服白给我我都懒着拿。这个就是不想让大家在上当受骗了。千万不要抱着试试看的态度就买。那你就错了。服务又差东西又差。还卖什么东西。破烂东西,0.0
高品质杜比音效.采用联想全新高触感键盘，新键盘无论在布局、键帽形状、键程手感上全部进行了人性化更新，不仅满足输入速度快、输入正确率，更能满足用户输入舒适的需求。 人性化一键静音设计。 关键还是不错的散热，做工，设计，非常适合家庭娱乐使用。4099抢的。还算比较的有性价比的机器。,1.0
我和同事同时入住488元的房间，但是房型明显不同，我住的房间面积很大，但是同事住的房间和凯莱商务酒店的房间一样，感觉酒店有点糊弄人。,1.0
很差，物流堪比蜗牛就不说了，衣服很大一股气味可以把人熏晕，差到极点,0.0
锁看着不错，但不能设置密码，每次设置完密码都不能打开。,0.0
本来对这本书感觉还不错的，可是还没看几页就发现这么大的问题，居然直接从14页跳到了23页，我说怎么看来看去左右两页对不上呢！不知道这个问题该找谁解决一下呢？,0.0
很好干燥度还可以，成色也还可以，包装完好，挺干净,1.0
地理位置优越，服务员态度也相当不错。值得推荐。,1.0
送朋友的，他很喜欢，说要是钱包有拉链就更棒了。,1.0
足球鞋还可以，耐用，实用。,1.0
骗子，都是骗人的，还打电话说衣服小，让选大个号，来了就跟龙袍一样，真大，,0.0
"一个字：差！设施差，服务差，环境差。能想到的一切都差！！！！！宾馆反馈2007年12月10日：酒店已注意到了,部分房间已开设改建",0.0
搂着儿子，翻开了这本书。画面浓郁，文字却简单而纯美。看似两棵小小的树，却是生活中的每一个人。儿子是个善良又大度的孩子，但跟小朋友在一起时却难免发生矛盾，读给儿子听不仅仅想让他珍惜友谊善待朋友，同时希望渗透给他，未来的人生中总是会有离别得失，要平和却也要积极的去面对它。多一些宽容多一份拥有，适于渐渐成长的他，也同样适于历经世故的我们！用心去体味，就是一本好书！,1.0
太紧了，男生用还好，女生用有点费劲,1.0
五天才收到东西，快递是有够慢的。\n实物跟图片给的型号也不一样,0.0
游戏是很耐玩的，问题是快递太不给力了,1.0
双十一买的，来来回回折腾了一个月昨天才拿到，。悲哀的是衣服颜色不对，跟手机拍的完全不一样,0.0
最差的一次购物，质量差又特小。,0.0
与现实脱节，白领YY的产物，读起来像是一本流水帐，真不知道这本书是怎么火起来的。,0.0
注释详尽，我是当作古典文学入门书籍买的。,1.0
质量真心一般般，尤其是里料黑色的很旧的感觉，包的怪味特别的浓，价格实在是贵，最不满意的一次包，本想退货，快过年了，太忙也不想这么麻烦。,0.0
版型不错，颜色也可以，就是买的有点瘦了,1.0
快递速度太慢。快递服务太差了。,0.0
这个充电宝还行吧！有时候带在身边方便点，如果再小一点容电量是一样的那就更好了。,0.0
一般般啦！没什么兴趣继续读下去,0.0
"除了离机场近,没什么可说的了.应该没有5星的.",1.0
服务真的是醉了 问啥啥都不回  包装的不严实 到家箱子都坏了坏一个大口子 方便面全碎了 不会再来你家买东西了,0.0
很一般的酒店。标的3星级，房间面积到是很大，电视机也不错，是液晶的，床也还行。可是，以下几点却让人大跌眼镜：1、写字台前没有椅子可坐，放了个长板凳，让人大跌眼镜！！好像连招待所都不如。2、房间没有咖啡，每天要跟服务员要才给，有次下楼经过服务间，听到服务员在聊天说，某某房间的客人又要咖啡！！！，好像客人就不该跟她们要似的。袋装咖啡应该是每个星级酒店必为客人每天免费准备的。3、房间迷你吧的饮料和小吃消费后，没有服务员给你补充。4、酒店给人的感觉是没有任何服务的酒店。除了每天打扫一次房间外，没有任何房间服务。中午客人回房间休息后，下午出去，晚上回来，发现原来是什么样还是什么样，床和卫生间没有整理，没有开夜床的服务。房间窗户、窗帘保持原样。5、酒店早餐太差，除了能吃口稀饭外，其他基本没东西可吃的。6、天天晚上10点多有骚扰电话打搅。7、房间牙具太差，住了3个晚上，前2个晚上的牙具都是透明塑料袋装的那种，挤不出牙膏来，都是干锅巴，重送过来的也是一样，只能干嗽嗽口了。第3个晚上是那种纸包的牙具，要好多了，至少能挤出牙膏来。,0.0
我一个星都不想给，，我21号买的，30号才到，什么快递。。。。。蜗牛吗,0.0
速度太慢半个月才能收到,0.0
试穿了下面料挺舒服的，很柔软，大小蛮好，挺精神的。\n                                                                                                                                                                                                                       ,1.0
送给朋友的，样子非常漂亮，质量非常好，希望下回还会有活动。,1.0
华硕的品质相信没的说,1.0
大品牌，质量好，穿着舒服。,1.0
散热有待提高，光驱声音太大，有时候跟拖拉机似的，不过总体还可以,0.0
挺好的，非常搭；老婆非常喜欢！,1.0
很好的法律书看了很有启发,1.0
没有海苔吃起来好吃,0.0
太差了   明显是假的   链子细的跟线似的   市场价还标*  骗谁呢   真后悔,0.0
这个老婆很喜欢，以后再来买,1.0
同一地点，手机和老收音机能清晰收到的频道，这款收音机收不到，客服跟我说是频道信号不好，，，呵呵，，，一星也不想给，大大的差评！！！,0.0
比较实惠，下次再买，谢谢,1.0
发货速度太慢了&hellip;&hellip;&hellip;&hellip;&hellip;&hellip;&hellip;&hellip;,1.0
质量还可以，就是价格稍微有点贵了。,1.0
我们预定了四个房间，下午2点十分后入住，但被告知，只有两间房，还有两件要等待。当即，我们便提出异议。当我们表示要投诉后，给出四间房。酒店门口的停车位起先有两次不让我们停车，说是有预定，保安还脱帽，解领带要和我们打架，至此，酒店方面没有一个负责人出面。直至我们向酒店提出投诉，才有人向我们表示歉意。免费的早餐其实真不值所说的要58元一位。缺少食物并不能及时添加。，服务员的服务很初级。早餐听内地服务员不少，但领位，桌面清洁很迟缓，几乎感受不到四星酒店服务。电梯应叫管理几乎没有，真不明白这家酒店是怎么评上四个星的。,0.0
很便宜，团购的时候买的，警告过自己不要再买书了，但是，看见价格，真动心啊。忍不住。。京东，你是要我破产么,1.0
零件不够，联系客服又联系不上。,0.0
喜欢，一定还会再来光顾的,1.0
专门戴一段时间才评价。机芯是日本的。miyota芯。是西铁城旗下的。应该是入门级的。有打磨。\n平均每天快30秒以上（不是很满意）。希望过磨合期能好点。\n有点厚了。\n感觉略贵点。,1.0
差的没法说，后悔的一塌糊涂,0.0
那个叫什么lu什么的系统不怎么会用，想换XP，听说有点麻烦，不知道有没有高人指导下小弟,0.0
量太少了，觉得不值这个价格买。,0.0
感觉现在京东速度是越来越慢了！！！！,0.0
:.360.?&amp;amp;云晓云晓写的的书都写得很好，还是朋友推荐我看的，后来就非非常喜欢，他的书了。10-18岁青春期，和女孩说说爸妈的心里话，很值得看，价格也非常便宜，比实体店买便宜好多还省车费。这是一本代表全天下父母的心意，写给女孩看的书！让女孩一生的命运从此改变！通过10-18岁青春期，和女孩说说爸妈的心里话，你可以了解父母的那些心里话&mdash;&mdash;如何说、如何做，才能与父母像朋友一样相处愉快你在为谁读书&mdash;&mdash;为什么而读书，读书与未来的关系怎样，如何应对读书过程中的那些难题必须认真和父母沟通的那些话题&mdash;&mdash;如何远离无益的朋友，如何收获更多快乐那些受用一生的品质与习惯&mdash;&mdash;坚强，乐观，大度，举止优雅关于未来，所要思考的问题&mdash;&mdash;理想和未来，职业的选择你身边的那些危险&mdash;&mdash;网友见面、性骚扰、各种各样的骗术。，阅读了一下，写得很好，爸妈的肺腑之言，长者的人生智慧，引领你人生的航向！不知道的事情，这里有分析不明确的道理，这里有指南，不了解的秘密，这里有答案给青春期的你，最为实用、有效、科学的帮助！，内容也很丰富。，一本书多读几次，3代沟总会存在，这需要相互理解你的变化父母认为快男、超女不入流，你却认为快男、超女是时尚，是流行父母认为艰苦朴素是优良品德，你却认为艰苦朴素是穷酸样父母认为你应该穿学生服，你却喜欢穿得另类时尚随着你慢慢长大，随着你渐渐步人青春期，你和我们父母一辈人之间也有了越来越多的分歧你喜欢追求名牌，大讲派头你喜欢追求另类，凸显自己的与众不同。望着这样的你，我们感到震惊，我们感到焦虑，我们不知道该怎么才能走进你的世界该怎么做才能更好地了解你当我们对追求名牌的言语表示出不满时，当我们对你特立独行的行为表示不能接受时，你常常会用不屑一顾的神色告诉我们我和你们有代沟！是的，孩子，我们之间有代沟。因为代沟，你认为我们不能理解你的行为因为代沟，你不屑对我们多说一句话。你用代沟疏远我们，让我们感到失落。隔代人之间会出现代沟，我们能够理解，我们只是想告诉你这样一个事实，代沟总会存在，关键是看我们之间如何处理。那么，究竟什么是代沟呢代沟又是怎么产生的呢代沟，是指子女在走向社会的过程中，背弃父母原有的观点，有了新的见解而造成的思想观念、行为习惯的差异。它的形成往往有这样两点原因第一，年龄和时代的差异造就的。60后、70后的生活习惯、生活圈子、所持有的观点和你们90后是截然不同的。观点和认知的差异，也就造成了我们两代人之间会形成一堵无形的墙，隔断我们的交流。第二，因为你和父母相处的时间太久，因为你和父母相处的方式太单一，条件反射地造成了你对父母的厌倦和不耐烦。正是因为如此，代沟也应运而生了。有这样一,1.0
好可爱的小背包，时尚简单，夏天好搭衣服，赞,1.0
真心不值这个价钱,0.0
"确实很有商务型酒店的特点,但是缺乏周到的五星的服务.",1.0
两个包装一正一倒，有一个灰挺大，是样品吗？,1.0
电池是光明的，不知道怎么样？,0.0
依个人这几年在KS实体店购买十字绣的经验不是正品,0.0
沈阳市政府的酒店，比较大气，交通便利，出门往左就是北陵公园，环境好。,1.0
像是仓库改的拖鞋不错卫生间还可以早餐很差,0.0
衣服一般，裤子的真的是没法看，劝大家别买,0.0
鞋子很时尚，大小合适，穿上很舒服，很喜欢。,1.0
很好用，味道也很好，就是快递比较慢,1.0
这么多功能超赞，消毒杀菌挺好！还有宝宝的菜单！雾霾天给孩子杯子消毒估计不错，活动什么时间结束啊！,1.0
"我订的是高级间，因为不吸烟，很幸运的升级到行政楼18楼，房间很大,服务人员很亲善，比九龙酒店（房间小，服务人员没笑容）好太多，感觉很好,下次还会来帝京住的.",1.0
红色的坏了，不知道怎么申请维修，又过了退换货期限,0.0
住了特价的房间，实在是差的没法说了，房间小得完全出乎意料，像个剩余的角落留出来的空间弄了这么一个房间。还有停车场，实在不方便，而且地下三层，而且非常的陈旧，去停车场的电梯怕怕。第一次遇到这么差的停车场。下次不再去，永远也不去。宾馆反馈2008年8月4日：尊敬的客人您好，首先感谢您对酒店的评价，对于您在酒店的遭遇我们深表歉意，酒店除了特价大床房之外还有其他多种房型可供您选择，对于停车如您遇到困难可向前台与酒店安保部门联系，我们会第一时间为您解决。我们还是希望您能再次光临，在下次入住之时会给您一个不一样的感觉！,0.0
等了一个月没收到,0.0
悲剧啊 我的U还没到~~~~~~~~~~~~,0.0
好几次拿起这本书，只读了开篇的十个约定就再也读不下去了，眼泪每次都充盈了眼眶。真是让人感动的约定，这十个约定不仅仅是“我”和狗狗的约定，也是亲人间对爱的渴望和追求。终于还是继续读了下去，作者文笔清新自然，仿佛身边的一个朋友在娓娓道来自己的故事。翻译的文笔也很流畅，看得出来是带着感情翻译的，所以很有感染力。是一本值得收藏的好书，将来读给我家宝宝听。,1.0
还不错，，退换货很贴心,1.0
"从脑到灵魂的旅行,看上去挺深奥的。",1.0
同其他的企业管理书不一样，作者是以小说的形式告诉你在企业中该做什么，不该做什么，怎么做，尺度如何。条分缕晰，在理，又不会有老子教训儿子的感觉，和主人公一起经历风浪，一起成长，作者所说的也尽在不言中了，易于让人接受，不致产生抵触情绪.是一本关于如何做好一名员工的好书。不过作者关于爱情的描写却累赘了些，我看完通篇也不知道拉拉什么时候喜欢上王伟的，有点失望~,1.0
裤子和描述是一致的，尺码合身，裤型很喜欢,1.0
给老婆大人买的，她很喜欢。,1.0
很满意，已经查询过是正品，相信京东！,1.0
口味不错，不过价格有点高了，腰果的价格是比较高些。,1.0
我只想说边框黑条大，屏幕看着小这都不是问题，问题是你那底座螺丝孔根本没有对准，你让我怎么上螺丝。只有让它插进去，还得小心它掉下来,0.0
鞋子尺码偏大1码，需要加双鞋垫才合脚。。。,0.0
锅太大，估计发错了，可能是18#的，卖家不够负责,1.0
不好，链子太长了，差评.....,0.0
买了第一版，所以第二版也买来看看，新增的内容不多。,1.0
公司用，还行，，，，，\n,1.0
非常不推荐购买，这就是本入门教程，没有帮助还死贵死贵的。,0.0
好快的速度，。。。。,1.0
酒店在肇庆闹市区，但靠花园的房间很安静；酒店走廊超乎想象的长，96个房间在一条走廊里。套房超乎想象的进深，从门口到床约15米。七星岩像一个大公园，如果作为城市人群休息的场所很不错，不应收门票（60元），像西湖这样的景区都不收门票。鼎湖山的原始森林很好，特别是蝴蝶谷新开的那一部分，值得去走一走。酒店的饮食不错，但浴足不怎么样，虽然便宜，但水平实在差，技师不像受过准们训练的，没有手法，按不到穴位，环境也不清爽，总体感觉有些龌龊。,1.0
东西很好，挺保温的。,1.0
非常好！一进房间就能闻到一股花得芳香~~~服务态度十分热情~~~酒店里不但有免费得室内室外温泉泡~~而且还送两张188元得温泉泡~~有不下七十多种温泉：如白酒温泉，绿茶温泉等十分不错~~早饭也相当丰盛可以说应有尽有~~鸡翅特别美味~~通过携程预订还送免费得两杯饮料~~~sogood~~是标准得五星酒店~~~如果觉得离市区远了点可以乘班车或打车（40元左右）~~但绝对物超所值~~走时还送了两串玛瑙手机链~~~下次再去厦门一定要再去~~Imissyou！！,1.0
钱包美美哒&hellip;,1.0
挺好用的，清晰,1.0
大气，奢华，感觉不错，服务满分,1.0
很不错的锅，值得购买,1.0
"用携程那么多年,这次太让我失望了,也让我丢尽了脸.本来是想住最好的酒店,结果是一肚子火.酒店是建在居民区内的,周围环境可想而知.开业都快半年了,还是处在试营业期,房间还可以,卫生间糟糕透了.下水管排水不畅,淋浴房估计只有一个平方,而且放洗发液的地方都没有,卫生间也小的可怜,我坐在马桶上,左肩膀靠着淋浴房,右肩膀靠着卫生",0.0
说是加厚的却一点都不厚 里面毛毛也不细 感觉一点都不值,0.0
上次买的不知道怎么的就坏了没多少天，我再买个试试，不行以后就不买你家了,0.0
用了两次，做奶昔，我尝试放一个苹果，放一瓶普通酸奶，打不了，要一边打一边摇,1.0
差评，竟然是穿洞的，再也不来这家店买东西了,0.0
有点小，不过不沾，好,1.0
刘凯，我一旦爱上你，就会不离不弃，除非我死去。因为爱对于我而言，是一种承诺。明知道你不会给我什么，但我就愿意这么坚持，哪怕让我一直等着，\n这份承诺是什么？这么说吧，相爱之后，谁都无法保证不会再遇到更心动的人，更有钱，更好看，更温柔，更符合期待，更懂我，我是缴械投降，还是坚贞不屈？所以爱情绝不仅是冲动与激情，而是一份承诺。爱上你所以对你有承诺，因为这份承诺，再心动也会把心中的荡漾，控制的波澜不兴。\n是不是很伟大？我只是想用一生去爱你，哪怕你用尽了各种方法来伤害我，我还是不离不弃，心中尽管血迹斑斑，眼中依然尽是柔情无限。你可以说这是犯贱，但我爱的甘心情愿。\n遇到这样的我你为什么不珍惜，因为一生，我只爱你一次。\n你在当兵，我等了你整整八年，你跟我说要订婚，让我辞职回家等你，而你却突然消失联系不上了，打了你几个月电话，你一直不接，我都不知道发生什么了，即使你有新的女人也该跟我说一下，逃避也解决不了问题，麻烦大家帮忙联系下，15011215521,0.0
"酒店还是不错的,房间挺大的,床很舒服,服务人员的态度很不错的,有问必答的,周围交通很方便,离码头很近的,而且门口就有去大三八和妈祖庙的公交,不错",1.0
严重差评，太小了，还不如一个闹钟呢,0.0
"穿着大小合适 价格还很便宜 衣服质量很好,",1.0
李宁的款式有待创新啊，穿运动装十几年了，李宁等国产牌子一直都是那么几样,1.0
规范监管环境和各级工会脚后跟脚后跟,0.0
个人比较喜欢诗词，自然也就喜欢诗词背后的故事。每每看到经典的作品，遥想诗词说展现的美妙的画卷，真的是一种奇妙的感受。作者通过自己的行走仿古问今，为我们展现了一首首经典背后的故事，展开了一幅幅美丽的画卷。壮丽的河山、质朴的风情都不断跃然纸上。个人感觉美中不足的是作者的文字在部分章节中略显枯涩，不够丰润，可惜。文中的插图是典型的中国传统水墨山水画，心向往之。,1.0
3999的时候抢购的 运气真好 这个价格还有什么号说的 品牌和价格都很不错,1.0
不错的选择&hellip;&hellip;??，我会在外太空,1.0
非常一般的酒店，房里设施很旧，房间送餐竟然要加多50%的送餐费。总之找不到好的方面来说，有其他选择就不要去了,0.0
cup强大，做工不错，thinkpad R系列的技术真是不错！集成显卡，跑了一下3dmark06，得了792分，看高清没问题，魔兽世界也没问题，极品飞车还没试呢，据说800*600下效果全开会很流畅！,1.0
有点小，不过是增品还不错,1.0
蜜蜡还行，发票没收到。,1.0
酒店前台服务很差！开了房间，进去一看，竟然有人入住了！还好没出什么事！要出什么事那谁负责呢？找前台领班反映，领班一变骂服务员一边给我换房间！脸上连笑容也没有！好象是我们顾客犯错！不知道搞什么鬼！给携城打电话投诉，携城的态度很好！酒店经理打到房间来赔礼道歉，还是找什么客观原因，说什么是服务员太忙了，出错！这个好象是低级错误吧！而且还说补偿一份早餐！态度生硬，好象我是属于那种住的起酒店，吃不起早餐的人！跟她们闹，就是因为我没钱吃早餐！真是气愤！不建议大家住这个酒店！,0.0
"对于自驾游,这家酒店很合适，我们是住2号楼顶层,风景及服务都很好，下次去威海还住这家酒店!",1.0
也不知道真的假的，币上有疤痕呢，,0.0
款式可以，做工实在没法评价，全是线头！,0.0
居然比屏幕小了！小了！小！\n这最基本的尺寸都不能保证啊，差评,0.0
"周末去海宁玩了两天,住海洲,总体评价应该不错.房间很大,设施也不错,如果是液晶电视那就好了.早餐值得推荐.离皮革城非常近,但周围就没有什么设施了.值得推荐!",1.0
酒店按照3星级标准建造，建成不满2年，设备都挺新的。总体来说符合3星级的标准。属于凤凰地区最好的酒店之一了吧。就是价格也不算便宜。,1.0
通过协程订的。宾馆位置一般，只离苍浪亭近些，从高速下来还算方便。店内环境好，房间空间大，空调不错、洗刷设施好，床铺舒适。早餐不错。落地窗外就是一个小小苏州园林空间，虽简单，很好。值得推荐。,1.0
东西可以啊，就是物流非常慢。\n,1.0
质量不错，老公戴着好看，主要是价格太划算了，值得推荐的好产品，满意,1.0
对当地的酒店做了实地比较，这里硬件还算好的，装修比较新但实在不能给分太高。住的是套房，但卧室里没有电视，宽带不能用，说是在维修！聋子的耳朵-摆设。,0.0
装系统有点小麻烦，花了我两个小时才把系统软件更新全，另外后面的两个USB，，太挤了，，而且和电原那么近，只能接小个的U盘，读卡器没法用。。。。,0.0
包装不错 发货速度 物流快 味道赞一个\n,1.0
这是我网上购物满意度最高的一次！与网上描述的一样：一是外观非常漂亮，葫芦周正，竹节均匀，做工精致；二是音色圆润，音准也不错；三是吹奏比较省力。特别是商家特别热情负责,1.0
发货太慢了吧 半个多月,0.0
此书为歌词彩绘版！！！　没有乐普，但最为离谱是配套的CD不是收录歌，而是在念词。坑人！！！！！！,0.0
一分钱一分货吧，我也不太懂檀木，直接给好评,1.0
不好装，不是很好用，不推荐\n,0.0
还没开始看，希望不是一直做牛做马,1.0
不错吧，孩子很喜欢，不错,1.0
感觉还行，但没我想像中好，两侧的部份设计不太好，脚底的还不错。,1.0
1、这款机器的造工问题，比较粗糙，塑料感太重了，这应该是为了轻便而牺牲了材料质量 2、机器底部插电池的位置的造工真的很差，这个HP要检讨一下 3、还是造工设计问题，电源插口位置设计不合理,0.0
价格虽然便宜， 但是没有无线打印功能。,1.0
在经历过了汤口宾馆和西海饭店的待遇后，国脉无疑是一个惊喜。房间宽敞整洁，起码能保证睡一个好觉。放在其他城市，可能国脉还够不上四星级，但如果西海饭店之流都能算四星级的话，国脉真的算是性价比超高了。地理位置也好，价钱也便宜，是此次黄山之行最满意的酒店。,1.0
很好很强大很好很强大....,1.0
收到的商品与网上介绍的差不多，味道还可以,1.0
没见过象京东这么牛的电商，是觉的大家都信任你买你东西了就牛了吗，认为自己了不起了吗，客服态度恶劣，牛的一塌糊涂，买个东西还得受气，打电话给客服反映问题，一个星期才给我回电话，期间催促三次处理问题的人员居然视而不见，还从没见过处理问题处理一星期才给客户回电的，我严重怀疑京东处理问题专员的能力以及领导的管理能力。东西包装差不说，配送也是蜗牛速度，上海到合肥居然用了4天时间，自己没能力就不用搞快递嘛，而且配送人员东西送过来也不打电话，直接发个信息告知东西给我放哪个门卫处，更可气的是，我东西还没拿到，京东系统居然自己就帮我确定收货了，你们京东是要抢钱吗，穷疯了是吗，我没拿到东西，而且你们凭什么帮我确认收货，银行有钱不见你们敢强。现在的京东就是脏乱差的代名词，垃圾的很。,0.0
请注意商品包装请注意商品包装请注意商品包装请注意商品包装请注意商品包装请注意商品包装请注意商品包装请注意商品包装请注意商品包装请注意商品包装请注意商品包装请注意商品包装请注意商品包装请注意商品包装请注意商品包装请注意商品包装请注意商品包装请注意商品包装请注意商品包装请注意商品包装请注意商品包装请注意商品包装请注意商品包装请注意商品包装请注意商品包装请注意商品包装请注意商品包装请注意商品包装请注意商品包装请注意商品包装请注意商品包装请注意商品包装请注意商品包装请注意商品包装请注意商品包装请注意商品包装请注意商品包装请注意商品包装请注意商品包装请注意商品包装请注意商品包装请注意商品包装请注意商品包装请注意商品包装请注意商品包装请注意商品包装请注意商品包装请注意商品包装请注意商品包装请注意商品包装请注意商品包装请注意商品包装请注意商品包装请注意商品包装请注意商品包装请注意商品包装请注意商品包装请注意商品包装请注意商品包装请注意商品包装请注意商品包装请注意商品包装请注意商品包装请注意商品包装请注意商品包装请注意商品包装请注意商品包装请注意商品包装请注意商品包装请注意商品包装请注意商品包装请注意商品包装请注意商品包装请注意商品包装请注意商品包装请注意商品包装请注意商品包装请注意商品包装请注意商品包装请注意商品包装请注意商品包装请注意商品包装请注意商品包装请注意商品包装请注意商品包装请注意商品包装请注意商品包请注意商品包装请注意商品包装请注意商品包装请注意商品包装请注意商品包装请注意商品包装请注意商品包装请注意商品包装请注意商品包装请注意商品包装请注意商品包装请注意商品包装请注意商品包装请注意商品包装请注意商品包装装请注意商品包装请注意商品包装请注意商品包装请注意商品包装请注意商品包装请注意商品包装请注意商品包装请注意商品包装请注意商品包装请注意商品包装请注意商品包装请注意商品包装请注意商品包装请注意商品包装请注意商品包装请注意商品包装请注意商品包装请注意商品包装请注意商品包装请注意商品包装请注意商品包装请注意商品包装请注意商品包装请注意商品包装请注意商品包装请注意商品包装请注意商品包装请注意商品包装请注意商品包装请注意商品包装请注意商品包装请注意商品包装请注意商品包装请注意商品包装请注意商品包装请注意商品包装请注意商品包装请注意商品包装请注意商品包装请注意商品包装请注意商品包装请注意商品包装请注意商品包装请注意商品包装请注意商品包装请注意商品包装请注意商品包装请注意商品包装请注意商品包装请注意商品包装请注意商品包装请注意商品包装请注意商品包装请注意商品包装请注意商品包装请注意商品包装请注意商品包装请注意商品包装请注意商品包装请注意商品包装请注意商品包装请注意商品包装请注意商品包装请注意商品包装请注意商品包装请注意商品包装请注意商品包装请注意商品包装请注意商品包装请注意商品包装请注意商品包装请注意商品包装请注意商品包装请注意商品包装请注意商品包装请注意商品包装请注意商品包装请注意商品包装请注意商品包装请注意商品包装请注意商品包装请注意商品包装请注意商品包装请注意商品包装请注意商品包装请注意商品包装请注意商品包装请注意商品包装请注意商品包装请注意商品包请注意商品包装请注意商品包装请注意商品包装请注意商品包装请注意商品包装请注意商品包装请注意商品包装请注意商品包装请注意商品包装请注意商品包装请注意商品包装请注意商品包装请注意商品包装请注意商品包装请注意商品包装装请注意商品包装请注意商品包装请注意商品包装请注意商品包装请注意商品包装请注意商品包装请注意商品包装请注意商品包装请注意商品包装请注意商品包装请注意商品包装请注意商品包装请注意商品包装请注意商品包装请注意商品包装请注意商品包装请注意商品包装请注意商品包装请注意商品包装请注意商品包装请注意商品包装请注意商品包装请注意商品包装请注意商品包装请注意商品包装请注意商品包装请注意商品包装请注意商品包装请注意商品包装请注意商品包装请注意商品包装请注意商品包装请注意商品包装请注意商品包装请注意商品包装请注意商品包装请注意商品包装请注意商品包装请注意商品包装请注意商品包装请注意商品包装请注意商品包装请注意商品包装请注意商品包装请注意商品包装请注意商品包装请注意商品包装请注意商品包装请注意商品包装请注意商品包装请注意商品包装请注意商品包装请注意商品包装请注意商品包装请注意商品包装请注意商品包装请注意商品包装,0.0
糖都碎了，什么玩应,0.0
好喝，就是发货太慢了,1.0
里面有黄色的不太满意        跟我想想的有点差距,0.0
物流超级慢，到家还要加收运费。失败,0.0
都沒收到，什麼情況啊,0.0
质量太差了&hellip;&hellip;快递人员态度很好,0.0
货发错了，订的手胶，发来一个打气筒，联系商家也不在,0.0
物有所值，儿子喜欢，， ,1.0
东西便宜，性价比高，很多次购买了，效果不错，很喜欢,1.0
单机游戏也玩不了，网游更不用说。,0.0
不是想象的那么好    用了一个多星期了都一点效果都没有,0.0
宝贝很喜欢，好看，穿着挺合适的，下次还会再来吗,1.0
东西不行&hellip;&hellip;&hellip;&hellip;&hellip;,0.0
孩子做题参考用的，还没反馈是否实用。,1.0
洗完之后，里面的棉都成一坨一坨的。垃圾！！！！！！！！！,0.0
图片和实物有差距，包装的更是垃圾中的战斗机！一次失败的购物！！！！,0.0
拿到书就开始看了，恨不得一口气看完一本，小孩很喜欢,1.0
号码不符，都不合适,0.0
比超市便宜好几快。。。。,1.0
东西很好很喜欢没问题 被天天快递慢到吐血 求求卖家换一个快递吧！,0.0
没有想象的好，感觉一般般。,0.0
"1.只有一小部份房有,不是免的,要加收15元/天.2.生差,房地毯很,一一不知道是什液留下的黑色圈圈痕,具洗得不乾,本是白色的,但是色看起灰.上面有很多小洞.另外,看到蟑螂坦然的桌子上爬去......",0.0
这是我在携程定过的酒店中最差的，价钱又贵，以后不会再住了。,0.0
DEVINSS帽子  为啥标签是Simple way     卖羊头挂狗肉  还那么贵？,0.0
质量特别好，弹性大！做工精细！服务态度也是一流的！真是物有所值！满意,1.0
味道好，很喜欢。。。。。。,1.0
无论是完美的钻五白彦，还是傻丫头宁默，无不在困在过往的感情中，停留在自己孤独但安全的感情世界里。两人都在寻找一种安全的感情方式，虽然彼此吸引，但都害怕再次受伤，再次失去。两人一直保持这适当的距离，暧昧的态度，非常符合现代男女的心态，所以，个人认为，保持暧昧的态度有理，暧昧是一种安全的感情方式。事实证明，距离和暧昧并不会阻碍两人的感情发展，真诚的心，最后还是收获爱。,1.0
最近受几位老年大学学友的委托，又购买了几本《数码单反摄影轻松入门》和《RAW完全解析》，确实很不错！,1.0
经京东客服沟通，第三方供应商同意更换质量出问题的商品，现使用正常。,1.0
"推荐推荐~~!!比亮马河公寓好多了,价格也优惠.",1.0
比我预想的还要小一些盒子实在太小了，东西实在是太少了太贵了实在是,0.0
京东配送不错挺及时的！,1.0
好看，显脚小，也挺舒服。,1.0
酒店依山而建，环境很好，房间的设施也不错，阳台可以看见内庭园也可以看见山景。机场可以接机很方便客人，否则当地的出租车很贵，没150元不肯走的。,1.0
假货，没什么好说的，加了个俏字！\n大家别上当了\n,0.0
和70-80元的一样,1.0
还可以的呀！下次还来买。,1.0
产品还是不错的，产品还是可以的啦。,1.0
这套书编排的很不错，从买了第一本开始我家小家伙就爱上了这套书，他很喜欢书里的内容，一有时间他就嚷着要做“阶梯数学”，而我随着他的兴趣从2岁一直买到了6岁，小家伙现在做到了5岁5阶，越到后面他做题的时间就越长，难度也大了很多。我本人也很喜欢这套数，每一册的内容很有针对性，对小孩的学习很有帮助。,1.0
不好意思，这么久才来评价，忘记了，用的很好。,1.0
坏的，懒得换。,0.0
我们一家厦门四日游的最后一天就是选择了这家酒店，简直后悔死了。先说交通，酒店有自己的码头，不过一小时只有一班船，错过就得苦等。而且码头也很简陋，我们一家有老有小，每次上下船都得小心翼翼。再说环境，我们订的是豪华房，跑进去一看：里面的设施陈旧，衣柜的门很难关上，地板没扫干净。最要命的是空调只能制冷，浴室没有浴霸。大冬天的，岛上还比市区要低1－2度。打开水龙头，水是黄的，热水也很小，不要说洗澡，洗个脸都勉强。拉开窗帘，外面是一片工地！住在酒店里，心比天气还要冷...喜欢清静的人大概会喜欢这里，因为除了总台有2个人，其他工作人员基本难得一见，所以要什么都得自己想办法。本来想打个市话，结果告诉我开通市话要10元／天，晕！我就打个问讯电话，还是用手机吧！,0.0
好，本人很喜欢，质量棒棒的！,1.0
差差\n一晚上球就没气了\n线还断了,0.0
这个牌子买着放心、我儿子一直穿童泰的服装。真心感谢。希望多出些外套。,1.0
服务态度极差。预定的房间告诉我没有，说要加钱升级才有。我说我已经用信用卡担保，服务员很坚决地说没有收到，没钱可以走。,0.0
鞋子不错，穿了舒服,1.0
图片与实物区别太大,0.0
不错，米糊省力又营养～,1.0
适合中小学生的课外书,1.0
东西还行吧，自己买的时候没细看，链子粗了。,1.0
发货时间太长，很混乱的感觉,0.0
内衣很好穿，很好,1.0
音效果好，实用,1.0
差评 差评 差评，实物与图片不符，发货速度慢。\n                         太失望了。,0.0
我觉得我买一本书首先要考虑到它能带给我什么效果，是否可以学到我想学到的东西，看完这本书后，感觉拉拉这个人的性格和我的性格很像，本质比较淳朴、善良、倔强，但可能我没有她那么勤奋，那么勇敢，也没有她那么“用心”，想自己得到的一定要争取等等。也讨厌社会上现在过于复杂的人际关系斗争。我的方式一般是选择“逃跑”或者是不理睬.............呵呵 ！总得来说，这本书对于想在职场上混出样的女性来说还是值得借鉴的，呵呵。,0.0
腰力不足，外表难看，像根竹竿。,0.0
还不错，应该比较符合三星级标准，不算太贵，可能是和携程的签约价格！,1.0
车能用车能用橙能用能用,1.0
差劲，什么时候双鱼变成这样了，牛肉粒没一点嚼劲，松松垮垮，而且太咸。,0.0
宝贝收到了 非常合脚 穿着舒服 无色差 也暖和 　,1.0
本来以为这个价格的本子做工不会好到哪里去，到手后一看，做工还真不错，至少比5k的dell好。。。性能也过得去。。。,1.0
                              当徒步拐杖用不错,1.0
第一次买李宁的东西，做工没有想象中的好，鞋垫不能拆下来，而且码子买小了,1.0
很漂亮很喜欢很划算,1.0
"这是一家性价比很好的饭店,是苏州闹中取静的一处福地.酒店有宽敞的停车场,绿地面积大,古木参天,绿草如茵.登上小山,还有可供游人休息的凉厅,山脚下流水淙淙.房间里布置典雅华丽,中式的且床头有古诗相伴而眠.",1.0
"很好,买了三条这条最满意     ",1.0
快递快，商品好。没的说的质量,1.0
台湾金石堂、博客来、诚品书店语言类销量第一名！\n　　畅销香港、台湾、新加坡、马来西亚等地华人圈！\n　　从零开始学韩语，从入门到精通，一学就上手！\n　　一次同时学会发音、单词、语法、会话，韩语培训机构最佳培训读本，最适合中国人的韩语入门书。\n　　完全为中国初学者量身打造，一本初学者、自学者与教学者都需要的韩语学习胜经，适用于培训、自学、考试、旅游、生活的韩语学习书，第一次学韩语就上手，能在最短时间内轻松而全面地掌握韩语。\n　　最好学的韩语学习书4大特点：\n　　内容循序渐进：字母－发音－单词－语法－会话，轻松上手，稳固学习基础！\n　　解说简单易懂：浅显易懂的文字解释说明。加上独门传授的学习技巧，韩语一学就会！\n　　精美图解联想：精美图片+情境学习，利用图像+联想记忆法快速记忆，轻松又有趣！\n　　MP3随听随学：韩国老师录制MP3光盘，发音地道标准，练就&ldquo;让韩国人都惊讶的&rdquo;漂亮发音！\n　　发音一听就会：有发音方法讲解，有汉语标音，还有韩国老师录音。\n　　单词一背就会：有精选生活必备分类词汇，有图片强化轻松记忆.还有汉语标音提示。\n　　语法一看就懂：有详细解释，有例句说明，从句中来，再到句中去。\n　　句子一读就会：有结构分析。有语法分析，还有汉语标音提示。\n　　对话一学就会：有最实用的情境对话。有汉语译文、单词解释、语法解释。还有例句说明。,1.0
拿回来一看只有半瓶根本不够500ml，分量先不说多少，今天洗了头发然后擦至半干涂抹上去拍了3分钟，洗掉一点也不顺滑，根本没有广告说的那么玄乎。香味太浓一股古时候人们用的雪花膏的味道，真俗，根本不值这个价，和*的没什么区别，亏得花这么大价钱买这么一瓶没效果的护发素，就这效果也敢卖这么贵，就是*的货，花这么大价钱也没买来想要的效果，也没期望有多好，但至少得顺滑，头发不打结，能梳开吧，用完还是梳不开涩涩的拽下一大把头发，头发干了以后还是毛躁，一点也不好用，真是失败加懊恼。大家就不要再上当了，根本就没效果，一瓶护发的花这么大价钱也没买好，算我认栽，就当打发了叫花子吧，给自己一次失败的教训，也告诫大家不要再次上当受骗了.,0.0
掉绒严重，用手指轻轻搓就能掉一层，正在申请退货,0.0
分心系列的书，有用，浅显易懂。,1.0
东西收到了，第一次在网上买这种，包装特别好，一点也不用担心会碎，还没有安装，等过几天装修好了就安装,1.0
物流太慢，二十六号开张，居然三号才到，最垃圾的一次购物，质量次,0.0
不好，不好，不好，重要的事情说三遍。只穿了两次。,0.0
说好的响壶呢！！！！水开了也不会响，联客服没反应，价格比超市还贵！！！！！,1.0
其实已经住过这间酒店很多次了，以前是公司合同酒店，所以不能在这里评价，但实际上，我喜欢这间酒店已经很久了。这间酒店是我在深圳的两间指定酒店之一。以前去，这间酒店的大堂有股霉味，这次去已经好多了。缺点就是酒店大堂太小了。服务非常好，服务员态度很好，很有礼貌。只是三部电梯中的一部太小了，而且，不能和其它两部电梯联动。房间异常的好，只是风景不好(这是没办法的)。交通方便，有很多出租车。因为酒店在住宅区里，大堂旁边就是银行提款机，对面是便利店，酒店旁边有一个咖啡酒吧。总之，这间酒店极好，极有推荐价值。反正我下次还会住的补充点评2008年7月31日：补充楼下人说房间里的“的、的、的”声，这是空调的声音，我试过，把空调管理睡就好了(但不可能，太热了)，我房间也有这种声响，但不影响睡眠，建议酒店看一下，怪恐怖的，但实际上，真的不用害怕。还有，床很舒服，但很小。建议：提供“荞麦”枕头，比如我，我就不喜欢那种软的枕头，睡着不舒服。,1.0
这是仙剑???笑死爹了(只针对游戏 不针对卖家)   从此以后  不会在玩仙剑了  拜拜了,0.0
衣服质量很好，五分，非常满意的一次购物,1.0
系统自然地理学：理论与方法 这本书很不错建议大家购买。 %D%A  %D%A%D%A%D%A 　　《系统自然地理学：理论与方法》通过对自然地理各学科知识内容的系统分析研究，对自然地理学中具有较强理论性和规律性的知识进行总结。从理论上看，具有一般性特征和意义的自然地理理论包括地理系统论、自然地理环境物质循环与能量流动理论、地理空间过程与空间相互作用理论、地域分异与空间结构理论、自然地理环境演化理论和人地关系理论等。这些理论贯穿于自然地理各学科，是各自然地理学科都涉及和必不可少的内容，也是地理学与其他学科的重要区别。同时，自然区划，自然地理系统分类（土地类型划分等），地理的调查、观测方法，在自然地理学中也具有十分重要的地位和作用，亦是其必不可少的内容。%D%A%D%A多读书，增加一点书卷气，保持心静如水、人淡如菊的心境。书是获取知识的渠道，提高人素质的有效途径，也是涵养静气的摇篮。读书妙处无穷，书香熏染人生。正如莎士比亚所说：&ldquo;生活里没有书籍，就好像没有阳光；智慧里没有书籍，就好像鸟儿没有翅膀。&rdquo;读书至少可以滋润心灵，开启心智，由琐碎杂乱的现实提升到一个较为超然的境界，一切日常引为大事的焦虑、烦忧、气恼、悲愁，以及一切把你牵扯在内的扰攘纷争，瞬间云消雾散。读书至少可以增长知识，去除无知；提高素养，除去愚昧；充实生活，丰富精神；滋润心灵，减少空虚；淡定从容，明辨是非。读书能使人时时闪烁着生命的光辉，让人欣赏到不同的生命风景，从而使自己灵魂欢畅，精神饱满而丰盈。　　1. \\N\\N读书可以让人滤除浮躁　　读书，撇开喧嚣，拨开冗务，于小楼一角仔细的品味，咀嚼书中的宁静和快感，在寂静中体会人生的滋味，在书海中滤除浮躁的心态，淡泊名利，淡然处世，无疑是愉悦沧桑人生的美好享受。　　&ldquo;贪婪、自私、急功近利&rdquo;是造成浮躁的主要原因。读书最难做的&ldquo;涵养之如不识字人&rdquo;。读书不能&ldquo;取二三诗文务求滚瓜，铭三五散句惟求烂熟，生吞活剥，断章取义，开口必曰之乎，凡言必谓者也，皮囊外曰文化人，内实盗娼之属，无非丑婆娘施了亮艳脂粉，益丑而又可怖也！&rdquo;伪饰自己，急功近利，装门面，当做官场职位晋升和商场招揽生意的&ldquo;敲门砖&rdquo;。　书到用时方恨少，事非经过不知难。终于买的书送到了。很满意。 \\N\\N《学记》曰：&ldquo;是固教然后知困，学然后知不足也。&rdquo;对于我们教师而言，要学的东西太多，而我知道的东西又太少了。有人说，教给学生一杯水，教师应该有一桶水。这话固然有道理，但一桶水如不再添，也有用尽的时候。愚以为，教师不仅要有一桶水，而且要有&ldquo;自来水&rdquo;、&ldquo;长流水&rdquo;。&ldquo;问渠哪得清如许，为有源头活水来&rdquo;，&ldquo;是固教然后知困，学然后知不足也&rdquo;。因此，在教学中，书本是无言的老师，读书是我教学中最大的乐趣。　比知识更重要的是方法，有方法才有成功的路径。教师今天的学习主要不是记忆大量的知识，而是掌握学习的方法&mdash;&mdash;知道为何学习？从哪里学习？怎样学习？如果一个老师没有掌握学习方法，即使他教的门门功课都很优异，他仍然是一个失败的学习者。因为这对于处在终身学习时代的人来说，不啻是一个致命的缺陷。学习型社会为全体社会成员提供了充裕的学习资源。学习化社会中的个体学习，犹如一个人走进了自助餐厅，你想吃什么，完全请便。个体完全可以针对自身的切实需求，选择和决定学习什么、怎样学习、学习的进度等等。比方法更重要的是方向。在知识经济大潮中，作为一名人民教师，应该认准自己的人生坐标，找准自己的价值空间。教书的生活虽然清贫，但一本好书会使我爱不释手，一首好诗会使我如痴如醉，一篇美文会使我百读不厌。我深深地知道，只有乐学的教师，才能成为乐教的教师；只有教者乐学，才能变成为教者乐教，学者乐学，才能会让学生在欢乐中生活，在愉快中学习，这就是我终身从教的最大追求。比方向更重要的是态度，比态度更重要的是毅力。&ldquo;任尔东南西北风，咬定青山不放松。&rdquo;一天爱读书容易，一辈子爱读书不易。任何人都可以使梦想成为现实，但首先你必须拥有能够实现这一梦想的信念。有信念自有毅力，有毅力才能成功。有一位教育家说过，教师的定律，一言以蔽之，就是你一旦今日停止成长，明日你就将停止教学。身为教师，必须成为学习者。&ldquo;做一辈子教师&rdquo;必须&ldquo;一辈子学做教师&rdquo;。教师只有再度成为学生，才能与时俱进，不断以全新的眼光来观察和指导整个教育过程。使广大教师牢固树立终身学习的理念，创造性地开展教书育人工作。常读,1.0
酒店的硬件设施达到了四星的标准，24小时供应热水，水量也很足。但是服务只能算是三星的水平，早餐最多是二星的标准。由于团队过多，酒店晚上餐厅不提供点餐服务，只有自助餐。和其他地方的HolidayInn比起来，性价比差远了。,1.0
好用，五星是一定的，,1.0
本来一个星都不想给的，妈的太坑了，以后不会在你家买东西了,0.0
送朋友的  颜色很好看 包装精致 喜欢,1.0
新产品拆封用，居然发射器是坏的！试了半天没有图像传输信号！后来把原来用的一个发射器配过来用，立马就好了！新的都能坏我也是醉了，还好原来用的那一对正好是接收器不太好，结果就配上这个发射器不好的凑一对正好用，也懒得退货折腾了。,0.0
整体感觉比较好软硬件都达到了4星标准，就是房间里有一点点的异味。,1.0
了解KKR的好书，值得阅读,1.0
羊毛衫还不错，不过有点退色总的说质量不错。发货也大那个了两个月无语希望下次快点&hellip;,0.0
这个我最喜欢了，暖色调嘛！,1.0
哎，算了，我觉得衣服最好还是去实体店买好点...哎...,0.0
差与实图严重不符合。。。。。。,0.0
零碎的时间也可以成就大事，工作无贵贱之分，做客户就向谈恋爱一样，不但要广结善缘而且还要做好细节，细节决定成败，人脉聚集人气，和气生财，医药代表要做好医药工作，一靠“礼”，二靠“磨”在把善缘和细节融进去，必定能为自己找到一个突破口。,1.0
还可以，算是不错，有点小贵,1.0
1.独立显卡就是爽； 2.外观不错； 3.键盘手感还行； 4.价格不错。,1.0
东西还行，快递太差！到了还放了好几天才送，还找借口说联系不上,0.0
"比较高的性价比,环境服务都不错.68的自助餐也还不错,每人给10块钱的抵现券,58/人.就是不知道有没有停车场,大厅门口的停车位非常有限.宾馆反馈2008年7月31日：感谢您选择国宾大酒店入住，并对酒店予以认可。酒店负一层有专门的停车场，门前、后院及负一停车场都能供您停车使用。期待您的再次光临！祝生活愉快，工作顺利！",1.0
很好，很厚重，活动入手，还算划算吧,1.0
考试必备，适合考生复习,1.0
冰袋嘛，还可以用，凑字数,0.0
质量很好，做工不错， 老公喜欢，很满意的一次购物,1.0
味道很一般，孩子根本不吃,0.0
1、音皇（黑色禁药&times;.Axis.）&mdash;&mdash;七夕之夜，凌一权与女友甜蜜约会，白千严却孤单地在公园淋雨、病倒。昏迷中，名模赛斯特为他喂药的一幕无意中被凌一权碰到。让人误会的角度，使凌一权、白千严二人好不容易重建的小小幸福再度荡然无存&hellip;&hellip;\n　　2、天神右翼Ⅲ永恒（天籁纸鸢&times;天吟）&mdash;&mdash;少年米迦勒与路西法可歌可泣的攻防战！即使把自己贬落尘埃，也依然无法换来你的关注么？\n　　3、下一站，影帝（青罗扇子&times;墨狐）&mdash;&mdash;柴美叔与方子瑄、柳章的几番交手！搭上封景、云修的快班车，顾羽面临新的大机遇！精彩剧情，加页加料奉上！\n　　4、暗恋那件小事（蓝淋&times;喜喜果）&mdash;&mdash;胡北原积极争取上司周翰阳的好感，却屡战屡败！胡北原咬牙购买上司最爱的棒球赛门票，被拒绝，最后还得到了一句无情的答案&hellip;&hellip;1、音皇（黑色禁药&times;.Axis.）&mdash;&mdash;七夕之夜，凌一权与女友甜蜜约会，白千严却孤单地在公园淋雨、病倒。昏迷中，名模赛斯特为他喂药的一幕无意中被凌一权碰到。让人误会的角度，使凌一权、白千严二人好不容易重建的小小幸福再度荡然无存&hellip;&hellip;\n　　2、天神右翼Ⅲ永恒（天籁纸鸢&times;天吟）&mdash;&mdash;少年米迦勒与路西法可歌可泣的攻防战！即使把自己贬落尘埃，也依然无法换来你的关注么？\n　　3、下一站，影帝（青罗扇子&times;墨狐）&mdash;&mdash;柴美叔与方子瑄、柳章的几番交手！搭上封景、云修的快班车，顾羽面临新的大机遇！精彩剧情，加页加料奉上！\n　　4、暗恋那件小事（蓝淋&times;喜喜果）&mdash;&mdash;胡北原积极争取上司周翰阳的好感，却屡战屡败！胡北原咬牙购买上司最爱的棒球赛门票，被拒绝，最后还得到了一句无情的答案&hellip;&hellip;1、音皇（黑色禁药&times;.Axis.）&mdash;&mdash;七夕之夜，凌一权与女友甜蜜约会，白千严却孤单地在公园淋雨、病倒。昏迷中，名模赛斯特为他喂药的一幕无意中被凌一权碰到。让人误会的角度，使凌一权、白千严二人好不容易重建的小小幸福再度荡然无存&hellip;&hellip;\n　　2、天神右翼Ⅲ永恒（天籁纸鸢&times;天吟）&mdash;&mdash;少年米迦勒与路西法可歌可泣的攻防战！即使把自己贬落尘埃，也依然无法换来你的关注么？\n　　3、下一站，影帝（青罗扇子&times;墨狐）&mdash;&mdash;柴美叔与方子瑄、柳章的几番交手！搭上封景、云修的快班车，顾羽面临新的大机遇！精彩剧情，加页加料奉上！\n　　4、暗恋那件小事（蓝淋&times;喜喜果）&mdash;&mdash;胡北原积极争取上司周翰阳的好感，却屡战屡败！胡北原咬牙购买上司最爱的棒球赛门票，被拒绝，最后还得到了一句无情的答案&hellip;&hellip;1、音皇（黑色禁药&times;.Axis.）&mdash;&mdash;七夕之夜，凌一权与女友甜蜜约会，白千严却孤单地在公园淋雨、病倒。昏迷中，名模赛斯特为他喂药的一幕无意中被凌一权碰到。让人误会的角度，使凌一权、白千严二人好不容易重建的小小幸福再度荡然无存&hellip;&hellip;\n　　2、天神右翼Ⅲ永恒（天籁纸鸢&times;天吟）&mdash;&mdash;少年米迦勒与路西法可歌可泣的攻防战！即使把自己贬落尘埃，也依然无法换来你的关注么？\n　　3、下一站，影帝（青罗扇子&times;墨狐）&mdash;&mdash;柴美叔与方子瑄、柳章的几番交手！搭上封景、云修的快班车，顾羽面临新的大机遇！精彩剧情，加页加料奉上！\n　　4、暗恋那件小事（蓝淋&times;喜喜果）&mdash;&mdash;胡北原积极争取上司周翰阳的好感，却屡战屡败！胡北原咬牙购买上司最爱的棒球赛门票，被拒绝，最后还得到了一句无情的答案&hellip;&hellip;,1.0
非常没有。。。。。。。。,1.0
"不带操作系统,要自装;配送的鼠标线太短了哦,其他的正在查找,目前感觉音质好像不是很好.",0.0
是一本旧书，给别人不知翻多少遍了！,0.0
一分钱一分货、珠子只能说一般般、有的行多点有的少点、也就值这个价格！有些小失望、哎,0.0
送货比较快，价格挺合适的,1.0
为什么颜色不一样？不知道环保不？\n,0.0
是一个不错的酒店，推荐一下。服务很好，房间很不错。在大同应该说是个惊喜了！,1.0
实物沒图片好看！,0.0
包装有点脏，其他还好。。,1.0
是正版 纸张很好  非常满意 下次还会再来。。。。。。。,1.0
包装不能用，按半天出不来东西，凑合倒着用吧，怀疑是不是正品，包装都有问题，换货又麻烦，凑合用,0.0
还可以，下次继续在京东买,0.0
性价比较高!现在看都没有了!庆幸自己出手了!自己用着非常不错!就是不知道为什么没有进网许可,1.0
"离杭州不少路,酒店特别是晚上不好找,游乐项目不多宾馆反馈2007年3月5日：酒店已增加了园区内电瓶车观光游览、垂钓、各种球类运动项目、射箭、野外拓展、农家土柴灶自己烧、烧烤等等活动。",1.0
还可以，价格能接受，穿着合身,1.0
商品在不负责任的情况下被人代收的，既不是本人签收，也没有委托其他人签收，快递居然丢下东西就走人，此行为对买家和卖家均不负责任。,1.0
口袋难受，毛线质量一般般，硬,0.0
昨天晚上就大致看了内容，作者的确实有想法。把大家的想法搜集整理，就出书了！,0.0
今天将当当网独家首发的《公平定律》一口气看完，大失所望！尤其是回过头来对比推荐人王宏伟（此人干嘛的？）写的超级肉麻的序，真是大倒胃口。可以体谅，写此书的孙寅贵毕竟是个小学没有毕业的人，虽然赚到钱了，在商业社会里应当算是个成功人士，但毕竟文字般若不足，驾驭文字的能力有限，如果可以和孙总聊聊天，估计对其想表达的意思反而会了解的清楚的多。但写成书，尤其是居然总结了个“定律”实在是不知所云，祥林嫂似的东拉西扯了半天。居然可以定价33元，我只能对出版界的朋友说一声“I 服了 You！”,0.0
特意试了几天才来评价，真是不错呢，味道也很好闻不是那种呛香呛香的，而且泡沫丰富，控油效果挺好的，而且洗的特别干净,1.0
只收到一份发票  东西也没有  不知为啥也算签收了,0.0
东西有味，掉色太厉害，洗三遍水还是黑色的。,0.0
纸质好，有光盘，篇幅小，易接受,1.0
整体感觉还行，挺软的，等待时间验证。,1.0
感觉不想再网购了,0.0
快干，持久，很硬，就是味道太猛,1.0
速度蜗牛慢，差差,0.0
地理位置好，离河边不远，我们中秋期间区的，河边有灯会，夜景很美。酒店房间不错，只是周围餐馆难找，我们走了很远，找到一家特色铁板锅，忘记叫什么名字了，很实惠，又好吃。,1.0
"交通不方便在其次;偶想说这家的沐浴房需要好好改进:偶在不同的房间住过三次,有两间房的淋浴房会渗水,搞得房间很多水.虽然很便宜,但不太爽,凡事不过三,再也不会住了宾馆反馈2008年6月20日：尊敬的客人：十分感谢您给我们酒店提供宝贵意见，我们酒店的淋浴房由于设计原因造成渗水现象，对您在入住期间带来不愉快地感受，我们深表歉意。目前我店已在逐步整修这样的淋浴房，渗水现象已经得到改善，希望您再度光临。",0.0
不好用。 味道很大。一般吧,0.0
都收到货两天了也不显示退换的那个功能，一直在收货状态，我是想问问你是多怕被退啊，系统都不敢确认收货，怕退货是怎么滴。买大了。肥了。,0.0
海悦的总体服务质量最近有所下降，我看到的几个地方是：1.一层bar的蛋糕、咖啡明显缩水，比一年前的口感和大小有很大下降2.我订的行政大床房，感觉和以前的普通大床房没任何区别，价格还贵了1003.行李房常常没人，寄存行李要等一会儿,1.0
评价什么，只能说卖家太恶心了！太贵！以后决不在京东够物了！,0.0
是真的不怎么滴建议大家不要买,0.0
1，虽距离首都空港很近，但交通并不方便。航班到达时间是23：30，预约时告知有免费接送，但到着时却被告知“因超过23：00，需交60元接送费”。。。无论是否收费，或价格高低，应事先与预约客户声明才是正理。2，因为距离空港太近，几乎没有Taxi愿意接客。。。3，房间里没有吹风机，想和前台联系借用，但电话出故障。。。作为饭店业务的一环，每天检查客室设备应是最起码的工作。。。,0.0
用用更健康！？！？！？,1.0
"照片是假的,一个家庭招待所,垃圾到家的旅馆.我住过最垃圾的地方",0.0
上衣比较厚实 但裤子未免有点薄 ,1.0
面料舒服，送人的，效果还可以,1.0
2007年12月底住的。地方在小路上，司机不一定找得到。屋里霉味极重，房间脏，没热水。第二天他们告诉我，那间房是从业主那里刚收回来的，没准备好，不应该租给我的。怎么不早说啊。（哦，这里客房、业主、写字全混在一起。一楼你要问事不小心问了物业而不是酒店前台，他们还给你脸色看呢，晕！）我要退房，有位姓李的女经理死活拉着我接着住，赔不是，给我免费升级。你现在态度好，但是你们总体还是很差啊。楼顶的餐厅早饭绝对差，晚饭不知道，地方看起来就很怪，没有人气。总之，千万别住在这里，如果无改善的话！,0.0
还不错，穿上很舒适。送的也快,1.0
口味太怪！有种煤油味道！相当浓的味！我家小孩闻闻就不喝了，我们全家人都感觉太难喝了！实话实说，下次不会买这个了。,0.0
"敬告各位,再不要去这住了,晚上11点就关空调,上网一会有信号一会没有.早饭一般般,价格还不低,是我定过最差的宾馆补充点评2008年8月3日：最多两星,也就是过去的招待所",0.0
很好，娃吃了不上火，便便稀软,1.0
劝大家不要入住这个酒店，号称四星的标准，可是房间内的物品非常抵挡，尤其是毛巾，还不如如家、锦江之星这种商务酒店的好，住进去之后真是大呼上当，除了海景标间的风景尚可，其他真的没法让人满意，我4月底入住，房间非常冷，打电话问酒店，给我的答复是现在没有暖风，让我多盖床被子，你说可笑不可笑？,0.0
唉！都懒得评了。买了穿了一下。就扔了。,0.0
1.SATA的问题，经过发狂后。认为装XP前要改硬盘模式为：IDE-Native. 这样就不会出现黑屏的问题。 我在AHCI模式下也装上了XP，但是装驱动的时候一直黑屏。,0.0
颜色一致，&hellip;&hellip;&hellip;&hellip;&hellip;&hellip;&hellip;&hellip;,1.0
对这家酒店如果做评比的话是我目前入住所有如家中最差的一个！差！很差！！非常差！！！我于11/12日入住这个酒店，住的所谓的商务大床房，房间面积比较小，洗手间没有洗浴门，只有一个简单的浴帘，毛巾……这些都是些硬件设施无法改变的，最令我气愤的是下面的两件事情：1）入住房间后发现网线接头不好，打电话后前台说马上送来，我事先告诉过他们有急事要出去让他们赶快来，结果近半个小时一个人影没有来（中间打过电话人家说已经上去了……真晕……不知道的人以为他们楼层很高呢？）吃晚饭回来在此打电话才有人上来。2）因为第二天要赶早上八点的飞机，所以头天晚上要要了个morningcall早上6点的，结果第二天醒来一看已经是6：30了（幸亏我一般平时6：30起床，要是8点……真不敢想象）下去结帐时问服务员（一男生）为什么没有叫早？人家一脸茫然什么话都没有说……显得特别无辜。真是把我气个半死……因为要赶飞机也就没有跟他们过多计较，急匆匆地去拦车赶飞机了……我想在此提醒大家，无论是个人旅游还是商务出差都不要选择这家店！！服务质量太差！！真的丢燕莎店的面子.跟燕莎一店根本不是一个档次！！,0.0
虽然看着比较单薄，但用起来非常省力，好用，不愧是大品牌。,1.0
每次去太原，都住这家酒店。。。就太原市的水平来看还是不错的；但是横向比较其他城市，这个价位的性价比，显然不足。,1.0
商家强买强卖 做工粗糙 有些蝴蝶跟心形边缘都不平整 贴上去能好看吧 大家不要被图片舞蹈  我看质量有问题要求退货  申请两次都被拒绝 还不给解释 无赖卖家 大家不要上当啊,0.0
看了一些对这本书的评论，有些让人着急，发现一些家长在看书的时候一个很关键的问题没有注意到，就是大人的经络跟孩子是不同，千万不要用《人体经络使用手册》里的经络穴位手法来对照孩子的，对于一本书的价值，我个人觉得是“取其精华去其糟粕”，没有必要全信也没有必要一棍子打死说得一无是处。最为家长都是为孩子好，所以一些必要的医学常识家长是要掌握的，取百家之长是必须的。,1.0
鞋子质量不错，款式也很棒正是我想要的，鞋的码数很标准，就买平时穿鞋的码号就可以了，反正是超赞，最后要表扬一下快递小哥速度那真叫个快，以后还会再来的！,1.0
因为要去芭洲会展中心，就定了这个酒店，感觉设施比较新，服务挺周到。唯一遗憾的是早餐的时候，有个烤面包机，面包在机器传动带上移动着烤，最后会掉在桌面上，虽然酒店放置了一张纸垫在下面，但总觉得不是太妥当，改进一下会更好。,1.0
每次中途休息都会住在这，不是因为这家酒店有多好，主要是上下高速比较方便。房间一般，餐厅饭菜比较差。,0.0
非常不错的一款笔，店家的服务也不错。,1.0
服务差，不按订单发货。你选错了一个码数让卖家更改一下码数发过来，他不肯，叫你取消重新下单！你取消后重新下了单，他就连原订单一起卖给你，强买强卖！取消的订单多次提交他都给你无效处理。,0.0
规划专业的好帮手，练手绘的好丛书,1.0
正在使用当中，还不太清楚效果,0.0
真tm的是试用装，都是空的。,0.0
地点较好，还给免费升级了，感觉好了很多，就是价格太高了。,1.0
枕头不错   卖家很给力 送两个购物袋  就是购物袋外观太丑   没有店里卖的购物袋好看  ,1.0
特别的好！帅！,1.0
酒店位于市中心，比较方便，房间设施较一般，最苦恼的是，说是市政府规定，室外温度不过27度就不能开空调，所以白天几乎不开空调，热得我们没处躲，要知道这可是宾馆不是招待所，房间都是不对流的，不开空调能闷死人呢，真难受啊，还好到晚上空调开了，不然我就立马退房走人了。本市的地图是要买的，不像别的酒店都有赠送。,0.0
"明明订房是要大床房,给房就给双床房,后来请携程去协调才给大床房.住这里快要热死,号称五星规格,居然除六楼以外,其他楼层的空调是中央控制,房内都无法调整.不幸的是控制中央控制的人把冷气都关了,只能送风.我打电话找他们,他们的理由是天气不热,前几天都下雨,很冷,所以关了.我说那今天气转热了,都快三十度,是否可以开冷气,他又说现在是晚上,所以不能开,要白天才方便开.我又说,那我今晚忍忍,忍到明天,请明天开冷气行吗.他居然说,明天也不行,因为明天可能有别的客人不喜欢开冷气.我就这样和酒店的人兜圈子.后来酒店的人说明天帮我换到六楼好了.叫我第二天下午三点前回酒店换房,但我第二天回来换房,前台居然说不知道这事,简直就是玩弄客户.后来我快翻脸了,这时就可以换房了.你们说,这酒店好不好,自己猜吧.补充点评2008年7月2日：刚写完我的点评,就看到下面那位客人真可怜,到这里写了些事实,还要遭遇酒店抬杠式的回覆.不知虚心检讨.这就是""五星酒店的服务心态""",0.0
做工还行，但卡口买错了不能用,1.0
这鱼线太骗人了，随便出点力就断了，要是钓到大鱼还不飞天了。,0.0
"房间太旧,太吵.洗手间没有热水,建议携程取消和其合作. 补充点评 2007年11月11日 ： 服务态度恶劣,言语不是太冲就是冷冰冰的,房间设施陈旧.卫生间小.",0.0
原来是A4纸那么大的！有点贵！而且也有味道啊！,1.0
雷朋的亚洲款，鼻托适合我们东方人，比眼镜店里便宜很多，必须是正品！,1.0
这是网购最垃圾的一种商品，退吧，还得花路费，来回浪费时间，买的是1.5米*2米的不够宽，连1.4米也没有，凑合铺吧，,0.0
还好，一分钱一分货，用起还将就,1.0
质量不太好，买回来就破了个洞,0.0
很实用的机器，加内存时一看背后没有能开的小盖子，应该是在掌托下面，还是打了8009908888问了一下。拆开看了就会知道散热做的相当好，机器用料很到位，相当结实。,1.0
宝贝包装精美，品质上乘，大小均匀，汤色漂亮，性价比高。\n\n,1.0
"总的感觉很不错,客房有22层左右,楼层很高可以看的更远,但是窗外没什么好看的,呵呵...服务嘛很好,随叫随到,我刚入住的时候就有服务员问我是不是要打扫房间,真的是很温馨,你需要什么服务客房部都会来帮你,不过有两点不行,首先就是电话费太贵了,1.7元每分钟,真的是太贵了,其次就是中央空调的问题,白天很好,制冷效果真的是很好很好,但是到了晚上特别是深夜居然会停了,害得我被热醒了,那个汗啊是真的多,所以希望酒店能考虑到每个客人的习惯问题不一样,如有从新启动或给空调加水,最好是选择中午的午饭时间或晚饭时间,人少的时候,晚上千万别关,因为每个人的睡眠习惯都不一样,一有不舒适就会醒的,所以希望能改正.",1.0
 Tt（thermaltake）星际指挥官 中塔机箱（全白烤漆/电竞设计/下置电源/USB3.0）白色版  好用,1.0
酒店比较一般，隔音不是很好，比较令人不满的是早餐，口味及品种皆不理想，希望能够改进。,0.0
东西不错，柔软，透气！,1.0
一般一般一般一般一般,0.0
不错的杆子，手感拿着顺手，手把防滑，不错，价格也实惠，值得买！,1.0
没有想象中好看，有点小失望,1.0
会变形的桃木梳，真心没话说，,0.0
1.上了半天网，都上不去，问酒店，答曰坏了。气愤！ 2.晚上入住适逢变天，天气变冷，开了半天空调，竟然还是冷风，问酒店，答曰晚上关空调。晕！床上只有一床单被，到处找被子，无。问酒店要，半小时催了三次电话才来。还是冷，要求在加一床被子，服务员去后再也没回，打到总台，又等了半天，回复没被子了。不把顾客当人啊。 3.一晚没睡成，凌晨5点多，被不知道哪里来的低沉的轰鸣声吵醒。在房间找了半天没查出哪里来得声音，叫来服务员，（半小时催了三四次才来，人都要疯掉）。六点多服务员才来，也解决不了。就这么一夜没睡。买气受来了。 4.到总台要求当班经理来解释，换了几个人来，说了几遍，酒店不断去落实事情真相，最后才来一个自称客服经理的，说却有其事，表示道歉，做了一小时的冷板凳，一口热水没喝，口都讲干了。这就是他们的诚意。 总结：硬件老旧，服务太差。,0.0
古典文学名著彩色连环画：水浒传（青少版）物超所值！,1.0
宝贝收到，和描述的一样，质量非常好,1.0
买回来大半个月了，按商家的要求通风依然味道很大，根本不敢给宝宝使用，完全是摆设,0.0
鞋子不错，不过小号有点稍紧~,1.0
这里的服务员很是不错，前些次住宿过程中给他们提出的问题都能及时纠正，赞扬一下。,1.0
挺实惠的，就是不能拖瓷砖，不吸水，会有印子,1.0
尺寸偏差太多了吧！小孩子跟本穿不了呀！难过,0.0
发货速度快，书的质量还行，还没时间去看 。,1.0
这个鬼地方居然是三星简直让人无法相信 差，太差了，可惜没0分，有0分一定打0分,0.0
给朋友买的，效果还不错,1.0
茶叶罐 储茶罐 还可以放香烟 好,1.0
《责任的重负》是托尼·朱特最富盛名的两部著作之一。\n在这本书中，他选取了阿尔贝·加缪、莱昂·布鲁姆、雷蒙·阿隆这三位法兰西精神最优秀的代表人物，还原他们生活的年代，考察他们的言行与历史纵横嬗变之间的联系，讨论知识分子与思想史的诸多重要议题。\n托尼·朱特认为，评价知识分子的核心词应是&ldquo;责任&rdquo;。这三位道路迥异却共同拥有&ldquo;勇气与正直&rdquo;这种道德人格的知识分子，在投入公共生活之后，将个人利益置于公共责任之下，以独立的良知发言，以一致的言行影响现实政治、纠正时代谬误，并不惜为此付出沉重的代价，才有所谓&ldquo;责任的重负&rdquo;。\n他们活在一个不负责任的时代，但更重要的是，&ldquo;他们经历过，并反对这个不负责任的时代&rdquo;。\n可以说，他们不单代表了现代法国的思想和政治文化中独特的、令人憬悟的一种声音，还代表了现代社会和思想中许多最优秀、最持久的价值&mdash;&mdash;过去是，如今也是.,1.0
还可以，卖家发货很及时，东西很赞,1.0
这个出版公司太差了，居然缺了几十页，打开封面后就是第27页了，目录之类的，第一章，还有第二章的一部分都没有了，这漏页也太夸张了！已申请换货,0.0
房间还可以，床和枕头都蛮舒服的，就是靠马路有点吵。总的来说还可以吧，以后去还会继续住的。,1.0
物流太慢了 邮了一周！其他还可以,0.0
快递太慢了，衣服还行吧，一般般,1.0
当时买这个本儿就是冲着它漂亮+电池，性能啥的小本儿也没什么追求 不过升级了2G内存+重装了vista之后感觉还是不错的 而且比较皮实，去电脑城看了其他品牌的上网本后，尽管这个当时贵一些，还是入手了,1.0
这个口罩是针对工厂在恶劣环境中操作使用的，属于劳保产品，不适用于普通意义上防雾霾的口罩。厂家不说明，坑人呀。,0.0
气味是没有，我的是伊兰特，他给我发货不知道发的什么，小的很，点都包不到，不爽，不值得，退货我闲麻烦，就当丢了288圆,0.0
盖子上都是脏脏的污渍建议不要购买!谨慎,0.0
其他还好，就是送货慢,1.0
制冷时声音稍微有点大，其它没问题,1.0
特意拆开了一个药包，里面都是中药粉，货真价实！！比以前买的都好用，值得推荐！！良心店铺，放心药,1.0
设施不是一般的差，就是一个招待所。我的毛巾挂在卫生间，等要用的时候，竟然发现上面爬了臭虫。只能把它扔了。餐厅价格也高，一个大葱炒鸡蛋要25元，其他菜可以推想。地段倒是不错，服务态度也还可以，还能够全程刷卡。,0.0
发货速度挺快的，暂时还没用，是2010年的款，这点不是很满意！,0.0
非常好用，尤其是中间的冰鲜柜。,1.0
此碗做工一般，底圈有毛刺，我自己拿锉刀加工后才行，否则会划伤手。,0.0
我就去，大家注意，*不是图片中的那么大，就是其中一块小绿色。不值得的，我在日本生活5年，没有这样的底垫。懒得退货了，就这样吧,0.0
超级失望的一次购物。物流奇慢，3月31日的定单，4月9日才收到货。而且未联系就擅自更改了货品颜色。你没货我能理解，但总应该联系一下确认我是否继续订购还是取消订单，而不是自做主就发了和订单不一样的货，真是很不负责任的服务,0.0
很好非常喜欢几次购买了,1.0
一半，用处不大，买东西送的,1.0
对学习上起到了一定的作用,1.0
是携程在驻马店的唯一签约酒店，感觉有这一个也足够了。据称是当地唯一一家四星酒店，感觉确实算是当地最好的酒店了，主楼的硬件还可以。地理位置对于自驾车来说，还算比较便利。给携程的价格也不错，是门市价的四点五折。以268的价格入住主楼，性价比挺高的。就是用网线还要花20元，有点小家子气。,1.0
应该是正品吧，就是拉链上没有古驰的标，有点担心，朋友专柜买的有标，还有一点破皮，不过不影响外观。,1.0
皮质一般，很硬，卡包的扣子一拉就烂，不能用了，虽然不算贵，但也不能用太次的材料，有点被坑的感觉。,0.0
耳机还好，习惯性好评&hellip;&hellip;,1.0
面膜不好用，便宜真的没好货呀，用了皮肤刺痛长豆豆&hellip;不建议过敏性皮肤和角质层的皮肤&hellip;,0.0
东西跟图片一点都不相符  这次买的太失望了,0.0
等了这么久真的没白费！实物好好看。珍珠好美！太有光泽了！粉粉的。款式也好特别。选的尺码刚刚好。太棒了！,1.0
便宜是便宜，质量就不行了，只能怪自己贪便宜,0.0
挺好的，配件齐全，坐着舒服。,1.0
向来不评价，这次就评价下 杯子的带子不牢，可怜的杯子狠狠摔到地上。杯子保温效果不是很好 还没有我买的华亚保温杯10几块保温也不错，看中带吸管。说要开发票没开。,0.0
"第一次入住该酒店.开始感觉很好.后来发现空调不冷.原来是单个房间的一个送冷风扇不转.虽然维修比较急时,我已经在只有通风冒汗的房子里住过一天了.但是我认为这应该是酒店的问题,他们应该要适时订期检查.我入住时正好碰上酒店中餐厅装修.停业三天,可没有事先通知.也没任何提示.当我们到了才知道,结果又得重新安排变更用餐地点.还好客人比较熟.否则会带来许多不便.希望酒店能改善这方面的服务.设施方面建议将电视机改变一下.宾馆反馈2008年6月11日：感谢您的宝贵意见，您提出问题确实是我们工作的失误。对于您在入住时给您带来的不便我们深感歉意，您提出的意见和建议我们会及时的改正，欢迎您下次入住！",1.0
质量很好，码数很合适，非常漂亮，很喜欢！,1.0
比想想太多！！！！！！！,0.0
根本没收到东西，法可,0.0
CD两片都没问题，DVD有片没声音的。干嘛呢？,1.0
物流很不给力！！！！！衣服还凑合,0.0
我们住店被诬陷多消费了房内的物品，我们订了两个房间，我只消费了个王老吉，另外一个房间无消费，然后搞出我的房间消费了四样东西，另外一个房间消费了三样东西。因为我们是中午电话退房的，下午快5点的时候才去结的帐，她们说房间被打扫好了无法查证。靠，难道要我住店先仔细核对房内物品啊！要么是服务员偷东西，要么是宾馆讹诈，同时我们也庆幸贵重东西我们都随身携带，没有造成更大的损失。急着赶飞机，最后只有付钱走人。这将是我最后一次入住这家酒店。我对我的言论负责，我的个人信息携程都有的！,0.0
商品质量不行我带了一个星期就断质量太差.............................太差,0.0
1、上面的钢琴烤漆面摸一把容易留指纹和痕迹；2、键盘下触摸板设计感觉有点宽；3、左右侧的接口由于是斜面挖出来的，感觉不太舒服。其他尚可,0.0
包装不错，以后会常来的！,1.0
不错 性价比高 使用时声音比较大,1.0
应该是给高中生读的书，冲着《图灵》去了， 结果这次很失望,0.0
领导指定要买的牌子，大品牌值得信赖,1.0
蛮好的只可惜坏了,1.0
正宗，香港的，还没吃了,1.0
"这酒店太烂了，左、右及后边是3个大型的娱乐场所，吵闹声一直到凌晨3点多，酒店隔音很差。房间装修很俗，中央空调声音很响。 宾馆反馈 2008年7月15日 ： 尊贵的客人，谢谢您对本酒店提出宝贵的意见。我们非常地抱歉在您入住本酒店期间给您带来的不便,对于您提出空调响的问题,我们酒店管理层非常重视,马上找专业人员改善空调的问题，今后我们将不断改进我们的不足,为您及所有宾客提供更优质服务,再次感谢您,并期待您的下次光临,谢谢!",0.0
不错，包装很好，还送了布袋，至于质量有待考察,1.0
1941年8月下旬，气急败坏的希特勒在北翼调集了32个步兵师、4个坦克师、4个摩托化师和1个骑兵旅的兵力，配备6000门大炮、4500门追击炮和1000多架飞机，向列宁格勒发动猛烈攻势，扬言要在9月1日占领列宁格勒。在&ldquo;巴巴罗莎&rdquo;计划中，攻占涅瓦河上这座城市被看作是&ldquo;刻不容缓的任务&rdquo;&mdash;&mdash;从地球上抹掉列宁格勒，杀光居民，消灭无产阶级革命的摇篮。 　　列宁格勒是十月革命的摇篮，也是苏联的第2大城市和重要的海港、工业重镇及文化中心，约有300万人口。面对德军的进攻，苏联西北方面军总司令伏罗希洛夫元帅向当地军民发出号召：&ldquo;在列宁格勒大门口，用我们的胸膛阻挡敌人前进的道路。&rdquo; 　　8月底，德军变更部署后沿莫斯科一列宁格勒公路再度发起进攻。德军付出重大损失后，于8月25日夺取了柳班，8月29日占领了托斯诺，8月30日抵达涅瓦河，切断了沟通列宁格勒与外界的铁路联系。9月1日，苏军退至凯克斯霍尔姆维堡以东30-40公里一线。 　　9月8日，德军遭受重大损失后冲过姆加车站，进抵拉多加湖南岸，夺得什利谢尔堡，从陆上包围了列宁格勒。自此.列宁格勒陷入德军的三面包围.只能从拉多加湖和空中得到补给，长达900天的列宁格勒保卫战拉开了序幕。 　　包围列宁格勒之后.德军对该市实施了骇人听闻的野蛮轰炸和炮击，投掷了10多万枚航空燃烧弹和航空爆破炸弹，妄图用恐怖轰炸和饥饿困死守城军民。 　　9月9日，德军又向列宁格勒发起新的进攻。伏罗希洛夫元帅由于指挥不利而被撤职。9月10日，朱可夫大将接替指挥列宁格勒方面军。朱可夫做出的第一个决定是：即使战至最后一人，也要守住列宁格勒。他的口号是：&ldquo;不是列宁格勒惧怕死亡，而是死亡惧怕列宁格勒！&rdquo; 　　与此同时，朱可夫迅速调整和加强了列宁格勒防御，各预备部队得到了民兵支队的补充，大批海军军人离舰上陆，一部分高射炮调到高地上用于打坦克。至9月底，列宁格勒西南和南面的战线趋于稳定。德军一举夺取列宁格勒的计划破产了，抽调北路基本兵力进攻莫斯科的企图也随之失败。 　　从南面夺取列宁格勒的计划失败后，德军于10月改向季赫温实施突击，与芬兰军队会合，企图完全封死列宁格勒。但是，德军未能突至斯维里河。11月中旬，苏军转入了反攻.11月20日，攻占了小维舍拉，12月9日夺回了季赫温，将德军赶过沃尔霍夫河。 　　列宁格勒保卫战具有全民动员的性质。列宁格勒的工业给前线提供了武器、装备、服装和弹药，而该市居民则在被封锁后第一个冬春提供了10万多新兵。为了使居民免于挨饿，拉多加湖区舰队承担了湖上给养、弹药和武器的输送。11月中旬，湖上航行因为冰封而中止。11月19日，又在拉多加湖的冰上开辟军用汽车路，被围城市通过冰上交通线得到了战斗和生活必需品的供应.疏散了没有劳动能力的居民以及工业设备等。 ,0.0
商品是否效果不明显。。。。。。。。。。。。。给力？快分享你的购买心得吧~,1.0
收到了质量还可以大小合适,1.0
非常的不错呢！价格也合理，,1.0
感觉不像真的，假货,0.0
酒店各个方面总体来说在晋城还是算不错。就是房间里上网时不时断网，一会儿又自动联上。房间里的灯光有点昏暗，洗澡间实在有点太小，一个人站在里面都没办法转身，另外，携程的价格不是很有竞争力。,1.0
不是不锈钢的，质量好差～还不如公共食堂的！,0.0
一般不给差评的但是这个必须差评给1星都觉得太多了，一定要让人知道这个产品的不好！我的皮肤也算白的，但是晚上擦上，第二天脸皮肤就变的好差而且很黑，一开始我还以为最近太累了，后来没用了皮肤就恢复过来了。真的很差，建议不要买。,0.0
很齐全，连烫金烫银都有，适合设计人员,1.0
收到货后发现是残次品，和客服沟通，其同意换货，于是把鞋子寄了回去，结果杳无音信！怀疑上当受骗了！拨打400客服电话，一男的接电话态度很差，并且其匆匆挂断电话！,0.0
漏光很严重，而且内存和产品参数不一致。以申请换货,0.0
酒店的地理位置不错，就在西街的一头。房间设施还可以，在当地应该是比较好的。我们预定的观景大床房，能够看见西街上来来往往的游客。晚上由于西街上的餐馆生意较好，声音有点吵，但还不至于睡不着。总体来说，在阳朔当地应该是一家比较好的宾馆，老外也特别多。,1.0
东东挺不错，好看好看\n,1.0
方闻的这部作品早有期待，这次终于有出版社下大力气翻译出版是好事，不过价格的确有点让人望而生畏啊，艺术史专业读下来的确很贵。,1.0
其中有部分丢音频，不够连贯，需要完善,1.0
宝贝质量不错的了,1.0
于丹的心得，在电视上看过，也上网看过，记得在大学的时候老师还放给我们看过， 现在看有书，就买了一本，翻了翻感觉挺好，还有书签，印刷是彩色的，也很好。上次评论打的分数不知道怎么的，是很差？不知能不能改啊，应该是很好，喜欢,0.0
朋友推荐的说好用，但我觉得味儿大,1.0
我是2008年8月8日入住这家酒店的。如果您是旅游，那么您可以把这家作为的首选。很有徽派特色。位置很好，就在屯溪老街，并且旁边就是一条滨江的路，晚上可以沿着江边散步，虽没有老街的喧嚣，但江边夜景也十分怡人。急需改进：1、餐厅的烹饪技术亟待提高，那个菜做的，是我吃过的最难以下咽的菜之一，尤其那道“胡氏一品锅”，看起来就没食欲。我是吃过正宗徽菜的，和这里完全两回事；2、房间的门真的不能再用钥匙了，用钥匙根本算不上是复古，这种钥匙的门，我们许久没用过，都不怎么会开了，建议更换感应式的门开关，关键是要方便客人。,1.0
质量很好 尺码标准 穿着很舒服 面料很好,1.0
 专门吐槽物流的，只送到小区门口，3件东西（其中有2件烟机灶具大件都要自己搬进去）。建议以后不要发ems邮政了。,0.0
收到了  很不错  透光度很高,1.0
很好，会继续关注的。。。。。。。。。。。。。。,1.0
与图片不太相符，感觉太小了，做工不精细！,0.0
测试软件显示cpu二极管发热大，开机不久即于62度左右徘徊。 合上时没有弹簧盖扣；一只手无法打开，可能因为“下盘”太轻了，哈。 底部透过一排散热口能看到芯片晶体板，呃，有点不精密的感觉。 屏幕色彩太浓,0.0
质量很好，有些不拢,1.0
京东送货比较快，配货太慢了,1.0
裤子还可以，就是裤腿下面没有缝韧。,0.0
低碳经济研究 Journal of Low Carbon Economy 是一本关注能源环境领域最新进展的国际中文期刊，由汉斯出版社发行。本刊支持思想创新、学术创新，倡导科学，繁荣学术，集学术性、思想性为一体，旨在为了给世界范围内的科学家、学者、科研人员提供一个传播、分享和讨论能源环境领域内不同方向问题与发展的交流平台。\n研究领域：低碳经济研究  低碳经济研究\n气候变化\n碳税\n清洁发展机制\n碳金融和交易\n能源消耗\n能源管理\n能源经济\n能源政策\n能源价格\n低碳经济\n循环经济\n生态经济\n低碳经济研究 Journal of Low Carbon Economy 是一本关注能源环境领域最新进展的国际中文期刊，由汉斯出版社发行。本刊支持思想创新、学术创新，倡导科学，繁荣学术，集学术性、思想性为一体，旨在为了给世界范围内的科学家、学者、科研人员提供一个传播、分享和讨论能源环境领域内不同方向问题与发展的交流平台。\n研究领域：低碳经济研究  低碳经济研究\n气候变化\n碳税\n清洁发展机制\n碳金融和交易\n能源消耗\n能源管理\n能源经济\n能源政策\n能源价格\n低碳经济\n循环经济\n生态经济\n低碳经济研究 Journal of Low Carbon Economy 是一本关注能源环境领域最新进展的国际中文期刊，由汉斯出版社发行。本刊支持思想创新、学术创新，倡导科学，繁荣学术，集学术性、思想性为一体，旨在为了给世界范围内的科学家、学者、科研人员提供一个传播、分享和讨论能源环境领域内不同方向问题与发展的交流平台。\n研究领域：低碳经济研究  低碳经济研究\n气候变化\n碳税\n清洁发展机制\n碳金融和交易\n能源消耗\n能源管理\n能源经济\n能源政策\n能源价格\n低碳经济\n循环经济\n生态经济\n低碳经济研究 Journal of Low Carbon Economy 是一本关注能源环境领域最新进展的国际中文期刊，由汉斯出版社发行。本刊支持思想创新、学术创新，倡导科学，繁荣学术，集学术性、思想性为一体，旨在为了给世界范围内的科学家、学者、科研人员提供一个传播、分享和讨论能源环境领域内不同方向问题与发展的交流平台。\n研究领域：低碳经济研究  低碳经济研究\n气候变化\n碳税\n清洁发展机制\n碳金融和交易\n能源消耗\n能源管理\n能源经济\n能源政策\n能源价格\n低碳经济\n循环经济\n生态经济\n低碳经济研究 Journal of Low Carbon Economy 是一本关注能源环境领域最新进展的国际中文期刊，由汉斯出版社发行。本刊支持思想创新、学术创新，倡导科学，繁荣学术，集学术性、思想性为一体，旨在为了给世界范围内的科学家、学者、科研人员提供一个传播、分享和讨论能源环境领域内不同方向问题与发展的交流平台。\n研究领域：低碳经济研究  低碳经济研究\n气候变化\n碳税\n清洁发展机制\n碳金融和交易\n能源消耗\n能源管理\n能源经济\n能源政策\n能源价格\n低碳经济\n循环经济\n生态经济\n,1.0
太烫了太烫了太烫了太烫了太烫了太烫了太烫了太烫了太烫了太烫了太烫了太烫了,0.0
白色的10寸上网本里面，就三星的这一款的漆膜最漂亮。 送给女朋友确实是一个不错的选择。,1.0
茶叶灰常一般，当然这个价怎么会有好茶呢  哎，我又贪便宜了，茶龄长的朋友请绕道，一文价钱一文货    这个你懂得,0.0
声音效果真的很一般，声音放大有杂音，低音效果不明显，操作麻烦，收音机功能接收效果特差。个人感觉，不建议购买。,0.0
一星是给京东的。。。。。。。。,0.0
没有十五册，有点坑，不太满意地说,0.0
样子太小，，，，，,1.0
四星级酒店，符合标准的地方我就不提了，有以下缺点： 1.标间不提供免费瓶装水（吧台内的瓶装水8元一瓶） 2.距离市区远，根本无法打到车，且不提供叫车服务 3.其它餐不知，早餐巨差 免费注册 网站导航 宾馆索引 服务说明 关于携程 诚聘英才 代理合作,0.0
房间很干净 物超所值 价格也蛮合理的 还不错,1.0
不好用，没有效果，不吸收。用了段时间，现在脸很干躁并且发热。蛰的的那种感觉。,0.0
遥控器上都没有带电池,0.0
买了好久昨天拿出来用了，装被子的非常满意，老公说就是价钱贵了,1.0
好像第二次入住了，这次的标间环境不好，房间感觉不台干净，电视机也不好,1.0
我只想问，为啥没给我钥匙啊,0.0
旧楼(1)房间内设备较差，淋浴室的门坏了没修，以至浴室很湿,1.0
我只能说  穿了一天  洗了一水   就坏了,0.0
"用餐一般，价格比一般稍贵，签单付账时千万注意，因为它没有明细，只会写""零点餐""然后一个总金额""如""零点餐－－1032.00"").如果是集团划账请千万注意多收费现象,而且周期很长,可能会花一个月时间在对账上.(请分清是销售在和您对账而不是财务).",0.0
包包质量差，赠品还行，有毛用,0.0
三天使用不到50次打火机就坏了，,0.0
房间小但很干净。入住时办理手续的时间较长，退房办手续时速度极快。总体基本满意,1.0
球速稍快了点啊，其他还行，耐打！,1.0
一直都很喜欢安宁老师的讲课风格，所以选择她的书，很好。价值不在书，在视频，难得有视频，这书就显得更宝贵了,1.0
还没用，囤货用的，不过看着还不错,1.0
印刷的太模糊了吧 图片几乎看不清,0.0
这些是废品吗？那么烂的？,0.0
东西不错，使用方便，保护电源,1.0
据我观察没发现敌情，.........,0.0
快递太慢了！！！！！\n,0.0
那图案太差劲了，一点也不好！没法穿！,0.0
极差，东西还是坏的,0.0
地理位置不错，，但是有点旧，，不是节假日基本上不用预定，价格到前台订都一样。,1.0
和图片一样，舒服质量也好。,1.0
说好的，送袜子没有见，鞋子好大股味,0.0
东西还不错，就是快递超级差劲，婴儿食品，仍在超市门口外面就不管了，万一下雨淋湿了谁负责，丢了谁负责；送货晚不说，还这么不负责。,0.0
京东品质，值得信任,1.0
书买了很长时间，但是一直都没有读过，偶尔读一段发现根本没有读下去的毅力，可能是我对明史还是有一定的理解，我无法认同作者运用网络化、通俗化的语言来对明史的解读。尤其是今天早晨看到CCTV对当年明月的专访。我想主持人对此也存保留意见。,0.0
包太小了，放个钱包都放不下，还有放手机不得劲。,0.0
质量超好，现在穿刚好，这个价钱买非常值得，谢谢买家。我非常喜欢。,1.0
还行 ，比那个什么羊羊羊的强多了,1.0
东西 挺好看的 还没有用\n,1.0
还好。质量也行。值这个价位,1.0
房间隔音效果超级差，晚上竟然能听到外面在搓麻将和讲话声！半夜被吵醒好几次，我晕死！！,0.0
妈的，生锈的。,0.0
好厚实的蜡拖，使用很有效，值！,1.0
"两岁的儿子特别喜欢车,尤其是火车，于是在朋友推荐下我买了一套。没想到孩子特别喜欢，尤其是第一本《轱辘轱辘转》，天天睡觉前都要把书抱到床上看。他会不停的问我“这是什么车？”，“这是什么车？”。现在已经把第一本书都翻烂了。走在路上，看到车时，他会非常兴奋的告诉我“妈妈，水泥搅拌车！”。书中各种各样的车，给了孩子很多想像的空间，而且这是我第一次在当当上买书就非常的成功，不错，下次还来。",1.0
还行吧，不过有一边有点折了，很久了都还没平整,1.0
垃圾产品，质量太差！,0.0
破垃圾 ，还没玩就坏了。,0.0
写出文艺风格的科普书,1.0
有点轻，失望，。。。。。,0.0
"酒店整体还不错,豪华套房整体的感觉是客厅稍大了些,卧房小了些.其余都还可以.",1.0
看着蛮漂亮的  质量也还可以,1.0
国产货，根本不是代购，而这个价格很难让人相信是正品！最让人匪夷所思的是，既然是国产货为什么说过海关需要个人资料而征集用户个人信息呢？？？？,0.0
什么银的，都是假的！,0.0
绝对是超三星标准，地处商业区，购物还是很方便的，对门有家羊杂店，绝对正宗。除了价格稍贵，总体还是很满意的,1.0
不满意！本来买钱包的，变成卡包,0.0
京东活动力度大，价格便宜，内容很不错，值得一读。,1.0
书不错，简洁明了，小家伙喜欢,1.0
宝贝质量和描述的一样好，性价比很高，服务态度很好，发货很及时,1.0
很好。。。。。。。。。。。。。。。很好。。。。。。。。。。。。。。,1.0
酒店的位置非常好，离西街真实零距离。。酒店是花园式的，有点感觉像在大观园。。。。湖景房的视野比较好，，看到山，看到水。。不足的地方就是前台的工作人员好像反应比较迟钝，，工作效率较低。。。,1.0
非常不好，我们渡过了一个让人难以忍受的纪念日.com/thread-1368750-1-2.html补充点评2008年1月30日：.com/thread-1368750-1-2.html,0.0
质量非常好正品，孩子非常喜欢,1.0
料子好差，地摊货一星都不想给，*送你了,0.0
妈妈很喜欢，个头很大，不错。\n,1.0
我买的是蓝宝色，什么送黑色的包包给我，生气生气，你们什么搞的，不会相信你们了,1.0
口感不错，喜欢着味道，适合冬天喝,1.0
真心不怎么样，真心不怎么样，\n,0.0
真心觉得不怎么样！！,0.0
书都旧了，，磨损的很厉害！！,0.0
包装也特别精美，性价比超级高,1.0
灯很亮，质量不错，好用，也很漂亮,1.0
什么都没有！\n浪费钱！,0.0
帮朋友订的，在上海来说价格是比较实惠的了。不过朋友住了后没有特别说很好也没有不满，呵呵！,1.0
物与图片不一样。商家知道好的青瓷，但做不出好青瓷，也没好的青瓷卖，弄图片来忽悠人。\n茶叶罐的釉偏蓝，淡，做不出梅子青的颜色，开片很细碎，痕极细极淡。也没有青瓷的铜口铁足的特征。\n家里有一套青瓷茶具，看了图片觉得比较配的，可买回的事物与图片差太远了,0.0
很好，已是第二次购买了，瘦腿很好，很紧,1.0
东西是还不错，就是宝宝坐的地方空间有点小，胖点的宝宝或者冬天衣服穿多点就会感觉很挤，其他都还不错！挺漂亮de,1.0
可以，就是说的礼品没有,1.0
我外婆也喜欢这样的书，便宜啊,1.0
鹜。。捂。毋。好。翾鸟。懂吗？,1.0
我给我妈买了4箱，其中3箱只有10盒，怎么回事？,0.0
第一次给我寄了个变形的，第二次还是变形的，无奈，只能退货了,0.0
房间很小，洗手间不干净，我住的标间，浴缸里面脏死了，我都不敢站，而且下水的速度好慢啊，不过地处北京丰台区，做公车20分钟就可以到前门，服务员的态度还是很好的。但相比如家、锦江之星，这里真不像是连锁的，就是一个旅馆。,0.0
相对价格而言，很不错。可是我订的商务大床房间隔音太差，隔壁房间电话声音、咳嗽声等清清楚楚，太没私密空间了。,1.0
一般般，鞋的布太差，还有，两鞋图案不对称不过应该就是这样设计的吧，还挺有个性的，就是味道有点大,0.0
，，，，就那样了，，，，,0.0
经携程定的浪漫情人夜度假产品，6月20日中午12点入住蜜月套房，中午12点30分到达酒店、办理好入住手续才被告知房间未搞卫生，需要一小时、问前台接待是否留电话给他，搞好卫生通知一声，得到冷淡的回答：一小时后自已来问吧！没办法只好在西餐厅苦苦的等待，等到1点30分到前台询问：另外一位接待的感到奇怪怎还没能给入住，打电话问后答复还需要20分钟才能搞好，1点50分终于可以入住了。进入房间感到有点热就打开空调、调到22度，冲个凉休息一下，睡了一会感到房间还是那么热，一看空调、调节器定的22度显示屋内温度28度，打电话到管家部、答应叫工程师过来看看，等了10分钟工程师来了，说了一句：不好意思，我们是中央空调，现在全部设定的温度是27-28度，晚上就会好点，真难受！这就是五星级酒店，晚上上半夜的温度是25度、早上8点钟再看是24度，大家想象一下，6月20日是《夏至》是全年最热的日子，住在这样的五星级宾馆是不是拿钱来受罪啊！酒店大堂是豪华，西餐厅的套餐是不错，可是前台的接待和酒店为了省电所设定的温度真的太差劲了，原定第二天入住豪华客房，也只能取消赳快离开了…,1.0
东西还不错，就是店家不守诚信，不给开发票，我还联系了京东客服帮忙开发票，还是不给。,0.0
插头设计不合理,1.0
不会再买的，后悔,0.0
不能说没有一点点问题，但酒店所有员工都在用一种非常的热情给每一个客人以尽可能的服务，所以，我愿意把最高的评价给这个酒店。,1.0
"地点优越，房间和服务都不错。晚上送的绿豆汤，还有纸鹤和问候卡，感觉出家的感觉。下次还会住这里的。 宾馆反馈 2008年6月25日 ： 感谢您对国宾大酒店的认可.我们非常愿意成为您的朋友.欢迎经常入住!祝工作顺利,心情愉快.",1.0
跟想象的差远了，感觉不值这个价。笨，大，粗。直接进家里库房屋了。,0.0
不错，是这个味道，长年使用。,1.0
"和CP105B不匹配,差点把打印机还弄坏。价格那么贵，白买了",0.0
超喜欢。还会光临。,1.0
介绍说酒店是座落于北四环的北苑路，结果晕我。该酒店位置偏僻，再走几步就是五环了，怎么会是四环？？第二天一早等半天也没有出租车来，只有走到大马路边去等，还是没有。冷得要命，最后没有办法，有一黑出租问我走不走，只有坐上车走了。房间还是不错得。,0.0
味道不错，忘了买微辣的了。,1.0
不咋的。不好看?,0.0
到达时间晚不说，按键还不灵，害的我要重新买,0.0
中兴手机就是个垃圾手机，希望大家不要上当,0.0
还不错 效果也很好,1.0
没电源，虽然在全文中用最小的字做了说明！（我确实没认真看，朋友们别喷我）。 不带电源只能说明他们对自己的产品质量没信心！如果你没选用到他们电源，有任何问题都可以推到电源上去！这种小东西不配全必须的配件，又不在醒目的地方提示，实在恶心，第一次给京东差评！,0.0
强烈推荐大家别买，毛刺太多，快递一定要表扬的。大冷天的迎着寒风，从潮州走了6.7天，送到厦门。二百多公里，可能鞋都磨掉好几双。,0.0
失败的一次购物还没装就坏了质量太差了,0.0
太甜了，吃了牙痛,0.0
创新五把刀：突破式创新的运作系统  不错不错。。。,1.0
我们在网上预定了万豪的4个房间，标明是中午点达到入住的，我们也准时到达，前台说房间还没有搞好卫生，要稍后才行，于是我们外出吃午饭，下午2点回来要房，前台说卫生还没有搞好，只能提供3个房间，我们发脾气了，2个小时都搞不好卫生？于是前台给我们换了另外的已经搞好的房间。要发脾气才能搞掂，我们是来旅游的，不是来发脾气的。 明明不是五星，却在标志上打了五颗星，然后案五星的收费，提供2星的服务和设施，一个字：差！ 补充点评 2007年10月8日 ： 标明是中午点12达到入住的，我们也准时到达,0.0
在手机上都用不了   我要在手机上用的,0.0
东西一般，还没我在超市买的好呢，有点失望，在就是快递这几条毛巾等了一个多星期，慢的可以，心急的朋友可要考虑好了在买。看图可以看出好不好，多了不说了,1.0
酒店真的像足了2星级的感觉，除了早餐不错，从服务到住宿，没有一个能让人满意一点点地。。。房间里的怪味……唉,0.0
头盔相当可以，质量非常好。,1.0
伞的头部是歪的！！！扣子歪的！！！太差！！就不知道会不会漏雨咯！ 发错货！ ,0.0
这鞋子太不好看了  和照片上的都不一样,1.0
大小合适，长度也合适，南方穿刚刚好够暖和~~就是颜色比图片红，应该叫大红，偏暗一些就好了,1.0
优点：房间条件简洁、气氛温馨，住宿环境比较安静，价格比较合理，服务态度好；不足：窗户几乎与后面的房顶等高，加上没有防盗窗（网），安全感不高。,1.0
不太满意。给个差评吧。,0.0
等着用的一直在查物流不仅慢，而且快递送了连个电话短信都没有就扔前台了，害的我还去查。一直到中午刚拿到，外面还脏兮兮的烦死了。,0.0
朋友说有减肥效果，但愿有效。！！,1.0
有一个不亮了，味道很大,0.0
是真皮！款式很新颖，手提着很帅气！卖家服务很好，发货也很快！,1.0
价钱还没搞明白，货到了就掉了100，这点确实有点汗， 不过东东还没得说，买来就换了XP用着没得说！ 上网本的选择！,1.0
酒店很不错，住的B楼，蛮舒适的，服务也不错的。就是周围环境一般般。,1.0
挺好的，继续使用。推荐,1.0
仿的，面料薄，做工一般，能凑合打球时穿穿，便宜没好货,0.0
机械的书籍，不容错过。,1.0
"一部实用的书,但有些方法要长时间来证明,对药物的说明太少,按穴位说的再详细就更好了,很多读者对这方面以前没有一点经验.",0.0
不好随便一碰就开胶才穿三天，袜子也没送，联系客服根本没有人睬我，第一次买到这样的东西。\n,0.0
脚感很好，皮质蛮软的，包装很不错，也蛮喜欢这个颜色的，皮肤黑的不怕啦，，就是跟比较低，适合喜欢平底的。要是皮肤白点就更赞了,0.0
货到随便甩物管处，不通知领货,1.0
商家服务好、鞋跟图片一致&hellip;&hellip;就是快递不给力！建议商家换快递！太垃圾了邮政！只能给两星&hellip;&hellip;,0.0
附加设备都有了，散热还过的去，装xp很顺利，驱动官网都有，快捷都可以使用，cpu个人感觉的够用了。,1.0
我朋友住了2个小时就给我电话让我帮忙退房。她说酒店设备非常陈旧，服务也不好。具体我没有细问。不过可以肯定住了会后悔。,0.0
不满意，所提尺码太大,0.0
质量不怎么好，刚穿就破个洞，每双都是,0.0
怎么拆开过了。。。。。,0.0
快递慢的不能在慢，而且还有掉线,0.0
不怎么样，穿上鞋有点磨脚,1.0
东西收到啦，很好哦，再也不怕车里有异味了。,1.0
公司买来作为奖品的，可惜没我份。,1.0
亲，女的穿43的鞋子就是人妖了，您还卖那么大的码？您是什么？,0.0
音质一般，几首经典的歌曲都在。代替M3,1.0
挺舒服的牙刷，质量很好的东西，价格还 便宜,1.0
吃了这么多天了\n没起作用,0.0
首先是塑料包装背面一些词语用黑笔抹掉了。其次\n感觉拿起来很轻。正面背面塑料质量差，生产日期也是模糊不清，每个插孔旁边没有QW的字眼。第二幅，第三幅图片是我以前实体店买的，正面背面字迹都不一样。综上所述，感觉这个东西假假的。,0.0
还行吧，不过不喜欢碗盖的把手部分。,0.0
外型挺时尚的，拿到手的感觉很好～总体都很满意。叫人很快重装了XP的系统，又加了2G的内存。现在用着相当顺手！,1.0
"怎送到是一个,购买单是一对呢",0.0
物流很快，做活动就好了好多。,1.0
很好穿 穿着跑步很舒服  不像一些纯纤维的料子。很好穿 建议入手,1.0
地段不是很理想，虽然距火车站不远，但走路还有一段距离，打车又不容易打到，许多出租都不愿去车站。另外由于大堂餐厅承包给了个人，所以自助早餐只能在大堂咖啡厅内，设施不完善，品种也少。,1.0
１、服务很差。我订的是视频网络大床房，入住时发现酒店里根本就没有电脑。直到退房时，酒店才告诉我，由于该房型已满，在没有通知的前提下，主动帮我换了一间房，是价格358的高级大床房。在我提出要将消费清单进行帐单合并时，服务人员竟然提出要收5元费用的要求。人不能无耻到这种地步吧！２、我住的房号是2727，房间过小，能看电视的空间只能摆下一张凳子。换句话说来个客人，只能坐在床上。３、硬件配备不足。没有放行李的行李架，没有晾衣服的晾绳。４、酒店出入打车不方便。酒店设在一个远离马路的拐角里，出租车出入要过一个卡站，非常不方便。且酒店门口空间较小，出租车只能停在离酒店五六米外停车。不方便。,0.0
等了那么久等来个掉了两个水钻的戒指，想问卖家这是怎么回事？不过如果是好的那还是很美的。,0.0
手套味道很大 在外面凉了2天才能带，带了左手手背就开线了，并且纽扣掉多.........真心无语,0.0
都几天货物还没到，太慢了。服务也不好,0.0
试着画了一下，还不错哦(⊙o⊙)哦,1.0
笔记本是原装正品，不是样机和新刷的机器。显卡性能还可以，虽然显存是DDR2的，但是最快能工作到550/1400，可以跟08年的主流显卡8600GT媲美。而且在节能上做的不错，能够自动调节频率和速度，不开游戏浏览网页的时候，功耗降低的很明显。最赞的是封装的内存条石单根2G 南亚的条子，可以升级到4G。另外送的包质量很好哈，虽然薄了点，背起来还算舒服，功能口袋也多。,1.0
东西还行，就是这个价格，买完就降价！,0.0
初略翻了，里面的发型不适合我，十五六岁的小姑娘也许会喜欢吧。,0.0
非常喜欢这本书！书的质量很好！考论史事，是此书的重点，也是全书的精华所在。本书与钱大昕《二十二史考异》、王鸣盛《十七史商榷》并称清代三大史学名著。但此书更胜一筹。作者知识渊博，工底深厚，是史实为基础，注重归纳，演绎推理，令人信服。凤凰（江苏古籍）出版的，让人放心！如果你古文功底薄弱，那就别买这个版本。从某种意义上说，此书有助于文言文水平的提高。,1.0
质量不好，上身效果特差,0.0
发货很快，包装非常结实！收到后安装用了半个小时。使用效果不错，压力很大，洗得也很干净。,1.0
挺不错的，还会再来的\n,1.0
鞋子大了，码数不正确，凑合穿。,1.0
因为张爱玲，才知道胡兰成。因为陈丹青老师，才开始看这本今生今世。不得不说，阅读这本书极其愉快的。词，美；句，美；篇，美。文字间似乎可以看到那个穿着长衫，带着一点江浙口音的男子，不紧不慢地讲着他看到过的，经历过的一切。文字媚而不俗。因他了解女子，懂得每个女子的好，所以这明国女子像，个个女子，不管是传统的，还是现在的女子，都是那般的可爱。,1.0
不满意刚买了十多天就降价了，太坑人了！,0.0
同时购买了二双鞋子，却出现第一双二天就收到了，而另外一双鞋子快递信息上说都到了，可我到现在也没有看到，请问我没有收到为什么快递信息说我本人签收了，忽悠我吗。,0.0
垃圾，里面的东西都烂啦，还有几把买。,0.0
不满意充电宝按一下冲一下不接着按就不充了,0.0
文章的很多内容是我以前所没有看到过的，想到过的，实用性一级！但是译者的水平确实不怎么样，尤其是在人称转换上让人头晕。建议当当网最好能有原著（英文版）的来买。,0.0
快递很快，看到可以还没有使用。,1.0
送货速度很快 但是书写的很一般,0.0
东西买了五天才给我发货，减一颗星，问客服，让她帮我查一下，等一夜也没反应，减一颗星，包装不完美，质量不好，可以看图，减一颗星，不过快递速度很快，服务也很好，奖励一颗星。,0.0
货收到了，再也不用担心我的后备箱凌乱了，买了一件利器～后备箱整理箱。包含6室一大厅。功能强大、收纳容量超大、实用。就是价格高。,1.0
 \n哎，买回来用了快半年了才发现，京东给我发错货了，我订的是可以用移动3G的，却给我发成了联通3G的，搞的我一直以自己是个白痴，手机怎么用都不会，明明换了卡，别人都说，会自动进入3G网络，可我的怎么都不行，今天忽然想查查是怎么回事，才发现，这根本不是我订的那个啊，虽然外观什么都看不出来，但型号上只差了一个字母，无奈已经半年过去了，换货是不可能了，只能将就着用两年移动的2G吧 这次感到非常失望，虽然这里面有我没仔细检查的因素，但京东辜负了我一直以来对它的信任，一个字母之差，这是我从来没有预料到的 望以后买这款手机的各位，收货后一定要对比型号啊，别再犯这样的错误了,0.0
非常好。位置繁华，挨着中信大厦（暂时是广州最高的楼），房间很舒服，服务也非常好。价格也相对便宜。下次还会去。,1.0
质量很差了一买就是上当,0.0
反正只要是书籍我就在京东买，便宜方便又全面。反正只要是书籍我就在京东买，便宜方便又全面。反正只要是书籍我就在京东买，便宜方便又全面。反正只要是书籍我就在京东买，便宜方便又全面。反正只要是书籍我就在京东买，便宜方便又全面。反正只要是书籍我就在京东买，便宜方便又全面。反正只要是书籍我就在京东买，便宜方便又全面。反正只要是书籍我就在京东买，便宜方便又全面。,1.0
货是收到了！就是与描述的不一样，我订的是400克的，发货过来是100克的不支持你的店铺，希望你们能给个合理的解释，是什么原因，往你们查一下,0.0
太慢到货，太咸了,0.0
有点粗糙 破了个洞 不知道是收货之前的收货之后弄的 不过不影响使用 总体还可以\n,1.0
内存太小，慢得像蜗牛，我是5599入手的，显卡太次，太重不便携带！应该还有一定的降价空间的。,0.0
物流很快，质量也很好，是纯棉的，不过大小还不知道合适不合适,1.0
东西不怎么样，闻着还有股怪味，味道还很重~！,0.0
东西还可以，就是拼起来的时候发现少了几颗螺丝，自己跑去五金店买了几颗将就用着，找客服要原装螺丝，都快两个星期了都还没核查好。郁闷。。。,0.0
有点残次品的感觉，七这个数字白色的胶都流了出来,0.0
衣服可能样式就那样，穿起好短，我是比这身高买的，号偏小,0.0
粗粗翻了几页，感觉就是教点游戏。理论解释太深奥，看不懂。,1.0
真心不好，绣的时候都看不清楚，不清晰,0.0
不值这个价格，与卖家说的大不一样。我还问了卖家,0.0
此酒店设施陈旧，谈不上是星级酒店，只能算是招待所级别。房间小，走路地板摇动，总之，在我此住印象一般。下次不会再考虑！,0.0
我在店中店买了一次东西后，就总有电话打给我，说什么我因为买了东西成为他们的会员了，然后就推销大长今、保健品之类的东西，已经接到几十个了，真烦死了。当当对店中店的管理太差了，怎么能把我们的联系电话随便给别人。至今快半年了，仍有电话打来，真是忍无可忍，太烦人了。,0.0
不满意的一次购物，字布都不清楚，特价难道就是买质量有瑕疵的商品么,0.0
"好的方面:-位置好,靠近蛇口码头,海上世界旅游休闲区;-设计独特,房间给人家的亲近感,更适合较长时间旅行的停顿,前台别致(两张桌子象银行大堂经理位);待改善的方面:-价格偏贵,直逼五星级;-早餐一般,物无所值.免费注册网站导航宾馆索引服",1.0
一点都不好，打开一试失望之极,0.0
很垃圾，这那是修手机钟表的，修拖拉机的吧,0.0
    总体来说还不错。,1.0
背包的背带放到本身比较短，放到最长才合适，但是放到最长竟然一个长一个短，晕，其他还挺好的,0.0
"还可以东东不错哦,下次还考虑",1.0
买回来还没舍得用,1.0
驱动较为难装，去GATEWAY网站下载后的声卡，MODEM驱动依然不能使用，最后需要使用驱动精灵来帮助安装，问题已经自己解决了。。,0.0
快递像蜗牛一样慢，没有蒸蛋架,0.0
装个XP，结果好像是没有安装合适的驱动，所以打魔兽争霸都卡的要命，打华硕售后服务，原来在官方就没有针对XP的驱动，大部分都是VISTA下的驱动，因为看见许多朋友装XP都很成功，所以急切希望用S97V这款笔记本的朋友们把XP下的驱动共享出来，总体来说，不错,1.0
我很喜欢这本书原因有一下几点：我和喜欢《富爸爸穷爸爸》这本书，他教我认请真实的世界：而这本书又是中国版的很符合我国的国情，而且也教我怎样理财，所以我很喜欢。段老师的作品我一向很喜欢，因为我将到他的身边参加培训，所以我必须对他的书有所了解。我对理财方面的书想很感兴趣，只有理财的人生活才会自由。买了这本书我不后悔,1.0
看了一半，前几张将概念，感觉还行，后面讲技术就呵呵了！,1.0
除了价格有点偏高，其他相当满意。不过所谓的豪B在23－24层，普标倒在更高的楼层。所谓的海景房朝北和朝南的可以看到局部，朝东的对面有一个高楼，视野受影响。早餐不错，MS座位很少，最好错开高峰。豪标MS送水果和报纸。地理位置虽不是市中心，交通也还方便。马路对面就是大润发超市，购物餐饮都很方便。由于酒店23层以下是写字楼，所以大厅比较简陋，服务人员虽然态度不错，但是明显缺乏培训，很多事情爱莫能助。总之，是个值得推荐的酒店。,1.0
还是不错的，感觉是正品。 ,1.0
真的一般吧  那个背带很差 都不直 差评,0.0
很不满意的一次购物，衣服和图片一点都不符合，不知道商家是怎么搞的，物流跟蜗牛似的,0.0
物流速度如乌龟，其他还好,1.0
"东西上午拿到了,和之前买的另一款sl400的样子一样,就是比它慢一点,不知道质量好不好,现在还没有发现问题东西还行,现在使用了半天还没有发现问题,就是慢一点",1.0
孩子很喜欢，发货快，服务好,1.0
很好，喷剂使用很方便。,0.0
不怎么滴，鞋子上线头都裸露出来了，鞋子上胶水味重，连地摊货都不如,0.0
好用，1正品正品正品正品正品正品正品正品正品正品,1.0
"酒店整体感觉还行,但是地毯不干净,需要清洗.",1.0
十分还，我觉得你们还能更好,1.0
被子很大一股味道，潮湿了，不知道放在哪里的，很难闻,0.0
总而言之一句话，很差！早餐基本上没有能吃的东西，房间也很差，附近交通也不方便。配套以及服务都很一般,0.0
HP的品牌，质量应该算过的去，只是比较便宜，更有优势，买之前已经做了多方比较，最后选择的541，虽然花哨的东西少了些，但是都是比较实用有，算是比较强悍的U，2G的内存，独显，都中规中举的配置，,1.0
东西不错，给老婆买的老婆很喜欢。快递给力能送到镇上。,1.0
我买了一套是一个很薄的破纸盒子，我同事买的就是个硬盒包装，当当能给个合理的解释吗？,0.0
质量一般，将就用吧!,0.0
还行，，，辟邪，，，,1.0
质量很好，够大！手感也很不错,1.0
京东的东西质量真差，要退货现在连服务都没有了啊，最失败购物！京东太差了！\n,0.0
手感很好，样子很经典。加了1G内存，换了XP，跑起来很快。暂时没发现什么问题,1.0
比较小巧，白色的也漂亮。关掉蓝牙和摄像头，电池可以用5个小时不到。,1.0
一个星都没有！上面这个星他们自己留上去的！他们    不讲信用！        没有信誉！     标配的东西不配齐，让补发不补发，说配的不是这个车子上的，但我看的就这一款车子，他们偏说配的不是这个车子上的！  买的时候说的好好的，买到之后发现配件不齐全，问他们  却说配的是其他车子不是这辆车子。买前买后什么都不一样了！    服务不好      从昨天到第二天早上十点才有人回。去投诉，没有投诉的，这样店里服务、信誉都没有，让人怎么敢去消费！希望我说的这些话卖家反省反省！买家再买之前再三考虑一下！省的上当受骗！     信誉非常差，,0.0
杯子的气味怎么除？后悔了，包装纸盒丢了，还退得吗？样子好看，就瓶内总有一股气味，不敢给宝宝用。,0.0
在这里住了两晚，由于下雨，有点湿气，我订的是江景房，视野很好，虽然在西街上，但因为离热闹的中心地带还有些距离，所以晚上还是很安静的。边上就是大师傅和一块瓦比较有名的餐饮店，对面就是九九车行，交通非常便利，离汽车站走路就三分钟。只是房间里没有宽带，但可以租用，10元/天。,1.0
很失望，全是图片，几句讲解智慧书和综合书类小孩看会儿，就走神儿图片印刷也一般价格也不便宜不值得,0.0
文言文还是要多多自己理解，别人的都是参照，无翻译，全文言，地名人名书名有下划线，很不错,1.0
不好吃，儿子不吃,0.0
该饭店地点尚好，好像是军方经营，军官在酒店里不排队乘电梯。房间里的设施非常破旧，墙纸、地毯都肮脏不堪。照理说这样有历史的饭店该有待客经验，但运毛巾的与客人抢乘电梯。电梯来了，推毛巾车的大婶先把车推进电梯，回头对后面的一片抱怨声说，“对不起，你们可去乘后面的电梯！”令人目瞪口呆！！大堂只有一部电梯，每次等电梯都站到腰酸，加上军人和饭店人员抢先，往往还乘不上。我登记入住时，饭店正停水，前台也不说明，进了房间才看到一张道歉信，顿生受骗上当之感！晚上附近房间的军人好像在执行什么任务，气氛紧张，像是随时会发生枪战。只住了一晚，赶紧逃离！,0.0
"东西个吧月了,到长沙了,就是不送过来",0.0
马甲条还是挺给力的，希望耐用。,1.0
味道可以啊，有品相，下次还买,1.0
质量很好，服务态度好，支持五星,1.0
速度超慢。。。。。。,0.0
结婚使用的，感觉挺好的，但是被自己买大了，想说的是压根就没有赠送的头饰！！！！,1.0
"还可以,不错,有意思.",0.0
做工很好，外观也好看，用着舒服反应快。,1.0
这次很不满意，是第二次购买了，本来拍的L号，结果发过来是XXL号！宝宝才八个月，根本就穿不了嘛！联系客服都没人理的！申请换货也不知道运费到底怎么算，烦心～～,0.0
6月17日入住两天，订的是半海景房。 去的那天下着雨，因为不熟悉，坐地铁到上环站后走了二十多分钟才到，还淋了雨。 前台接待态度非常好，可惜他说海景房满了，不能升级，比较遗憾。 半海景房落地窗，能看到海，但与居民楼很近。房间比较干净，床比较大，和国内比显得房间有点小，不过据说在香港这样的大小房间已经很不错了。 酒店服务很到位，坐酒店免费班车，送我们到港澳码头，就我和老公两人，司机态度挺不错。 酒店出门左转就可以坐当当车，交通还算方便。 而且后来才知道酒店离香港大学挺近，本来可以去港大散散步，下次有机会还可能再住。 看了别人的点评，发现678的价是比较高的，携程在价格上好象没有优势。,1.0
今天刚从武义回来，特别来说一下入住的新宇明招温泉国际大酒店 1/ 12:00左右到达的酒店，check in 的时候被告知我们订的商务大床房没了，只剩下标房。（因为是在携程上预定的，所以钱已经付掉了）之后，我们的领队和他们的销售人员去核对订单，查下来发现我们确实是订了商务大床房，再让我们等了半个多小时之后，终于给了我们别人刚退的房间。之后，由于要清洁，我们又在门外等了二十多分钟，终于进了房。 2/ 因晚上19：00有泡温泉的安排，所以想早些解决晚餐。17：20的时候拨打客房送餐服务，服务人员说这段时间没有送餐服务。我想可能节日期间比较忙，也就没有在意。那我们就直奔餐厅，17：30点完菜直到一小时之后上了第一个菜，其他客人的桌子上也是放着一两个空盘子，并无上菜迹象。其间催了小姐好几次，完全置之不理。因为赶时间，我只能亲自跑到厨房间，催着他们把一个菜送出来，然后自己把菜端上桌。这个时候，已将近七点，我们决定买单，其他没有上的菜不要了，即使肚子还是空空的。之后里面的小姐端着不知谁家的菜，一个个桌子的问，场面之混乱，实在令人啼笑皆非。 3/ 浴室的水温不稳定。要么很烫，没有触碰笼头的情况下，又一下子变得很凉。 以上这些因素直接影响了我们在旅途中的心情，作为一家四星级的酒店，实在很难想象它的服务竟是如此，希望能有所改进！,0.0
宝宝的所有东西一直用贝亲的，值得信赖。东西不错，比较好清洗、,1.0
卖家发货很快，服务热情，质量很好。,1.0
东西很不错 质量又好卡位很多 可以装钱,1.0
"真的很喜欢这款包,样式各方面都挺好,下次下来",1.0
看起来还凑合，不知道是不是正品,1.0
刚到货，瓶口有些变形，不太满意,0.0
键盘很好看 但是打字还是觉得别扭 方向键太小 目前还没有培养出手感来,0.0
设施有点老化了，但毕竟是闹中取静的地方！洗漱用的东东配的挺齐全的！,1.0
刚需 很快就到了很满意,1.0
建议后面如果想买的三思，商家服务态度差，买了几天了不发货，问他不回。而且发的什么烂物流，半个月才能到节奏，在京东最差劲的一次体验，差评。,0.0
"性价比好,没的说了.更看中的是hp的牌子也能有这样高的性价比,难得的.",1.0
物超所值值得信赖的品牌,1.0
这家YMCA非常好，还主动帮我们升级房间，住起又棒又舒适，地点也很方便，服务又好，号称香港物美价优第一流的YMCA，值得大家推荐。,1.0
"真的很差!如果再去上海宁愿多花些钱也不住这儿.房间位置很好可以看到两面景色但房间内设施不算太好,我这人喜欢观察细节(在此之间住了两个酒店对比起来没想到这个这么差劲!)浴室用具不好,拖鞋只有一双质量不好(感觉像是住进了没星的酒店),我们是晚上8点多才由昆山回到上海前台小姐服务态度不好(这个我要强调一下!)下楼",1.0
样子很喜欢的，穿着聚拢不错，显胸，很喜欢,1.0
不好买回家还没穿都降价了,0.0
正版图书，适合初学者。,1.0
很不错的版本，装帧大气经典。,1.0
居然是硬的，不好，，，,0.0
东西是好东西，可惜包装太差劲，所以差评是给包装的，也不保护一下，主板，硬盘这类东西起码弄些泡沫汽包膜之类的保护一下应该，起到一个缓冲作用，居然直接一个大箱子，里面松松散散装着风扇和硬盘主板就发货了。。而且邮政是有了名的扔东西，其他快递也好不了哪去。总之包装给差评！,0.0
交通很方便，房间小了一点，但是干净整洁，很有香港的特色，性价比较高，推荐一下哦,1.0
这个蜡实在是有问题，燃一会就灭，我要不是开封了一定退货,0.0
穿在身上还行吧。。。。,1.0
这是我人生中买过的最贵的方便面，没有之一。刚刚怀着满满的爱给先生煮了一包，结果差点挨揍。自己尝了一口，那味道无法形容，大家脑补去吧，谁吃谁知道！终于明白为什么包装是黑色的了。,0.0
凑单买的，很小只，希望毛刷好一点,1.0
摸着还可以，色差严重，希望不要掉色，总体来说不太好,0.0
简直被坑死，这衣服不敢恭维,0.0
何满写的的书都写得很好，还是朋友推荐我看的，后来就非非常喜欢，他的书了。除了他的书，我和我家小孩还喜欢看郑渊洁、杨红樱、黄晓阳、小桥老树、王永杰、杨其铎、晓玲叮当、方洲，他们的书我觉得都写得很好。雅思9分密码听力（附光盘1张），很值得看，价格也非常便宜，比实体店买便宜好多还省车费。书的内容直得一读世纪雅思教学丛书雅思9分密码系列首度揭开雅思满分神秘面纱五套全真模拟试题提供真实考场氛围十大题型分类精讲集中讲解解题技巧总结核心出题原则透析考试命题思路融入最新考试趋势理论实践完美结合雅思9分密码系列丛书（共五册）针对雅思考试特点，融入编者多年教学经验，以历届真题为蓝本精心编写而成。该丛书对听、说、读、写四部分的各种题型进行详细介绍和讲解，并配有高度仿真模拟测试题，全面强化考生的应试技能。通过对本系列丛书的学习考生可深入了解雅思考试命题规律，准确把握命题方向，达到高效备考的目的。，阅读了一下，写得很好，本书的结构和主要特色如下第一章其实你不懂雅思听力本章详细介绍了雅思听力的基础知识，讲解如何在考场上快速准确地预测答案的三种技巧，归纳雅思听力考试的十大题型和高频场景，透析考生在听力考试中经常出现的错误，同时总结雅思听力的十大命题原则，帮助考生在考场上迅速捕捉考点信息，熟悉考试命题思路，避免常规错误的发生。第二章雅思听力的发音规律本章归纳出容易被考生错读的高频单词，详细介绍了雅思听力中的特色发音规律，例如，等单词在英国的特色读音，，等单词在印度的特色读音。本章同时详细讲解了英文中的连读以及语音音变现象，介绍英音和美音的七大发音区别，并配有补充练习题，帮助考生熟练掌握雅思听力考试的特色发音。第三章雅思听力题型分类攻克本章详细介绍雅思听力考试各种题型的解题方法和技巧，并结合历年考试真题对解题思路进行分析。本章同时融入最新的考试趋势，详细阐述最近考试中出现频率极高的图表题和匹配题。第四章雅思听力分类场景词汇本章对雅思听力的场景词汇进行了详细的归类，共分为租房、个人健康、找工作、银行、旅游等十几个场景。区别于市面上的大多数听力书籍，本书对每个具体场景进一步详细地分类。例如，租房场景在本书中被细分为涉及人员、地理位置、需要携带的文件、金钱、注意问题、住宿类型、房屋内部设置、房屋外围设施、家庭内部设备及装修、卧室内家居用品、浴室用品等11个部分。本章同时收录了听力机经词汇，彻底将雅思听力词汇一网打尽。第五章雅思听力模拟试题本章附有5套雅思听力模拟试题，其中部分题目根据考生考场回忆以及机经设计，与雅思真题题材、难度和题型高度吻合，同时配有答案和听力文本。，内容也很丰富。，一本书多读几次，,1.0
标准的商务酒店，最大的优点就是位置好。房间比较干净，设施还行，但有些细节还需要改进。楼层服务员很不错（上次住的6楼，在这里表扬一下这位服务员），收拾房间，做清洁很及时，认真，走的时候有东西忘了，追了我好长一段距离告诉我。 最近浦东大道修路，附件象个打工地。,1.0
看了大家的评价不错，才选择这家的。房间无论如何不能说是三星的标准，个人感觉不如如家布置得温馨。,0.0
资料不错，可买，,1.0
酒店不太好找，如果没有GPS基本上找不到。感觉酒店设备有点旧，但是比较安静，服务员的服务态度尚可，以后可以考虑还住这里。,1.0
喜欢AMD的芯片，性价比不错。这款散热不错喜欢AMD的芯片，性价比不错。这款散热不错,1.0
第一次在网上买富安娜，比想象中要好，本人非常喜欢红色还有提花的，这款正合我意，用着也很舒服，很满意。五星。,1.0
"几次入住该酒店都给我一种“顾客是上帝""的感觉，尤其是每次checkin时,接待员万鹏先生给予细致周到的服务,让我们心情非常愉快。这也是我们每次来南京都喜欢住该酒店的原因。我呒向朋友谈了在酒店的情况,他们也表示下次要住该酒店尝试一次.",1.0
质量不错，效果也不错，我放在车里听的,1.0
挺好的刀具，就是铁的架子怕把刀尖弄坏了,1.0
没送手册呀，只一本书。。。,0.0
很放便，也很好用,1.0
怎么书的质量这么差啊！！！封皮很薄 而且里面的切割还有碎末 一点也不整齐 是不是盗版的啊！！！！！,0.0
真难吃的要死，五袋只吃了两袋其他它都丢了,0.0
还没用，先买了给宝宝囤货用的。看着还不错，就是我以为是京东配货，结果用的是EMS，超级垃圾的快递，服务差不说，速度超级慢！,1.0
入住后发觉设施较新，相比同等价格酒店而言，性价比高。应算4星标准。比附近的海南大厦感觉要好的多。,1.0
货不对版 你喜欢,0.0
"住的是350的大床房,以四星标准衡量的话,家具太旧,房间太小,早餐品种单一,别的总体来说还可以吧,地段不错,服务也满好.",1.0
款式很时尚哦，非常显瘦，棉衣挺暖和的，质量很好，性价比高,1.0
本次是带了一帮好友去哥伦波太湖城堡过三十岁生日的，酒店所处自然环境和内部环境较好，我们晚上在总统夫人套房的露台上开生日party很有气氛！但度假的设施较少，泳池较小，水质不干净，水面上有很多小虫，没人敢下水游。健身房两台跑步机都不能用，桌球房硬间设施也较简陋。可能是在太湖边的半山上，房间内在晚上会有各种蚊子、飞蛾等飞进房间，房间没有砂窗。希望酒店能改进以上问题并加强管理。值得一提的是酒店下午专门开车去市区帮忙订了元祖的慕丝蛋糕，非常感动！当我们提出晚上party要用十张椅子，马上就有一位老伯分两次送进房间，非常感谢！晚上在玻璃餐厅吃的生日晚宴也不错，17人菜+酒水+元祖蛋糕=3092元。总体感觉此酒店比较适合两人世界休假、部门开会活动、三五好友小聚！补充点评2008年6月23日：另外卫生间的按摩浴缸非常舒服，但能有独立的淋浴房就太棒了！,1.0
"我在上海几天里住的最好的一个酒店,同为四星级,整体感觉是最有品质的,订房台给的是转角的2715房,非常舒服,儿子玩得非常高兴,但酒店的服务人员态度比较冷漠,对待内外宾还是有区别的,同样拦出租车,门僮居然对我说,请让我们的客人,我回头一看是一对外国人,同住这家酒店, 难道我不是客人?出于礼貌我让了,但心里很不舒服,希望携程的价格能更低点,",1.0
"装了ASUS OEM XP，原来LINUX其实做的也不错，可是谁会用呢，试了试就把硬盘彻底删了重新做，全过程异常顺利，BIOS中也不能选SATA或IDE。装了常用的各类办公软件等，基本没有感到慢，试过CS，最低分辨率下可以运行到30-40帧/秒，高清电影确实不流畅，电池确实很棒，8700mAh,想想就知道至少5-6个小时，其他一些品牌的类似产品有更便宜的，可电池也很一般，华硕这个设计确实定位明确！",1.0
新华酒店地理位置比较好，内部设施不错，可供选择的餐厅较多，服务比较热情。,1.0
颜色不是很黄 其他的倒是没什么问题,0.0
新世代天籁的是16.28，不是17.26,0.0
我想说，小心爱护的带了几天，可是表带还是黑了，用布一擦，表带坏了一块，如图，后悔了,0.0
布料非常一般，颜色偏旧，实体店买的S码刚好，这件却明显大很多，穿上跟大妈似的，退了,0.0
东西还行机箱上面的架子卡冷排一体式水冷安不上都锯机箱了,1.0
码子有点大了，还可以,0.0
可能是在黄山上最便宜的一家酒店。当我下午2时拿到房间进去时，看到的是“美国式涂鸦”的墙壁和脏兮兮的被褥、黑乎乎的地板，太吓人了！我直接冲去前台与小姐理论，结果得到的是“网上房间照片和实物有差别，你要去找携程，山上就这条件”。但是在同层空置的房间看去来起码还能住，所以，突然让我感受到携程没优势呀！！后来在我的强烈要求给我换房了，呵呵！,0.0
书中很多页是重影的，失望,0.0
喜欢，太漂亮了。,1.0
比较便宜，种类也多。还是喜欢这系列刚出来时的味道，现在甜了点&hellip;,1.0
这是一家古色古香的酒店，挺有特色的，尤其是回廊里的鱼很多，孩子喜欢，酒店本周的环境很好，服务也不错。只是离碧海金沙远了点。,1.0
房间很大，而且直接面对长江，景色很漂亮，不过附近好象吃饭地方少了点。,1.0
来电不能直接挂机，需要先接才能挂，免提也没有！基本功能不全！,0.0
尺码不标准150的还没130的大，字母是用胶水粘的，C字都脱胶了一半，又不能穿，最不满意的一次网购,0.0
物流实在太不给力\n,0.0
不想说什么，客服有点忽悠人的感觉！,0.0
支架杆太细，6.3米的台钓杆放在上面直接压弯有图为证，卖的巴尔杉木的夜思鱼漂更是假货，里面是橡胶一样是软的，手一捏就焉客服还说他们的鱼漂就是这样的。,0.0
我一般都不愿意写点评的，但这真的是我入住过的五星级酒店中，也是万丽品牌酒店中最糟糕的。房间当然牵强人意，同行的同事问我这个酒店是不是非常老了，卫浴设备也都是非常陈旧的。天津的配备跟我在苏州住过的万丽酒店简直是无法相提并论的。另外，我订的还是行政房，结果办手续的速度可以让我吃一顿早饭了，真的是非常痛苦，我们一行四人，最起码一个人办手续花了15分钟时间。还有早餐简直让我怀疑这是五星级酒店的早餐，也没有鲜榨橙汁，水果也很糟糕，时蔬更加难吃只有一个冬瓜，我一共就喝了一杯豆浆和一碗粥。,0.0
总算可以免费上网了～经过3年的营运，价格在不断攀升，硬件多少在退化，服务还是一如既往。呵呵，从性价比角度看有待商榷喽......补充点评2007年12月17日：房间内的温度是可以调节的，冬季里一般我都建议服务员给锁定在24度自动控制状态，没有那么干燥，感觉很舒服。,1.0
"地理位置很方便,就是紧挨着火车站,有点闹心.房间的配置还看的过去,比四星差点,比三星强点.亮点是卫生间有可以直接饮用的水龙头.",1.0
跟网页上的图差好多，做工粗糙...客服是完全在敷衍么，差,0.0
收到了，质量很好，很轻，拉力很强，手感很好，是休闲娱乐的必备，物流很给力,1.0
东西不错，放在帮公司用最好了。可以锁在显示器后面，省地方,1.0
第一根黄卫东的箫  吹口是裂的。第二根 丁小明的箫 吹口是歪的\n，真倒霉,0.0
东西看着不错，效果未知,1.0
不错，同事说好，公司福利，方便快捷,1.0
感觉一般般，就是便宜实惠,1.0
上古出品，发现中国系列。不大的一本小书，值得一读。\n《北京猿人的传说》主要内容包括：重见天日，见证激动人心的时刻，一个瑞典人的预言，曙光初露，国际合作，再创辉煌，生存年代，主人肖像，大家都叫我&ldquo;北京人&rdquo;，我不是装&ldquo;酷&rdquo;，生命无常等等。第一章 重见天日\n见证激动人心的时刻\n一个瑞典人的预言\n曙光初露\n国际合作\n再创辉煌\n生存年代\n\n第二章 主人肖像\n大家都叫我&ldquo;北京人&rdquo;\n我不是装&ldquo;酷&rdquo;\n生命无常\n\n第三章 能工巧匠\n石头工具\n神奇之&ldquo;火&rdquo;\n狩猎能手\n史前&ldquo;视频&rdquo;\n\n第四章 洞穴家园\n猿人洞\n生态环境的变迁\n洞穴家园\n\n第五章 远祖之谜\n应运而&ldquo;生&rdquo;\n命运多舛\n&ldquo;硝烟&rdquo;再起\n&ldquo;硝烟&rdquo;再起\n\n第六章 世界悬案\n离奇丢失\n种种猜测\n再次发掘\n永远的痛\n附录：与周口店有关的中外科学家简介\n参考文献\n图片出处目录第五章 远祖之谜\n应运而&ldquo;生&rdquo;\n命运多舛\n&ldquo;硝烟&rdquo;再起\n\n第六章 世界悬案\n离奇丢失\n种种猜测\n再次发掘\n永远的痛第五章 远祖之谜\n应运而&ldquo;生&rdquo;\n命运多舛\n&ldquo;硝烟&rdquo;再起\n\n第六章 世界悬案\n离奇丢失\n种种猜测\n再次发掘\n永远的痛\n第五章 远祖之谜\n应运而&ldquo;生&rdquo;\n命运多舛\n&ldquo;硝烟&rdquo;再起\n\n第六章 世界悬案\n离奇丢失\n种种猜测\n再次发掘\n永远的痛\n\n,1.0
货真价实 快递小哥很给力,1.0
封面烂了一点点,1.0
书是正品，比在某些地方买便宜多了~~,1.0
用了效果不错，果然是比较容易清除粘胶。,1.0
真的很好看，码数合适，我非常喜欢！！！,1.0
给我的朋友买，一般般,0.0
并不是成套的真题，不喜欢。,0.0
了解民国，了解那些被篡改的历史&hellip;&hellip;,1.0
放假连续两日系度奋战呢本书，确系搞笑！里面既男女主角都几贴紧生活，虽然我未接触过黑社会；至于女主角，身边都有甘既人存在。其实失婚女人没什么大不了吧，能够认清楚呢一刻身边既最爱，已经好好啦。男主角都系，关心爱护心上人。我中意里面男女主角一起既情节，距地既对话有时同身边既朋友好相似。吾错啊！希望作者可以再写多点类似搞笑，但又贴近生活既作品。希望大家都中意呢本作品啦！,1.0
这款最实惠，爱英九，爱积庆里，忠实顾客。,1.0
垃圾东西，用了两天就有味,0.0
鞋子做工粗糙，鞋底很差，整个鞋子没有一个康奈的标志，不是正品，考虑到要年后才能退货，就哑巴吃黄莲了，鞋服这些还是专卖实体店好，京东也不靠谱,0.0
性价比还不错，对面就是新光天地百货，逛街很不错！,1.0
五天才到好慢，不过东西还行,1.0
好的地方前面的朋友都说了许多，这里就不再重复了，但有些东西还是要分享给大家：宽带收费是按照11.5元/小时收费的，你一天挂24小时就收24小时，这种收费方式还是第一次遇见；闭路电视的信号实在糟糕，有不少频道都飘满“雪花”。不过该酒店在皇冠假日中应该算是性价比较高的酒店之一了，下次去湛江还会入住，前提是别涨价了。,1.0
这本书所覆盖的语法点都很全面，初中级学习者完全够用。我在刚学法语时我的老师向我推荐的。看了小一年了，感觉很不错，基本上所有语法点都能找到。而且里边的分类清晰详尽，从一般到特殊都列举出来了，对学习法语很有帮助。但书里面有的地方讲的太细了，有的地方有点太复杂，容易打击学习积极性~我的法语老师说上面的很多知识点连法语专业都不会讲。想系统学习法语同志来说还是备上一本好,1.0
"质量一般,不怎么满意！",0.0
物流慢的没法说，快半个月才收到货,0.0
一般还行，挺纤长的，正品,1.0
鞋子质量很不好 穿了一个月前面的梁就断了 根本不值那个钱。,0.0
"上个礼拜刚去过...环境还是不错的.饭菜也很可口,价格略贵.房间不错,很古朴,很安静,在那休息是很不错的.唯一的缺点是房间的隔音设施太差,如果同一幢楼里面有几个不同的客人,在碰上不注意的...太恐怖来",1.0
杯子一般，不过价格在这里摆着不期望着能有多好 。\n漆面很薄，刮一下就会掉漆。\n买的时候店主说是可以刻字的，要求了刻字但是收到的水杯上什么字都没有，差评。,0.0
感觉不是我想要的白色   看起有点谈黄色的,0.0
马甲质量一般··物流8天才到货··中间说是搞丢一次,0.0
客服不好，售后还行，不想多说什么了，第一次给差评,0.0
當當網作為全國知名網店，怎么能銷售如此質量的書呢？書的封面已經撕開了，而且聯繫退貨遲遲不給辦理，真是讓我失望，大家從我的這次買書中吸取教訓，得重新審視當當了！！,0.0
厚度挺好，做的还可以,1.0
1.装的Vista？有时候会蓝屏显示bad pool caller不知到怎么回事？有没有大哥有解决的方法？ 2.磨具有点粗糙。,0.0
很漂亮，很是喜欢，物流也很快,1.0
包包质量不错，价格也很好，值得购买。,1.0
产品很不错啊，我的小孩穿小了点，可能是小孩子选码选错了，给到邻居的小孩穿了，她很喜欢，说质量不错,1.0
    eVonne许慧欣2013最强音乐曙光，10年的精巧细致，就为了这一刻的精彩爆发，《欣·进化》是许慧欣eVonne2013全新专辑！\n    《欣·进化》邀请重量级金牌制作人李思菘、阿弟仔、袁惟仁操刀，融合新锐制作人PEGGY许哲佩、小宇等人齐引领出许慧欣潜藏10年惊人的转变样貌，收录《黑天鹅》，《一个人唱歌》，《你的小说》，《泪水的尽头》及百老汇音乐剧【海上情缘】主题曲《Anything Goes》！一如继往的支持京东购物商城，为什么是京东的忠实顾客呢，因为具我了解，京东所有产品都是跟厂家 真接合作，其它网站很多是中间代理商供货，内部消息，还有很是自己网站的业务员设立的公司，自己供货，遇到好卖的自己生产了供给网站，所有有很多时间买到的是盗版，假货，京东就不一样了，都是 直接找到生产厂家，一手供货，有些人可能看到这样的评价以为是京东的托，我在这里保证，绝对不是 。请你相信。 一如继往的支持京东购物商城，为什么是京东的忠实顾客呢，因为具我了解，京东所有产品都是跟厂家 真接合作，其它网站很多是中间代理商供货，内部消息，还有很是自己网站的业务员设立的公司，自己供货，遇到好卖的自己生产了供给网站，所有有很多时间买到的是盗版，假货，京东就不一样了，都是 直接找到生产厂家，一手供货，有些人可能看到这样的评价以为是京东的托，我在这里保证，绝对不是 。请你相信。 最后还是说说这次买的产品的质量很好，价格很优，送货很快，十二分满意。再次感谢！ 一如继往的支持京东购物商城，为什么是京东的忠实顾客呢，因为具我了解，京东所有产品都是跟厂家 真接合作，其它网站很多是中间代理商供货，内部消息，还有很是自己网站的业务员设立的公司，自己供货，遇到好卖的自己生产了供给网站，所有有很多时间买到的是盗版，假货，京东就不一样了，都是 直接找到生产厂家，一手供货，有些人可能看到这样的评价以为是京东的托，我在这里保证，绝对不是 。请你相信。 录音效果不错，碟面质量不错。CD的碟面容易划伤，沾上灰尘的话，看上去极其明显。本碟碟面质量不错的，内容丰富超值。大力支持京东的正版碟的优惠活动，一下子收了好几张。本碟，质量一流，无论是包装盒，还是碟面状况，都很好。国内正版CD、DVD碟面质量能做得好的，仅一、两家公司而已。以前，包括现在买到的正版CD、DVD碟，往往打开一看会发现，不是碟面划伤，就是沾满灰尘、指纹，严重的是包装盒，甚至碟面发霉，真不知道国内的音像公司是怎么制作碟片的，难道生产车间都不是无尘的？包装工人都是不带手套的？每次打开包装，有90%以上的可能性是发一声感叹：真是连盗版都不如啊。为什么正版推广难？恐怕正版制作还不如盗版做得用心是原因之一吧。希望制作公司能够保持质量，严格把关。质量有保障，价格能让人接受，才能有人买。动则上百一张的碟，恐怕不是工薪阶层能消费得起的。正版的质量不过关、价格高，把大部分人推给了盗版商，这是所有正版商不愿意看到，却正在干的事情。推广正版，打击盗版，不是喊一喊就能实现的，需要民众的支持，更需要制作方的认真、努力、销售商的积极配合，缺一不可。对于推广正版，京东商城几年来付出的努力，大家有目共睹。希望京东能在正版图书、音像的销售、推广事业上取得更大成就。 ,1.0
看到推荐才买这本书的，看完以后感觉不符合自己的价值观判断。呵呵，书中想法太现实，但是举的例子又太不现实了。不明白为什么那么多人推荐这本书。。。,0.0
"虽然预定比较方便，但是宾馆的对顾客的关怀不足，房间冷得让人睡不着觉服务人员还说暖和的！！！宾馆反馈2008年5月4日：首先感谢您入住汇宾楼,并给我们提出问题.由于五台山的海拔高,气候潮湿温差较大,酒店由于冬天停业,开业后房间的温度夜间可能会有点凉.给您带来的不便酒店深感歉意.",0.0
如果不是实在订不到其它酒店，怎么也不能住这啊！条件差就差呗，价格还不便宜。我打算至少50年内不会再去了，建议携程删除此酒店。,0.0
喜欢中公的小册子试卷，方便,1.0
这个根本没有收到，可能卖家漏发了,0.0
酒店位于东方绿舟边缘，环境优美，空气清新。方便之处在于可直接从酒店旁的小路进入东方绿舟园区，无需门票。,1.0
等来26天啦，重来就没有收到书，结果是京东自动完成啦，不知道怎么评价，就希望赶紧发书啦，,0.0
"一个词----""大失所望""!!!去广州之前,在携程上研究了半天,后来应老公的要求选择了Elan,因为他从欧洲带过来的那本""CHINA----lonely planet""上极尽完美之辞的推荐了该酒店.网上看图片和介绍,觉得应该也不错(没有查点评),我当时认为应该和""有一家""的水平差不多. 可是一进房间,发现和图片实在相差太远.房间小得可怜,没有地方放行李,甚至连坐的地方都没有.一张小得可怜的写字台上有一台小得可怜的""液晶电视"".如果你想躺在床上看电视,恐怕需要一双""千里眼"";如果你想使用那张写字台,那你一定需要很苗条,才能坐在那个位置,并且需要带一台小于12寸的笔记本，否则是放不下的. 房间也不干净,首先进去的那间330元的大床房,马桶里居然还漂着头发.后来立马换了间560元的套房,其实也就稍微大一点点,多了个坐的地方,有沙发和桌子及大一点的普通电视.房间设施很陈旧,地板有些地方已经翘起来了,隔音不好,热水水压也不够..... 前台服务还不错,服务员能说英语;但是压根没见到行李生. 个人感觉,不值那个价钱;个人意见,不推荐入住!",0.0
该产品设计有缺陷。因重力原因，每刮皮一次，都得将刀口顶着冲下。,0.0
不适合我29岁的年纪看， 怎么就觉得那么没意思呢，高直的漫画我买了两本，一本也不喜欢，我的一个狂热热爱漫画的朋友也不喜欢。,0.0
距拱北关口近，标准间太小，豪华大床不错，服务好 早餐不好太草率了其他還不錯,1.0
拿到货后用没几天就坏了，而且申请返修问那个客服态度还超差,0.0
稻草人品牌已经多次购买，唯独这次由于商家疏忽，收到的包包颜色与拍到的不符，有失信誉！,0.0
柜台里经常坐着4个人，不管是入住还是退房，会几个人倒手办手续。十分不解！效率低不说，他们居然会把你的信用卡扔在一边，去干别的事情。无论你表现出愤怒、急切或是无奈，服务生全然无动于衷。前边有点评说，卫生间小。其实非但小，且设计不合理，洗澡水会流到整个卫生间。图片与房间实际情况严重不符。公寓居然只有一个开水壶。很不方便。,0.0
泡足片和我在超市买的不一样啊！虽然包装和味道一样，但是里面的东西差别挺大的，不是假的就是偷工减料了，左边的是我在超市买的，右边的是京东买的，大家自行对比,1.0
感觉没有之前的老版的好用，很会漏出来,1.0
换16G芝奇，自备镁光固态240，娱乐大师跑分20W出头，算正常。发货速度很快，卖家态度很不错。\n其实先在京东第三方的极途下单，那边答应4天到货，可三天还不发货，问客服回答说不确定不知道，果断撤单了，换了这家。,1.0
等了八天才拿到东西，是不是货到付款的东西都要等七八天。,0.0
最糟糕的购物体验，没有之一。钱付了只发一部分货售后也不管，反正是服了没下次了,0.0
"酒店交通极之不便,下午四时从新会汽车站等了两小时也等不到班车(是普通站着等的公车站哦),到最后打电话问酒店服务员,叫我们坐去崖南的公交车再打的去古兜,打的大概十五元,怎知一坐便坐了个半小时,去到崖南已入黑,那里根本是没有的士,班车也下班了,只好打电话到酒店叫他们帮忙叫车,他们说如包酒店车要100元,他帮我们叫的士要三十元,而且还要等十余分钟,去到酒店已八点半了,整个行程从珠海到古兜足足花了六个多小时,到了酒店房间比我想象中差,从携程订的豪华山景房,是我住过的最贵但是最差的房间,可能是暑假房间紧张关系吧,周围设施则一般,但我以后一定不会再去那里,奉劝各位除非是跟团或自驾游,否则一定不要去那里,交通车实在太不便了。",0.0
挺喜欢的，好用，换货、送货态度好又快,1.0
牌子挺好的，一直买&hellip;&hellip;,1.0
衣服是好看，价钱太贵，衣服刮纱不好，,0.0
质量好，颜色漂亮，孩子很喜欢,1.0
东西很好，很喜欢。物流太差了，不送到位，还说要不要，不要就直接退了。垃圾圆通,0.0
电脑还好，总体满意。机箱和主板都是小号,1.0
整体感觉酒店比较小，从大堂、电梯、走廊、客房到卫生间都比较小，最不能容忍的是那个小坐便，大小便几乎不能同时进行，还有传染性病的危险。客房的壁纸坏的很厉害，停车场房客还收费，感觉不好。建议酒店尽快把那个小坐便换掉，否则真的没人敢入住了。,0.0
散热有点不行。 还有店店的确认货款太麻烦了??? 确认就确认了三天！,0.0
做工质量好，但不好用，设计有问题，只能粉碎较小和较薄的药片，实用性差，懒得退货了,0.0
实在很舒服的度假山庄，没有一般度假区的市侩的感觉，有家的感觉，越王山比我想象中的刺激，不过那些木走廊过道需要维护一下了，不然很容易出事。房间很舒服，床拼起来很大，服务挺好，就是餐厅苍蝇比较多。,1.0
黑屏过一次，但是不知道什么原因，找不到原因就解决不了啊，虽然现在没黑屏了，但是怕以后啊,0.0
"虽是观景房,不过我住的楼层太低(19楼)看不到江景,但地点很好,离轻轨临江门站和较场口站(起点)很近,解放碑就在附近(大约100多公尺吧)!",1.0
完全没音质可言！！！！！！！！！！！,0.0
不错，很喜欢，颜色均匀,1.0
用洗衣液洗的时候会掉颜色 其他还可以,0.0
服务很一般房间还可以条件比较一般价格没竞争力,0.0
"一般般,不过空间还是很足",1.0
试了下，其他都好，就是摇的时候有点响，老是有声音,1.0
这本书有些观点不是太客观，建议读者理性阅读，不要被作者误导。,1.0
还行，感觉和以前实体店买的似乎有那么点差距,0.0
颜色很漂亮，宝贝没有色差没有味道。质量特别好。孩子很喜欢,1.0
给老人买的，平时泡茶喝水，看上去挺高档,1.0
天清岛度假酒店，自然风景很好，优于天元度假村。位置偏僻，适合团队和自驾游。设施一般，相比天元，差距很大。早餐足够丰盛，质量也很好。酒店自制的面包和小点心非常好吃，尤其推荐枣泥蛋糕。早餐培根特别好，广受欢迎，水果的品质也不错。中餐厅的正餐就没什么特色了，味道一般，好在价格没有贵得离谱。开元的中餐厅味道确实很好，除了鱼头，我们对那个过油四季豆印象很深，味道独特，很好吃。关于房间：天清岛酒店共9个楼。1-8号为一个整体，呈蛇形排列，共5层，1层是停车库，2-5层客房。大堂位于中间，左侧是1、2号，右侧依次是3、4、5、6、7、8号。9号楼在岛上是看不到的，位于停车坪和草坪的下面，只有2层，紧邻湖水，要在水上或山对面才能看见正面。1-9号所有房间都是景观房，有观景阳台。房间景观首推9号楼，阳台下面就是湖水，远处是岛屿和层峦，视线开阔无遮拦，有水墨画的写意韵味。“缺点”是有点单调。这也是天清岛和开元最大的差别所在。开元胜在装修和园林景观，精致豪华且丰富多彩，天清岛胜在天水合一的自然景观，没有人工雕饰，但略显单调。选择哪里，要看个人喜好。9号楼的阳台上有茶几和太阳椅，坐在外面看风景、扮风景时，别忘了带个望远镜。我们订到一天豪华房，第二天在房间一直耗到中午才离开。冲杯咖啡，在阳台上看湖面驶过的游船和快艇，再望望远山，非常悠闲惬意。4、5号楼的景观与9号不相上下，面向辽阔的湖水，视线最为开阔，且站的高看的远。有人说隔条马路才是湖面，我觉得这不是问题，因为楼前有酒店的园林绿化，反而丰富了景观效果。这里特别提醒，如果不是一定要睡大床，酒店2张1米2宽单人床的标准间最为实惠。因为湖景大床房全部安排在景观不佳的6号楼，房间大小、设施没有区别，价格却高于其他楼的湖景标间，不划算。之后依次是7、3、6、8号。所谓景观不佳，就是视角逊色、不够开阔。我们第二晚换到6号楼大床房，正对一个小水湾。看出去青山碧水，也很美，但在千岛湖，这样的景观实在不足为奇。虽然站到阳台上也能看到旁边的辽阔水面，但相对4、5号楼，就逊色许多。我们同行的人住在3号楼，因为处在折线中，要站在阳台上左望，才能看到主湖区。7号楼就好些，我没机会进去，看角度优于其他。订房时除了景观还要考虑位置，8号楼因为在酒店最远端，视线也一般，所以游客都不愿意问津。但8号也有优势，旁边就是易主题文化公园，去那里参观很方便。1、2号楼就不是我们散客光顾的了，都是套房和复式，我看景观也不大好。还要提醒一点，9号楼的玻璃淋浴间是瓷砖地面，踩上去冰凉，在秋冬季可不怎么舒服。备用的橡胶脚垫脏脏的，最好不用。,1.0
拿到实物一看，做工有点粗糙，不值这个价。,0.0
茶壶最大的败笔壶嘴倒水滴滴答答喽的，这算什么玩意！一颗星给快递师傅的辛苦了,0.0
第一次的一抛就断。给钱换回一件废品，过线的环都没有。,0.0
够干爽，送货也快,1.0
不错，SSD瞬间变身移动硬盘,1.0
进房的第一感觉就是窗户很大，视野非常宽阔，仿佛就是挂了幅画在墙上似的。各种设施比较齐全，有点遗憾的就是房里没有大灯，可能另有考虑吧。,1.0
想读一些心理方面的书或者故事 所以买了这个书 但是里面剧情离奇 心里师自己更是不正常的人。结尾更是神经病~~心里师竟然需要和她的老师睡觉才能治疗 ~~哪有这样的事 看的我都恶心了~~总之到最后 觉得浪费了自己的时间还有很失望,0.0
"酒店比较老,但是设备维护的还是不错.服务不错,比较细心周围,晚上回来开了夜床,感觉很好.楼下商场据说算济南最好的，感觉不错~~`下次还住这里",1.0
帮妹妹买的还不错哦！！！,1.0
老公很喜欢，不错的~~！！！,1.0
感觉挺有用的，起码让我知道了方向,1.0
早知道你们用宅急送，说什么也不在你们这里买的，速度又慢，还有丢件的危险！！！！！不过安全收到了，还好！,0.0
"时尚,便携.散热较好,20度室温下使用一个小时,键盘冰凉,触摸板两侧微热。价格平易近人，作为上网本很合适。包装内附送白色人造革内胆包，有MSI标志，和机器很般配。接口充足，3个USB，1个读卡器，外加LAN和显示器接口，满足基本的外设需求。使用时，顶盖上的MSI标志会发光，在光线较暗时很显眼。旅行重量在2kg以内，名副其实的超薄本。总的来说，这是一款定位明确，价格适中的上网本，",1.0
从发货到现在，都没用过，一点都不好用，硬邦邦地，尤其是枕头，而且空间也小，一点都没有支撑到肚子。没什么作用，我都想扔了，那么一大块东西放那还占位置，我去母婴店里看到的拖腹枕比这个软多了，我想不不通为什么用这么硬的，质量不好，一点都不舒服，我还特意买个贵的。唉，真失望，本想退货的，算了,0.0
还可以，就是比上次买的质量差了,1.0
赠品要求不能太高的，一般般！,0.0
（送货不及时）东西都没收到，打电话快递员直接拉黑我，态度很差，客服态度更差，完全就不是解决问题。,0.0
补充：我知道怎么放碟了。让它自动播放，最多只能放存在里面的最后一个视频文件。直接去“我的电脑”里，打开光盘里放视频所在的文件夹“MPEGAV”，然后就能看见所有的视频文件，并且播放了。我的第二张碟在一个电脑里能用，在另一个电脑里怎么也不能用。好在，视频文件可以直接拷到电脑上看。,1.0
较好，但是个子稍微大了些，出行有些不方便。,1.0
衣服偏大，舒服態度不好，還好物流還行，,0.0
什么东西啊，一点都不好用\n,0.0
胡兰成这个人如果和文章一样让人觉得舒服，那就真不错了。有人说胡兰成是无知的残忍，就像小孩不懂事，随便毁坏一样东西，还在那边邀功请赏，希望得到大家的认同，别人最好拍手鼓掌那自己就更问心无愧了。为什么文和人不能划等号呢，搞不懂！,0.0
中国北京出版的《父母必读》（刊名为宋庆龄题写），是一本深受中国家庭欢迎的名牌月刊，&ldquo;父母必读&rdquo;四个字由宋庆龄题写。本杂志融育儿、教儿、亲子等内容为一体，兼长知识性和趣味性，以寓教于乐的形式给父母培育孩子众多的建议和忠告，辟有精彩栏目，涉及孩子成长过程中遇到的种种问题以及年轻母亲产后哺乳和喂养孩子等问题，并与读者展开讨论。,1.0
很干。很难吃？？？。。。？,0.0
"服务生很周到，携程和酒店的合作应该很好，有水果送，又可以免费洗烫2件衣服，而且速度很快。就是酒店的网速有待提高,网络游戏不能玩真是遗憾啊.前台服务很周到,表扬下",1.0
商家太差！,0.0
不错不错不错不错不错不错不错不错不错不错不错不错不错不错不错不错不错不错不错不错,1.0
质量还可以。毕竟108嘛。就是有一点胶不知道会不会脱胶哒,1.0
价格再实惠点就好了...,1.0
12月22号下的单，1月5号才收到，中间都是自己联系的物流和售后客服（实际是运输过程货物损坏），不知道都是干什么吃的，都不会主动联系买家，解释为什么这么慢，没有询问买家是否要退款或重寄。收到的货物保质期18个月，生产日期2015年1月11号。里面都已经结块了。,0.0
"我在定前,已在上海的书店看过内容了但上海那书店是原价,所以还是在当当定了这书内容非常好!!有列句,习语最好的是还有词源,来自阿拉伯文和波斯文的土文单词,都写明?阿或波?这样一看,马上就能想到对应的阿文单词和波斯文单词,这样就更容易记住这土文单词了以前都是靠感觉去想是否来自阿文和波文这书是3月15日在当当上架的现在是3月18日,当当已缺货了蛙,只三天内,就缺货了",1.0
自己装的，感觉比我以前的好些，一次点火。,1.0
没有了，就是一个骗子销售。,0.0
在车里听听，音质还可以。,1.0
今天收到了，我已经是第二次买了，这款穿着很舒服，质量也很好，跟卖家描述的一样，没有色差，也不会掉色，物流也很快，下次还来，也会推荐朋友过来买的，给个赞！,1.0
比实体店贵。还要收什么消费税。不知道是什么东西。女朋友带着还脖子痒，有点怀疑真实性。,0.0
产品不错，算得上物有所值。,1.0
男友是老外第一次来上海所以选择住的离外滩近的酒店，25号入住一切OK，宾馆周围环境不怎么样就是离外滩近点总的来说还是可以接受。26号退房时前台小姐说我们用了房间的避孕套要收10块钱，但是我确实没有用，这种东西我们当然会自备，前台说你没用那就是老外拿了，当时退房的人很多我真的不好意思为了这个套的问题和前台争论，男友也说没有拿，我想想算了也就10块钱就没有再说了，但是如果这个酒店对每个客人都这样一间10块 那一天可以多挣多少钱？由于行李很多我们把东西寄存在宾馆27号又回来住了，我那天有事就男友一个人住宾馆，第二天我来接男友，男友说昨天晚上有小姐打电话来说要不要按摩 他说了不要过了一会一个老女人带了2个年轻的小姐来敲房门说你女朋友今晚不在要不要小姐来帮你按摩只要200块，我很震惊难道宾馆的监控就是起这个作用的嘛？难得宾馆到处都有安排眼线来监视客人的嘛？男友说了不要他们就是不走 后来男友说你们再不走我就报警了她们才走的。晚上我和男友出来用餐我们房间旁边是康乐中心，一个瘦瘦的男的正好看到我和男友从房间出来，他居然过来问我，态度语气非常差 问你是谁？我说我是他女朋友 他还问老外她是你女朋友嘛？关他什么事情 他凭什么来问我，男友问WHAT HAPPEN?后来男友说算了我们来度假的不要为这种事情影响心情。可我实在太气就打了电话到大堂经理那投诉，要那男的向我道歉，大堂经理姓陆在电话里说了对不起说康乐中心按摩是承包给别人的。难得承包给别人就可以不用管理让他们为所作为了嘛？第二天没有小姐来敲门了但也没有人来当面道歉。总之住在这个酒店是我们整个假期的瑕疵，以后我绝对不会再来这个酒店住了。 宾馆反馈 2008年1月4日 ： 首先，非常感谢客人入住我们酒店。其次，酒店想对客人提出的主要问题作以下说明：文中所提到的老女人和两个年轻小姐并非我酒店员工，也和我酒店无任何瓜葛。此三位女士确实有拜访过房间，拜访时是以房间客人朋友的身份进入我们酒店大堂的，保安部员工对三位女士也按照正常访客来访规程进行过登记，并且我酒店监控系统有对其进行监控。为了保护来访客人的隐私，酒店在此不予透露其姓名。 酒店本着为客人提供最优质、最舒适的服务作为宗旨，也非常愿意接受客人的意见、建议甚至批评，以使我们的服务做到更好。,0.0
不错，讲解很生动。。。。。。。。。。。,1.0
东西很满意，很清楚，工作原因，还没有腾出时间来，仔细看看，总之，满意！,1.0
去上海一般都住这家，地段还不错，交通也比较方便，房间很大也比较干净，就是江景房有点差（以前住过，很小），一般标房就可以了，套房也很不错（有厨房，够大），每件房都有冰箱，很好，就是宽带不是免费的，一天好像要80吧，太贵了,1.0
很好 合适 适合沙盘指示 绿光很漂亮 ,1.0
"我这个周末(11月10-11日)入住了这家酒店,住的豪华间,整体感觉不错,可就是浴室只有淋浴,而且空间太小,另外房间隔音功能太差,走廊的吵声,房间听的清清楚楚,影响情绪.在结帐的时候碰到同样在携程订的这家酒店的漂亮MM(感觉超好),她住两天,房型和我一样,可价格似乎不同,由于当时赶飞机回北京,没有仔细了解(只是在前台结帐时随便聊了:你也是携",1.0
感受的是热情的服务！从入门开始，一直很愉快！房间硬件只是准2星的吧，卫生间淋浴头在马桶上方，没有浴帘，会洒满全房间，塑料拖鞋，早餐按人配好，就是个招待所。在这种情况下，前台服务非常热情，打电话问路，因为路口没有标识，所以没法找到，前台干脆直接出来接！很不错，真正的勤能补拙！我们时间有限，请她推荐路线，很热情，信息也很准确，我们玩得很开心。地点在庐山别墅区内，稍偏，但是环境很好，花岗岩的外墙，站在走廊上看，犹如置身于古堡。建议酒店在入口挂个招牌。,1.0
发货速度很快，前几天就收到了，很高大上的感觉。试用了几天，操作方便简单，图像很清晰，效果很好，很满意的一次购物！,1.0
可能是我脚有问题吧  你家这鞋子磨脚  前后左右都磨 穿了这么久才来评价 到现在 还是磨脚   果真网上买鞋靠不住 真不知道那些评价很高的人是什么心理  还是你们的鞋子比我的好   先不说质量和样式 鞋子磨脚 穿着不舒服就没人说吗 希望评价的时候真实一点   ,0.0
不是很好，一般！和专卖管理没得比,0.0
一般般，有几处不是很完美，细节粗糙,1.0
"CD质量很好,但音质一般,将就听吧.",1.0
这次快递真心垃圾，22号付了全款买的，结果今天才收到，还说什么全款优先发货，真是恶心，下次京东预售的东西再也不买了！,0.0
手表一般，充电很不方便，又不能打电话,0.0
没想到这么快就寄到了,1.0
很好的收藏类参考书，很满意,1.0
亮度还行，唯一让让我感到遗憾的是光线偏黄。,1.0
商品介绍：主要材质：麻   后续介绍为丝70%  涤纶30     你们确定里面有丝，不是100%涤纶,0.0
1.电话线、网卡接口处没有状态指示灯； 2.没有提供网线网卡、喇叭的手动关闭开关（必须使用Fn组合急键）,0.0
有造型，有点意思！满意！,1.0
很可爱的优盘，值得收藏,1.0
本来以为是搞笑漫画呢，看网上人气那么旺还一连买了三本！没想到只是像作者的生活小日记似的，写了一些生活中的事情，语言也很一般（可能是翻译的缘故吧），总之个人觉得有点无聊的，呵呵～应该适合小女生看吧～呵呵～（PS：本人18，男性）,0.0
带了一次就断了。。。。。。。。。。。。。。。。,0.0
对初学都还是很实用的。,1.0
东西还可以，但是货品很脏～,0.0
"酒店噪音太利害,几乎没有隔音设施不符合环保要求.且酒店的负责人态度恶劣不以客人利益考虑.一方地头蛇架不符星级标准.",0.0
看到大家很多好评，也对它产生好奇，不过自己买来看后并没什么特别的感觉，看来书没有好不好看，只有合不合适。,0.0
纸杯的纸太薄，倒入蛋糕液便趴下了，成了蛋饼。,0.0
不锈钢饰条容易划破手，不锈钢收头不行，安装工安装时划了很深的口子，流了很多血，缝了3针！药费花了*多，要改进！！！,0.0
M尖的比较软，F尖的稍细些，挺不错的，作为仿品，书写略差于百乐78G，不过价格也差了不少，还是性价比很高的一个选择,1.0
一定一定不能去住，理由如下1、管理不善，服务质量极差。我定了佰富酒店3天的房间，第二天（未到结帐时间）没有找到钥匙卡，向前台咨询该怎么办，前台先没有提供任何建议，第一句就是要求我赔偿钥匙卡50元的现金，当时气结；这还不算，当天早晨服务员帮我重做了钥匙卡，结果打不开门，我上上下下来回换了3次新的钥匙卡，还是打不开，服务员说尽快帮我解决问题，我因为当时赶时间，就先走了，可是到晚上6点多钟回来，新的钥匙卡依然打不开房门，后来交涉换房，值班经理和前厅经理一直躲着不见，为换房耽误了我将近1个小时的时间；和我一起的同事跟我同时入住佰富，住了两晚上，此期间直到第三天结帐离开房间，都没有服务员帮忙收拾过房间！2、隔音效果极差，旁边工地施工打扰休息。房间隔音效果极差，电梯旁边的房间能很清楚的听到人走路、说话以及电梯开关的声音，在房间里还能听到隔壁房间的说话声，并且睡到半夜常有楼上敲地板的声音，持续不断，非常烦人；酒店后面还有工地在施工，常常早晨6－7点就开始干活，吵的人不胜其烦。,0.0
还可以总的来说还行就是价格有点偏贵 ,1.0
我非常不满，我要白色衣服结果给我黑色衣服,0.0
一分钱一分货 质量过关 价格实惠,1.0
卖家服务很好，宝贝不错，孩子很喜欢，谢谢店家送的小礼物！,1.0
第一次买到这么烂的东西。说说经过：第一次收货发现插上副耳机主耳机没声音。音量开关有问题。于是告之客服并邮寄回去。过了10多天发现还没寄回来。又问客服，说我没寄回去。最后再确认了我发货单2次情况下终于发现已收到货。于是乎才邮寄出来。收到货后，发现声音是对的。但里面的零部件是松的。带着耳机摇头就听的见。本来就才37的东西，换一次12邮费，还需要花时间盯着催着，我很闲？所以我选者丢了这破烂东西不再退换。也告之大家购物需谨慎。绝对第一次的差评！,0.0
宝宝喜欢，画板很大，就是有点薄。,1.0
一个人入住对于600元的价格觉得有点奢侈，但是环境还可以，比预想的好，也比较干净。水量很充足，床上用品据服务员讲是每日更换，听说山上的水48元|吨，对于等黄山的疲惫感来说，能好好的洗个热水澡，惬意的睡眠时非常重要的，总的来说还是很好的。,1.0
大小合适，很实用的包包,1.0
发货快，服务好                           \n,1.0
买给老婆的礼物，老婆很喜欢，颜色好看，手表质量也很不错，总体很满意 \n,1.0
买了戴了20天维修快40天，还没好，什么破表，日历19号第二天就跳到29第三天就是， 39，维修周期也够长了。我真的没法说现在的京东和服务了，打了几遍电话都说，手表是精密仪器，维修慢。是乌龟吗？没法压制心中的怒火,0.0
不好，太卡了，才送来开机慢,0.0
XP超难装。无奈在网上找个专业的上门40元搞定。试了几天非常满意，宣传一下：小庄13261821032。,0.0
给老公买的，很合身,1.0
很不错，挺厚实的，质量很好，做工不错，全五分，值得购买.,1.0
有几个漏气的，发货速度超慢,0.0
用了很舒服，不错的面膜,1.0
东西到了，但是却破了，不满意的一次购物,0.0
"散热口很烫,可以加热水杯,也许AMD的CPU就这个德性,重装XP系统很麻烦",0.0
邮寄的速度真的太慢了，从来都没有买东西寄那么久！,0.0
"环境非常好的酒店,由于是工作日去的关系,人很少,往山上走10分钟左右就是一个水库,非常幽静.酒店的房间很大,住的是标C房,晚上睡觉是关窗开空调的,也没觉得怎么吵.温泉没去,如果住店的话温泉60元/人.房间里也是温泉水,用木桶泡,酒店提供一次性塑料袋,很周到.在酒店吃了一顿晚饭,4个人300多,感觉和上海的价格差不多.",1.0
为什么一冲苹果6p就这样呢,0.0
吉卜力工作室的动画有几大类：《风之谷》、《天空之城》、《幽灵公主》属于传奇类，《龙猫》、《魔女宅急便》、《岁月的童话》、《梦幻街少女(侧耳倾听)》、《听见涛声》是平实的生活类，《红猪(飞天红猪  久石让乐迷网\n侠)》、《平成狸合战》则介于前二者之间，剩下的《再见萤火虫》就是很严肃的反战片了。因而，久石让的音乐也就跟着可以分成这几类，电影的特征性越明显，其音乐给人的印象就越深。从电影原声角度讲，本人强烈推荐《天空之城》和《幽灵公主》。\n《天空之城》和《幽灵公主》的故事本身有着宏大的背景和曲折的情节，让音乐有一个很广的发挥空间。虽同是传奇故事，但因事距近十年，风格有着很大的区别，唯一的共性是旋律极优美，场景音乐与画面配合得十分完美。\n  久石让在日本家中工作\n《天空之城》的音乐以电声，合成器为主，加上圆号，童声合唱，钢琴小品等等配合，主题曲&lt;君をのせこ(载着你走)&gt;由井上杏美小姐演唱。其中由杉并儿童合唱团唱出的版本简直可说是天使之声，将《天空之城》的漂渺与悲哀表现得丝丝入扣；&lt;シータの决意&gt;是一首钢琴小品，描述了两位主角初到达Laputa后所见到的情景，非常美妙，也是流传极广的一首。举个例子：某大学的年度艺术节汇演，某系用了这首音乐来作表演的背景音乐，才刚弹出几个音符，台下有80%的人&ldquo;哗&rdquo;了起来，说：是《天空之城》啊！其实不看动画的人，一听也会被其所迷住，许多年前广州一电台的一个介绍散文的文化节目用这首音乐作版头。在中央电视台的一些纪录片啊，讲述的节目很多都是用的《天空之城》里的&ldquo;承载着你&rdquo;，还有《龙猫》的&ldquo;风之甬道&rdquo;、《千与千寻》里的&ldquo;永远同在&rdquo;，还是《天空之城》里的&ldquo;承载着你&rdquo;用的最多，其实，在久石让的作品中，《天空之城》是最为人所熟悉的了，其一，《天空之城》是宫崎骏最早的电影之一，给人的震撼力很强；其二，音乐实在是美妙啊！在国内，即使是&ldquo;托D版货的福&rdquo;也只能找到井上小姐唱出的主题曲，原声大碟就芳踪难觅了。\n《幽灵公主》也是宫崎骏的一部得意作品，其场景描绘已是出神入化，配合这样一部巨作，久石让在电影中运用了大量弦乐，奏出交响乐般宏大的效果，让你一听就感到苍凉广阔，瑕想无边。同时，这部片子充满了浓郁的日本古代风情，所以在结尾ED&lt;もののけ姬(幽灵公主)&gt;中，米良美一(男)的假声独唱是极具民族特色，清澈浑厚的声音就象一个妇人在讲述远古时期的传说一般。这是一张绝对值得一藏的CD。因为是1997年的作品，原声碟在国内D版也可找到，祝大家好运能碰上。\n另外还要提一提《风之谷》。此片是宫崎骏的开山之作，一出惊天下，女主角的受欢迎人气指数一直是全日本之最，其纪录直至1995年才被《新世纪福音战士》的绫波丽所破，可见其受欢迎程度。固然喜欢这部电影的朋友一定要去找这张电影原声大碟。此外还曾出过一张合辑，是由两张《风之谷》的CD合辑而成，全长七十多分钟，非常超值。细心的人会发现，其中的一首童声哼唱（貌似叫做&ldquo;娜乌西卡镇魂曲）经常被港台节目用来做背景音乐。其实不止这首，日本动画音乐经常会被电视节目所盗用，甚至在《包青天》中都能听到。其实《风之谷》正是这对黄金搭档的初次合作，当时《风之谷》的音乐本来已经确定了人选，可是在宫崎骏听到了久石让为《风之谷》创作的乐曲后，马上就决定解雇既定人选，改让这个当时尚不知名的作曲家来操刀自己的第一部动画作品。而那首后来流传甚广的《娜乌西卡的安魂曲》，正是久石让时年四岁的女儿来唱的。\n  久石让\n除了宫崎骏的电影外，再为大家推荐久石先生做的一部非宫氏电影&mdash;&mdash;同是大师级人马的安彦良和的作品《Arion（(阿里安)》。这是一部取材自希腊神话中大地女神之女普西芬妮和冥王之间的那段故事的片子，当然与原本的情节大有出入了。由于整部片的宗教气氛很浓，表现神族之间的战争，所以音乐也是非常迷离、神秘和壮烈的，是久石让作品中挺特别的一个。我手上的碟子名为《风·荒野》，看名字就觉得一股萧杀之气扑面而来吧！其中一首&lt;レスワイ一ナ&gt;在整张CD中象是荒野中的一汪清泉，安详优美，十分动人。\n最后为大家推荐的是久石先生的一张纯钢琴作品&mdash;&mdash;&lt;Piano Stories&gt;，全碟十首，收录了《天空之城》、《风之谷》、《龙猫》、《阿里安》等的主题音乐钢琴版，在夜深人静时听简直是妙不可言，见到一定要去买。久石先生还出了其第二及第三辑，技巧性较第一辑更强，但旋律就不如第一集动听了，不过亦不失为一张好作品。\n,1.0
住了一晚，感觉还不错。服务员的态度很热情，房间虽然不大，但是很整洁卫生。最好的一点是位置不错，步行不到5分钟就是机场大巴的上清寺车站，到重庆火车站步行也只需要10分钟左右。特别推荐酒店附近一家齐齐火锅，非常价廉物美。,1.0
"图片看着不小,还把个苹果手机比照,以为可以放个一般的手机,其实手包太小,幸亏是特价买的,没有什么用,后悔买了两个。",0.0
喷上去以后确实有去污效果，线路保护有点时间检验！！,1.0
发货慢，且至今没给我发票。箱子的轮子看着并不结实。性价比不高。,0.0
塑料味重，机身较薄，用到现在有过一次蓝屏！不知道什么原因，观察中。,0.0
毯面没有瑜伽毯面好，里面塞的泡沫，感觉就是普通泡沫，不值那个价，太贵了，飞鼠运用也一般没想像中的好\n,0.0
东西非常好，做工细，上档次。,1.0
买了就后悔，根本不是宣传的牛皮，居然是广州花都狮岭生产的，那都是做假货箱包皮具的地方，才5个孔，然后连打孔器都没得送，搞的还得麻烦跑去外面找打孔的地方，上了鬼子的当。,0.0
垃圾！质量差，发个申通的，慢死了，盒子都扁了！鞋子走路跟皮鞋声音硬硬的！一个 京东破垃圾提示信息都好多天还在提示发货！！退订都退订不了！！发票也没有！差死了！！,0.0
杜拉拉升职记，太不现实了。那种职场环境简直就是乌托邦，有，但是太少了。对于大多数人来讲，参考意义太小了。,0.0
酒店位置好，环境可以，房间就是小了点，不过出差住在这里是很不错的选择。,1.0
手表很漂亮宝贝很喜欢 　,1.0
高尔夫7的导航，舒适版 ，屏比较大，看视频看倒车还是很方便，我把记录仪插在导航上了，以后也不用看记录仪的小屏了。大屏就是高档。,1.0
本子还不错，但是包装破损了。也不知是放在哪旮旯，上面还有脚印。,1.0
就是速递慢，其他的都可以呢,0.0
体验非常差，竟然下了单5天没收到，问了5次，才说物流找不到了，追了3次，才说退单，重新下，到现在差价还没有退。差评！刘**只知道泡奶茶了，体验越做越差！,0.0
包装不行，质量不行，有手印,0.0
暂时没有使用暂时没有使用暂时没有使用暂时没有使用,1.0
京东真棒，第一次在京东购物，神速呀，棒极了，包包很满意！,1.0
不好 不是存棉的 失望。,0.0
房间,0.0
物流比较慢，底比较薄,0.0
用料不好，看着好旧，价格高，很坑啊。卡扣塑料，很容易坏。,0.0
书不错！就是买的有点多了！,1.0
还是一般，在国内电脑品牌还是不错的，但和惠普比起来还是有距离，左手地方上网和读优盘都比较热,1.0
物流很快，头天下单，第二天就到了。特地使用了几天后才评价的，机器反应快，速度快。,1.0
TW美食寻访录，顺便可作海峡对岸行程的行美食指南,1.0
为什么这本书在购书付钱时未标注缺货，却在付钱之后说是缺货，并且在付钱后近两周还是缺货？是否存在信用问题？,0.0
之前买了一本，送朋友，拿到手后自己很喜欢，就又下单买了一本。书的质量真的不错，只是不知道是不是在运输过程中碰撞的关系，有破损。希望当当加强送货时包装的强度。,1.0
酒店超值，不用300元住标间，房间很干净舒服，前台服务员态度很好，酒店管理水平很高，还可免费延住到2点。,1.0
快递蛮快，服务态度也挺好的，宝贝真心是不错的，而且版型也是不错，很修身,1.0
垃圾货，两天就碎，镖都扎不上,0.0
衣服版型太差，已退货,0.0
很肥很大，不修身，穿着很像医生！,0.0
对于勘查细小而模糊不全的文字没有成果,0.0
东西不像正品，笔筒上有掉漆的痕迹！,0.0
下水洗了，就这样了。上身感觉有点硬。裤子就没出现掉色。,0.0
很好，挺合适，不错，价格比实体店便宜。,1.0
还可以吧。一般，外皮不是整块皮,1.0
"环境和硬件不错,尤其是房间,我住的是2号楼,350不含早餐的,比较新,比较大,有点象小套房,也很通气,凉爽.缺点是软件方面需要改善,非自驾用户会不太方便,韩味亭较糟糕,前台服务人员很少,但房间服务人员还比较热情.",1.0
坏的鼠标也敢发 好样的!,0.0
鞋子实在是丑到不行，和图片反差实在太大，物流也很慢。。。。。。。,0.0
看评价都是好评，感觉此商品应该不错，就下单买了一条，结果发现皮质不是太好很硬，并且短了，后来退货，商家说7-10天退货，现在都15天了，款还是没有收到,0.0
东西还可以，不过拿到手东西全部碎了，还有袋袋子是破掉的，希望商家下次注意！,0.0
199抢购的，比想象的稍有不足，但对得起这个价格，给五颗星！,1.0
味道还不错，但还是不如海天。也有可能是早先吃惯了海天家的调味品了吧,1.0
完全没形状。很容易糊。一点都不好用。谁买谁后悔！！！白买了,0.0
还可以吧，挺漂亮&hellip;&hellip;,1.0
内容和以往的亦舒小说很不一样，悬疑重重，女主角的命运也太惨了，无父母可依傍，原来的良人一遇上经济打击就退化成魔鬼，伸出援手的友人另有所图，又和朋友的丈夫扯上暧昧，等到觉察出危机已遭灭顶之灾。看得人冷汗都要出来了，觉得女主角某种程度上缺乏决断，性情比较软弱，还未看得透彻就想托付未来以过安定的日子，可惜往往慢了一拍，事情就大不相同。可怜的福在。,1.0
较实用，经济实惠，适合午休使用。 ,1.0
 宝贝收到了，包装完好无损，宝贝质量特别好跟店家描述的一样，作工精细，款式也漂亮，用起来特别简单方便，我非常喜欢，下次会介绍朋友光临本店的。\n,1.0
职场如战场在这部小说里被阐述的淋漓尽致，拉拉工作勤奋如老黄牛，但性格却更似倔牛；王伟虽正直但有些过分天真；何好德思维敏锐、眼光独到却高深莫测；李斯特崇尚中庸，不喜做决定，却不失为一个温和而颇具慧眼识材的上司；柯必得天生的管家，却过于苛刻；岱西虽过分偏执但且不择手段却不得不佩服她的勇气的执着；TONY林在生意经上不似五伟有经验，却八面玲珑，关键能牢牢掌控自己的下属；约翰常虽做为颇为阴险，处处与王伟做对，但也是聪慧之人；李文龙表面温和却城府深、心机重，但却不影响他在DB的人际关系，因为他知道何为重何为轻，关键时刻也愿帮该帮的人一把；黄宏技术过硬，却人际关系始终无法处理妥当，且居小心眼；玫瑰经验老道但却有失光明。还有帕米拉、周亮、杰森、海伦、王蔷、罗杰、齐浩天等等，这些人个个性格鲜明，都有自己的独到之处。观完本书引人深思，故事鲜活具实用价值，无论是职场新人或才老将都能受益匪浅。,0.0
看着还不错了，为宝宝囤货中,1.0
"商务标间房间比较大,但洗手间很小.隔音效果也不太好.总体说来还算干净,整洁.交通很方便,离静安寺很近.",1.0
质量不是太好 很不满意,1.0
唐宗筷 寿司卷 A8113,1.0
没收到获怎么显示签收？谁负责的？请工作人员联系我。,0.0
质量不错，可是圆通快递实在太差，语气不好，刚好不在家，电话一来，立马赶回家，不到一分钟，他就要开车走了，或许是圆通的经营模式有问题吧，收件盈利，派件没钱，从此与圆通绝交,0.0
东西品质特别差，包装上居然还印有赠品不能出售的字样，难道是拿赠品出来卖吗？真是太过分了!,0.0
纸尿片有味！没有我双十一买的好?,0.0
假发不对称啊，算了，懒得找了,0.0
东西好不好先不说，这家的客服就像空气，问什么都没有回话。就这服务。也就这一次购买了。,0.0
无语之中!叹猴!!!,0.0
不错不错不错 很好很好,1.0
手套不错 做工可以 适合一岁的小孩戴,1.0
我是07年8月入住的这家酒店，环境和服务都不错，只是没有携程说的礼品果盘，虽然没什么大不了的，但是如果没有这项礼品还是不写的好。,1.0
东西不错，质量好，给力,1.0
酒店环境、设施不错，空间比较大，有液晶电视，这个价格在香港应该还算不错的。交通也还算方便，bus比较方便，不过离地铁好像比较远。不过在香港如果5个人拼出租车是很算的（香港的出租车可以坐5个人）。周边也比较热闹。不错的选择。,1.0
"不是第一次入住了,感觉还不错,要不然不会第二次选择,早餐的品种少了些.其他还好.",1.0
不好，讲的内容过时了，还是xp系统的，都用win7了,0.0
首先是让我满意的酒店接机服务，这一点是和大家取得共识的了。我是来酒钢办事的，去酒钢办事在这里住还是非常方便的，没有车服务员会热情周到的帮我订车。让我比较感动的是第二天要去办事，前一天却发现衣服挂了口子，因为急着出去，没时间处理，而且本人缝纫手艺也比较差，于是情急之中找到了服务员，回来的时候衣服补好了，皮鞋也擦亮了，一定没耽误事。在这里对她们的服务表示小小的感谢！补充点评2007年12月20日：看了大家点评，小补充几句：鄙视一下9785****的那位朋友，交教育基金才6块前，还要报销，没的报销还抱怨，住高级酒店的人啊！这是提外话，大家不要见怪。实在看不过去了，本人支持公益事业！,1.0
东西还算满意，没有想象中的好！！,0.0
宝贝收到了，质量很好，做工精细，颜色很正，跟卖家描述一致，物流发货快，非常满意，,1.0
简单音质不错待机时间长声音清晰,1.0
外边挺漂亮，适合女孩子用，我是帮人家带的，觉得还可以，但是系统没弄明白，后来就直接装了XP，还有就是xp要sp3以上的！要不装上不能用，这个值得注意！,1.0
产品不错，还可以。下次用还去买！,1.0
卖家没有跟货及时开具发票。,0.0
说明书写的比较简单，这款笔记本送的三星内存不知道该怎么装，虽然说明书上写了，但是由于没这方面的经验，所以打算去保修点让专业人士帮我装，所以稍微麻烦了点。,0.0
一、总体来讲，尚可。因为是2007年新开业的酒店，各项硬件设施还能将就。二、浴室及卫生间的设计不够档次，象是快捷酒店。三、浴室竟然堵水，新开业即如此，不知道几年后会如何。四、象网友说的一样，床很舒服。五、就服务水平及各项设施来讲，488元的房费太贵了。三百块足矣。六、总比索菲特强些。索菲特太糟糕了。,0.0
显卡不错，LED屏，总体感觉不错。京东送货正的挺快啊。。。24小时不到就送到了。,1.0
碗实在是太小了，盘子也小，装不了多少东西，在网上还是看不好,0.0
很坑爹 只有CD没有DVD好吧 我靠 白花了那么多钱 早知道直接买CD版本了 浪费金海心的神专,0.0
整体很不错，发货很快，套装的部件存乳时很全。说下蓝冰的问题，发过来的和介绍不一致，首先不是双向波浪型而是单向波浪型，其次蓝冰上没有贴vcool的纸质标签，最后蓝冰壳体上没有vcool的塑胶标志。,0.0
很好，喜欢这个出版社的古籍装帧,1.0
包装不错。.还没开始使用。\n不知道读cd是否顺畅..\n\n同时买了6本书。有2本cd不能很好的工作。.,1.0
有点大，鞋子有点重，明年再穿吧,0.0
还不错，有视频学习，比较全面,0.0
上装是脏的，下装有点小。不像是品牌货，不值那个价。,0.0
裤子有点low，懒得退了,0.0
很怀疑五星酒店的评价标准。三星都不如，很失望！,0.0
东西有缺陷，换货自己出运费。,0.0
还不错，，，挺好。。。。。,1.0
不错。就是商品部的东西太少了。不错。就是商品部的东西太少了。,1.0
先看了作者的《燕子》，觉得文字很美，就找来了这本书。整体感觉很不错。,1.0
感觉不错，舒适、卫生、安全方面都不错，只是晚上夜深时外面马路的汽车路过声扰人。,1.0
比较划算，乳液不太好吸收，三生花的水用着不错，睡眠面膜涂上后有点困,0.0
很满意，送的快服务质量很好，很愿意和京东长期合作。。。。。。,0.0
不错，一直都在用，还是挺好的，,0.0
给老婆买的，她说穿起来非常舒服，确实是真丝的，非常贴身，样式也挺不错的。,0.0
很不错的酒店，物超所值。环境幽雅，设施完善，适合休闲度假。服务员训练有素，待人接物及介绍酒店相关信息非常专业。下次来苏州肯定会再次入住。美中不足的是所订的两间房有一间临街，凌晨车辆穿梭就很吵闹。,0.0
非常磨脚，破烂玩意重要的事说三遍，不要买不要买不要买,0.0
物流太慢，中间崔了2次客服在等等，,0.0
东西很好，面料很给力呢,0.0
己经是几次网购，现在沒用，组装出来看起还可以，值，,0.0
在这里住了半个月了，我们一行共住了5个房间，有豪华套房和豪华标准房，感觉酒店的服务不错，酒店所有的人的态度都很好！豪华套房能看到江，整个长江，最好能预定尾数是18的套房。酒店的早餐一般～，我在九江租了自行车，存在酒店，经理对此格外照顾，就是觉得价格在九江没有什么优势，虽然挂4星，其实设施不到4星。酒店的健身房基本上就是摆设，而且还收费～。没有打扰电话。空调到晚上不好，经常热醒的！远洲也这样的！宾馆反馈2008年4月17日：您对酒店挺了解的，非常感谢支持！,0.0
包包很精致 物有所值,0.0
"500多的房价,定的一间经济间,房间奇小无比,在里面都很难转身,淋浴设备也很差,被子不干净,盖在身上很痒,房间不通风,空气很差,隔音效果非常差,旁边屋做什么都能听见,半夜还被酒鬼乱敲门惊醒,这是我住过的最差的五星级酒店,千万不要在那儿住,开发区很多经济型酒店都比它好!!",0.0
感觉还可以，每天穿，凉快,1.0
质量不错，壶嘴设计是很方便的操作方法。,1.0
看相还是不错的，性能也很好。,1.0
以后不从他家购买了，坑人，商家态度也不好,0.0
出现瑕疵后不满意了。,0.0
款式简单大方，没什么味道,1.0
啥衣服，#元买了才两月，就降价#？,0.0
很好的书籍，孩子很喜欢，也很受益!,1.0
故事不好看，儿子没兴趣,0.0
做工好，音质特别突出，触摸式音量调节非常cool，没想到这个价格能买到这样好的产品,1.0
不值。真的不值。不建议买,0.0
总体感觉，这是华而不实的一本书！,0.0
隔音效果确实不好，但好象还没到影响到睡眼，毕竟是走廊不是大街；但是在电梯里有湘西人（酒鬼酒开的）抽烟大谈牌经。让人不快！！！（没有看不起湘西人）,1.0
显示屏不错，键盘也很好。而且右边有小键盘，输入数字方便快捷多了。,1.0
很好 下次买个机械的,1.0
还不错，就是旁边在修桥，交通不便。服务还不错，早餐丰富，总体够4星标准。,1.0
收到货，跟图片一样挺可以的！有喜欢的还会再买。,1.0
与素描入门一起买的，一点点看吧再说！,1.0
为什么我给朋友定的衣服有胸花。。。我都没有,0.0
内存条非常好，装在机箱里，内存速度大幅提升，兼容性也很好。,1.0
茶叶一般，79二两，京东自营。,0.0
很好的酒店，紧靠海边，除了入住当晚网络不好，其他都很满意，对了也还有一点出来打车不容易，不过走出路口这段路风景也不错，呵呵。,1.0
总体来说还可过得去。我们入住时，房间还未打扫，和酒店人员反应，马上处理了。房内设施应该只够三星！宾馆反馈2007年7月27日：现在正值旺季，酒店的入住率较高，所以出现了上述情况，我们对此表示歉意。目前酒店已制订了一系列的相关措施，以保证旺季能及时安排清晨到店客人的入住。我们十分感谢您提出的宝贵意见，希望您下次有机会能再次入住我们酒店。,1.0
质量一般，没用带的线就崩纱了，自己缝的!,0.0
翻阅了一下，惊叹于大师的学识渊博，这才真正称得上是学富五车！,1.0
“好聪明的‘小妮子’”老兄！怎么自己设了个陷阱，而又不放诱饵，别人不屑一顾、嗤之以鼻。最后反倒是自己踩进去了？？“我这一身灰……你们的鲜红和洁白”。恩恩恩，不错不错，孔子就是灰的，而你们就是鲜艳的。“在你们这些美女的心目中，孔子是什么样子的？”唉，真是美女心中之仁啊！难怪易老在书前一再提醒大家，此书“不能以人之心，而以妇之心！”而读之。,0.0
赠品还好。。。。,1.0
居然没其它附件，鼠标，包这种，再怎么也要有的吧。还有就是太热了！GPU随便就到70摄氏度，CPU也要六十度以上，夏天使用让人担心啊,0.0
酒店交通不是很方便，离市区较远，火车站过来大约17、8块，因为地处开发区，住过来的大多数人都是来开发区各个公司办事的，尤以奇瑞的供货商和客户居多。说实话有些意料之外的惊喜了，没想到芜湖有性价比这么高的酒店。住的是行政标准间，房间很大，除了两张床还有一个很不错的办公桌，卫生间干湿两用，淋浴房和浴缸供客人各取所需，水量也很足，用的洗发水和浴液也不是大多数酒店用的蹩脚货，是分别两大罐家用的脱普产品；既可以烧开水也可以喝酒店提供的直接饮用水。服务也很不错，入住退房都很快，所有遇到你的工作人员都会礼貌的说你好！门童非常的客气，离开酒店的时候门口没有车，一位门童顶着烈日走出接近1里地在另一条路上帮我拦车进来，实在有些不好意思。客房送餐速度也很快，菜式量足味道也不错，除了叫客房送餐单的菜式也可以让他们送中餐菜单上来选。唯一不足的可能就是他们的自助早餐了吧。实在没什么可吃的，而且去晚了，几乎就都见底了。服务员加菜也不是很积极，就算加也都是加一丁点，一个人就拿完了，不知道是不是因为自助早餐怕客人吃多了的缘故……总的来说，环境和服务还是不错的，有机会再去的话还是会住在那里。,1.0
挺好看的，值得拥有！！！！！！！！！,1.0
【微快递】你好，中通快递，你包裹帮你放在放心早餐麻将馆了，麻烦尽快去取，谢谢 可回复短信，连电话都省了,0.0
说是护甲油，其实跟胶水差不多，涂在指甲上，干了挺漂亮的，但一洗手，全溶掉了。即使涂上指甲油也是一样，洗一次手要重涂一次。感觉上当！,0.0
隔音很差，交通尚可，设施较陈旧，总体感觉不像三星的酒店。,0.0
"朋友推荐的好书,夫妻就是相爱容易相处很难的,生活中的磕碰需要用相爱的心去平衡一下,夫妻相处之道讲的就是艺术,特别是妻子生活的智慧,结婚20多年了正需要调整一下,已没有新鲜已不会撒娇说话凶巴巴的,生活的磨砺使我成了强悍的主妇,叫别人如何宠你爱你?我看了还是收获不少的.真的要好好撒撒娇,真的要好好享受生活,要不我们辛辛苦苦创建的家庭只有拱手让给二奶了,为了家庭更是为了自己的幸福,学习中.",1.0
没什么感觉，只是觉得图片还蛮好玩的！至于英文方面，反正对我而言，不会想用这本书提高什么英语水平就对了。,0.0
用了一个多月才来评论  ，  真心感觉被坑了 时间基本上天天都要调  。无语了,0.0
这个瓶子一点都不好，倒完水，瓶体是发热的，而且瓶体上印的米琪图案，还弄脏了我的白色衣服，图案会掉的，黑色的都掉没有，现在瓶子只能当普通水杯，完全不保温，以前没研究过京东，今天才发现原来也可以评价！,0.0
"那个廊灯确实很恐怖,半夜经常会亮起,还关不掉,问服务员,她说那灯就那样.晕",1.0
价格便宜，功能强大。去中关村拿还要3600带票呢，这次才3299带票。够便宜,1.0
7号晚上到的，9号中午撤的。散布在绿树间的一幢幢俄式两层别墅，环境没的说，幽静，就是知了叫得太起劲（他们要到晚上12点左右才休息，早上6点多就有醒来歌唱的了）。离海边5、6分钟路程。宾馆内的瓦西里酒馆环境更没得说，而且价钱便宜，俄式味道也很地道，就是菜品少了点。因为这里还是外国专家疗养所，所以俄罗斯人比较的多。早餐一般般吧，牛奶比较稀，鸡蛋放的时间比较长，但吃了两天也就适应了。该说些不太满意的地方，房间大概好久都没有人住了，很潮，洗的游泳衣竟然到走也没有干，设施比较古老，但是还是很干净的，服务员很好。总体不错，但觉得除了房价其他的达不到3星的标准。 补充点评 2008年8月10日 ： 因为对早餐不太满意，所以没有去餐厅吃过饭。,1.0
东西收到了，很满意，出水速度比较快，水温稳定，这个价钱买的很划算。,1.0
裙子质量太差，尤其是边缘部位有一出是破的，而且联系客服之后客服态度也很差，吊牌只有一个绳，，没吊牌，太差了，再不会买了\n,0.0
包还行，我要的发票没有给我开,0.0
不错，很实在，就像换了把吉他，音色准的没话说，再也不用担心走音靓,1.0
快递太不给力了。慢的要死！,0.0
从理论的角度很全面地分析了专业的情况，既有入门级的讲析，也不乏精深的专业理论。不错。,1.0
质量还是差那么一点点,1.0
"总的来说对厦门宾馆感觉不错.我们订了8号楼一间大床房(15层),一间双床房(11层),总共住了6个晚上.房间比较宽敞,硬件设施稍显陈旧,例如灯光的开关控制感觉不是很方便智能,其他方面还好.服务员都彬彬有礼,给人训练有素,温暖热情的感觉.早餐品种还算丰富,我个人比较喜欢面线糊,鸭肉粥.牛奶豆浆刚去的时候感觉味道淡,提了意见后有明显改进.3层的中餐做得很不错,包间服务很好,我们那天是一个很年轻的男服务生,却非常细心周到妥贴.周围环境很好,3号楼是泰国领事馆.交通便利,打车去轮渡8元+1元燃油费.总之感觉宾馆胜在服务和环境.相比之下,去鹭江宾馆的6层用过两次餐,可能是生意太好的缘故,有些服务员很不耐烦,态度生硬,让人感觉很不舒服,虽然小吃做得不错.",1.0
这次是参加浦东新国际博览中心的会议，在网上查看到这个酒店的酒店距离展会十分近，打车才20元出头，酒店设施比以前有所改善，还免费帮我升级了房型，另外还送了免费游泳券让我在炎炎夏日里凉爽了一把。听前台人员介绍，近期还推出了麻将、OK房等休闲房，如果下次有朋友聚会，可以考虑入住这么价廉物美的酒店。宾馆反馈2008年8月5日：非常感谢您的评价。希望通过我们自身不断的整改和活动举措的不断推出，能吸引您和您的朋友再次光临！,1.0
当初对这本书抱很大期望......谁知道内容跟书名完全相反!!!!不但不好笑........里面的插图很假......好像很勉强的把一些图画来PS........太勉强去找碴......根本一点都行不通!!!!,0.0
产品有撞伤划伤，脏乱售后服务态度及其恶劣，第一次把颜色发错服务态度也很差,0.0
图是不错的，就是载剪太差了。。。。。,0.0
东西包装还不错。就是少了该送的*1个？？？,0.0
ThinkPad是我的首选品牌，质量可靠，性能优越，售后人性化，各个方面都很满意！,0.0
第一次买到这样的鞋，简直是无语了。窟窿眼居然是画上去的。。。有一种被欺骗了的感觉！真心不觉得值这个价钱，同时对ABC感到非常的失望！相信买到鞋的妈妈都会想这次就算了，一次网购一次教训。。。只能下次擦亮自己的眼睛，不被这样有心还是故意的商家欺骗。,0.0
不知道想过怎么样，很期待上大鱼,0.0
好用，方便安装，够大声,0.0
严重怀疑图书是否正版，图书油墨味特重,0.0
特别不满意本次的购物，刚开始买了吧，给我发了一条信息说已经出库了随后又自动取消了  我和卖家联系还说是我自己取消的      最后我让卖家和我在补发一件呢 结果什么消息都没有   这好不容易收到货了吧 没想到比我想象的差那么多   我在京东商城买个这么久的东西了  还是第一次遇到这么差劲的呢,0.0
年底物流速度需要提高,1.0
砍个木头就卷刃，呵呵呵呵呵,0.0
"在的旅城市,有不知道服何物的酒店,真的人吃.....补充点评2008年5月5日：5月的天居然有冷,投後要1小後才能解,晚上也冷,啊....服意太差,客反的不理睬....宾馆反馈2008年5月7日：尊敬的宾客，厦门港湾大酒店对于您在入住期间感受到的不便深表遗憾和歉意，酒店方面将虚心接受您提出的宝贵意见，并切实加以改进。感谢您提出的建议和意见，并诚挚的邀请您能再次入住港湾大酒店！",0.0
衣服很好看我很喜欢保暖质量好,0.0
床垫厚度5cm，中间缝隙很大，不合适，退货了。,0.0
非常满意的一次购物  物流很快,0.0
太慢了 写的是是京东配送 可是是天天快递 太假了,0.0
不错的酒店。就是早餐水果太单调。宽带直接连电信网的，速度很快。,0.0
"我住的158的房,觉得还可以,房间正对酒店大门口的马路,隔音还可以,不吵.卫生间也不是太少,就是设计不太合理,洗澡的龙头力道太大,水打在身上都疼.综合来说还可以.",0.0
真心不错，值得拥有，赶快行动吧！,0.0
东西很不满意，很失望，虽*么比地摊上还差劲？,0.0
"机器带了VISTA HOME BASIC版，不过买回来就格式化了，换了XP系统，安装过程很顺利。内存是单根2G的三星DDR3 1066的条子。我装的是YMLF9.9的系统,GHOST好后系统全认，显卡认成了G98,运行了下3D MARK2001,15000多分。而且更新了ACER官方的驱动，认成了G 105M反正分数只有14000来分了，少了一千多，哎！弄不明白。那个摄像头还真不是一般的清楚。",0.0
包装都没封起来，送过来的东西我还以为是脏的刮了半天刮不动，原来是生锈了  这么大一块块的 不知道京东眼睛长哪了，还不锈钢鬼扯。急用 百把块钱也懒得退了,0.0
舒服。。。。。。家人很喜欢。。。。,0.0
很开心，合脚，如果质量可以的话，一夏就是它了,0.0
物流好慢！七夕节的礼物，过完好长时间才到！?,0.0
专品专用，大小合适，质量上乘,0.0
"超值,收藏用,京东的活动真好!",0.0
本以为性价比挺高收到货才知道，特么被坑了，***的东西,0.0
看着可爱，但确实贵了，我们这儿质量比这个好的也就50左右,0.0
京东好，京东妙，京东顶呱呱。,0.0
